pmid,Pubmed PMID,Year,First author,Last author,Title,Journal,Vol/Issue/Page,Curated tables,Curation source,pmid_x,in_ui,pmid_y,title_pubmed,journal_pubmed,year_pubmed,authors_pubmed,abstract,cadro_multi_tags,cadro_primary,cadro_reason
20697030,20697030,2010,Jun G,Schellenberg GD,"Meta-analysis confirms CR1, CLU, and PICALM as alzheimer disease
risk loci and reveals interactions with APOE genotypes.",Archives of neurology,67(12):1473-84,"Table 3,5",ADGC,20697030,FALSE,20697030,"Meta-analysis confirms CR1, CLU, and PICALM as alzheimer disease risk loci and reveals interactions with APOE genotypes.",Archives of neurology,2010,Jun G; Naj AC; Beecham GW; Wang LS; Buros J; Gallins PJ; Buxbaum JD; Ertekin-Taner N; Fallin MD; Friedland R; Inzelberg R; Kramer P; Rogaeva E; St George-Hyslop P; Alzheimer's Disease Genetics Consortium; Cantwell LB; Dombroski BA; Saykin AJ; Reiman EM; Bennett DA; Morris JC; Lunetta KL; Martin ER; Montine TJ; Goate AM; Blacker D; Tsuang DW; Beekly D; Cupples LA; Hakonarson H; Kukull W; Foroud TM; Haines J; Mayeux R; Farrer LA; Pericak-Vance MA; Schellenberg GD,"To determine whether genotypes at CLU, PICALM, and CR1 confer risk for Alzheimer disease (AD) and whether risk for AD associated with these genes is influenced by apolipoprotein E (APOE) genotypes. Association study of AD and CLU, PICALM, CR1, and APOE genotypes. Academic research institutions in the United States, Canada, and Israel. Seven thousand seventy cases with AD, 3055 with autopsies, and 8169 elderly cognitively normal controls, 1092 with autopsies, from 12 different studies, including white, African American, Israeli-Arab, and Caribbean Hispanic individuals. Unadjusted, CLU (odds ratio [OR], 0.91; 95% confidence interval [CI], 0.85-0.96 for single-nucleotide polymorphism [SNP] rs11136000), CR1 (OR, 1.14; 95% CI, 1.07-1.22; SNP rs3818361), and PICALM (OR, 0.89; 95% CI, 0.84-0.94, SNP rs3851179) were associated with AD in white individuals. None were significantly associated with AD in the other ethnic groups. APOE ε4 was significantly associated with AD (ORs, 1.80-9.05) in all but 1 small white cohort and in the Arab cohort. Adjusting for age, sex, and the presence of at least 1 APOE ε4 allele greatly reduced evidence for association with PICALM but not CR1 or CLU. Models with the main SNP effect, presence or absence of APOE ε4, and an interaction term showed significant interaction between presence or absence of APOE ε4 and PICALM. We confirm in a completely independent data set that CR1, CLU, and PICALM are AD susceptibility loci in European ancestry populations. Genotypes at PICALM confer risk predominantly in APOE ε4-positive subjects. Thus, APOE and PICALM synergistically interact.",D,D,"D(19 hits: allele, risk loci, cohort, Association study, SNP)"
20879451,20879451,2010,Shen L,Saykin AJ,"Sparse bayesian learning for identifying imaging biomarkers in AD
prediction.","Medical image computing and
computer-assisted intervention :
MICCAI ... International Conference
on Medical Image Computing and
Computer-Assisted Intervention",13(Pt 3):611-8,NR,ADGC,20879451,FALSE,20879451,Sparse bayesian learning for identifying imaging biomarkers in AD prediction.,Medical image computing and computer-assisted intervention : MICCAI ... International Conference on Medical Image Computing and Computer-Assisted Intervention,2010,Shen L; Qi Y; Kim S; Nho K; Wan J; Risacher SL; Saykin AJ; ADNI,"We apply sparse Bayesian learning methods, automatic relevance determination (ARD) and predictive ARD (PARD), to Alzheimer's disease (AD) classification to make accurate prediction and identify critical imaging markers relevant to AD at the same time. ARD is one of the most successful Bayesian feature selection methods. PARD is a powerful Bayesian feature selection method, and provides sparse models that is easy to interpret. PARD selects the model with the best estimate of the predictive performance instead of choosing the one with the largest marginal model likelihood. Comparative study with support vector machine (SVM) shows that ARD/PARD in general outperform SVM in terms of prediction accuracy. Additional comparison with surface-based general linear model (GLM) analysis shows that regions with strongest signals are identified by both GLM and ARD/PARD. While GLM P-map returns significant regions all over the cortex, ARD/PARD provide a small number of relevant and meaningful imaging markers with predictive power, including both cortical and subcortical measures.",B;C;E;F,B,"B(11 hits: classification, biomarker, imaging, prediction) | F(3 hits: method) | C(2 hits: intervention, Intervention) | E(1 hits: support)"
21460841,21460841,2011,Naj AC,Schellenberg GD,"Common variants at MS4A4/MS4A6E, CD2AP, CD33 and EPHA1 are
associated with late-onset Alzheimer's disease.",Nature genetics,43(5):436-41,"Table 1,2",ADGC,21460841,FALSE,21460841,"Common variants at MS4A4/MS4A6E, CD2AP, CD33 and EPHA1 are associated with late-onset Alzheimer's disease.",Nature genetics,2011,Naj AC; Jun G; Beecham GW; Wang LS; Vardarajan BN; Buros J; Gallins PJ; Buxbaum JD; Jarvik GP; Crane PK; Larson EB; Bird TD; Boeve BF; Graff-Radford NR; De Jager PL; Evans D; Schneider JA; Carrasquillo MM; Ertekin-Taner N; Younkin SG; Cruchaga C; Kauwe JS; Nowotny P; Kramer P; Hardy J; Huentelman MJ; Myers AJ; Barmada MM; Demirci FY; Baldwin CT; Green RC; Rogaeva E; St George-Hyslop P; Arnold SE; Barber R; Beach T; Bigio EH; Bowen JD; Boxer A; Burke JR; Cairns NJ; Carlson CS; Carney RM; Carroll SL; Chui HC; Clark DG; Corneveaux J; Cotman CW; Cummings JL; DeCarli C; DeKosky ST; Diaz-Arrastia R; Dick M; Dickson DW; Ellis WG; Faber KM; Fallon KB; Farlow MR; Ferris S; Frosch MP; Galasko DR; Ganguli M; Gearing M; Geschwind DH; Ghetti B; Gilbert JR; Gilman S; Giordani B; Glass JD; Growdon JH; Hamilton RL; Harrell LE; Head E; Honig LS; Hulette CM; Hyman BT; Jicha GA; Jin LW; Johnson N; Karlawish J; Karydas A; Kaye JA; Kim R; Koo EH; Kowall NW; Lah JJ; Levey AI; Lieberman AP; Lopez OL; Mack WJ; Marson DC; Martiniuk F; Mash DC; Masliah E; McCormick WC; McCurry SM; McDavid AN; McKee AC; Mesulam M; Miller BL; Miller CA; Miller JW; Parisi JE; Perl DP; Peskind E; Petersen RC; Poon WW; Quinn JF; Rajbhandary RA; Raskind M; Reisberg B; Ringman JM; Roberson ED; Rosenberg RN; Sano M; Schneider LS; Seeley W; Shelanski ML; Slifer MA; Smith CD; Sonnen JA; Spina S; Stern RA; Tanzi RE; Trojanowski JQ; Troncoso JC; Van Deerlin VM; Vinters HV; Vonsattel JP; Weintraub S; Welsh-Bohmer KA; Williamson J; Woltjer RL; Cantwell LB; Dombroski BA; Beekly D; Lunetta KL; Martin ER; Kamboh MI; Saykin AJ; Reiman EM; Bennett DA; Morris JC; Montine TJ; Goate AM; Blacker D; Tsuang DW; Hakonarson H; Kukull WA; Foroud TM; Haines JL; Mayeux R; Pericak-Vance MA; Farrer LA; Schellenberg GD,"The Alzheimer Disease Genetics Consortium (ADGC) performed a genome-wide association study of late-onset Alzheimer disease using a three-stage design consisting of a discovery stage (stage 1) and two replication stages (stages 2 and 3). Both joint analysis and meta-analysis approaches were used. We obtained genome-wide significant results at MS4A4A (rs4938933; stages 1 and 2, meta-analysis P (P(M)) = 1.7 × 10(-9), joint analysis P (P(J)) = 1.7 × 10(-9); stages 1, 2 and 3, P(M) = 8.2 × 10(-12)), CD2AP (rs9349407; stages 1, 2 and 3, P(M) = 8.6 × 10(-9)), EPHA1 (rs11767557; stages 1, 2 and 3, P(M) = 6.0 × 10(-10)) and CD33 (rs3865444; stages 1, 2 and 3, P(M) = 1.6 × 10(-9)). We also replicated previous associations at CR1 (rs6701713; P(M) = 4.6 × 10(-10), P(J) = 5.2 × 10(-11)), CLU (rs1532278; P(M) = 8.3 × 10(-8), P(J) = 1.9 × 10(-8)), BIN1 (rs7561528; P(M) = 4.0 × 10(-14), P(J) = 5.2 × 10(-14)) and PICALM (rs561655; P(M) = 7.0 × 10(-11), P(J) = 1.0 × 10(-10)), but not at EXOC3L2, to late-onset Alzheimer's disease susceptibility.",D;G,D,"D(7 hits: genome-wide, meta-analysis, association study, variant) | G(2 hits: Consortium, ADGC)"
23565137,23565137,2013,Miyashita A,Kuwano R,"SORL1 is genetically associated with late-onset Alzheimer's disease
in Japanese, Koreans and Caucasians.",PloS one,8(4):e58618,"Table 2,3,4",ADGC,23565137,FALSE,23565137,"SORL1 is genetically associated with late-onset Alzheimer's disease in Japanese, Koreans and Caucasians.",PloS one,2013,Miyashita A; Koike A; Jun G; Wang LS; Takahashi S; Matsubara E; Kawarabayashi T; Shoji M; Tomita N; Arai H; Asada T; Harigaya Y; Ikeda M; Amari M; Hanyu H; Higuchi S; Ikeuchi T; Nishizawa M; Suga M; Kawase Y; Akatsu H; Kosaka K; Yamamoto T; Imagawa M; Hamaguchi T; Yamada M; Morihara T; Takeda M; Takao T; Nakata K; Fujisawa Y; Sasaki K; Watanabe K; Nakashima K; Urakami K; Ooya T; Takahashi M; Yuzuriha T; Serikawa K; Yoshimoto S; Nakagawa R; Kim JW; Ki CS; Won HH; Na DL; Seo SW; Mook-Jung I; Alzheimer Disease Genetics Consortium; St George-Hyslop P; Mayeux R; Haines JL; Pericak-Vance MA; Yoshida M; Nishida N; Tokunaga K; Yamamoto K; Tsuji S; Kanazawa I; Ihara Y; Schellenberg GD; Farrer LA; Kuwano R,"To discover susceptibility genes of late-onset Alzheimer's disease (LOAD), we conducted a 3-stage genome-wide association study (GWAS) using three populations: Japanese from the Japanese Genetic Consortium for Alzheimer Disease (JGSCAD), Koreans, and Caucasians from the Alzheimer Disease Genetic Consortium (ADGC). In Stage 1, we evaluated data for 5,877,918 genotyped and imputed SNPs in Japanese cases (n = 1,008) and controls (n = 1,016). Genome-wide significance was observed with 12 SNPs in the APOE region. Seven SNPs from other distinct regions with p-values <2×10(-5) were genotyped in a second Japanese sample (885 cases, 985 controls), and evidence of association was confirmed for one SORL1 SNP (rs3781834, P = 7.33×10(-7) in the combined sample). Subsequent analysis combining results for several SORL1 SNPs in the Japanese, Korean (339 cases, 1,129 controls) and Caucasians (11,840 AD cases, 10,931 controls) revealed genome wide significance with rs11218343 (P = 1.77×10(-9)) and rs3781834 (P = 1.04×10(-8)). SNPs in previously established AD loci in Caucasians showed strong evidence of association in Japanese including rs3851179 near PICALM (P = 1.71×10(-5)) and rs744373 near BIN1 (P = 1.39×10(-4)). The associated allele for each of these SNPs was the same as in Caucasians. These data demonstrate for the first time genome-wide significance of LOAD with SORL1 and confirm the role of other known loci for LOAD in Japanese. Our study highlights the importance of examining associations in multiple ethnic populations.",D;G,D,"D(17 hits: allele, genome-wide, Genome-wide, SNP, population) | G(3 hits: Consortium, ADGC)"
23571587,23571587,2013,Reitz C,Mayeux R,"Variants in the ATP-binding cassette transporter (ABCA7),
apolipoprotein E 4,and the risk of late-onset Alzheimer disease in
African Americans.",JAMA,309(14):1483-92,"Table 2,3",ADGC,23571587,FALSE,23571587,"Variants in the ATP-binding cassette transporter (ABCA7), apolipoprotein E ϵ4,and the risk of late-onset Alzheimer disease in African Americans.",JAMA,2013,Reitz C; Jun G; Naj A; Rajbhandary R; Vardarajan BN; Wang LS; Valladares O; Lin CF; Larson EB; Graff-Radford NR; Evans D; De Jager PL; Crane PK; Buxbaum JD; Murrell JR; Raj T; Ertekin-Taner N; Logue M; Baldwin CT; Green RC; Barnes LL; Cantwell LB; Fallin MD; Go RC; Griffith P; Obisesan TO; Manly JJ; Lunetta KL; Kamboh MI; Lopez OL; Bennett DA; Hendrie H; Hall KS; Goate AM; Byrd GS; Kukull WA; Foroud TM; Haines JL; Farrer LA; Pericak-Vance MA; Schellenberg GD; Mayeux R; Alzheimer Disease Genetics Consortium,"Genetic variants associated with susceptibility to late-onset Alzheimer disease are known for individuals of European ancestry, but whether the same or different variants account for the genetic risk of Alzheimer disease in African American individuals is unknown. Identification of disease-associated variants helps identify targets for genetic testing, prevention, and treatment. To identify genetic loci associated with late-onset Alzheimer disease in African Americans. The Alzheimer Disease Genetics Consortium (ADGC) assembled multiple data sets representing a total of 5896 African Americans (1968 case participants, 3928 control participants) 60 years or older that were collected between 1989 and 2011 at multiple sites. The association of Alzheimer disease with genotyped and imputed single-nucleotide polymorphisms (SNPs) was assessed in case-control and in family-based data sets. Results from individual data sets were combined to perform an inverse variance-weighted meta-analysis, first with genome-wide analyses and subsequently with gene-based tests for previously reported loci. Presence of Alzheimer disease according to standardized criteria. Genome-wide significance in fully adjusted models (sex, age, APOE genotype, population stratification) was observed for a SNP in ABCA7 (rs115550680, allele = G; frequency, 0.09 cases and 0.06 controls; odds ratio [OR], 1.79 [95% CI, 1.47-2.12]; P = 2.2 × 10(-9)), which is in linkage disequilibrium with SNPs previously associated with Alzheimer disease in Europeans (0.8 < D' < 0.9). The effect size for the SNP in ABCA7 was comparable with that of the APOE ϵ4-determining SNP rs429358 (allele = C; frequency, 0.30 cases and 0.18 controls; OR, 2.31 [95% CI, 2.19-2.42]; P = 5.5 × 10(-47)). Several loci previously associated with Alzheimer disease but not reaching significance in genome-wide analyses were replicated in gene-based analyses accounting for linkage disequilibrium between markers and correcting for number of tests performed per gene (CR1, BIN1, EPHA1, CD33; 0.0005 < empirical P < .001). In this meta-analysis of data from African American participants, Alzheimer disease was significantly associated with variants in ABCA7 and with other genes that have been associated with Alzheimer disease in individuals of European ancestry. Replication and functional validation of this finding is needed before this information is used in clinical settings.",C;D;G,D,"D(21 hits: allele, genome-wide, Genome-wide, SNP, Variant) | G(2 hits: Consortium, ADGC) | C(1 hits: treatment)"
23673467,23673467,2013,Reitz C,Mayeux R,"Independent and epistatic effects of variants in VPS10-d receptors
on Alzheimer disease risk and processing of the amyloid precursor
protein (APP).",Translational psychiatry,3:e256,Table 2,ADGC,23673467,FALSE,23673467,Independent and epistatic effects of variants in VPS10-d receptors on Alzheimer disease risk and processing of the amyloid precursor protein (APP).,Translational psychiatry,2013,Reitz C; Tosto G; Vardarajan B; Rogaeva E; Ghani M; Rogers RS; Conrad C; Haines JL; Pericak-Vance MA; Fallin MD; Foroud T; Farrer LA; Schellenberg GD; George-Hyslop PS; Mayeux R; Alzheimer's Disease Genetics Consortium (ADGC),"Genetic variants in the sortilin-related receptor (SORL1) and the sortilin-related vacuolar protein sorting 10 (VPS10) domain-containing receptor 1 (SORCS1) are associated with increased risk of Alzheimer's disease (AD), declining cognitive function and altered amyloid precursor protein (APP) processing. We explored whether other members of the (VPS10) domain-containing receptor protein family (the sortilin-related VPS10 domain-containing receptors 2 and 3 (SORCS2 and SORCS3) and sortilin (SORT1)) would have similar effects either independently or together. We conducted the analyses in a large Caucasian case control data set (n=11,840 cases, 10,931 controls) to determine the associations between single nucleotide polymorphisms (SNPs) in all the five homologous genes and AD risk. Evidence for interactions between SNPs in the five VPS10 domain receptor family genes was determined in epistatic statistical models. We also compared expression levels of SORCS2, SORCS3 and SORT1 in AD and control brains using microarray gene expression analyses and assessed the effects of these genes on γ-secretase processing of APP. Several SNPs in SORL1, SORCS1, SORCS2 and SORCS3 were associated with AD. In addition, four specific linkage disequilibrium blocks in SORCS1, SORCS2 and SORCS3 showed additive epistatic effects on the risk of AD (P≤0.0006). SORCS3, but not SORCS2 or SORT1, showed reduced expression in AD compared with control brains, but knockdown of all the three genes using short hairpin RNAs in HEK293 cells caused a significant threefold increase in APP processing (from P<0.001 to P<0.05). These findings indicate that in addition to SORL1 and SORCS1, variants in other members of the VPS10 domain receptor family (that is, SORCS1, SORCS2, SORCS3) are associated with AD risk and alter APP processing. More importantly, the results indicate that variants within these genes have epistatic effects on AD risk.",A;D,D,"D(8 hits: SNP, variant) | A(4 hits: amyloid, gene expression)"
23700308,23700308,2013,Leung YY,Wang LS,"CoRAL: predicting non-coding RNAs from small RNA-sequencing
data.",Nucleic acids research,41(14):e137,NR,ADGC,23700308,FALSE,23700308,CoRAL: predicting non-coding RNAs from small RNA-sequencing data.,Nucleic acids research,2013,Leung YY; Ryvkin P; Ungar LH; Gregory BD; Wang LS,"The surprising observation that virtually the entire human genome is transcribed means we know little about the function of many emerging classes of RNAs, except their astounding diversities. Traditional RNA function prediction methods rely on sequence or alignment information, which are limited in their abilities to classify the various collections of non-coding RNAs (ncRNAs). To address this, we developed Classification of RNAs by Analysis of Length (CoRAL), a machine learning-based approach for classification of RNA molecules. CoRAL uses biologically interpretable features including fragment length and cleavage specificity to distinguish between different ncRNA populations. We evaluated CoRAL using genome-wide small RNA sequencing data sets from four human tissue types and were able to classify six different types of RNAs with ∼80% cross-validation accuracy. Analysis by CoRAL revealed that microRNAs, small nucleolar and transposon-derived RNAs are highly discernible and consistent across all human tissue types assessed, whereas long intergenic ncRNAs, small cytoplasmic RNAs and small nuclear RNAs show less consistent patterns. The ability to reliably annotate loci across tissue types demonstrates the potential of CoRAL to characterize ncRNAs using small RNA sequencing data in less well-characterized organisms.",B;D;F,B,"B(3 hits: classification, Classification, prediction) | D(2 hits: genome-wide, population) | F(1 hits: method)"
23727082,23727082,2014,Carney RM,Pericak-Vance MA,"Parkinsonism and distinct dementia patterns in a family with the
MAPT R406W mutation.","Alzheimer's & dementia : the journal
of the Alzheimer's Association",10(3):360-5,NR,ADGC,23727082,FALSE,23727082,Parkinsonism and distinct dementia patterns in a family with the MAPT R406W mutation.,Alzheimer's & dementia : the journal of the Alzheimer's Association,2014,Carney RM; Kohli MA; Kunkle BW; Naj AC; Gilbert JR; Züchner S; Pericak-Vance MA,"The Arg406Trp (R406W) missense mutation in the microtubule-associated protein-tau gene (MAPT) is a known cause of early-onset dementia. Various dementia phenotypes have been described, including frontotemporal dementia (FTD), FTD with parkinsonism, and early-onset Alzheimer disease (EOAD)-like presentations. Using whole-exome capture with subsequent sequencing, we identified the R406W mutation in a family with multiple individuals with clinically diagnosed EOAD, in a pattern suggesting autosomal dominant inheritance. We reevaluated all available family members clinically. Each of the affected individuals had a course meeting clinical criteria for EOAD. Two distinct disease trajectories were apparent: one rapidly progressive, and the other long and gradual. Four of five affected individuals also manifested parkinsonian symptoms. FTD features were not prominent and, when present, appeared only late in the course of dementia. The MAPT R406W mutation is associated with EOAD-like symptoms and parkinsonism without FTD, as well as distinct cognitive courses.",A,A,A(1 hits: tau)
23759147,23759147,2013,Barral S,Mayeux R,Exceptional memory performance in the Long Life Family Study.,Neurobiology of aging,34(11):2445-8,NR,ADGC,23759147,FALSE,23759147,Exceptional memory performance in the Long Life Family Study.,Neurobiology of aging,2013,Barral S; Cosentino S; Costa R; Andersen SL; Christensen K; Eckfeldt JH; Newman AB; Perls TT; Province MA; Hadley EC; Rossi WK; Mayeux R; Long Life Family Study,"Research to understand variability at the highest end of the cognitive performance distribution has been scarce. Our aim was to define a cognitive endophenotype based on exceptional episodic memory (EM) performance and to investigate familial aggregation of EM in families from the Long Life Family Study (LLFS). Using a sample of 1911 nondemented offspring of long-lived probands, we created a quantitative phenotype, EM (memory z ≥ 1.5), and classified LLFS families as EM and non-EM families based on the number of EM offspring. We then assessed differences in memory performance between LLFS relatives in the parental generation of EM families and those in non-EM families using multivariate analysis adjusted for APOE Apolipoprotein E genotype. LLFS relatives in the proband generation from EM families showed better EM performance than those from non-EM families (β = 0.74, standard error = 0.19, p = 1.4 × 10(-4)). We demonstrated that there is a familial correlation of the EM endophenotype, suggesting that genetic variants might influence memory performance in long-lived families.",B;D,B,"B(2 hits: endophenotype) | D(2 hits: genotype, variant)"
23836404,23836404,2013,Shulman JM,Bennett DA,"Genetic susceptibility for Alzheimer disease neuritic plaque
pathology.",JAMA neurology,70(9):1150-7,"Table 1,2,3",ADGC,23836404,FALSE,23836404,Genetic susceptibility for Alzheimer disease neuritic plaque pathology.,JAMA neurology,2013,Shulman JM; Chen K; Keenan BT; Chibnik LB; Fleisher A; Thiyyagura P; Roontiva A; McCabe C; Patsopoulos NA; Corneveaux JJ; Yu L; Huentelman MJ; Evans DA; Schneider JA; Reiman EM; De Jager PL; Bennett DA,"While numerous genetic susceptibility loci have been identified for clinical Alzheimer disease (AD), it is important to establish whether these variants are risk factors for the underlying disease pathology, including neuritic plaques. To investigate whether AD susceptibility loci from genome-wide association studies affect neuritic plaque pathology and to additionally identify novel risk loci for this trait. Candidate analysis of single-nucleotide polymorphisms and genome-wide association study in a joint clinicopathologic cohort, including 725 deceased subjects from the Religious Orders Study and the Rush Memory and Aging Project (2 prospective, community-based studies), followed by targeted validation in an independent neuroimaging cohort, including 114 subjects from multiple clinical and research centers. A quantitative measure of neuritic plaque pathologic burden, based on assessments of silver-stained tissue averaged from multiple brain regions. Validation based on β-amyloid load by immunocytochemistry, and replication with fibrillar β-amyloid positron emission tomographic imaging with Pittsburgh Compound B or florbetapir. Besides the previously reported APOE and CR1 loci, we found that the ABCA7 (rs3764650; P = .02) and CD2AP (rs9349407; P = .03) AD susceptibility loci are associated with neuritic plaque burden. In addition, among the top results of our genome-wide association study, we discovered a novel variant near the amyloid precursor protein gene (APP, rs2829887) that is associated with neuritic plaques (P = 3.3 × 10-6). This polymorphism was associated with postmortem β-amyloid load as well as fibrillar β-amyloid in 2 independent cohorts of adults with normal cognition. These findings enhance understanding of AD risk factors by relating validated susceptibility alleles to increased neuritic plaque pathology and implicate common genetic variation at the APP locus in the earliest, presymptomatic stages of AD.",A;B;D;E,D,"D(13 hits: allele, locus, risk loci, genome-wide, cohort) | A(5 hits: amyloid) | B(2 hits: imaging) | E(2 hits: burden)"
23845100,23845100,2013,"Nuytemans
K",Vance JM,"C9ORF72 intermediate repeat copies are a significant risk factor for
Parkinson disease.",Annals of human genetics,77(5):351-63,NR,ADGC,23845100,FALSE,23845100,C9ORF72 intermediate repeat copies are a significant risk factor for Parkinson disease.,Annals of human genetics,2013,Nuytemans K; Bademci G; Kohli MM; Beecham GW; Wang L; Young JI; Nahab F; Martin ER; Gilbert JR; Benatar M; Haines JL; Scott WK; Züchner S; Pericak-Vance MA; Vance JM,"We set out to determine whether expansions in the C9ORF72 repeat found in amyotrophic lateral sclerosis (ALS) and frontotemporal dementia (FTD) families are associated with Parkinson disease (PD). We determined the repeat size in a total of 889 clinically ascertained patients (including PD and essential tremor plus Parkinsonism (ETP)) and 1144 controls using a repeat-primed PCR assay. We found that large C9ORF72 repeat expansions (>30 repeats) were not contributing to PD risk. However, PD and ETP cases had a significant increase in intermediate (>20 to 30+) repeat copies compared to controls. Overall, 14 cases (13 PD, 1 ETP) and three controls had >20 repeat copies (Fisher's exact test p = 0.002). Further, seven cases and no controls had >23 repeat copies (p = 0.003). Our results suggest that intermediate copy numbers of the C9ORF72 repeat contribute to risk for PD and ETP. This also suggests that PD, ALS and FTD share some pathophysiological mechanisms of disease. Further studies are needed to elucidate the contribution of the C9ORF72 repeat in the overall PD population and to determine whether other common genetic risk factors exist between these neurodegenerative disorders.",D,D,"D(2 hits: genetic risk factor, population)"
23894628,23894628,2013,Kim S,Saykin AJ,"Influence of genetic variation on plasma protein levels in older
adults using a multi-analyte panel.",PloS one,8(7):e70269,"Table 3,4",ADGC,23894628,FALSE,23894628,Influence of genetic variation on plasma protein levels in older adults using a multi-analyte panel.,PloS one,2013,Kim S; Swaminathan S; Inlow M; Risacher SL; Nho K; Shen L; Foroud TM; Petersen RC; Aisen PS; Soares H; Toledo JB; Shaw LM; Trojanowski JQ; Weiner MW; McDonald BC; Farlow MR; Ghetti B; Saykin AJ; Alzheimer’s Disease Neuroimaging Initiative (ADNI),"Proteins, widely studied as potential biomarkers, play important roles in numerous physiological functions and diseases. Genetic variation may modulate corresponding protein levels and point to the role of these variants in disease pathophysiology. Effects of individual single nucleotide polymorphisms (SNPs) within a gene were analyzed for corresponding plasma protein levels using genome-wide association study (GWAS) genotype data and proteomic panel data with 132 quality-controlled analytes from 521 Caucasian participants in the Alzheimer's Disease Neuroimaging Initiative (ADNI) cohort. Linear regression analysis detected 112 significant (Bonferroni threshold p=2.44×10(-5)) associations between 27 analytes and 112 SNPs. 107 out of these 112 associations were tested in the Indiana Memory and Aging Study (IMAS) cohort for replication and 50 associations were replicated at uncorrected p<0.05 in the same direction of effect as those in the ADNI. We identified multiple novel associations including the association of rs7517126 with plasma complement factor H-related protein 1 (CFHR1) level at p<1.46×10(-60), accounting for 40 percent of total variation of the protein level. We serendipitously found the association of rs6677604 with the same protein at p<9.29×10(-112). Although these two SNPs were not in the strong linkage disequilibrium, 61 percent of total variation of CFHR1 was accounted for by rs6677604 without additional variation by rs7517126 when both SNPs were tested together. 78 other SNP-protein associations in the ADNI sample exceeded genome-wide significance (5×10(-8)). Our results confirmed previously identified gene-protein associations for interleukin-6 receptor, chemokine CC-4, angiotensin-converting enzyme, and angiotensinogen, although the direction of effect was reversed in some cases. This study is among the first analyses of gene-protein product relationships integrating multiplex-panel proteomics and targeted genes extracted from a GWAS array. With intensive searches taking place for proteomic biomarkers for many diseases, the role of genetic variation takes on new importance and should be considered in interpretation of proteomic results.",B;D;G,D,"D(14 hits: genome-wide, cohort, SNP, genotype, association study) | B(7 hits: imaging, biomarker, plasma) | G(4 hits: Initiative, ADNI)"
23943636,23943636,2013,Lin CF,Wang LS,"DRAW+SneakPeek: analysis workflow and quality metric
management for DNA-seq experiments.","Bioinformatics (Oxford, England)",29(19):2498-500,NR,ADGC,23943636,FALSE,23943636,DRAW+SneakPeek: analysis workflow and quality metric management for DNA-seq experiments.,"Bioinformatics (Oxford, England)",2013,Lin CF; Valladares O; Childress DM; Klevak E; Geller ET; Hwang YC; Tsai EA; Schellenberg GD; Wang LS,"We report our new DRAW+SneakPeek software for DNA-seq analysis. DNA resequencing analysis workflow (DRAW) automates the workflow of processing raw sequence reads including quality control, read alignment and variant calling on high-performance computing facilities such as Amazon elastic compute cloud. SneakPeek provides an effective interface for reviewing dozens of quality metrics reported by DRAW, so users can assess the quality of data and diagnose problems in their sequencing procedures. Both DRAW and SneakPeek are freely available under the MIT license, and are available as Amazon machine images to be used directly on Amazon cloud with minimal installation. DRAW+SneakPeek is released under the MIT license and is available for academic and nonprofit use for free. The information about source code, Amazon machine images and instructions on how to install and run DRAW+SneakPeek locally and on Amazon elastic compute cloud is available at the National Institute on Aging Genetics of Alzheimer's Disease Data Storage Site (http://www.niagads.org/) and Wang lab Web site (http://wanglab.pcbi.upenn.edu/).",D;F,F,"F(5 hits: workflow, software) | D(1 hits: variant)"
24086677,24086677,2013,Honea RA,Goate AM,"Characterizing the role of brain derived neurotrophic factor genetic
variation in Alzheimer's disease neurodegeneration.",PloS one,8(9):e76001,"Table 2,3",ADGC,24086677,FALSE,24086677,Characterizing the role of brain derived neurotrophic factor genetic variation in Alzheimer's disease neurodegeneration.,PloS one,2013,Honea RA; Cruchaga C; Perea RD; Saykin AJ; Burns JM; Weinberger DR; Goate AM; Alzheimer’s Disease Neuroimaging Initiative (ADNI),"There is accumulating evidence that neurotrophins, like brain-derived neurotrophic factor (BDNF), may impact aging and Alzheimer's Disease. However, traditional genetic association studies have not found a clear relationship between BDNF and AD. Our goal was to test whether BDNF single nucleotide polymorphisms (SNPs) impact Alzheimer's Disease-related brain imaging and cognitive markers of disease. We completed an imaging genetics study on 645 Alzheimer's Disease Neuroimaging Initiative participants (ND=175, MCI=316, AD=154) who had cognitive, brain imaging, and genetics data at baseline and a subset of those with brain imaging data at two years. Samples were genotyped using the Illumina Human610-Quad BeadChip. 13 SNPs in BDNF were identified in the dataset following quality control measures (rs6265(Val66Met), rs12273363, rs11030094, rs925946, rs1050187, rs2203877, rs11030104, rs11030108, rs10835211, rs7934165, rs908867, rs1491850, rs1157459). We analyzed a subgroup of 8 SNPs that were in low linkage disequilibrium with each other. Automated brain morphometric measures were available through ADNI investigators, and we analyzed baseline cognitive scores, hippocampal and whole brain volumes, and rates of hippocampal and whole brain atrophy and rates of change in the ADAS-Cog over one and two years. Three out of eight BDNF SNPs analyzed were significantly associated with measures of cognitive decline (rs1157659, rs11030094, rs11030108). No SNPs were significantly associated with baseline brain volume measures, however six SNPs were significantly associated with hippocampal and/or whole brain atrophy over two years (rs908867, rs11030094, rs6265, rs10501087, rs1157659, rs1491850). We also found an interaction between the BDNF Val66Met SNP and age with whole brain volume. Our imaging-genetics analysis in a large dataset suggests that while BDNF genetic variation is not specifically associated with a diagnosis of AD, it appears to play a role in AD-related brain neurodegeneration.",A;B;D;F;G,D,"D(8 hits: genotype, SNP) | B(7 hits: cognitive score, imaging) | A(3 hits: neurodegeneration) | F(2 hits: dataset) | G(2 hits: Initiative, ADNI)"
24098339,24098339,2013,Cao K,Wang LS,"Analysis of nonlinear gene expression progression reveals extensive
pathway and age-specific transitions in aging human brains.",PloS one,8(10):e74578,NR,ADGC,24098339,FALSE,24098339,Analysis of nonlinear gene expression progression reveals extensive pathway and age-specific transitions in aging human brains.,PloS one,2013,Cao K; Ryvkin P; Hwang YC; Johnson FB; Wang LS,"Several recent gene expression studies identified hundreds of genes that are correlated with age in brain and other tissues in human. However, these studies used linear models of age correlation, which are not well equipped to model abrupt changes associated with particular ages. We developed a computational algorithm for age estimation in which the expression of each gene is treated as a dichotomized biomarker for whether the subject is older or younger than a particular age. In addition, for each age-informative gene our algorithm identifies the age threshold with the most drastic change in expression level, which allows us to associate genes with particular age periods. Analysis of human aging brain expression datasets from three frontal cortex regions showed that different pathways undergo transitions at different ages, and the distribution of pathways and age thresholds varies across brain regions. Our study reveals age-correlated expression changes at particular age points and allows one to estimate the age of an individual with better accuracy than previously published methods.",A;B;F,A,"A(7 hits: pathway, gene expression) | F(2 hits: method, dataset) | B(1 hits: biomarker)"
24131184,24131184,2013,Reitz C,Mayeux R,TREM2 and neurodegenerative disease.,The New England journal of medicine,369(16):1564-5,NR,ADGC,24131184,FALSE,24131184,TREM2 and neurodegenerative disease.,The New England journal of medicine,2013,Reitz C; Mayeux R; Alzheimer’s Disease Genetics Consortium,,uncategorized,uncategorized,no keyword match
24145223,24145223,2014,Ryvkin P,Wang LS,"Using machine learning and high-throughput RNA sequencing to
classify the precursors of small non-coding RNAs.","Methods (San Diego, Calif.)",67(1):28-35,NR,ADGC,24145223,FALSE,24145223,Using machine learning and high-throughput RNA sequencing to classify the precursors of small non-coding RNAs.,"Methods (San Diego, Calif.)",2014,Ryvkin P; Leung YY; Ungar LH; Gregory BD; Wang LS,"Recent advances in high-throughput sequencing allow researchers to examine the transcriptome in more detail than ever before. Using a method known as high-throughput small RNA-sequencing, we can now profile the expression of small regulatory RNAs such as microRNAs and small interfering RNAs (siRNAs) with a great deal of sensitivity. However, there are many other types of small RNAs (<50nt) present in the cell, including fragments derived from snoRNAs (small nucleolar RNAs), snRNAs (small nuclear RNAs), scRNAs (small cytoplasmic RNAs), tRNAs (transfer RNAs), and transposon-derived RNAs. Here, we present a user's guide for CoRAL (Classification of RNAs by Analysis of Length), a computational method for discriminating between different classes of RNA using high-throughput small RNA-sequencing data. Not only can CoRAL distinguish between RNA classes with high accuracy, but it also uses features that are relevant to small RNA biogenesis pathways. By doing so, CoRAL can give biologists a glimpse into the characteristics of different RNA processing pathways and how these might differ between tissue types, biological conditions, or even different species. CoRAL is available at http://wanglab.pcbi.upenn.edu/coral/.",A;B;F,A,"A(3 hits: pathway, transcriptome) | F(3 hits: Method, method) | B(1 hits: Classification)"
24162737,24162737,2013,Lambert JC,Amouyel P,"Meta-analysis of 74,046 individuals identifies 11 new susceptibility
loci for Alzheimer's disease.",Nature genetics,45(12):1452-8,Table 2,ADGC,24162737,FALSE,24162737,"Meta-analysis of 74,046 individuals identifies 11 new susceptibility loci for Alzheimer's disease.",Nature genetics,2013,Lambert JC; Ibrahim-Verbaas CA; Harold D; Naj AC; Sims R; Bellenguez C; DeStafano AL; Bis JC; Beecham GW; Grenier-Boley B; Russo G; Thorton-Wells TA; Jones N; Smith AV; Chouraki V; Thomas C; Ikram MA; Zelenika D; Vardarajan BN; Kamatani Y; Lin CF; Gerrish A; Schmidt H; Kunkle B; Dunstan ML; Ruiz A; Bihoreau MT; Choi SH; Reitz C; Pasquier F; Cruchaga C; Craig D; Amin N; Berr C; Lopez OL; De Jager PL; Deramecourt V; Johnston JA; Evans D; Lovestone S; Letenneur L; Morón FJ; Rubinsztein DC; Eiriksdottir G; Sleegers K; Goate AM; Fiévet N; Huentelman MW; Gill M; Brown K; Kamboh MI; Keller L; Barberger-Gateau P; McGuiness B; Larson EB; Green R; Myers AJ; Dufouil C; Todd S; Wallon D; Love S; Rogaeva E; Gallacher J; St George-Hyslop P; Clarimon J; Lleo A; Bayer A; Tsuang DW; Yu L; Tsolaki M; Bossù P; Spalletta G; Proitsi P; Collinge J; Sorbi S; Sanchez-Garcia F; Fox NC; Hardy J; Deniz Naranjo MC; Bosco P; Clarke R; Brayne C; Galimberti D; Mancuso M; Matthews F; European Alzheimer's Disease Initiative (EADI); Genetic and Environmental Risk in Alzheimer's Disease; Alzheimer's Disease Genetic Consortium; Cohorts for Heart and Aging Research in Genomic Epidemiology; Moebus S; Mecocci P; Del Zompo M; Maier W; Hampel H; Pilotto A; Bullido M; Panza F; Caffarra P; Nacmias B; Gilbert JR; Mayhaus M; Lannefelt L; Hakonarson H; Pichler S; Carrasquillo MM; Ingelsson M; Beekly D; Alvarez V; Zou F; Valladares O; Younkin SG; Coto E; Hamilton-Nelson KL; Gu W; Razquin C; Pastor P; Mateo I; Owen MJ; Faber KM; Jonsson PV; Combarros O; O'Donovan MC; Cantwell LB; Soininen H; Blacker D; Mead S; Mosley TH Jr; Bennett DA; Harris TB; Fratiglioni L; Holmes C; de Bruijn RF; Passmore P; Montine TJ; Bettens K; Rotter JI; Brice A; Morgan K; Foroud TM; Kukull WA; Hannequin D; Powell JF; Nalls MA; Ritchie K; Lunetta KL; Kauwe JS; Boerwinkle E; Riemenschneider M; Boada M; Hiltuenen M; Martin ER; Schmidt R; Rujescu D; Wang LS; Dartigues JF; Mayeux R; Tzourio C; Hofman A; Nöthen MM; Graff C; Psaty BM; Jones L; Haines JL; Holmans PA; Lathrop M; Pericak-Vance MA; Launer LJ; Farrer LA; van Duijn CM; Van Broeckhoven C; Moskvina V; Seshadri S; Williams J; Schellenberg GD; Amouyel P,"Eleven susceptibility loci for late-onset Alzheimer's disease (LOAD) were identified by previous studies; however, a large portion of the genetic risk for this disease remains unexplained. We conducted a large, two-stage meta-analysis of genome-wide association studies (GWAS) in individuals of European ancestry. In stage 1, we used genotyped and imputed data (7,055,881 SNPs) to perform meta-analysis on 4 previously published GWAS data sets consisting of 17,008 Alzheimer's disease cases and 37,154 controls. In stage 2, 11,632 SNPs were genotyped and tested for association in an independent set of 8,572 Alzheimer's disease cases and 11,312 controls. In addition to the APOE locus (encoding apolipoprotein E), 19 loci reached genome-wide significance (P < 5 × 10(-8)) in the combined stage 1 and stage 2 analysis, of which 11 are newly associated with Alzheimer's disease.",D,D,"D(13 hits: locus, genome-wide, SNP, meta-analysis, Meta-analysis)"
24209629,24209629,2013,Guerreiro R,Hardy J,SnapShot: genetics of Alzheimer's disease.,Cell,155(4):968-968.e1,NR,ADGC,24209629,FALSE,24209629,SnapShot: genetics of Alzheimer's disease.,Cell,2013,Guerreiro R; Brás J; Hardy J,,uncategorized,uncategorized,no keyword match
24244562,24244562,2013,Ridge PG,Kauwe JS,Alzheimer's disease: analyzing the missing heritability.,PloS one,8(11):e79771,Table 1,ADGC,24244562,FALSE,24244562,Alzheimer's disease: analyzing the missing heritability.,PloS one,2013,Ridge PG; Mukherjee S; Crane PK; Kauwe JS; Alzheimer’s Disease Genetics Consortium,"Alzheimer's disease (AD) is a complex disorder influenced by environmental and genetic factors. Recent work has identified 11 AD markers in 10 loci. We used Genome-wide Complex Trait Analysis to analyze >2 million SNPs for 10,922 individuals from the Alzheimer's Disease Genetics Consortium to assess the phenotypic variance explained first by known late-onset AD loci, and then by all SNPs in the Alzheimer's Disease Genetics Consortium dataset. In all, 33% of total phenotypic variance is explained by all common SNPs. APOE alone explained 6% and other known markers 2%, meaning more than 25% of phenotypic variance remains unexplained by known markers, but is tagged by common SNPs included on genotyping arrays or imputed with HapMap genotypes. Novel AD markers that explain large amounts of phenotypic variance are likely to be rare and unidentifiable using genome-wide association studies. Based on our findings and the current direction of human genetics research, we suggest specific study designs for future studies to identify the remaining heritability of Alzheimer's disease.",D;F;G,D,"D(10 hits: genome-wide, Genome-wide, heritability, SNP, genotype) | G(2 hits: Consortium) | F(1 hits: dataset)"
24439028,24439028,2014,Logue MW,Farrer LA,"Search for age-related macular degeneration risk variants in
Alzheimer disease genes and pathways.",Neurobiology of aging,35(6):1510.e7-18,"Table 1,3,4,5",ADGC,24439028,FALSE,24439028,Search for age-related macular degeneration risk variants in Alzheimer disease genes and pathways.,Neurobiology of aging,2014,Logue MW; Schu M; Vardarajan BN; Farrell J; Lunetta KL; Jun G; Baldwin CT; Deangelis MM; Farrer LA,"Several lines of inquiry point to overlapping molecular mechanisms between late-onset Alzheimer disease (AD) and age-related macular degeneration (AMD). We evaluated summarized results from large genome-wide association studies for AD and AMD to test the hypothesis that AD susceptibility loci are also associated with AMD. We observed association of both disorders with genes in a region of chromosome 7, including PILRA and ZCWPW1 (peak AMD SNP rs7792525, minor allele frequency [MAF] = 19%, odds ratio [OR] = 1.14, p = 2.34 × 10(-6)), and with ABCA7 (peak AMD SNP rs3752228, MAF = 0.054, OR = 1.22, p = 0.00012). Next, we evaluated association of AMD with genes in AD-related pathways identified by canonical pathway analysis of AD-associated genes. Significant associations were observed with multiple previously identified AMD risk loci and 2 novel genes: HGS (peak SNP rs8070488, MAF = 0.23, OR = 0.91, p = 7.52 × 10(-5)), which plays a role in the clathrin-mediated endocytosis signaling pathway, and TNF (peak SNP rs2071590, MAF = 0.34, OR = 0.89, p = 1.17 × 10(-5)), which is a member of the atherosclerosis signaling and the LXR/RXR activation pathways. Our results suggest that AMD and AD share genetic mechanisms.",A;D,D,"D(9 hits: allele, risk loci, genome-wide, SNP, variant) | A(7 hits: pathway, molecular mechanism)"
24439484,24439484,2014,Benitez BA,Cruchaga C,Missense variant in TREML2 protects against Alzheimer's disease.,Neurobiology of aging,35(6):1510.e19-26,Table 1,ADGC,24439484,FALSE,24439484,Missense variant in TREML2 protects against Alzheimer's disease.,Neurobiology of aging,2014,Benitez BA; Jin SC; Guerreiro R; Graham R; Lord J; Harold D; Sims R; Lambert JC; Gibbs JR; Bras J; Sassi C; Harari O; Bertelsen S; Lupton MK; Powell J; Bellenguez C; Brown K; Medway C; Haddick PC; van der Brug MP; Bhangale T; Ortmann W; Behrens T; Mayeux R; Pericak-Vance MA; Farrer LA; Schellenberg GD; Haines JL; Turton J; Braae A; Barber I; Fagan AM; Holtzman DM; Morris JC; 3C Study Group; EADI consortium; Alzheimer's Disease Genetic Consortium (ADGC); Alzheimer's Disease Neuroimaging Initiative (ADNI); GERAD Consortium; Williams J; Kauwe JS; Amouyel P; Morgan K; Singleton A; Hardy J; Goate AM; Cruchaga C,"TREM and TREM-like receptors are a structurally similar protein family encoded by genes clustered on chromosome 6p21.11. Recent studies have identified a rare coding variant (p.R47H) in TREM2 that confers a high risk for Alzheimer's disease (AD). In addition, common single nucleotide polymorphisms in this genomic region are associated with cerebrospinal fluid biomarkers for AD and a common intergenic variant found near the TREML2 gene has been identified to be protective for AD. However, little is known about the functional variant underlying the latter association or its relationship with the p.R47H. Here, we report comprehensive analyses using whole-exome sequencing data, cerebrospinal fluid biomarker analyses, meta-analyses (16,254 cases and 20,052 controls) and cell-based functional studies to support the role of the TREML2 coding missense variant p.S144G (rs3747742) as a potential driver of the meta-analysis AD-associated genome-wide association studies signal. Additionally, we demonstrate that the protective role of TREML2 in AD is independent of the role of TREM2 gene as a risk factor for AD.",B;D;E,D,"D(8 hits: genome-wide, meta-analysis, variant) | B(2 hits: fluid biomarker) | E(1 hits: support)"
24495969,24495969,2014,Ruiz A,Ramirez A,"Follow-up of loci from the International Genomics of Alzheimer's
Disease Project identifies TRIP4 as a novel susceptibility gene.",Translational psychiatry,4:e358,Table 1,ADGC,24495969,FALSE,24495969,Follow-up of loci from the International Genomics of Alzheimer's Disease Project identifies TRIP4 as a novel susceptibility gene.,Translational psychiatry,2014,Ruiz A; Heilmann S; Becker T; Hernández I; Wagner H; Thelen M; Mauleón A; Rosende-Roca M; Bellenguez C; Bis JC; Harold D; Gerrish A; Sims R; Sotolongo-Grau O; Espinosa A; Alegret M; Arrieta JL; Lacour A; Leber M; Becker J; Lafuente A; Ruiz S; Vargas L; Rodríguez O; Ortega G; Dominguez MA; IGAP; Mayeux R; Haines JL; Pericak-Vance MA; Farrer LA; Schellenberg GD; Chouraki V; Launer LJ; van Duijn C; Seshadri S; Antúnez C; Breteler MM; Serrano-Ríos M; Jessen F; Tárraga L; Nöthen MM; Maier W; Boada M; Ramírez A,"To follow-up loci discovered by the International Genomics of Alzheimer's Disease Project, we attempted independent replication of 19 single nucleotide polymorphisms (SNPs) in a large Spanish sample (Fundació ACE data set; 1808 patients and 2564 controls). Our results corroborate association with four SNPs located in the genes INPP5D, MEF2C, ZCWPW1 and FERMT2, respectively. Of these, ZCWPW1 was the only SNP to withstand correction for multiple testing (P=0.000655). Furthermore, we identify TRIP4 (rs74615166) as a novel genome-wide significant locus for Alzheimer's disease risk (odds ratio=1.31; confidence interval 95% (1.19-1.44); P=9.74 × 10(-)(9)).",D,D,"D(5 hits: genome-wide, locus, SNP)"
24510649,24510649,2013,Lin CF,Wang LS,"Analyzing copy number variation using SNP array data: protocols for
calling CNV and association tests.",Current protocols in human genetics,79:Unit 1.27.,NR,ADGC,24510649,FALSE,24510649,Analyzing copy number variation using SNP array data: protocols for calling CNV and association tests.,Current protocols in human genetics,2013,Lin CF; Naj AC; Wang LS,"High-density SNP genotyping technology provides a low-cost, effective tool for conducting Genome Wide Association (GWA) studies. The wide adoption of GWA studies has indeed led to discoveries of disease- or trait-associated SNPs, some of which were subsequently shown to be causal. However, the nearly universal shortcoming of many GWA studies--missing heritability--has prompted great interest in searching for other types of genetic variation, such as copy number variation (CNV). Certain CNVs have been reported to alter disease susceptibility. Algorithms and tools have been developed to identify CNVs using SNP array hybridization intensity data. Such an approach provides an additional source of data with almost no extra cost. In this unit, we demonstrate the steps for calling CNVs from Illumina SNP array data using PennCNV and performing association analysis using R and PLINK.",D;E;F,D,"D(7 hits: heritability, SNP) | F(5 hits: protocol, tool) | E(2 hits: cost)"
24755620,24755620,2014,"Perez-
Palma E",De Ferrari GV,"Overrepresentation of glutamate signaling in Alzheimer's disease:
network-based pathway enrichment using meta-analysis of genome-
wide association studies.",PloS one,9(4):e95413,Table 2,ADGC,24755620,FALSE,24755620,Overrepresentation of glutamate signaling in Alzheimer's disease: network-based pathway enrichment using meta-analysis of genome-wide association studies.,PloS one,2014,Pérez-Palma E; Bustos BI; Villamán CF; Alarcón MA; Avila ME; Ugarte GD; Reyes AE; Opazo C; De Ferrari GV; Alzheimer's Disease Neuroimaging Initiative; NIA-LOAD/NCRAD Family Study Group,"Genome-wide association studies (GWAS) have successfully identified several risk loci for Alzheimer's disease (AD). Nonetheless, these loci do not explain the entire susceptibility of the disease, suggesting that other genetic contributions remain to be identified. Here, we performed a meta-analysis combining data of 4,569 individuals (2,540 cases and 2,029 healthy controls) derived from three publicly available GWAS in AD and replicated a broad genomic region (>248,000 bp) associated with the disease near the APOE/TOMM40 locus in chromosome 19. To detect minor effect size contributions that could help to explain the remaining genetic risk, we conducted network-based pathway analyses either by extracting gene-wise p-values (GW), defined as the single strongest association signal within a gene, or calculated a more stringent gene-based association p-value using the extended Simes (GATES) procedure. Comparison of these strategies revealed that ontological sub-networks (SNs) involved in glutamate signaling were significantly overrepresented in AD (p<2.7×10(-11), p<1.9×10(-11); GW and GATES, respectively). Notably, glutamate signaling SNs were also found to be significantly overrepresented (p<5.1×10(-8)) in the Alzheimer's disease Neuroimaging Initiative (ADNI) study, which was used as a targeted replication sample. Interestingly, components of the glutamate signaling SNs are coordinately expressed in disease-related tissues, which are tightly related to known pathological hallmarks of AD. Our findings suggest that genetic variation within glutamate signaling contributes to the remaining genetic risk of AD and support the notion that functional biological networks should be targeted in future therapies aimed to prevent or treat this devastating neurological disorder.",A;B;D;E;G,D,"D(9 hits: locus, risk loci, genome-wide, Genome-wide, meta-analysis) | A(3 hits: pathway) | G(2 hits: Initiative, ADNI) | B(1 hits: imaging) | E(1 hits: support)"
24770881,24770881,2014,Nelson PT,Fardo DW,"ABCC9 gene polymorphism is associated with hippocampal sclerosis
of aging pathology.",Acta neuropathologica,127(6):825-43,"Table 3,4",ADGC,24770881,FALSE,24770881,ABCC9 gene polymorphism is associated with hippocampal sclerosis of aging pathology.,Acta neuropathologica,2014,Nelson PT; Estus S; Abner EL; Parikh I; Malik M; Neltner JH; Ighodaro E; Wang WX; Wilfred BR; Wang LS; Kukull WA; Nandakumar K; Farman ML; Poon WW; Corrada MM; Kawas CH; Cribbs DH; Bennett DA; Schneider JA; Larson EB; Crane PK; Valladares O; Schmitt FA; Kryscio RJ; Jicha GA; Smith CD; Scheff SW; Sonnen JA; Haines JL; Pericak-Vance MA; Mayeux R; Farrer LA; Van Eldik LJ; Horbinski C; Green RC; Gearing M; Poon LW; Kramer PL; Woltjer RL; Montine TJ; Partch AB; Rajic AJ; Richmire K; Monsell SE; Alzheimer’ Disease Genetic Consortium; Schellenberg GD; Fardo DW,"Hippocampal sclerosis of aging (HS-Aging) is a high-morbidity brain disease in the elderly but risk factors are largely unknown. We report the first genome-wide association study (GWAS) with HS-Aging pathology as an endophenotype. In collaboration with the Alzheimer's Disease Genetics Consortium, data were analyzed from large autopsy cohorts: (#1) National Alzheimer's Coordinating Center (NACC); (#2) Rush University Religious Orders Study and Memory and Aging Project; (#3) Group Health Research Institute Adult Changes in Thought study; (#4) University of California at Irvine 90+ Study; and (#5) University of Kentucky Alzheimer's Disease Center. Altogether, 363 HS-Aging cases and 2,303 controls, all pathologically confirmed, provided statistical power to test for risk alleles with large effect size. A two-tier study design included GWAS from cohorts #1-3 (Stage I) to identify promising SNP candidates, followed by focused evaluation of particular SNPs in cohorts #4-5 (Stage II). Polymorphism in the ATP-binding cassette, sub-family C member 9 (ABCC9) gene, also known as sulfonylurea receptor 2, was associated with HS-Aging pathology. In the meta-analyzed Stage I GWAS, ABCC9 polymorphisms yielded the lowest p values, and factoring in the Stage II results, the meta-analyzed risk SNP (rs704178:G) attained genome-wide statistical significance (p = 1.4 × 10(-9)), with odds ratio (OR) of 2.13 (recessive mode of inheritance). For SNPs previously linked to hippocampal sclerosis, meta-analyses of Stage I results show OR = 1.16 for rs5848 (GRN) and OR = 1.22 rs1990622 (TMEM106B), with the risk alleles as previously described. Sulfonylureas, a widely prescribed drug class used to treat diabetes, also modify human ABCC9 protein function. A subsample of patients from the NACC database (n = 624) were identified who were older than age 85 at death with known drug history. Controlling for important confounders such as diabetes itself, exposure to a sulfonylurea drug was associated with risk for HS-Aging pathology (p = 0.03). Thus, we describe a novel and targetable dementia risk factor.",B;C;D;F;G,D,"D(15 hits: allele, genome-wide, cohort, SNP, association study) | C(3 hits: drug) | G(2 hits: Consortium, collaboration) | B(1 hits: endophenotype) | F(1 hits: database)"
25419706,25419706,2014,"Wetzel-
Smith MK",Graham RR,"A rare mutation in UNC5C predisposes to late-onset Alzheimer's
disease and increases neuronal cell death.",Nature medicine,20(12):1452-7,NR,ADGC,25419706,FALSE,25419706,A rare mutation in UNC5C predisposes to late-onset Alzheimer's disease and increases neuronal cell death.,Nature medicine,2014,Wetzel-Smith MK; Hunkapiller J; Bhangale TR; Srinivasan K; Maloney JA; Atwal JK; Sa SM; Yaylaoglu MB; Foreman O; Ortmann W; Rathore N; Hansen DV; Tessier-Lavigne M; Alzheimer's Disease Genetics Consortium; Mayeux R; Pericak-Vance M; Haines J; Farrer LA; Schellenberg GD; Goate A; Behrens TW; Cruchaga C; Watts RJ; Graham RR,"We have identified a rare coding mutation, T835M (rs137875858), in the UNC5C netrin receptor gene that segregated with disease in an autosomal dominant pattern in two families enriched for late-onset Alzheimer's disease and that was associated with disease across four large case-control cohorts (odds ratio = 2.15, Pmeta = 0.0095). T835M alters a conserved residue in the hinge region of UNC5C, and in vitro studies demonstrate that this mutation leads to increased cell death in human HEK293T cells and in rodent neurons. Furthermore, neurons expressing T835M UNC5C are more susceptible to cell death from multiple neurotoxic stimuli, including β-amyloid (Aβ), glutamate and staurosporine. On the basis of these data and the enriched hippocampal expression of UNC5C in the adult nervous system, we propose that one possible mechanism in which T835M UNC5C contributes to the risk of Alzheimer's disease is by increasing susceptibility to neuronal cell death, particularly in vulnerable regions of the Alzheimer's disease brain.",A;D,A,"A(8 hits: amyloid, neuron, Aβ, tau) | D(1 hits: cohort)"
25470345,25470345,2015,Nelson PT,Fardo DW,"Reassessment of risk genotypes (GRN, TMEM106B, and ABCC9
variants) associated with hippocampal sclerosis of aging pathology.","Journal of neuropathology and
experimental neurology",74(1):75-84,Table 2,ADGC,25470345,FALSE,25470345,"Reassessment of risk genotypes (GRN, TMEM106B, and ABCC9 variants) associated with hippocampal sclerosis of aging pathology.",Journal of neuropathology and experimental neurology,2015,Nelson PT; Wang WX; Partch AB; Monsell SE; Valladares O; Ellingson SR; Wilfred BR; Naj AC; Wang LS; Kukull WA; Fardo DW,"Hippocampal sclerosis of aging (HS-Aging) is a common high-morbidity neurodegenerative condition in elderly persons. To understand the risk factors for HS-Aging, we analyzed data from the Alzheimer's Disease Genetics Consortium and correlated the data with clinical and pathologic information from the National Alzheimer's Coordinating Center database. Overall, 268 research volunteers with HS-Aging and 2,957 controls were included; detailed neuropathologic data were available for all. The study focused on single-nucleotide polymorphisms previously associated with HS-Aging risk: rs5848 (GRN), rs1990622 (TMEM106B), and rs704180 (ABCC9). Analyses of a subsample that was not previously evaluated (51 HS-Aging cases and 561 controls) replicated the associations of previously identified HS-Aging risk alleles. To test for evidence of gene-gene interactions and genotype-phenotype relationships, pooled data were analyzed. The risk for HS-Aging diagnosis associated with these genetic polymorphisms was not secondary to an association with either Alzheimer disease or dementia with Lewy body neuropathologic changes. The presence of multiple risk genotypes was associated with a trend for additive risk for HS-Aging pathology. We conclude that multiple genes play important roles in HS-Aging, which is a distinctive neurodegenerative disease of aging.",D;F;G,D,"D(7 hits: genotype, allele, variant) | F(1 hits: database) | G(1 hits: Consortium)"
25531812,25531812,2015,Wang LS,Yu L,"Rarity of the Alzheimer disease-protective APP A673T variant in the
United States.",JAMA neurology,72(2):209-16,NR,ADGC,25531812,FALSE,25531812,Rarity of the Alzheimer disease-protective APP A673T variant in the United States.,JAMA neurology,2015,Wang LS; Naj AC; Graham RR; Crane PK; Kunkle BW; Cruchaga C; Murcia JD; Cannon-Albright L; Baldwin CT; Zetterberg H; Blennow K; Kukull WA; Faber KM; Schupf N; Norton MC; Tschanz JT; Munger RG; Corcoran CD; Rogaeva E; Alzheimer's Disease Genetics Consortium; Lin CF; Dombroski BA; Cantwell LB; Partch A; Valladares O; Hakonarson H; St George-Hyslop P; Green RC; Goate AM; Foroud TM; Carney RM; Larson EB; Behrens TW; Kauwe JS; Haines JL; Farrer LA; Pericak-Vance MA; Mayeux R; Schellenberg GD; National Institute on Aging-Late-Onset Alzheimer’s Disease (NIA-LOAD) Family Study; Albert MS; Albin RL; Apostolova LG; Arnold SE; Barber R; Barmada M; Barnes LL; Beach TG; Becker JT; Beecham GW; Beekly D; Bennett DA; Bigio EH; Bird TD; Blacker D; Boeve BF; Bowen JD; Boxer A; Burke JR; Buxbaum JD; Cairns NJ; Cao C; Carlson CS; Carroll SL; Chui HC; Clark DG; Cribbs DH; Crocco EA; DeCarli C; DeKosky ST; Demirci FY; Dick M; Dickson DW; Duara R; Ertekin-Taner N; Fallon KB; Farlow MR; Ferris S; Frosch MP; Galasko DR; Ganguli M; Gearing M; Geschwind DH; Ghetti B; Gilbert JR; Glass JD; Graff-Radford NR; Growdon JH; Hamilton RL; Hamilton-Nelson KL; Harrell LE; Head E; Honig LS; Hulette CM; Hyman BT; Jarvik GP; Jicha GA; Jin LW; Jun G; Jun G; Kamboh MI; Karydas A; Kaye JA; Kim R; Koo EH; Kowall NW; Kramer JH; LaFerla FM; Lah JJ; Leverenz JB; Levey AI; Li G; Lieberman AP; Lopez OL; Lunetta KL; Lyketsos CG; Mack WJ; Marson DC; Martin ER; Martiniuk F; Mash DC; Masliah E; McCormick WC; McCurry SM; McDavid AN; McKee AC; Mesulam WM; Miller BL; Miller CA; Miller JW; Montine TJ; Morris JC; Murrell JR; Olichney JM; Parisi JE; Perry W; Peskind E; Petersen RC; Pierce A; Poon WW; Potter H; Quinn JF; Raj A; Raskind M; Reiman EM; Reisberg B; Reitz C; Ringman JM; Roberson ED; Rosen HJ; Rosenberg RN; Sano M; Saykin AJ; Schneider JA; Schneider LS; Seeley WW; Smith AG; Sonnen JA; Spina S; Stern RA; Tanzi RE; Thornton-Wells TA; Trojanowski JQ; Troncoso JC; Tsuang DW; Van Deerlin VM; Van Eldik LJ; Vardarajan BN; Vinters HV; Vonsattel JP; Weintraub S; Welsh-Bohmer KA; Williamson J; Wishnek S; Woltjer RL; Wright CB; Younkin SG; Yu CE; Yu L,"Recently, a rare variant in the amyloid precursor protein gene (APP) was described in a population from Iceland. This variant, in which alanine is replaced by threonine at position 673 (A673T), appears to protect against late-onset Alzheimer disease (AD). We evaluated the frequency of this variant in AD cases and cognitively normal controls to determine whether this variant will significantly contribute to risk assessment in individuals in the United States. To determine the frequency of the APP A673T variant in a large group of elderly cognitively normal controls and AD cases from the United States and in 2 case-control cohorts from Sweden. Case-control association analysis of variant APP A673T in US and Swedish white individuals comparing AD cases with cognitively intact elderly controls. Participants were ascertained at multiple university-associated medical centers and clinics across the United States and Sweden by study-specific sampling methods. They were from case-control studies, community-based prospective cohort studies, and studies that ascertained multiplex families from multiple sources. Genotypes for the APP A673T variant were determined using the Infinium HumanExome V1 Beadchip (Illumina, Inc) and by TaqMan genotyping (Life Technologies). The A673T variant genotypes were evaluated in 8943 US AD cases, 10 480 US cognitively normal controls, 862 Swedish AD cases, and 707 Swedish cognitively normal controls. We identified 3 US individuals heterozygous for A673T, including 1 AD case (age at onset, 89 years) and 2 controls (age at last examination, 82 and 77 years). The remaining US samples were homozygous for the alanine (A673) allele. In the Swedish samples, 3 controls were heterozygous for A673T and all AD cases were homozygous for the A673 allele. We also genotyped a US family previously reported to harbor the A673T variant and found a mother-daughter pair, both cognitively normal at ages 72 and 84 years, respectively, who were both heterozygous for A673T; however, all individuals with AD in the family were homozygous for A673. The A673T variant is extremely rare in US cohorts and does not play a substantial role in risk for AD in this population. This variant may be primarily restricted to Icelandic and Scandinavian populations.",A;D;F,D,"D(24 hits: allele, genotype, cohort, population, Genotype) | A(1 hits: amyloid) | F(1 hits: method)"
25533204,25533204,2015,N,A,"Convergent genetic and expression data implicate immunity in
Alzheimer's disease.","Alzheimer's & dementia : the journal
of the Alzheimer's Association",11(6):658-71,NR,ADGC,25533204,FALSE,25533204,Convergent genetic and expression data implicate immunity in Alzheimer's disease.,Alzheimer's & dementia : the journal of the Alzheimer's Association,2015,International Genomics of Alzheimer's Disease Consortium (IGAP),"Late-onset Alzheimer's disease (AD) is heritable with 20 genes showing genome-wide association in the International Genomics of Alzheimer's Project (IGAP). To identify the biology underlying the disease, we extended these genetic data in a pathway analysis. The ALIGATOR and GSEA algorithms were used in the IGAP data to identify associated functional pathways and correlated gene expression networks in human brain. ALIGATOR identified an excess of curated biological pathways showing enrichment of association. Enriched areas of biology included the immune response (P = 3.27 × 10(-12) after multiple testing correction for pathways), regulation of endocytosis (P = 1.31 × 10(-11)), cholesterol transport (P = 2.96 × 10(-9)), and proteasome-ubiquitin activity (P = 1.34 × 10(-6)). Correlated gene expression analysis identified four significant network modules, all related to the immune response (corrected P = .002-.05). The immune response, regulation of endocytosis, cholesterol transport, and protein ubiquitination represent prime targets for AD therapeutics.",A;C;D,A,"A(6 hits: pathway, gene expression) | C(1 hits: therapeutic) | D(1 hits: genome-wide)"
25649651,25649651,2015,Wang X,Kamboh MI,"Genetic Determinants of Survival in Patientswith Alzheimer's
Disease.",Journal of Alzheimer's disease : JAD,45(2):651-8,"Table 3,4",ADGC,25649651,FALSE,25649651,Genetic Determinants of Survival in Patientswith Alzheimer’s Disease.,Journal of Alzheimer's disease : JAD,2015,Wang X; Lopez O; Sweet RA; Becker JT; DeKosky ST; Barmada MM; Feingold E; Demirci FY; Kamboh MI,"There is a strong genetic basis for late-onset of Alzheimer’s disease (LOAD), and thus far >20 genes/loci have been identified that affect the risk of LOAD. In addition to disease risk, genetic variation at these loci may also affect components of the natural history of AD, such as survival in AD. In this study, we first examined the role of known LOAD genes with survival time in 983 AD patients. We then performed genome-wide single-nucleotide polymorphism (SNP) and gene-based association analyses to identify novel loci that may influence survival of AD. Survival analysis was conducted using Cox proportional hazards regression under an additive genetics model. We found multiple nominally significant associations (p < 0.01) either within or adjacent to known LOAD genes. Genome-wide SNP analysis identified multiple suggestive novel loci and two of them were also significant in gene-based analysis (CCDC85C and NARS2) that survived after controlling for false-discovery rate at 0.05. In summary, we have identified two novel genes for survival in AD that need to be replicated in independent samples. Our findings highlight the importance of focusing on AD-related phenotypes that may help to identify additional genes relevant toAD.",D,D,"D(4 hits: genome-wide, Genome-wide, SNP)"
25663231,25663231,2015,"Beecham
GW",Vance JM,"PARK10 is a major locus for sporadic neuropathologically confirmed
Parkinson disease.",Neurology,84(10):972-80,Table 2,ADGC,25663231,FALSE,25663231,PARK10 is a major locus for sporadic neuropathologically confirmed Parkinson disease.,Neurology,2015,Beecham GW; Dickson DW; Scott WK; Martin ER; Schellenberg G; Nuytemans K; Larson EB; Buxbaum JD; Trojanowski JQ; Van Deerlin VM; Hurtig HI; Mash DC; Beach TG; Troncoso JC; Pletnikova O; Frosch MP; Ghetti B; Foroud TM; Honig LS; Marder K; Vonsattel JP; Goldman SM; Vinters HV; Ross OA; Wszolek ZK; Wang L; Dykxhoorn DM; Pericak-Vance MA; Montine TJ; Leverenz JB; Dawson TM; Vance JM,"To minimize pathologic heterogeneity in genetic studies of Parkinson disease (PD), the Autopsy-Confirmed Parkinson Disease Genetics Consortium conducted a genome-wide association study using both patients with neuropathologically confirmed PD and controls. Four hundred eighty-four cases and 1,145 controls met neuropathologic diagnostic criteria, were genotyped, and then imputed to 3,922,209 variants for genome-wide association study analysis. A small region on chromosome 1 was strongly associated with PD (rs10788972; p = 6.2 × 10(-8)). The association peak lies within and very close to the maximum linkage peaks of 2 prior positive linkage studies defining the PARK10 locus. We demonstrate that rs10788972 is in strong linkage disequilibrium with rs914722, the single nucleotide polymorphism defining the PARK10 haplotype previously shown to be significantly associated with age at onset in PD. The region containing the PARK10 locus was significantly reduced from 10.6 megabases to 100 kilobases and contains 4 known genes: TCEANC2, TMEM59, miR-4781, and LDLRAD1. We confirm the association of a PARK10 haplotype with the risk of developing idiopathic PD. Furthermore, we significantly reduce the size of the PARK10 region. None of the candidate genes in the new PARK10 region have been previously implicated in the biology of PD, suggesting new areas of potential research. This study strongly suggests that reducing pathologic heterogeneity may enhance the application of genetic association studies to PD.",B;D;G,D,"D(10 hits: locus, genome-wide, genotype, association study, variant) | B(1 hits: diagnostic) | G(1 hits: Consortium)"
25687773,25687773,2015,Desikan RS,Dale AM,"Genetic overlap between Alzheimer's disease and Parkinson's
disease at the MAPT locus.",Molecular psychiatry,20(12):1588-95,Table 2,ADGC,25687773,FALSE,25687773,Genetic overlap between Alzheimer's disease and Parkinson's disease at the MAPT locus.,Molecular psychiatry,2015,"Desikan RS; Schork AJ; Wang Y; Witoelar A; Sharma M; McEvoy LK; Holland D; Brewer JB; Chen CH; Thompson WK; Harold D; Williams J; Owen MJ; O'Donovan MC; Pericak-Vance MA; Mayeux R; Haines JL; Farrer LA; Schellenberg GD; Heutink P; Singleton AB; Brice A; Wood NW; Hardy J; Martinez M; Choi SH; DeStefano A; Ikram MA; Bis JC; Smith A; Fitzpatrick AL; Launer L; van Duijn C; Seshadri S; Ulstein ID; Aarsland D; Fladby T; Djurovic S; Hyman BT; Snaedal J; Stefansson H; Stefansson K; Gasser T; Andreassen OA; Dale AM; ADNI, ADGC, GERAD, CHARGE and IPDGC Investigators","We investigated the genetic overlap between Alzheimer's disease (AD) and Parkinson's disease (PD). Using summary statistics (P-values) from large recent genome-wide association studies (GWAS) (total n=89 904 individuals), we sought to identify single nucleotide polymorphisms (SNPs) associating with both AD and PD. We found and replicated association of both AD and PD with the A allele of rs393152 within the extended MAPT region on chromosome 17 (meta analysis P-value across five independent AD cohorts=1.65 × 10(-7)). In independent datasets, we found a dose-dependent effect of the A allele of rs393152 on intra-cerebral MAPT transcript levels and volume loss within the entorhinal cortex and hippocampus. Our findings identify the tau-associated MAPT locus as a site of genetic overlap between AD and PD, and extending prior work, we show that the MAPT region increases risk of Alzheimer's neurodegeneration.",A;D;F,D,"D(10 hits: allele, locus, meta analysis, genome-wide, cohort) | A(2 hits: tau, neurodegeneration) | F(1 hits: dataset)"
25762156,25762156,2015,Malik M,Estus S,"Genetics of CD33 in Alzheimer's disease and acute myeloid
leukemia.",Human molecular genetics,24(12):3557-70,Table 1,ADGC,25762156,FALSE,25762156,Genetics of CD33 in Alzheimer's disease and acute myeloid leukemia.,Human molecular genetics,2015,Malik M; Chiles J 3rd; Xi HS; Medway C; Simpson J; Potluri S; Howard D; Liang Y; Paumi CM; Mukherjee S; Crane P; Younkin S; Fardo DW; Estus S,"The CD33 single-nucleotide polymorphism (SNP) rs3865444 has been associated with the risk of Alzheimer's disease (AD). Rs3865444 is in linkage disequilibrium with rs12459419 which has been associated with efficacy of an acute myeloid leukemia (AML) chemotherapeutic agent based on a CD33 antibody. We seek to evaluate the extent to which CD33 genetics in AD and AML can inform one another and advance human disease therapy. We have previously shown that these SNPs are associated with skipping of CD33 exon 2 in brain mRNA. Here, we report that these CD33 SNPs are associated with exon 2 skipping in leukocytes from AML patients and with a novel CD33 splice variant that retains CD33 intron 1. Each copy of the minor rs12459419T allele decreases prototypic full-length CD33 expression by ∼ 25% and decreases the AD odds ratio by ∼ 0.10. These results suggest that CD33 antagonists may be useful in reducing AD risk. CD33 inhibitors may include humanized CD33 antibodies such as lintuzumab which was safe but ineffective in AML clinical trials. Here, we report that lintuzumab downregulates cell-surface CD33 by 80% in phorbol-ester differentiated U937 cells, at concentrations as low as 10 ng/ml. Overall, we propose a model wherein a modest effect on RNA splicing is sufficient to mediate the CD33 association with AD risk and suggest the potential for an anti-CD33 antibody as an AD-relevant pharmacologic agent.",C;D,C,"C(6 hits: antibody, therapy, efficacy, clinical trial, therapeutic) | D(5 hits: variant, allele, SNP)"
25778476,25778476,2016,Jun G,Farrer LA,"A novel Alzheimer disease locus located near the gene encoding tau
protein.",Molecular psychiatry,21(1):108-17,"Table 1,2",ADGC,25778476,FALSE,25778476,A novel Alzheimer disease locus located near the gene encoding tau protein.,Molecular psychiatry,2016,Jun G; Ibrahim-Verbaas CA; Vronskaya M; Lambert JC; Chung J; Naj AC; Kunkle BW; Wang LS; Bis JC; Bellenguez C; Harold D; Lunetta KL; Destefano AL; Grenier-Boley B; Sims R; Beecham GW; Smith AV; Chouraki V; Hamilton-Nelson KL; Ikram MA; Fievet N; Denning N; Martin ER; Schmidt H; Kamatani Y; Dunstan ML; Valladares O; Laza AR; Zelenika D; Ramirez A; Foroud TM; Choi SH; Boland A; Becker T; Kukull WA; van der Lee SJ; Pasquier F; Cruchaga C; Beekly D; Fitzpatrick AL; Hanon O; Gill M; Barber R; Gudnason V; Campion D; Love S; Bennett DA; Amin N; Berr C; Tsolaki M; Buxbaum JD; Lopez OL; Deramecourt V; Fox NC; Cantwell LB; Tárraga L; Dufouil C; Hardy J; Crane PK; Eiriksdottir G; Hannequin D; Clarke R; Evans D; Mosley TH Jr; Letenneur L; Brayne C; Maier W; De Jager P; Emilsson V; Dartigues JF; Hampel H; Kamboh MI; de Bruijn RF; Tzourio C; Pastor P; Larson EB; Rotter JI; O'Donovan MC; Montine TJ; Nalls MA; Mead S; Reiman EM; Jonsson PV; Holmes C; St George-Hyslop PH; Boada M; Passmore P; Wendland JR; Schmidt R; Morgan K; Winslow AR; Powell JF; Carasquillo M; Younkin SG; Jakobsdóttir J; Kauwe JS; Wilhelmsen KC; Rujescu D; Nöthen MM; Hofman A; Jones L; IGAP Consortium; Haines JL; Psaty BM; Van Broeckhoven C; Holmans P; Launer LJ; Mayeux R; Lathrop M; Goate AM; Escott-Price V; Seshadri S; Pericak-Vance MA; Amouyel P; Williams J; van Duijn CM; Schellenberg GD; Farrer LA,"APOE ɛ4, the most significant genetic risk factor for Alzheimer disease (AD), may mask effects of other loci. We re-analyzed genome-wide association study (GWAS) data from the International Genomics of Alzheimer's Project (IGAP) Consortium in APOE ɛ4+ (10 352 cases and 9207 controls) and APOE ɛ4- (7184 cases and 26 968 controls) subgroups as well as in the total sample testing for interaction between a single-nucleotide polymorphism (SNP) and APOE ɛ4 status. Suggestive associations (P<1 × 10(-4)) in stage 1 were evaluated in an independent sample (stage 2) containing 4203 subjects (APOE ɛ4+: 1250 cases and 536 controls; APOE ɛ4-: 718 cases and 1699 controls). Among APOE ɛ4- subjects, novel genome-wide significant (GWS) association was observed with 17 SNPs (all between KANSL1 and LRRC37A on chromosome 17 near MAPT) in a meta-analysis of the stage 1 and stage 2 data sets (best SNP, rs2732703, P=5·8 × 10(-9)). Conditional analysis revealed that rs2732703 accounted for association signals in the entire 100-kilobase region that includes MAPT. Except for previously identified AD loci showing stronger association in APOE ɛ4+ subjects (CR1 and CLU) or APOE ɛ4- subjects (MS4A6A/MS4A4A/MS4A6E), no other SNPs were significantly associated with AD in a specific APOE genotype subgroup. In addition, the finding in the stage 1 sample that AD risk is significantly influenced by the interaction of APOE with rs1595014 in TMEM106B (P=1·6 × 10(-7)) is noteworthy, because TMEM106B variants have previously been associated with risk of frontotemporal dementia. Expression quantitative trait locus analysis revealed that rs113986870, one of the GWS SNPs near rs2732703, is significantly associated with four KANSL1 probes that target transcription of the first translated exon and an untranslated exon in hippocampus (P ⩽ 1.3 × 10(-8)), frontal cortex (P ⩽ 1.3 × 10(-9)) and temporal cortex (P⩽1.2 × 10(-11)). Rs113986870 is also strongly associated with a MAPT probe that targets transcription of alternatively spliced exon 3 in frontal cortex (P=9.2 × 10(-6)) and temporal cortex (P=2.6 × 10(-6)). Our APOE-stratified GWAS is the first to show GWS association for AD with SNPs in the chromosome 17q21.31 region. Replication of this finding in independent samples is needed to verify that SNPs in this region have significantly stronger effects on AD risk in persons lacking APOE ɛ4 compared with persons carrying this allele, and if this is found to hold, further examination of this region and studies aimed at deciphering the mechanism(s) are warranted.",A;B;D;G,D,"D(20 hits: allele, locus, genome-wide, genetic risk factor, SNP) | A(2 hits: tau) | B(1 hits: quantitative trait) | G(1 hits: Consortium)"
25862742,25862742,2015,Desikan RS,Dale AM,"Polygenic Overlap Between C-Reactive Protein, Plasma Lipids, and
Alzheimer Disease.",Circulation,131(23):2061-2069,"Table 2,3",ADGC,25862742,FALSE,25862742,"Polygenic Overlap Between C-Reactive Protein, Plasma Lipids, and Alzheimer Disease.",Circulation,2015,"Desikan RS; Schork AJ; Wang Y; Thompson WK; Dehghan A; Ridker PM; Chasman DI; McEvoy LK; Holland D; Chen CH; Karow DS; Brewer JB; Hess CP; Williams J; Sims R; O'Donovan MC; Choi SH; Bis JC; Ikram MA; Gudnason V; DeStefano AL; van der Lee SJ; Psaty BM; van Duijn CM; Launer L; Seshadri S; Pericak-Vance MA; Mayeux R; Haines JL; Farrer LA; Hardy J; Ulstein ID; Aarsland D; Fladby T; White LR; Sando SB; Rongve A; Witoelar A; Djurovic S; Hyman BT; Snaedal J; Steinberg S; Stefansson H; Stefansson K; Schellenberg GD; Andreassen OA; Dale AM; Inflammation working group, IGAP and DemGene Investigators","Epidemiological findings suggest a relationship between Alzheimer disease (AD), inflammation, and dyslipidemia, although the nature of this relationship is not well understood. We investigated whether this phenotypic association arises from a shared genetic basis. Using summary statistics (P values and odds ratios) from genome-wide association studies of >200 000 individuals, we investigated overlap in single-nucleotide polymorphisms associated with clinically diagnosed AD and C-reactive protein (CRP), triglycerides, and high- and low-density lipoprotein levels. We found up to 50-fold enrichment of AD single-nucleotide polymorphisms for different levels of association with C-reactive protein, low-density lipoprotein, high-density lipoprotein, and triglyceride single-nucleotide polymorphisms using a false discovery rate threshold <0.05. By conditioning on polymorphisms associated with the 4 phenotypes, we identified 55 loci associated with increased AD risk. We then conducted a meta-analysis of these 55 variants across 4 independent AD cohorts (total: n=29 054 AD cases and 114 824 healthy controls) and discovered 2 genome-wide significant variants on chromosome 4 (rs13113697; closest gene, HS3ST1; odds ratio=1.07; 95% confidence interval=1.05-1.11; P=2.86×10(-8)) and chromosome 10 (rs7920721; closest gene, ECHDC3; odds ratio=1.07; 95% confidence interval=1.04-1.11; P=3.38×10(-8)). We also found that gene expression of HS3ST1 and ECHDC3 was altered in AD brains compared with control brains. We demonstrate genetic overlap between AD, C-reactive protein, and plasma lipids. By conditioning on the genetic association with the cardiovascular phenotypes, we identify novel AD susceptibility loci, including 2 genome-wide significant variants conferring increased risk for AD.",A;B;D,D,"D(10 hits: genome-wide, cohort, meta-analysis, Polygenic, variant) | B(3 hits: plasma, Plasma) | A(1 hits: gene expression)"
26049409,26049409,2015,Hirano A,Kanba S,"A genome-wide association study of late-onset Alzheimer's disease
in a Japanese population.",Psychiatric genetics,25(4):139-46,"Table 2,3",ADGC,26049409,FALSE,26049409,A genome-wide association study of late-onset Alzheimer's disease in a Japanese population.,Psychiatric genetics,2015,Hirano A; Ohara T; Takahashi A; Aoki M; Fuyuno Y; Ashikawa K; Morihara T; Takeda M; Kamino K; Oshima E; Okahisa Y; Shibata N; Arai H; Akatsu H; Ikeda M; Iwata N; Ninomiya T; Monji A; Kitazono T; Kiyohara Y; Kubo M; Kanba S,"Although a number of genome-wide association studies (GWASs) of late-onset Alzheimer's disease (LOAD) have been carried out, there have been little GWAS data on East Asian populations. To discover the novel susceptibility loci of LOAD, we carried out a GWAS using 816 LOAD cases and 7992 controls with a replication analysis using an independent panel of 1011 LOAD cases and 7212 controls in a Japanese population. In addition, we carried out a stratified analysis by APOE-ε4 status to eliminate the established effect of APOE region. Our data indicated that 18p11.32 (rs1992269, P = 9.77 × 10(-7)), CNTNAP2 (rs802571, P = 1.26 × 10(-6)), and 12q24.23 (rs11613092, P = 6.85 × 10(-6)) were suggestive loci for susceptibility to LOAD. We identified three suggestive loci for susceptibility to LOAD in a Japanese population. Among these, rs802571, located at intron 1 of CNTNAP2, was considered to be a plausible candidate locus from a functional perspective.",D,D,"D(14 hits: locus, genome-wide, population, association study, GWAS)"
26079416,26079416,2015,Mukherjee S,Glymour MM,"Genetically predicted body mass index and Alzheimer's disease-
related phenotypes in three large samples: Mendelian
randomization analyses.","Alzheimer's & dementia : the journal
of the Alzheimer's Association",11(12):1439-1451,Table 4,ADGC,26079416,FALSE,26079416,Genetically predicted body mass index and Alzheimer's disease-related phenotypes in three large samples: Mendelian randomization analyses.,Alzheimer's & dementia : the journal of the Alzheimer's Association,2015,Mukherjee S; Walter S; Kauwe JSK; Saykin AJ; Bennett DA; Larson EB; Crane PK; Glymour MM; Adult Changes in Thought Study Investigators; Religious Orders Study/Memory and Aging Project Investigators; Alzheimer's Disease Genetics Consortium,"Observational research shows that higher body mass index (BMI) increases Alzheimer's disease (AD) risk, but it is unclear whether this association is causal. We applied genetic variants that predict BMI in Mendelian randomization analyses, an approach that is not biased by reverse causation or confounding, to evaluate whether higher BMI increases AD risk. We evaluated individual-level data from the AD Genetics Consortium (ADGC: 10,079 AD cases and 9613 controls), the Health and Retirement Study (HRS: 8403 participants with algorithm-predicted dementia status), and published associations from the Genetic and Environmental Risk for AD consortium (GERAD1: 3177 AD cases and 7277 controls). No evidence from individual single-nucleotide polymorphisms or polygenic scores indicated BMI increased AD risk. Mendelian randomization effect estimates per BMI point (95% confidence intervals) were as follows: ADGC, odds ratio (OR) = 0.95 (0.90-1.01); HRS, OR = 1.00 (0.75-1.32); GERAD1, OR = 0.96 (0.87-1.07). One subscore (cellular processes not otherwise specified) unexpectedly predicted lower AD risk.",D;G,D,"D(5 hits: Mendelian randomization, variant, polygenic) | G(4 hits: Consortium, ADGC, consortium)"
26079503,26079503,2015,"Ostergaard
SD",Scott RA,"Associations between Potentially Modifiable Risk Factors and
Alzheimer Disease: A Mendelian Randomization Study.",PLoS medicine,"12(6):e1001841; discussion
e1001841",NR,ADGC,26079503,FALSE,26079503,Associations between Potentially Modifiable Risk Factors and Alzheimer Disease: A Mendelian Randomization Study.,PLoS medicine,2015,Østergaard SD; Mukherjee S; Sharp SJ; Proitsi P; Lotta LA; Day F; Perry JR; Boehme KL; Walter S; Kauwe JS; Gibbons LE; Alzheimer’s Disease Genetics Consortium; GERAD1 Consortium; EPIC-InterAct Consortium; Larson EB; Powell JF; Langenberg C; Crane PK; Wareham NJ; Scott RA,"Potentially modifiable risk factors including obesity, diabetes, hypertension, and smoking are associated with Alzheimer disease (AD) and represent promising targets for intervention. However, the causality of these associations is unclear. We sought to assess the causal nature of these associations using Mendelian randomization (MR). We used SNPs associated with each risk factor as instrumental variables in MR analyses. We considered type 2 diabetes (T2D, NSNPs = 49), fasting glucose (NSNPs = 36), insulin resistance (NSNPs = 10), body mass index (BMI, NSNPs = 32), total cholesterol (NSNPs = 73), HDL-cholesterol (NSNPs = 71), LDL-cholesterol (NSNPs = 57), triglycerides (NSNPs = 39), systolic blood pressure (SBP, NSNPs = 24), smoking initiation (NSNPs = 1), smoking quantity (NSNPs = 3), university completion (NSNPs = 2), and years of education (NSNPs = 1). We calculated MR estimates of associations between each exposure and AD risk using an inverse-variance weighted approach, with summary statistics of SNP-AD associations from the International Genomics of Alzheimer's Project, comprising a total of 17,008 individuals with AD and 37,154 cognitively normal elderly controls. We found that genetically predicted higher SBP was associated with lower AD risk (odds ratio [OR] per standard deviation [15.4 mm Hg] of SBP [95% CI]: 0.75 [0.62-0.91]; p = 3.4 × 10(-3)). Genetically predicted higher SBP was also associated with a higher probability of taking antihypertensive medication (p = 6.7 × 10(-8)). Genetically predicted smoking quantity was associated with lower AD risk (OR per ten cigarettes per day [95% CI]: 0.67 [0.51-0.89]; p = 6.5 × 10(-3)), although we were unable to stratify by smoking history; genetically predicted smoking initiation was not associated with AD risk (OR = 0.70 [0.37, 1.33]; p = 0.28). We saw no evidence of causal associations between glycemic traits, T2D, BMI, or educational attainment and risk of AD (all p > 0.1). Potential limitations of this study include the small proportion of intermediate trait variance explained by genetic variants and other implicit limitations of MR analyses. Inherited lifetime exposure to higher SBP is associated with lower AD risk. These findings suggest that higher blood pressure--or some environmental exposure associated with higher blood pressure, such as use of antihypertensive medications--may reduce AD risk.",C;D,D,"D(19 hits: variant, SNP, Mendelian randomization, Mendelian Randomization) | C(1 hits: intervention)"
26092349,26092349,2016,Hohman TJ,"Thornton-Wells
TA","Global and local ancestry in African-Americans: Implications for
Alzheimer's disease risk.","Alzheimer's & dementia : the journal
of the Alzheimer's Association",12(3):233-43,Table 2,ADGC,26092349,FALSE,26092349,Global and local ancestry in African-Americans: Implications for Alzheimer's disease risk.,Alzheimer's & dementia : the journal of the Alzheimer's Association,2016,Hohman TJ; Cooke-Bailey JN; Reitz C; Jun G; Naj A; Beecham GW; Liu Z; Carney RM; Vance JM; Cuccaro ML; Rajbhandary R; Vardarajan BN; Wang LS; Valladares O; Lin CF; Larson EB; Graff-Radford NR; Evans D; De Jager PL; Crane PK; Buxbaum JD; Murrell JR; Raj T; Ertekin-Taner N; Logue MW; Baldwin CT; Green RC; Barnes LL; Cantwell LB; Fallin MD; Go RC; Griffith P; Obisesan TO; Manly JJ; Lunetta KL; Kamboh MI; Lopez OL; Bennett DA; Hardy J; Hendrie HC; Hall KS; Goate AM; Lang R; Byrd GS; Kukull WA; Foroud TM; Farrer LA; Martin ER; Pericak-Vance MA; Schellenberg GD; Mayeux R; Haines JL; Thornton-Wells TA; Alzheimer Disease Genetics Consortium,"African-American (AA) individuals have a higher risk for late-onset Alzheimer's disease (LOAD) than Americans of primarily European ancestry (EA). Recently, the largest genome-wide association study in AAs to date confirmed that six of the Alzheimer's disease (AD)-related genetic variants originally discovered in EA cohorts are also risk variants in AA; however, the risk attributable to many of the loci (e.g., APOE, ABCA7) differed substantially from previous studies in EA. There likely are risk variants of higher frequency in AAs that have not been discovered. We performed a comprehensive analysis of genetically determined local and global ancestry in AAs with regard to LOAD status. Compared to controls, LOAD cases showed higher levels of African ancestry, both globally and at several LOAD relevant loci, which explained risk for AD beyond global differences. Exploratory post hoc analyses highlight regions with greatest differences in ancestry as potential candidate regions for future genetic analyses.",D,D,"D(6 hits: genome-wide, cohort, association study, variant)"
26339675,26339675,2015,Tosto G,Mayeux R,"F-box/LRR-repeat protein 7 is genetically associated with
Alzheimer's disease.","Annals of clinical and translational
neurology",2(8):810-20,"Table 2,3",ADGC,26339675,FALSE,26339675,F-box/LRR-repeat protein 7 is genetically associated with Alzheimer's disease.,Annals of clinical and translational neurology,2015,Tosto G; Fu H; Vardarajan BN; Lee JH; Cheng R; Reyes-Dumeyer D; Lantigua R; Medrano M; Jimenez-Velazquez IZ; Elkind MS; Wright CB; Sacco RL; Pericak-Vance M; Farrer L; Rogaeva E; St George-Hyslop P; Reitz C; Mayeux R,"In the context of late-onset Alzheimer's disease (LOAD) over 20 genes have been identified but, aside APOE, all show small effect sizes, leaving a large part of the genetic component unexplained. Admixed populations, such as Caribbean Hispanics, can provide a valuable contribution because of their unique genetic profile and higher incidence of the disease. We aimed to identify novel loci associated with LOAD. About 4514 unrelated Caribbean Hispanics (2451 cases and 2063 controls) were selected for genome-wide association analysis. Significant loci were further tested in the expanded cohort that also included related family members (n = 5300). Two AD-like transgenic mice models (J20 and rTg4510) were used to study gene expression. Independent data sets of non-Hispanic Whites and African Americans were used to further validate findings, along with publicly available brain expression data sets. A novel locus, rs75002042 in FBXL7 (5p15.1), was found genome-wide significant in the case-control cohort (odd ratio [OR] = 0.61, P = 6.19E-09) and confirmed in the related members cohorts (OR = 0.63, P = 4.7E-08). Fbxl7 protein was overexpressed in both AD-like transgenic mice compared to wild-type littermates. Publicly available microarray studies also showed significant overexpression of Fbxl7 in LOAD brains compared to nondemented controls. single-nucleotide polymorphism (SNP) rs75002042 was in complete linkage disequilibrium with other variants in two independent non-Hispanic White and African American data sets (0.0005 < P < 0.02) used for replication. FBXL7, encodes a subcellular protein involved in phosphorylation-dependent ubiquitination processes and displays proapoptotic activity. F-box proteins also modulate inflammation and innate immunity, which may be important in LOAD pathogenesis. Further investigations are needed to validate and understand its role in this and other populations.",A;D,D,"D(11 hits: incidence, locus, genome-wide, cohort, SNP) | A(1 hits: gene expression)"
26365416,26365416,2016,Kunkle BW,Pericak-Vance MA,"Genome-wide linkage analyses of non-Hispanic white families
identify novel loci for familial late-onset Alzheimer's disease.","Alzheimer's & dementia : the journal
of the Alzheimer's Association",12(1):2-10,Table 2,ADGC,26365416,FALSE,26365416,Genome-wide linkage analyses of non-Hispanic white families identify novel loci for familial late-onset Alzheimer's disease.,Alzheimer's & dementia : the journal of the Alzheimer's Association,2016,Kunkle BW; Jaworski J; Barral S; Vardarajan B; Beecham GW; Martin ER; Cantwell LS; Partch A; Bird TD; Raskind WH; DeStefano AL; Carney RM; Cuccaro M; Vance JM; Farrer LA; Goate AM; Foroud T; Mayeux RP; Schellenberg GD; Haines JL; Pericak-Vance MA,"Few high penetrance variants that explain risk in late-onset Alzheimer's disease (LOAD) families have been found. We performed genome-wide linkage and identity-by-descent (IBD) analyses on 41 non-Hispanic white families exhibiting likely dominant inheritance of LOAD, and having no mutations at known familial Alzheimer's disease (AD) loci, and a low burden of APOE ε4 alleles. Two-point parametric linkage analysis identified 14 significantly linked regions, including three novel linkage regions for LOAD (5q32, 11q12.2-11q14.1, and 14q13.3), one of which replicates a genome-wide association LOAD locus, the MS4A6A-MS4A4E gene cluster at 11q12.2. Five of the 14 regions (3q25.31, 4q34.1, 8q22.3, 11q12.2-14.1, and 19q13.41) are supported by strong multipoint results (logarithm of odds [LOD*] ≥1.5). Nonparametric multipoint analyses produced an additional significant locus at 14q32.2 (LOD* = 4.18). The 1-LOD confidence interval for this region contains one gene, C14orf177, and the microRNA Mir_320, whereas IBD analyses implicates an additional gene BCL11B, a regulator of brain-derived neurotrophic signaling, a pathway associated with pathogenesis of several neurodegenerative diseases. Examination of these regions after whole-genome sequencing may identify highly penetrant variants for familial LOAD.",A;D;E,D,"D(9 hits: allele, locus, genome-wide, Genome-wide, variant) | E(2 hits: burden, support) | A(1 hits: pathway)"
26366463,26366463,2015,Ghani M,Rogaeva E,"Association of Long Runs of Homozygosity With Alzheimer Disease
Among African American Individuals.",JAMA neurology,72(11):1313-23,NR,ADGC,26366463,FALSE,26366463,Association of Long Runs of Homozygosity With Alzheimer Disease Among African American Individuals.,JAMA neurology,2015,Ghani M; Reitz C; Cheng R; Vardarajan BN; Jun G; Sato C; Naj A; Rajbhandary R; Wang LS; Valladares O; Lin CF; Larson EB; Graff-Radford NR; Evans D; De Jager PL; Crane PK; Buxbaum JD; Murrell JR; Raj T; Ertekin-Taner N; Logue M; Baldwin CT; Green RC; Barnes LL; Cantwell LB; Fallin MD; Go RC; Griffith PA; Obisesan TO; Manly JJ; Lunetta KL; Kamboh MI; Lopez OL; Bennett DA; Hendrie H; Hall KS; Goate AM; Byrd GS; Kukull WA; Foroud TM; Haines JL; Farrer LA; Pericak-Vance MA; Lee JH; Schellenberg GD; St George-Hyslop P; Mayeux R; Rogaeva E; Alzheimer’s Disease Genetics Consortium,"Mutations in known causal Alzheimer disease (AD) genes account for only 1% to 3% of patients and almost all are dominantly inherited. Recessive inheritance of complex phenotypes can be linked to long (>1-megabase [Mb]) runs of homozygosity (ROHs) detectable by single-nucleotide polymorphism (SNP) arrays. To evaluate the association between ROHs and AD in an African American population known to have a risk for AD up to 3 times higher than white individuals. Case-control study of a large African American data set previously genotyped on different genome-wide SNP arrays conducted from December 2013 to January 2015. Global and locus-based ROH measurements were analyzed using raw or imputed genotype data. We studied the raw genotypes from 2 case-control subsets grouped based on SNP array: Alzheimer's Disease Genetics Consortium data set (871 cases and 1620 control individuals) and Chicago Health and Aging Project-Indianapolis Ibadan Dementia Study data set (279 cases and 1367 control individuals). We then examined the entire data set using imputed genotypes from 1917 cases and 3858 control individuals. The ROHs larger than 1 Mb, 2 Mb, or 3 Mb were investigated separately for global burden evaluation, consensus regions, and gene-based analyses. The African American cohort had a low degree of inbreeding (F ~ 0.006). In the Alzheimer's Disease Genetics Consortium data set, we detected a significantly higher proportion of cases with ROHs greater than 2 Mb (P = .004) or greater than 3 Mb (P = .02), as well as a significant 114-kilobase consensus region on chr4q31.3 (empirical P value 2 = .04; ROHs >2 Mb). In the Chicago Health and Aging Project-Indianapolis Ibadan Dementia Study data set, we identified a significant 202-kilobase consensus region on Chr15q24.1 (empirical P value 2 = .02; ROHs >1 Mb) and a cluster of 13 significant genes on Chr3p21.31 (empirical P value 2 = .03; ROHs >3 Mb). A total of 43 of 49 nominally significant genes common for both data sets also mapped to Chr3p21.31. Analyses of imputed SNP data from the entire data set confirmed the association of AD with global ROH measurements (12.38 ROHs >1 Mb in cases vs 12.11 in controls; 2.986 Mb average size of ROHs >2 Mb in cases vs 2.889 Mb in controls; and 22% of cases with ROHs >3 Mb vs 19% of controls) and a gene-cluster on Chr3p21.31 (empirical P value 2 = .006-.04; ROHs >3 Mb). Also, we detected a significant association between AD and CLDN17 (empirical P value 2 = .01; ROHs >1 Mb), encoding a protein from the Claudin family, members of which were previously suggested as AD biomarkers. To our knowledge, we discovered the first evidence of increased burden of ROHs among patients with AD from an outbred African American population, which could reflect either the cumulative effect of multiple ROHs to AD or the contribution of specific loci harboring recessive mutations and risk haplotypes in a subset of patients. Sequencing is required to uncover AD variants in these individuals.",B;D;E;G,D,"D(14 hits: locus, genome-wide, cohort, SNP, population) | E(2 hits: burden) | G(2 hits: Consortium) | B(1 hits: biomarker)"
26433351,26433351,2015,Barral S,Mayeux R,"Linkage analyses in Caribbean Hispanic families identify novel loci
associated with familial late-onset Alzheimer's disease.","Alzheimer's & dementia : the journal
of the Alzheimer's Association",11(12):1397-1406,"Table 2,3,4",ADGC,26433351,FALSE,26433351,Linkage analyses in Caribbean Hispanic families identify novel loci associated with familial late-onset Alzheimer's disease.,Alzheimer's & dementia : the journal of the Alzheimer's Association,2015,Barral S; Cheng R; Reitz C; Vardarajan B; Lee J; Kunkle B; Beecham G; Cantwell LS; Pericak-Vance MA; Farrer LA; Haines JL; Goate AM; Foroud T; Boerwinkle E; Schellenberg GD; Mayeux R,"We performed linkage analyses in Caribbean Hispanic families with multiple late-onset Alzheimer's disease (LOAD) cases to identify regions that may contain disease causative variants. We selected 67 LOAD families to perform genome-wide linkage scan. Analysis of the linked regions was repeated using the entire sample of 282 families. Validated chromosomal regions were analyzed using joint linkage and association. We identified 26 regions linked to LOAD (HLOD ≥3.6). We validated 13 of the regions (HLOD ≥2.5) using the entire family sample. The strongest signal was at 11q12.3 (rs2232932: HLODmax = 4.7, Pjoint = 6.6 × 10(-6)), a locus located ∼2 Mb upstream of the membrane-spanning 4A gene cluster. We additionally identified a locus at 7p14.3 (rs10255835: HLODmax = 4.9, Pjoint = 1.2 × 10(-5)), a region harboring genes associated with the nervous system (GARS, GHRHR, and NEUROD6). Future sequencing efforts should focus on these regions because they may harbor familial LOAD causative mutations.",D,D,"D(4 hits: genome-wide, locus, variant)"
26449541,26449541,2016,"Ebbert
MTW",Kauwe JSK,"Interaction between variants in CLU and MS4A4E modulates
Alzheimer's disease risk.","Alzheimer's & dementia : the journal
of the Alzheimer's Association",12(2):121-129,NR,ADGC,26449541,FALSE,26449541,Interaction between variants in CLU and MS4A4E modulates Alzheimer's disease risk.,Alzheimer's & dementia : the journal of the Alzheimer's Association,2016,Ebbert MTW; Boehme KL; Wadsworth ME; Staley LA; Alzheimer's Disease Neuroimaging Initiative; Alzheimer's Disease Genetics Consortium; Mukherjee S; Crane PK; Ridge PG; Kauwe JSK,"Ebbert et al. reported gene-gene interactions between rs11136000-rs670139 (CLU-MS4A4E) and rs3865444-rs670139 (CD33-MS4A4E). We evaluate these interactions in the largest data set for an epistasis study. We tested interactions using 3837 cases and 4145 controls from Alzheimer's Disease Genetics Consortium using meta-analyses and permutation analyses. We repeated meta-analyses stratified by apolipoprotein E (APOE) ε4 status, estimated combined odds ratio (OR) and population attributable fraction (cPAF), and explored causal variants. Results support the CLU-MS4A4E interaction and a dominant effect. An association between CLU-MS4A4E and APOE ε4 negative status exists. The estimated synergy factor, OR, and cPAF for rs11136000-rs670139 are 2.23, 2.45, and 8.0, respectively. We identified potential causal variants. We replicated the CLU-MS4A4E interaction in a large case-control series and observed APOE ε4 and possible dominant effect. The CLU-MS4A4E OR is higher than any Alzheimer's disease locus except APOE ε4, APP, and TREM2. We estimated an 8% decrease in Alzheimer's disease incidence without CLU-MS4A4E risk alleles and identified potential causal variants.",D;E;G,D,"D(9 hits: incidence, allele, locus, population, variant) | E(1 hits: support) | G(1 hits: Consortium)"
26490334,26490334,2015,"Escott-Price
V",Williams J,"Common polygenic variation enhances risk prediction for
Alzheimer's disease.",Brain : a journal of neurology,138(Pt 12):3673-84,NR,ADGC,26490334,FALSE,26490334,Common polygenic variation enhances risk prediction for Alzheimer's disease.,Brain : a journal of neurology,2015,Escott-Price V; Sims R; Bannister C; Harold D; Vronskaya M; Majounie E; Badarinarayan N; GERAD/PERADES; IGAP consortia; Morgan K; Passmore P; Holmes C; Powell J; Brayne C; Gill M; Mead S; Goate A; Cruchaga C; Lambert JC; van Duijn C; Maier W; Ramirez A; Holmans P; Jones L; Hardy J; Seshadri S; Schellenberg GD; Amouyel P; Williams J,"The identification of subjects at high risk for Alzheimer's disease is important for prognosis and early intervention. We investigated the polygenic architecture of Alzheimer's disease and the accuracy of Alzheimer's disease prediction models, including and excluding the polygenic component in the model. This study used genotype data from the powerful dataset comprising 17 008 cases and 37 154 controls obtained from the International Genomics of Alzheimer's Project (IGAP). Polygenic score analysis tested whether the alleles identified to associate with disease in one sample set were significantly enriched in the cases relative to the controls in an independent sample. The disease prediction accuracy was investigated in a subset of the IGAP data, a sample of 3049 cases and 1554 controls (for whom APOE genotype data were available) by means of sensitivity, specificity, area under the receiver operating characteristic curve (AUC) and positive and negative predictive values. We observed significant evidence for a polygenic component enriched in Alzheimer's disease (P = 4.9 × 10(-26)). This enrichment remained significant after APOE and other genome-wide associated regions were excluded (P = 3.4 × 10(-19)). The best prediction accuracy AUC = 78.2% (95% confidence interval 77-80%) was achieved by a logistic regression model with APOE, the polygenic score, sex and age as predictors. In conclusion, Alzheimer's disease has a significant polygenic component, which has predictive utility for Alzheimer's disease risk and could be a valuable research tool complementing experimental designs, including preventative clinical trials, stem cell selection and high/low risk clinical studies. In modelling a range of sample disease prevalences, we found that polygenic scores almost doubles case prediction from chance with increased prediction at polygenic extremes.",B;C;D;F,D,"D(17 hits: risk prediction, allele, prevalence, genome-wide, polygenic) | B(7 hits: prediction) | C(2 hits: intervention, clinical trial) | F(2 hits: tool, dataset)"
26545630,26545630,2016,Deming Y,Cruchaga C,"A potential endophenotype for Alzheimer's disease: cerebrospinal
fluid clusterin.",Neurobiology of aging,37:208.e1-208.e9,"Table 3,4",ADGC,26545630,FALSE,26545630,A potential endophenotype for Alzheimer's disease: cerebrospinal fluid clusterin.,Neurobiology of aging,2016,Deming Y; Xia J; Cai Y; Lord J; Holmans P; Bertelsen S; Holtzman D; Morris JC; Bales K; Pickering EH; Kauwe J; Goate A; Cruchaga C; Alzheimer's Disease Neuroimaging Initiative (ADNI),"Genome-wide association studies have associated clusterin (CLU) variants with Alzheimer's disease (AD). However, the role of CLU on AD pathogenesis is not totally understood. We used cerebrospinal fluid (CSF) and plasma CLU levels as endophenotypes for genetic studies to understand the role of CLU in AD. CSF, but not plasma, CLU levels were significantly associated with AD status and CSF tau/amyloid-beta ratio, and highly correlated with CSF apolipoprotein E (APOE) levels. Several loci showed almost genome-wide significant associations including LINC00917 (p = 3.98 × 10(-7)) and interleukin 6 (IL6, p = 9.94 × 10(-6), in the entire data set and in the APOE ε4- individuals p = 7.40 × 10(-8)). Gene ontology analyses suggest that CSF CLU levels may be associated with wound healing and immune response which supports previous functional studies that demonstrated an association between CLU and IL6. CLU may play a role in AD by influencing immune system changes that have been observed in AD or by disrupting healing after neurodegeneration.",A;B;D;E,B,"B(10 hits: plasma, endophenotype, CSF) | A(3 hits: amyloid, tau, neurodegeneration) | D(3 hits: genome-wide, Genome-wide, variant) | E(1 hits: support)"
26738751,26738751,2017,Ighodaro ET,Nelson PT,"Risk factors and global cognitive status related to brain
arteriolosclerosis in elderly individuals.","Journal of cerebral blood flow and
metabolism : official journal of the
International Society of Cerebral
Blood Flow and Metabolism",37(1):201-216,NR,ADGC,26738751,FALSE,26738751,Risk factors and global cognitive status related to brain arteriolosclerosis in elderly individuals.,Journal of cerebral blood flow and metabolism : official journal of the International Society of Cerebral Blood Flow and Metabolism,2017,Ighodaro ET; Abner EL; Fardo DW; Lin AL; Katsumata Y; Schmitt FA; Kryscio RJ; Jicha GA; Neltner JH; Monsell SE; Kukull WA; Moser DK; Appiah F; Bachstetter AD; Van Eldik LJ; Alzheimer's Disease Neuroimaging Initiative (ADNI); Nelson PT,"Risk factors and cognitive sequelae of brain arteriolosclerosis pathology are not fully understood. To address this, we used multimodal data from the National Alzheimer's Coordinating Center and Alzheimer's Disease Neuroimaging Initiative data sets. Previous studies showed evidence of distinct neurodegenerative disease outcomes and clinical-pathological correlations in the ""oldest-old"" compared to younger cohorts. Therefore, using the National Alzheimer's Coordinating Center data set, we analyzed clinical and neuropathological data from two groups according to ages at death: < 80 years (n = 1008) and ≥80 years (n = 1382). In both age groups, severe brain arteriolosclerosis was associated with worse performances on global cognition tests. Hypertension (but not diabetes) was a brain arteriolosclerosis risk factor in the younger group. In the ≥ 80 years age at death group, an ABCC9 gene variant (rs704180), previously associated with aging-related hippocampal sclerosis, was also associated with brain arteriolosclerosis. A post-hoc arterial spin labeling neuroimaging experiment indicated that ABCC9 genotype is associated with cerebral blood flow impairment; in a convenience sample from Alzheimer's Disease Neuroimaging Initiative (n = 15, homozygous individuals), non-risk genotype carriers showed higher global cerebral blood flow compared to risk genotype carriers. We conclude that brain arteriolosclerosis is associated with altered cognitive status and a novel vascular genetic risk factor.",B;D;G,D,"D(6 hits: genotype, cohort, genetic risk factor, variant) | B(3 hits: imaging) | G(2 hits: Initiative)"
26827652,26827652,2016,Hohman TJ,"Thornton-Wells
TA","Discovery of gene-gene interactions across multiple independent
data sets of late onset Alzheimer disease from the Alzheimer
Disease Genetics Consortium.",Neurobiology of aging,38:141-150,Table 2,ADGC,26827652,FALSE,26827652,Discovery of gene-gene interactions across multiple independent data sets of late onset Alzheimer disease from the Alzheimer Disease Genetics Consortium.,Neurobiology of aging,2016,Hohman TJ; Bush WS; Jiang L; Brown-Gentry KD; Torstenson ES; Dudek SM; Mukherjee S; Naj A; Kunkle BW; Ritchie MD; Martin ER; Schellenberg GD; Mayeux R; Farrer LA; Pericak-Vance MA; Haines JL; Thornton-Wells TA; Alzheimer's Disease Genetics Consortium,"Late-onset Alzheimer disease (AD) has a complex genetic etiology, involving locus heterogeneity, polygenic inheritance, and gene-gene interactions; however, the investigation of interactions in recent genome-wide association studies has been limited. We used a biological knowledge-driven approach to evaluate gene-gene interactions for consistency across 13 data sets from the Alzheimer Disease Genetics Consortium. Fifteen single nucleotide polymorphism (SNP)-SNP pairs within 3 gene-gene combinations were identified: SIRT1 × ABCB1, PSAP × PEBP4, and GRIN2B × ADRA1A. In addition, we extend a previously identified interaction from an endophenotype analysis between RYR3 × CACNA1C. Finally, post hoc gene expression analyses of the implicated SNPs further implicate SIRT1 and ABCB1, and implicate CDH23 which was most recently identified as an AD risk locus in an epigenetic analysis of AD. The observed interactions in this article highlight ways in which genotypic variation related to disease may depend on the genetic context in which it occurs. Further, our results highlight the utility of evaluating genetic interactions to explain additional variance in AD risk and identify novel molecular mechanisms of AD pathogenesis.",A;B;D;G,D,"D(7 hits: genome-wide, SNP, locus, polygenic) | A(3 hits: epigenetic, gene expression, molecular mechanism) | G(3 hits: Consortium) | B(1 hits: endophenotype)"
26830138,26830138,2016,Herold C,Tanzi RE,"Family-based association analyses of imputed genotypes reveal
genome-wide significant association of Alzheimer's disease with
OSBPL6, PTPRG, and PDCL3.",Molecular psychiatry,21(11):1608-1612,Table 1,ADGC,26830138,FALSE,26830138,"Family-based association analyses of imputed genotypes reveal genome-wide significant association of Alzheimer's disease with OSBPL6, PTPRG, and PDCL3.",Molecular psychiatry,2016,Herold C; Hooli BV; Mullin K; Liu T; Roehr JT; Mattheisen M; Parrado AR; Bertram L; Lange C; Tanzi RE,"The genetic basis of Alzheimer's disease (AD) is complex and heterogeneous. Over 200 highly penetrant pathogenic variants in the genes APP, PSEN1, and PSEN2 cause a subset of early-onset familial AD. On the other hand, susceptibility to late-onset forms of AD (LOAD) is indisputably associated to the ɛ4 allele in the gene APOE, and more recently to variants in more than two-dozen additional genes identified in the large-scale genome-wide association studies (GWAS) and meta-analyses reports. Taken together however, although the heritability in AD is estimated to be as high as 80%, a large proportion of the underlying genetic factors still remain to be elucidated. In this study, we performed a systematic family-based genome-wide association and meta-analysis on close to 15 million imputed variants from three large collections of AD families (~3500 subjects from 1070 families). Using a multivariate phenotype combining affection status and onset age, meta-analysis of the association results revealed three single nucleotide polymorphisms (SNPs) that achieved genome-wide significance for association with AD risk: rs7609954 in the gene PTPRG (P-value=3.98 × 10",D,D,"D(16 hits: allele, genome-wide, heritability, SNP, meta-analysis)"
26913989,26913989,2016,Traylor M,Markus HS,"Shared genetic contribution to Ischaemic Stroke and Alzheimer's
Disease.",Annals of neurology,79(5):739-747,NR,ADGC,26913989,FALSE,26913989,Shared genetic contribution to Ischaemic Stroke and Alzheimer's Disease.,Annals of neurology,2016,"Traylor M; Adib-Samii P; Harold D; Alzheimer's Disease Neuroimaging Initiative; International Stroke Genetics Consortium (ISGC), UK Young Lacunar Stroke DNA resource; Dichgans M; Williams J; Lewis CM; Markus HS; METASTROKE; International Genomics of Alzheimer's Project (IGAP), investigators","Increasing evidence suggests epidemiological and pathological links between Alzheimer's disease (AD) and Ischaemic Stroke (IS). We investigated the evidence that shared genetic factors underpin the two diseases. Using genome wide association study (GWAS) data from METASTROKE+ (15,916 IS cases and 68,826 controls) and IGAP (17,008 AD cases and 37,154 controls), we evaluated known associations with AD and IS. On the subset of data for which we could obtain compatible genotype-level data (4,610 IS cases, 1,281 AD cases and 14,320 controls), we estimated the genome-wide genetic correlation (rG) between AD and IS, and the three subtypes (cardioembolic, small vessel, large vessel), using genome-wide SNP data. We then performed a meta-analysis and pathway analysis in the combined AD and small vessel stroke datasets to identify the SNPs and molecular pathways through which disease risk may be conferred. We found evidence of a shared genetic contribution between AD and small vessel stroke (rG(SE)=0.37(0.17); p=0.011). Conversely, there was no evidence to support shared genetic factors in AD and IS overall, or with the other stroke subtypes. Of the known GWAS associations with IS or AD, none reached significance for association with the other trait (or stroke subtypes). A meta-analysis of AD IGAP and METASTROKE+ small vessel stroke GWAS data highlighted a region (ATP5H/KCTD2/ICT1), associated with both diseases (p=1.8x10 Our findings indicate shared genetic susceptibility to AD and small vessel stroke and highlight potential causal pathways and loci. This article is protected by copyright. All rights reserved.",A;D;E;F,D,"D(11 hits: genome-wide, SNP, meta-analysis, genotype, association study) | A(3 hits: pathway) | E(1 hits: support) | F(1 hits: dataset)"
26919393,26919393,2016,Karch CM,Goate AM,"Alzheimer's Disease Risk Polymorphisms Regulate Gene Expression
in the ZCWPW1 and the CELF1 Loci.",PloS one,11(2):e0148717,NR,ADGC,26919393,FALSE,26919393,Alzheimer's Disease Risk Polymorphisms Regulate Gene Expression in the ZCWPW1 and the CELF1 Loci.,PloS one,2016,Karch CM; Ezerskiy LA; Bertelsen S; Alzheimer’s Disease Genetics Consortium (ADGC); Goate AM,"Late onset Alzheimer's disease (LOAD) is a genetically complex and clinically heterogeneous disease. Recent large-scale genome wide association studies (GWAS) have identified more than twenty loci that modify risk for AD. Despite the identification of these loci, little progress has been made in identifying the functional variants that explain the association with AD risk. Thus, we sought to determine whether the novel LOAD GWAS single nucleotide polymorphisms (SNPs) alter expression of LOAD GWAS genes and whether expression of these genes is altered in AD brains. The majority of LOAD GWAS SNPs occur in gene dense regions under large linkage disequilibrium (LD) blocks, making it unclear which gene(s) are modified by the SNP. Thus, we tested for brain expression quantitative trait loci (eQTLs) between LOAD GWAS SNPs and SNPs in high LD with the LOAD GWAS SNPs in all of the genes within the GWAS loci. We found a significant eQTL between rs1476679 and PILRB and GATS, which occurs within the ZCWPW1 locus. PILRB and GATS expression levels, within the ZCWPW1 locus, were also associated with AD status. Rs7120548 was associated with MTCH2 expression, which occurs within the CELF1 locus. Additionally, expression of several genes within the CELF1 locus, including MTCH2, were highly correlated with one another and were associated with AD status. We further demonstrate that PILRB, as well as other genes within the GWAS loci, are most highly expressed in microglia. These findings together with the function of PILRB as a DAP12 receptor supports the critical role of microglia and neuroinflammation in AD risk.",A;B;D;E,D,"D(19 hits: SNP, locus, GWAS, variant) | A(5 hits: microglia, Gene Expression, neuroinflammation) | B(1 hits: quantitative trait) | E(1 hits: support)"
26993346,26993346,2016,Schott JM,Mead S,"Genetic risk factors for the posterior cortical atrophy variant of
Alzheimer's disease.","Alzheimer's & dementia : the journal
of the Alzheimer's Association",12(8):862-71,Table 3,ADGC,26993346,FALSE,26993346,Genetic risk factors for the posterior cortical atrophy variant of Alzheimer's disease.,Alzheimer's & dementia : the journal of the Alzheimer's Association,2016,Schott JM; Crutch SJ; Carrasquillo MM; Uphill J; Shakespeare TJ; Ryan NS; Yong KX; Lehmann M; Ertekin-Taner N; Graff-Radford NR; Boeve BF; Murray ME; Khan QU; Petersen RC; Dickson DW; Knopman DS; Rabinovici GD; Miller BL; González AS; Gil-Néciga E; Snowden JS; Harris J; Pickering-Brown SM; Louwersheimer E; van der Flier WM; Scheltens P; Pijnenburg YA; Galasko D; Sarazin M; Dubois B; Magnin E; Galimberti D; Scarpini E; Cappa SF; Hodges JR; Halliday GM; Bartley L; Carrillo MC; Bras JT; Hardy J; Rossor MN; Collinge J; Fox NC; Mead S,"The genetics underlying posterior cortical atrophy (PCA), typically a rare variant of Alzheimer's disease (AD), remain uncertain. We genotyped 302 PCA patients from 11 centers, calculated risk at 24 loci for AD/DLB and performed an exploratory genome-wide association study. We confirm that variation in/near APOE/TOMM40 (P = 6 × 10(-14)) alters PCA risk, but with smaller effect than for typical AD (PCA: odds ratio [OR] = 2.03, typical AD: OR = 2.83, P = .0007). We found evidence for risk in/near CR1 (P = 7 × 10(-4)), ABCA7 (P = .02) and BIN1 (P = .04). ORs at variants near INPP5D and NME8 did not overlap between PCA and typical AD. Exploratory genome-wide association studies confirmed APOE and identified three novel loci: rs76854344 near CNTNAP5 (P = 8 × 10(-10) OR = 1.9 [1.5-2.3]); rs72907046 near FAM46A (P = 1 × 10(-9) OR = 3.2 [2.1-4.9]); and rs2525776 near SEMA3C (P = 1 × 10(-8), OR = 3.3 [2.1-5.1]). We provide evidence for genetic risk factors specifically related to PCA. We identify three candidate loci that, if replicated, may provide insights into selective vulnerability and phenotypic diversity in AD.",D,D,"D(11 hits: genome-wide, genetic risk factor, Genetic risk factor, genotype, association study)"
27036079,27036079,2016,Ridge PG,Kauwe JSK,"Assessment of the genetic variance of late-onset Alzheimer's
disease.",Neurobiology of aging,41:200.e13-200.e20,Table 1,ADGC,27036079,FALSE,27036079,Assessment of the genetic variance of late-onset Alzheimer's disease.,Neurobiology of aging,2016,Ridge PG; Hoyt KB; Boehme K; Mukherjee S; Crane PK; Haines JL; Mayeux R; Farrer LA; Pericak-Vance MA; Schellenberg GD; Kauwe JSK; Alzheimer's Disease Genetics Consortium (ADGC),"Alzheimer's disease (AD) is a complex genetic disorder with no effective treatments. More than 20 common markers have been identified, which are associated with AD. Recently, several rare variants have been identified in Amyloid Precursor Protein (APP), Triggering Receptor Expressed On Myeloid Cells 2 (TREM2) and Unc-5 Netrin Receptor C (UNC5C) that affect risk for AD. Despite the many successes, the genetic architecture of AD remains unsolved. We used Genome-wide Complex Trait Analysis to (1) estimate phenotypic variance explained by genetics; (2) calculate genetic variance explained by known AD single nucleotide polymorphisms (SNPs); and (3) identify the genomic locations of variation that explain the remaining unexplained genetic variance. In total, 53.24% of phenotypic variance is explained by genetics, but known AD SNPs only explain 30.62% of the genetic variance. Of the unexplained genetic variance, approximately 41% is explained by unknown SNPs in regions adjacent to known AD SNPs, and the remaining unexplained genetic variance outside these regions.",A;C;D,D,"D(7 hits: Genome-wide, genetic architecture, variant, SNP) | A(1 hits: Amyloid) | C(1 hits: treatment)"
27066578,27066578,2016,Kohli MA,Pericak-Vance MA,"Segregation of a rare TTC3 variant in an extended family with late-
onset Alzheimer disease.",Neurology. Genetics,2(1):e41,Table 1,ADGC,27066578,FALSE,27066578,Segregation of a rare TTC3 variant in an extended family with late-onset Alzheimer disease.,Neurology. Genetics,2016,Kohli MA; Cukier HN; Hamilton-Nelson KL; Rolati S; Kunkle BW; Whitehead PL; Züchner SL; Farrer LA; Martin ER; Beecham GW; Haines JL; Vance JM; Cuccaro ML; Gilbert JR; Schellenberg GD; Carney RM; Pericak-Vance MA,"The genetic risk architecture of Alzheimer disease (AD) is complex with single pathogenic mutations leading to early-onset AD, while both rare and common genetic susceptibility variants contribute to the more widespread late-onset AD (LOAD); we sought to discover novel genes contributing to LOAD risk. Whole-exome sequencing and genome-wide genotyping were performed on 11 affected individuals in an extended family with an apparent autosomal dominant pattern of LOAD. Variants of interest were then evaluated in a large cohort of LOAD cases and aged controls. We detected a single rare, nonsynonymous variant shared in all 11 LOAD individuals, a missense change in the tetratricopeptide repeat domain 3 (TTC3) gene. The missense variant, rs377155188 (p.S1038C), is predicted to be damaging. Affecteds-only multipoint linkage analysis demonstrated that this region of TTC3 has a LOD score of 2.66 in this family. The TTC3 p.S1038C substitution may represent a segregating, rare LOAD risk variant. Previous studies have shown that TTC3 expression is consistently reduced in LOAD patients and negatively correlated with AD neuropathology and that TTC3 is a regulator of Akt signaling, a key pathway disrupted in LOAD. This study demonstrates how utilizing whole-exome sequencing in a large, multigenerational family with a high incidence of LOAD could reveal a novel candidate gene.",A;D,D,"D(10 hits: incidence, genome-wide, cohort, Variant, variant) | A(1 hits: pathway)"
27088644,27088644,2016,"Yokoyama
JS",Desikan RS,"Association Between Genetic Traits for Immune-Mediated Diseases
and Alzheimer Disease.",JAMA neurology,73(6):691-7,Table 2,ADGC,27088644,FALSE,27088644,Association Between Genetic Traits for Immune-Mediated Diseases and Alzheimer Disease.,JAMA neurology,2016,Yokoyama JS; Wang Y; Schork AJ; Thompson WK; Karch CM; Cruchaga C; McEvoy LK; Witoelar A; Chen CH; Holland D; Brewer JB; Franke A; Dillon WP; Wilson DM; Mukherjee P; Hess CP; Miller Z; Bonham LW; Shen J; Rabinovici GD; Rosen HJ; Miller BL; Hyman BT; Schellenberg GD; Karlsen TH; Andreassen OA; Dale AM; Desikan RS; Alzheimer’s Disease Neuroimaging Initiative,"Late-onset Alzheimer disease (AD), the most common form of dementia, places a large burden on families and society. Although epidemiological and clinical evidence suggests a relationship between inflammation and AD, their relationship is not well understood and could have implications for treatment and prevention strategies. To determine whether a subset of genes involved with increased risk of inflammation are also associated with increased risk for AD. In a genetic epidemiology study conducted in July 2015, we systematically investigated genetic overlap between AD (International Genomics of Alzheimer's Project stage 1) and Crohn disease, ulcerative colitis, rheumatoid arthritis, type 1 diabetes, celiac disease, and psoriasis using summary data from genome-wide association studies at multiple academic clinical research centers. P values and odds ratios from genome-wide association studies of more than 100 000 individuals were from previous comparisons of patients vs respective control cohorts. Diagnosis for each disorder was previously established for the parent study using consensus criteria. The primary outcome was the pleiotropic (conjunction) false discovery rate P value. Follow-up for candidate variants included neuritic plaque and neurofibrillary tangle pathology; longitudinal Alzheimer's Disease Assessment Scale cognitive subscale scores as a measure of cognitive dysfunction (Alzheimer's Disease Neuroimaging Initiative); and gene expression in AD vs control brains (Gene Expression Omnibus data). Eight single-nucleotide polymorphisms (false discovery rate P < .05) were associated with both AD and immune-mediated diseases. Of these, rs2516049 (closest gene HLA-DRB5; conjunction false discovery rate P = .04 for AD and psoriasis, 5.37 × 10-5 for AD, and 6.03 × 10-15 for psoriasis) and rs12570088 (closest gene IPMK; conjunction false discovery rate P = .009 for AD and Crohn disease, P = 5.73 × 10-6 for AD, and 6.57 × 10-5 for Crohn disease) demonstrated the same direction of allelic effect between AD and the immune-mediated diseases. Both rs2516049 and rs12570088 were significantly associated with neurofibrillary tangle pathology (P = .01352 and .03151, respectively); rs2516049 additionally correlated with longitudinal decline on Alzheimer's Disease Assessment Scale cognitive subscale scores (β [SE], 0.405 [0.190]; P = .03). Regarding gene expression, HLA-DRA and IPMK transcript expression was significantly altered in AD brains compared with control brains (HLA-DRA: β [SE], 0.155 [0.024]; P = 1.97 × 10-10; IPMK: β [SE], -0.096 [0.013]; P = 7.57 × 10-13). Our findings demonstrate genetic overlap between AD and immune-mediated diseases and suggest that immune system processes influence AD pathogenesis and progression.",A;B;C;D;E;G,A,"A(5 hits: neurofibrillary tangle, Gene Expression, gene expression) | D(5 hits: genome-wide, cohort, epidemiology, variant) | B(1 hits: imaging) | C(1 hits: treatment) | E(1 hits: burden) | G(1 hits: Initiative)"
27103524,27103524,2016,Mez J,Crane PK,"The executive prominent/memory prominent spectrum in
Alzheimer's disease is highly heritable.",Neurobiology of aging,41:115-121,NR,ADGC,27103524,FALSE,27103524,The executive prominent/memory prominent spectrum in Alzheimer's disease is highly heritable.,Neurobiology of aging,2016,Mez J; Mukherjee S; Thornton T; Fardo DW; Trittschuh E; Sutti S; Sherva R; Kauwe JS; Naj AC; Beecham GW; Gross A; Saykin AJ; Green RC; Crane PK; Executive Prominent Alzheimer's Disease: Genetics and Risk Factors (EPAD:GRF); Alzheimer's Disease Neuroimaging Initiative (ADNI1); Alzheimer's Disease Genetics Consortium (ADGC),"Late-onset Alzheimer's disease (LOAD) can present heterogeneously, with several subtypes recognized, including dysexecutive AD. One way to identify people with dysexecutive AD is to consider the difference between memory and executive functioning, which we refer to as the executive prominent/memory prominent spectrum. We aimed to determine if this spectrum was heritable. We used neuropsychological and genetic data from people with mild LOAD (Clinical Dementia Rating 0.5 or 1.0) from the National Alzheimer's Coordinating Center and the Alzheimer's Disease Neuroimaging Initiative. We cocalibrated the neuropsychological data to obtain executive functioning and memory scores and used their difference as a continuous phenotype to calculate its heritability overall and by chromosome. Narrow-sense heritability of the difference between memory and executive functioning scores was 0.68 (standard error 0.12). Single nucleotide polymorphisms on chromosomes 1, 2, 4, 11, 12, and 18 explained the largest fraction of phenotypic variance, with signals from each chromosome accounting for 5%-7%. The chromosomal pattern of heritability differed substantially from that of LOAD itself.",B;D;G,D,D(3 hits: heritability) | B(1 hits: imaging) | G(1 hits: Initiative)
27231719,27231719,2016,Cukier HN,Pericak-Vance MA,"ABCA7 frameshift deletion associated with Alzheimer disease in
African Americans.",Neurology. Genetics,2(3):e79,Table 1,ADGC,27231719,FALSE,27231719,ABCA7 frameshift deletion associated with Alzheimer disease in African Americans.,Neurology. Genetics,2016,Cukier HN; Kunkle BW; Vardarajan BN; Rolati S; Hamilton-Nelson KL; Kohli MA; Whitehead PL; Dombroski BA; Van Booven D; Lang R; Dykxhoorn DM; Farrer LA; Cuccaro ML; Vance JM; Gilbert JR; Beecham GW; Martin ER; Carney RM; Mayeux R; Schellenberg GD; Byrd GS; Haines JL; Pericak-Vance MA; Alzheimer's Disease Genetics Consortium,"To identify a causative variant(s) that may contribute to Alzheimer disease (AD) in African Americans (AA) in the ATP-binding cassette, subfamily A (ABC1), member 7 (ABCA7) gene, a known risk factor for late-onset AD. Custom capture sequencing was performed on ∼150 kb encompassing ABCA7 in 40 AA cases and 37 AA controls carrying the AA risk allele (rs115550680). Association testing was performed for an ABCA7 deletion identified in large AA data sets (discovery n = 1,068; replication n = 1,749) and whole exome sequencing of Caribbean Hispanic (CH) AD families. A 44-base pair deletion (rs142076058) was identified in all 77 risk genotype carriers, which shows that the deletion is in high linkage disequilibrium with the risk allele. The deletion was assessed in a large data set (531 cases and 527 controls) and, after adjustments for age, sex, and APOE status, was significantly associated with disease (p = 0.0002, odds ratio [OR] = 2.13 [95% confidence interval (CI): 1.42-3.20]). An independent data set replicated the association (447 cases and 880 controls, p = 0.0117, OR = 1.65 [95% CI: 1.12-2.44]), and joint analysis increased the significance (p = 1.414 × 10(-5), OR = 1.81 [95% CI: 1.38-2.37]). The deletion is common in AA cases (15.2%) and AA controls (9.74%), but in only 0.12% of our non-Hispanic white cohort. Whole exome sequencing of multiplex, CH families identified the deletion cosegregating with disease in a large sibship. The deleted allele produces a stable, detectable RNA strand and is predicted to result in a frameshift mutation (p.Arg578Alafs) that could interfere with protein function. This common ABCA7 deletion could represent an ethnic-specific pathogenic alteration in AD.",D,D,"D(6 hits: genotype, cohort, allele, variant)"
28350795,28350795,2017,Steele NZ,Yokoyama JS,"Fine-mapping of the human leukocyte antigen locus as a risk factor
for Alzheimer disease: A case-control study.",PLoS medicine,14(3):e1002272,NR,ADGC,28350795,FALSE,28350795,Fine-mapping of the human leukocyte antigen locus as a risk factor for Alzheimer disease: A case-control study.,PLoS medicine,2017,Steele NZ; Carr JS; Bonham LW; Geier EG; Damotte V; Miller ZA; Desikan RS; Boehme KL; Mukherjee S; Crane PK; Kauwe JS; Kramer JH; Miller BL; Coppola G; Hollenbach JA; Huang Y; Yokoyama JS,"Alzheimer disease (AD) is a progressive disorder that affects cognitive function. There is increasing support for the role of neuroinflammation and aberrant immune regulation in the pathophysiology of AD. The immunoregulatory human leukocyte antigen (HLA) complex has been linked to susceptibility for a number of neurodegenerative diseases, including AD; however, studies to date have failed to consistently identify a risk HLA haplotype for AD. Contributing to this difficulty are the complex genetic organization of the HLA region, differences in sequencing and allelic imputation methods, and diversity across ethnic populations. Building on prior work linking the HLA to AD, we used a robust imputation method on two separate case-control cohorts to examine the relationship between HLA haplotypes and AD risk in 309 individuals (191 AD, 118 cognitively normal [CN] controls) from the San Francisco-based University of California, San Francisco (UCSF) Memory and Aging Center (collected between 1999-2015) and 11,381 individuals (5,728 AD, 5,653 CN controls) from the Alzheimer's Disease Genetics Consortium (ADGC), a National Institute on Aging (NIA)-funded national data repository (reflecting samples collected between 1984-2012). We also examined cerebrospinal fluid (CSF) biomarker measures for patients seen between 2005-2007 and longitudinal cognitive data from the Alzheimer's Disease Neuroimaging Initiative (n = 346, mean follow-up 3.15 ± 2.04 y in AD individuals) to assess the clinical relevance of identified risk haplotypes. The strongest association with AD risk occurred with major histocompatibility complex (MHC) haplotype A*03:01~B*07:02~DRB1*15:01~DQA1*01:02~DQB1*06:02 (p = 9.6 x 10-4, odds ratio [OR] [95% confidence interval] = 1.21 [1.08-1.37]) in the combined UCSF + ADGC cohort. Secondary analysis suggested that this effect may be driven primarily by individuals who are negative for the established AD genetic risk factor, apolipoprotein E (APOE) ɛ4. Separate analyses of class I and II haplotypes further supported the role of class I haplotype A*03:01~B*07:02 (p = 0.03, OR = 1.11 [1.01-1.23]) and class II haplotype DRB1*15:01- DQA1*01:02- DQB1*06:02 (DR15) (p = 0.03, OR = 1.08 [1.01-1.15]) as risk factors for AD. We followed up these findings in the clinical dataset representing the spectrum of cognitively normal controls, individuals with mild cognitive impairment, and individuals with AD to assess their relevance to disease. Carrying A*03:01~B*07:02 was associated with higher CSF amyloid levels (p = 0.03, β ± standard error = 47.19 ± 21.78). We also found a dose-dependent association between the DR15 haplotype and greater rates of cognitive decline (greater impairment on the 11-item Alzheimer's Disease Assessment Scale cognitive subscale [ADAS11] over time [p = 0.03, β ± standard error = 0.7 ± 0.3]; worse forgetting score on the Rey Auditory Verbal Learning Test (RAVLT) over time [p = 0.02, β ± standard error = -0.2 ± 0.06]). In a subset of the same cohort, dose of DR15 was also associated with higher baseline levels of chemokine CC-4, a biomarker of inflammation (p = 0.005, β ± standard error = 0.08 ± 0.03). The main study limitations are that the results represent only individuals of European-ancestry and clinically diagnosed individuals, and that our study used imputed genotypes for a subset of HLA genes. We provide evidence that variation in the HLA locus-including risk haplotype DR15-contributes to AD risk. DR15 has also been associated with multiple sclerosis, and its component alleles have been implicated in Parkinson disease and narcolepsy. Our findings thus raise the possibility that DR15-associated mechanisms may contribute to pan-neuronal disease vulnerability.",A;B;D;E;F;G,D,"D(10 hits: allele, locus, cohort, genetic risk factor, population) | B(7 hits: imaging, biomarker, CSF) | F(4 hits: method, dataset, repository) | G(4 hits: Consortium, Initiative, ADGC) | A(3 hits: amyloid, neuron, neuroinflammation) | E(2 hits: support)"
28560309,28560309,2017,Lee E,Zhu H,"Single-nucleotide polymorphisms are associated with cognitive
decline at Alzheimer's disease conversion within mild cognitive
impairment patients.","Alzheimer's & dementia
(Amsterdam, Netherlands)",8:86-95,Table 1,ADGC,28560309,FALSE,28560309,Single-nucleotide polymorphisms are associated with cognitive decline at Alzheimer's disease conversion within mild cognitive impairment patients.,"Alzheimer's & dementia (Amsterdam, Netherlands)",2017,Lee E; Giovanello KS; Saykin AJ; Xie F; Kong D; Wang Y; Yang L; Ibrahim JG; Doraiswamy PM; Zhu H,"The growing public threat of Alzheimer's disease (AD) has raised the urgency to quantify the degree of cognitive decline during the conversion process of mild cognitive impairment (MCI) to AD and its underlying genetic pathway. The aim of this article was to test genetic common variants associated with accelerated cognitive decline after the conversion of MCI to AD. In 583 subjects with MCI enrolled in the Alzheimer's Disease Neuroimaging Initiative (ADNI; ADNI-1, ADNI-Go, and ADNI-2), 245 MCI participants converted to AD at follow-up. We tested the interaction effects between individual single-nucleotide polymorphisms and AD diagnosis trajectory on the longitudinal Alzheimer's Disease Assessment Scale-Cognition scores. Our findings reveal six genes, including  This genome-wide association study sheds light on a genetic mechanism of longitudinal cognitive changes during the transition period from MCI to AD.",A;B;D;G,G,"G(5 hits: Initiative, ADNI) | D(3 hits: genome-wide, association study, variant) | A(1 hits: pathway) | B(1 hits: imaging)"
28671113,28671113,2017,Myrum C,Zayats T,Implication of the APP Gene in Intellectual Abilities.,Journal of Alzheimer's disease : JAD,59(2):723-735,NR,ADGC,28671113,FALSE,28671113,Implication of the APP Gene in Intellectual Abilities.,Journal of Alzheimer's disease : JAD,2017,Myrum C; Nikolaienko O; Bramham CR; Haavik J; Zayats T,"Cognitive functions are highly heritable and polygenic, though the source of this genetic influence is unclear. On the neurobiological level, these functions rely on effective neuroplasticity, in which the activity-regulated cytoskeleton associated protein (ARC) plays an essential role. To examine whether the ARC gene complex may contribute to the genetic components of intellectual function given the crucial role of ARC in brain plasticity and memory formation. The ARC complex was tested for association with intelligence (IQ) in children from the Avon Longitudinal Study of Parents and Children (ALSPAC, N = 5,165). As Alzheimer's disease (AD) shares genetics with cognitive functioning, the association was followed up in an AD sample (17,008 cases, 37,154 controls). The ARC complex revealed association with verbal and total IQ (empirical p = 0.027 and 0.041, respectively) in the ALSPAC. The strongest single variant signal (rs2830077; empirical p = 0.018), within the APP gene, was confirmed in the AD sample (p = 2.76E-03). Functional analyses of this variant showed its preferential binding to the transcription factor CP2. This study implicates APP in childhood IQ. While follow-up studies are needed, this observation could help elucidate the etiology of disorders associated with cognitive dysfunction, such as AD.",D,D,"D(3 hits: variant, polygenic)"
28714976,28714976,2017,Sims R,Schellenberg GD,"Rare coding variants in PLCG2, ABI3, and TREM2 implicate
microglial-mediated innate immunity in Alzheimer's disease.",Nature genetics,49(9):1373-1384,Table 2,ADGC,28714976,FALSE,28714976,"Rare coding variants in PLCG2, ABI3, and TREM2 implicate microglial-mediated innate immunity in Alzheimer's disease.",Nature genetics,2017,"Sims R; van der Lee SJ; Naj AC; Bellenguez C; Badarinarayan N; Jakobsdottir J; Kunkle BW; Boland A; Raybould R; Bis JC; Martin ER; Grenier-Boley B; Heilmann-Heimbach S; Chouraki V; Kuzma AB; Sleegers K; Vronskaya M; Ruiz A; Graham RR; Olaso R; Hoffmann P; Grove ML; Vardarajan BN; Hiltunen M; Nöthen MM; White CC; Hamilton-Nelson KL; Epelbaum J; Maier W; Choi SH; Beecham GW; Dulary C; Herms S; Smith AV; Funk CC; Derbois C; Forstner AJ; Ahmad S; Li H; Bacq D; Harold D; Satizabal CL; Valladares O; Squassina A; Thomas R; Brody JA; Qu L; Sánchez-Juan P; Morgan T; Wolters FJ; Zhao Y; Garcia FS; Denning N; Fornage M; Malamon J; Naranjo MCD; Majounie E; Mosley TH; Dombroski B; Wallon D; Lupton MK; Dupuis J; Whitehead P; Fratiglioni L; Medway C; Jian X; Mukherjee S; Keller L; Brown K; Lin H; Cantwell LB; Panza F; McGuinness B; Moreno-Grau S; Burgess JD; Solfrizzi V; Proitsi P; Adams HH; Allen M; Seripa D; Pastor P; Cupples LA; Price ND; Hannequin D; Frank-García A; Levy D; Chakrabarty P; Caffarra P; Giegling I; Beiser AS; Giedraitis V; Hampel H; Garcia ME; Wang X; Lannfelt L; Mecocci P; Eiriksdottir G; Crane PK; Pasquier F; Boccardi V; Henández I; Barber RC; Scherer M; Tarraga L; Adams PM; Leber M; Chen Y; Albert MS; Riedel-Heller S; Emilsson V; Beekly D; Braae A; Schmidt R; Blacker D; Masullo C; Schmidt H; Doody RS; Spalletta G; Longstreth WT Jr; Fairchild TJ; Bossù P; Lopez OL; Frosch MP; Sacchinelli E; Ghetti B; Yang Q; Huebinger RM; Jessen F; Li S; Kamboh MI; Morris J; Sotolongo-Grau O; Katz MJ; Corcoran C; Dunstan M; Braddel A; Thomas C; Meggy A; Marshall R; Gerrish A; Chapman J; Aguilar M; Taylor S; Hill M; Fairén MD; Hodges A; Vellas B; Soininen H; Kloszewska I; Daniilidou M; Uphill J; Patel Y; Hughes JT; Lord J; Turton J; Hartmann AM; Cecchetti R; Fenoglio C; Serpente M; Arcaro M; Caltagirone C; Orfei MD; Ciaramella A; Pichler S; Mayhaus M; Gu W; Lleó A; Fortea J; Blesa R; Barber IS; Brookes K; Cupidi C; Maletta RG; Carrell D; Sorbi S; Moebus S; Urbano M; Pilotto A; Kornhuber J; Bosco P; Todd S; Craig D; Johnston J; Gill M; Lawlor B; Lynch A; Fox NC; Hardy J; ARUK Consortium; Albin RL; Apostolova LG; Arnold SE; Asthana S; Atwood CS; Baldwin CT; Barnes LL; Barral S; Beach TG; Becker JT; Bigio EH; Bird TD; Boeve BF; Bowen JD; Boxer A; Burke JR; Burns JM; Buxbaum JD; Cairns NJ; Cao C; Carlson CS; Carlsson CM; Carney RM; Carrasquillo MM; Carroll SL; Diaz CC; Chui HC; Clark DG; Cribbs DH; Crocco EA; DeCarli C; Dick M; Duara R; Evans DA; Faber KM; Fallon KB; Fardo DW; Farlow MR; Ferris S; Foroud TM; Galasko DR; Gearing M; Geschwind DH; Gilbert JR; Graff-Radford NR; Green RC; Growdon JH; Hamilton RL; Harrell LE; Honig LS; Huentelman MJ; Hulette CM; Hyman BT; Jarvik GP; Abner E; Jin LW; Jun G; Karydas A; Kaye JA; Kim R; Kowall NW; Kramer JH; LaFerla FM; Lah JJ; Leverenz JB; Levey AI; Li G; Lieberman AP; Lunetta KL; Lyketsos CG; Marson DC; Martiniuk F; Mash DC; Masliah E; McCormick WC; McCurry SM; McDavid AN; McKee AC; Mesulam M; Miller BL; Miller CA; Miller JW; Morris JC; Murrell JR; Myers AJ; O'Bryant S; Olichney JM; Pankratz VS; Parisi JE; Paulson HL; Perry W; Peskind E; Pierce A; Poon WW; Potter H; Quinn JF; Raj A; Raskind M; Reisberg B; Reitz C; Ringman JM; Roberson ED; Rogaeva E; Rosen HJ; Rosenberg RN; Sager MA; Saykin AJ; Schneider JA; Schneider LS; Seeley WW; Smith AG; Sonnen JA; Spina S; Stern RA; Swerdlow RH; Tanzi RE; Thornton-Wells TA; Trojanowski JQ; Troncoso JC; Van Deerlin VM; Van Eldik LJ; Vinters HV; Vonsattel JP; Weintraub S; Welsh-Bohmer KA; Wilhelmsen KC; Williamson J; Wingo TS; Woltjer RL; Wright CB; Yu CE; Yu L; Garzia F; Golamaully F; Septier G; Engelborghs S; Vandenberghe R; De Deyn PP; Fernadez CM; Benito YA; Thonberg H; Forsell C; Lilius L; Kinhult-Stählbom A; Kilander L; Brundin R; Concari L; Helisalmi S; Koivisto AM; Haapasalo A; Dermecourt V; Fievet N; Hanon O; Dufouil C; Brice A; Ritchie K; Dubois B; Himali JJ; Keene CD; Tschanz J; Fitzpatrick AL; Kukull WA; Norton M; Aspelund T; Larson EB; Munger R; Rotter JI; Lipton RB; Bullido MJ; Hofman A; Montine TJ; Coto E; Boerwinkle E; Petersen RC; Alvarez V; Rivadeneira F; Reiman EM; Gallo M; O'Donnell CJ; Reisch JS; Bruni AC; Royall DR; Dichgans M; Sano M; Galimberti D; St George-Hyslop P; Scarpini E; Tsuang DW; Mancuso M; Bonuccelli U; Winslow AR; Daniele A; Wu CK; GERAD/PERADES, CHARGE, ADGC, EADI; Peters O; Nacmias B; Riemenschneider M; Heun R; Brayne C; Rubinsztein DC; Bras J; Guerreiro R; Al-Chalabi A; Shaw CE; Collinge J; Mann D; Tsolaki M; Clarimón J; Sussams R; Lovestone S; O'Donovan MC; Owen MJ; Behrens TW; Mead S; Goate AM; Uitterlinden AG; Holmes C; Cruchaga C; Ingelsson M; Bennett DA; Powell J; Golde TE; Graff C; De Jager PL; Morgan K; Ertekin-Taner N; Combarros O; Psaty BM; Passmore P; Younkin SG; Berr C; Gudnason V; Rujescu D; Dickson DW; Dartigues JF; DeStefano AL; Ortega-Cubero S; Hakonarson H; Campion D; Boada M; Kauwe JK; Farrer LA; Van Broeckhoven C; Ikram MA; Jones L; Haines JL; Tzourio C; Launer LJ; Escott-Price V; Mayeux R; Deleuze JF; Amin N; Holmans PA; Pericak-Vance MA; Amouyel P; van Duijn CM; Ramirez A; Wang LS; Lambert JC; Seshadri S; Williams J; Schellenberg GD","We identified rare coding variants associated with Alzheimer's disease in a three-stage case-control study of 85,133 subjects. In stage 1, we genotyped 34,174 samples using a whole-exome microarray. In stage 2, we tested associated variants (P < 1 × 10",A;D,D,"D(5 hits: genotype, variant) | A(2 hits: microglia)"
28780673,28780673,2017,Feng YA,Driver JA,"Investigating the genetic relationship between Alzheimer's disease
and cancer using GWAS summary statistics.",Human genetics,136(10):1341-1351,NR,ADGC,28780673,FALSE,28780673,Investigating the genetic relationship between Alzheimer's disease and cancer using GWAS summary statistics.,Human genetics,2017,"Feng YA; Cho K; Lindstrom S; Kraft P; Cormack J; IGAP Consortium, Colorectal Transdisciplinary Study (CORECT); Discovery, Biology, and Risk of Inherited Variants in Breast Cancer (DRIVE); Elucidating Loci Involved in Prostate Cancer Susceptibility (ELLIPSE); Transdisciplinary Research in Cancer of the Lung (TRICL); Liang L; Driver JA","Growing evidence from both epidemiology and basic science suggest an inverse association between Alzheimer's disease (AD) and cancer. We examined the genetic relationship between AD and various cancer types using GWAS summary statistics from the IGAP and GAME-ON consortia. Sample size ranged from 9931 to 54,162; SNPs were imputed to the 1000 Genomes European panel. Our results based on cross-trait LD Score regression showed a significant positive genetic correlation between AD and five cancers combined (colon, breast, prostate, ovarian, lung; r",D,D,"D(5 hits: epidemiology, GWAS, SNP)"
28870582,28870582,2017,Wang XF,Deng HW,"Linking Alzheimer's disease and type 2 diabetes: Novel shared
susceptibility genes detected by cFDR approach.",Journal of the neurological sciences,380:262-272,NR,ADGC,28870582,FALSE,28870582,Linking Alzheimer's disease and type 2 diabetes: Novel shared susceptibility genes detected by cFDR approach.,Journal of the neurological sciences,2017,Wang XF; Lin X; Li DY; Zhou R; Greenbaum J; Chen YC; Zeng CP; Peng LP; Wu KH; Ao ZX; Lu JM; Guo YF; Shen J; Deng HW,"Both type 2 diabetes (T2D) and Alzheimer's disease (AD) occur commonly in the aging populations and T2D has been considered as an important risk factor for AD. The heritability of both diseases is estimated to be over 50%. However, common pleiotropic single-nucleotide polymorphisms (SNPs)/loci have not been well-defined. The aim of this study is to analyze two large public accessible GWAS datasets to identify novel common genetic loci for T2D and/or AD. The recently developed novel conditional false discovery rate (cFDR) approach was used to analyze the summary GWAS datasets from International Genomics of Alzheimer's Project (IGAP) and Diabetes Genetics Replication And Meta-analysis (DIAGRAM) to identify novel susceptibility genes for AD and T2D. We identified 78 SNPs (including 58 novel SNPs) that were associated with AD in Europeans conditional on T2D (cFDR<0.05). 66 T2D SNPs (including 40 novel SNPs) were identified by conditioning on SNPs association with AD (cFDR<0.05). A conjunction-cFDR (ccFDR) analysis detected 8 pleiotropic SNPs with a significance threshold of ccFDR<0.05 for both AD and T2D, of which 5 SNPs (rs6982393, rs4734295, rs7812465, rs10510109, rs2421016) were novel findings. Furthermore, among the 8 SNPs annotated at 6 different genes, 3 corresponding genes TP53INP1, TOMM40 and C8orf38 were related to mitochondrial dysfunction, critically involved in oxidative stress, which potentially contribute to the etiology of both AD and T2D. Our study provided evidence for shared genetic loci between T2D and AD in European subjects by using cFDR and ccFDR analyses. These results may provide novel insight into the etiology and potential therapeutic targets of T2D and/or AD.",A;C;D;F,D,"D(14 hits: heritability, SNP, population, Meta-analysis, GWAS) | A(2 hits: mitochondria, oxidative stress) | F(2 hits: dataset) | C(1 hits: therapeutic)"
29107063,29107063,2018,Yashin AI,Ukraintseva S,"Hidden heterogeneity in Alzheimer's disease: Insights from genetic
association studies and other analyses.",Experimental gerontology,107:148-160,"Table 2.1,2.2",ADGC,29107063,FALSE,29107063,Hidden heterogeneity in Alzheimer's disease: Insights from genetic association studies and other analyses.,Experimental gerontology,2018,Yashin AI; Fang F; Kovtun M; Wu D; Duan M; Arbeev K; Akushevich I; Kulminski A; Culminskaya I; Zhbannikov I; Yashkin A; Stallard E; Ukraintseva S,"Despite evident success in clarifying many important features of Alzheimer's disease (AD) the efficient methods of its prevention and treatment are not yet available. The reasons are likely to be the fact that AD is a multifactorial and heterogeneous health disorder with multiple alternative pathways of disease development and progression. The availability of genetic data on individuals participated in longitudinal studies of aging health and longevity, as well as on participants of cross-sectional case-control studies allow for investigating genetic and non-genetic connections with AD and to link the results of these analyses with research findings obtained in clinical, experimental, and molecular biological studies of this health disorder. The objective of this paper is to perform GWAS of AD in several study populations and investigate possible roles of detected genetic factors in developing AD hallmarks and in other health disorders. The data collected in the Framingham Heart Study (FHS), Cardiovascular Health Study (CHS), Health and Retirement Study (HRS) and Late Onset Alzheimer's Disease Family Study (LOADFS) were used in these analyses. The logistic regression and Cox's regression were used as statistical models in GWAS. The results of analyses confirmed strong associations of genetic variants from well-known genes APOE, TOMM40, PVRL2 (NECTIN2), and APOC1 with AD. Possible roles of these genes in pathological mechanisms resulting in development of hallmarks of AD are described. Many genes whose connection with AD was detected in other studies showed nominally significant associations with this health disorder in our study. The evidence on genetic connections between AD and vulnerability to infection, as well as between AD and other health disorders, such as cancer and type 2 diabetes, were investigated. The progress in uncovering hidden heterogeneity in AD would be substantially facilitated if common mechanisms involved in development of AD, its hallmarks, and AD related chronic conditions were investigated in their mutual connection.",A;C;D;F,D,"D(4 hits: GWAS, variant, population) | A(1 hits: pathway) | C(1 hits: treatment) | F(1 hits: method)"
29274321,29274321,2018,Chung J,Jun GR,"Genome-wide association study of Alzheimer's disease
endophenotypes at prediagnosis stages.","Alzheimer's & dementia : the journal
of the Alzheimer's Association",14(5):623-633,"Table 1,2,3",ADGC,29274321,FALSE,29274321,Genome-wide association study of Alzheimer's disease endophenotypes at prediagnosis stages.,Alzheimer's & dementia : the journal of the Alzheimer's Association,2018,Chung J; Wang X; Maruyama T; Ma Y; Zhang X; Mez J; Sherva R; Takeyama H; Alzheimer's Disease Neuroimaging Initiative; Lunetta KL; Farrer LA; Jun GR,"Genetic associations for endophenotypes of Alzheimer's disease (AD) in cognitive stages preceding AD have not been thoroughly evaluated. We conducted genome-wide association studies for AD-related endophenotypes including hippocampal volume, logical memory scores, and cerebrospinal fluid Aβ In CN subjects, study-wide significant (P < 8.3 × 10 Our findings for AD-related brain changes before AD provide insight about early AD-related biological processes.",A;B;D,D,"D(5 hits: genome-wide, Genome-wide, association study) | B(4 hits: endophenotype) | A(1 hits: Aβ)"
29360470,29360470,2018,Miron J,Poirier J,"CDK5RAP2 gene and tau pathophysiology in late-onset sporadic
Alzheimer's disease.","Alzheimer's & dementia : the journal
of the Alzheimer's Association",14(6):787-796,Table 1,ADGC,29360470,FALSE,29360470,CDK5RAP2 gene and tau pathophysiology in late-onset sporadic Alzheimer's disease.,Alzheimer's & dementia : the journal of the Alzheimer's Association,2018,Miron J; Picard C; Nilsson N; Frappier J; Dea D; Théroux L; Alzheimer's Disease Neuroimaging Initiative; United Kingdom Brain Expression Consortium; Poirier J,"Because currently known Alzheimer's disease (AD) single-nucleotide polymorphisms only account for a small fraction of the genetic variance in this disease, there is a need to identify new variants associated with AD. Our team performed a genome-wide association study in the Quebec Founder Population isolate to identify novel protective or risk genetic factors for late-onset sporadic AD and examined the impact of these variants on gene expression and AD pathology. The rs10984186 variant is associated with an increased risk of developing AD and with a higher CDK5RAP2 mRNA prevalence in the hippocampus. On the other hand, the rs4837766 variant, which is among the best cis-expression quantitative trait loci in the CDK5RAP2 gene, is associated with lower mild cognitive impairment/AD risk and conversion rate. The rs10984186 risk and rs4837766 protective polymorphic variants of the CDK5RAP2 gene might act as potent genetic modifiers for AD risk and/or conversion by modulating the expression of this gene.",A;B;D,D,"D(9 hits: prevalence, genome-wide, Population, association study, variant) | A(3 hits: gene expression, tau) | B(1 hits: quantitative trait)"
29432188,29432188,2018,Zhou X,Ip NY,"Identification of genetic risk factors in the Chinese population
implicates a role of immune system in Alzheimer's disease
pathogenesis.","Proceedings of the National Academy
of Sciences of the United States of
America",115(8):1697-1706,NR,ADGC,29432188,FALSE,29432188,Identification of genetic risk factors in the Chinese population implicates a role of immune system in Alzheimer's disease pathogenesis.,Proceedings of the National Academy of Sciences of the United States of America,2018,Zhou X; Chen Y; Mok KY; Zhao Q; Chen K; Chen Y; Hardy J; Li Y; Fu AKY; Guo Q; Ip NY; Alzheimer’s Disease Neuroimaging Initiative,Alzheimer's disease (AD) is a leading cause of mortality among the elderly. We performed a whole-genome sequencing study of AD in the Chinese population. In addition to the variants identified in or around the,D,D,"D(6 hits: variant, genetic risk factor, population)"
29458411,29458411,2018,Chung J,Farrer LA,"Genome-wide pleiotropy analysis of neuropathological traits related
to Alzheimer's disease.",Alzheimer's research & therapy,10(1):22,NR,ADGC,29458411,FALSE,29458411,Genome-wide pleiotropy analysis of neuropathological traits related to Alzheimer's disease.,Alzheimer's research & therapy,2018,Chung J; Zhang X; Allen M; Wang X; Ma Y; Beecham G; Montine TJ; Younkin SG; Dickson DW; Golde TE; Price ND; Ertekin-Taner N; Lunetta KL; Mez J; Alzheimer’s Disease Genetics Consortium; Mayeux R; Haines JL; Pericak-Vance MA; Schellenberg G; Jun GR; Farrer LA,"Simultaneous consideration of two neuropathological traits related to Alzheimer's disease (AD) has not been attempted in a genome-wide association study. We conducted genome-wide pleiotropy analyses using association summary statistics from the Beecham et al. study (PLoS Genet 10:e1004606, 2014) for AD-related neuropathological traits, including neuritic plaque (NP), neurofibrillary tangle (NFT), and cerebral amyloid angiopathy (CAA). Significant findings were further examined by expression quantitative trait locus and differentially expressed gene analyses in AD vs. control brains using gene expression data. Genome-wide significant pleiotropic associations were observed for the joint model of NP and NFT (NP + NFT) with the single-nucleotide polymorphism (SNP) rs34487851 upstream of C2orf40 (alias ECRG4, P = 2.4 × 10 Our findings suggest that pleiotropy analysis is a useful approach to identifying novel genetic associations with complex diseases and their endophenotypes. Functional studies are needed to determine whether ECRG4 or HDAC9 is plausible as a therapeutic target.",A;B;C;D,D,"D(8 hits: locus, genome-wide, Genome-wide, SNP, association study) | A(3 hits: amyloid, neurofibrillary tangle, gene expression) | B(2 hits: quantitative trait, endophenotype) | C(2 hits: therapeutic, therapy)"
29481666,29481666,2018,"Teslovich
TM",Mohlke KL,"Identification of seven novel loci associated with amino acid levels
using single-variant and gene-based tests in 8545 Finnish men from
the METSIM study.",Human molecular genetics,27(9):1664-1674,"Table 1,2",ADGC,29481666,FALSE,29481666,Identification of seven novel loci associated with amino acid levels using single-variant and gene-based tests in 8545 Finnish men from the METSIM study.,Human molecular genetics,2018,"Teslovich TM; Kim DS; Yin X; Stancáková A; Jackson AU; Wielscher M; Naj A; Perry JRB; Huyghe JR; Stringham HM; Davis JP; Raulerson CK; Welch RP; Fuchsberger C; Locke AE; Sim X; Chines PS; Narisu N; Kangas AJ; Soininen P; Genetics of Obesity-Related Liver Disease Consortium (GOLD), The Alzheimer's Disease Genetics Consortium (ADGC), The DIAbetes Genetics Replication And Meta-analysis (DIAGRAM); Ala-Korpela M; Gudnason V; Musani SK; Jarvelin MR; Schellenberg GD; Speliotes EK; Kuusisto J; Collins FS; Boehnke M; Laakso M; Mohlke KL","Comprehensive metabolite profiling captures many highly heritable traits, including amino acid levels, which are potentially sensitive biomarkers for disease pathogenesis. To better understand the contribution of genetic variation to amino acid levels, we performed single variant and gene-based tests of association between nine serum amino acids (alanine, glutamine, glycine, histidine, isoleucine, leucine, phenylalanine, tyrosine, and valine) and 16.6 million genotyped and imputed variants in 8545 non-diabetic Finnish men from the METabolic Syndrome In Men (METSIM) study with replication in Northern Finland Birth Cohort (NFBC1966). We identified five novel loci associated with amino acid levels (P = < 5×10-8): LOC157273/PPP1R3B with glycine (rs9987289, P = 2.3×10-26); ZFHX3 (chr16:73326579, minor allele frequency (MAF) = 0.42%, P = 3.6×10-9), LIPC (rs10468017, P = 1.5×10-8), and WWOX (rs9937914, P = 3.8×10-8) with alanine; and TRIB1 with tyrosine (rs28601761, P = 8×10-9). Gene-based tests identified two novel genes harboring missense variants of MAF <1% that show aggregate association with amino acid levels: PYCR1 with glycine (Pgene = 1.5×10-6) and BCAT2 with valine (Pgene = 7.4×10-7); neither gene was implicated by single variant association tests. These findings are among the first applications of gene-based tests to identify new loci for amino acid levels. In addition to the seven novel gene associations, we identified five independent signals at established amino acid loci, including two rare variant signals at GLDC (rs138640017, MAF=0.95%, Pconditional = 5.8×10-40) with glycine levels and HAL (rs141635447, MAF = 0.46%, Pconditional = 9.4×10-11) with histidine levels. Examination of all single variant association results in our data revealed a strong inverse relationship between effect size and MAF (Ptrend<0.001). These novel signals provide further insight into the molecular mechanisms of amino acid metabolism and potentially, their perturbations in disease.",A;B;D,D,"D(11 hits: genotype, Cohort, allele, variant) | B(2 hits: biomarker, serum) | A(1 hits: molecular mechanism)"
29630712,29630712,2018,Karch CM,Desikan RS,"Selective Genetic Overlap Between Amyotrophic Lateral Sclerosis
and Diseases of the Frontotemporal Dementia Spectrum.",JAMA neurology,75(7):860-875,NR,ADGC,29630712,FALSE,29630712,Selective Genetic Overlap Between Amyotrophic Lateral Sclerosis and Diseases of the Frontotemporal Dementia Spectrum.,JAMA neurology,2018,"Karch CM; Wen N; Fan CC; Yokoyama JS; Kouri N; Ross OA; Höglinger G; Müller U; Ferrari R; Hardy J; Schellenberg GD; Sleiman PM; Momeni P; Hess CP; Miller BL; Sharma M; Van Deerlin V; Smeland OB; Andreassen OA; Dale AM; Desikan RS; International Frontotemporal Dementia (FTD)–Genomics Consortium, International Collaboration for Frontotemporal Dementia, Progressive Supranuclear Palsy (PSP) Genetics Consortium, and International Parkinson’s Disease Genomics Consortium","Amyotrophic lateral sclerosis (ALS) is a progressive neurodegenerative disorder characterized by loss of upper and lower motor neurons. Although novel ALS genetic variants have been identified, the shared genetic risk between ALS and other neurodegenerative disorders remains poorly understood. To examine whether there are common genetic variants that determine the risk for ALS and other neurodegenerative diseases and to identify their functional pathways. In this study conducted from December 1, 2016, to August 1, 2017, the genetic overlap between ALS, sporadic frontotemporal dementia (FTD), FTD with TDP-43 inclusions, Parkinson disease (PD), Alzheimer disease (AD), corticobasal degeneration (CBD), and progressive supranuclear palsy (PSP) were systematically investigated in 124 876 cases and controls. No participants were excluded from this study. Diagnoses were established using consensus criteria. The primary outcomes were a list of novel loci and their functional pathways in ALS, FTD, PSP, and ALS mouse models. Among 124 876 cases and controls, genome-wide conjunction analyses of ALS, FTD, PD, AD, CBD, and PSP revealed significant genetic overlap between ALS and FTD at known ALS loci: rs13302855 and rs3849942 (nearest gene, C9orf72; P = .03 for rs13302855 and P = .005 for rs3849942) and rs4239633 (nearest gene, UNC13A; P = .03). Significant genetic overlap was also found between ALS and PSP at rs7224296, which tags the MAPT H1 haplotype (nearest gene, NSF; P = .045). Shared risk genes were enriched for pathways involving neuronal function and development. At a conditional FDR P < .05, 22 novel ALS polymorphisms were found, including rs538622 (nearest gene, ERGIC1; P = .03 for ALS and FTD), which modifies BNIP1 expression in human brains (35 of 137 females; mean age, 59 years; P = .001). BNIP1 expression was significantly reduced in spinal cord motor neurons from patients with ALS (4 controls: mean age, 60.5 years, mean [SE] value, 3984 [760.8] arbitrary units [AU]; 7 patients with ALS: mean age, 56 years, mean [SE] value, 1999 [274.1] AU; P = .02), in an ALS mouse model (mean [SE] value, 13.75 [0.09] AU for 2 SOD1 WT mice and 11.45 [0.03] AU for 2 SOD1 G93A mice; P = .002) and in brains of patients with PSP (80 controls: 39 females; mean age, 82 years, mean [SE] value, 6.8 [0.2] AU; 84 patients with PSP: 33 females, mean age 74 years, mean [SE] value, 6.8 [0.1] AU; β = -0.19; P = .009) or FTD (11 controls: 4 females; mean age, 67 years; mean [SE] value, 6.74 [0.05] AU; 17 patients with FTD: 10 females; mean age, 69 years; mean [SE] value, 6.53 [0.04] AU; P = .005). This study found novel genetic overlap between ALS and diseases of the FTD spectrum, that the MAPT H1 haplotype confers risk for ALS, and identified the mitophagy-associated, proapoptotic protein BNIP1 as an ALS risk gene. Together, these findings suggest that sporadic ALS may represent a selectively pleiotropic, polygenic disorder.",A;D,A,"A(6 hits: pathway, neuron) | D(4 hits: genome-wide, variant, polygenic)"
29684019,29684019,2018,Lancour D,Kasif S,"One for all and all for One: Improving replication of genetic studies
through network diffusion.",PLoS genetics,14(4):e1007306,NR,ADGC,29684019,FALSE,29684019,One for all and all for One: Improving replication of genetic studies through network diffusion.,PLoS genetics,2018,Lancour D; Naj A; Mayeux R; Haines JL; Pericak-Vance MA; Schellenberg GD; Crovella M; Farrer LA; Kasif S,"Improving accuracy in genetic studies would greatly accelerate understanding the genetic basis of complex diseases. One approach to achieve such an improvement for risk variants identified by the genome wide association study (GWAS) approach is to incorporate previously known biology when screening variants across the genome. We developed a simple approach for improving the prioritization of candidate disease genes that incorporates a network diffusion of scores from known disease genes using a protein network and a novel integration with GWAS risk scores, and tested this approach on a large Alzheimer disease (AD) GWAS dataset. Using a statistical bootstrap approach, we cross-validated the method and for the first time showed that a network approach improves the expected replication rates in GWAS studies. Several novel AD genes were predicted including CR2, SHARPIN, and PTPN2. Our re-prioritized results are enriched for established known AD-associated biological pathways including inflammation, immune response, and metabolism, whereas standard non-prioritized results were not. Our findings support a strategy of considering network information when investigating genetic risk factors.",A;D;E;F,D,"D(8 hits: genetic risk factor, association study, GWAS, variant) | F(2 hits: method, dataset) | A(1 hits: pathway) | E(1 hits: support)"
29752348,29752348,2018,"Rutten-
Jacobs LCA",Traylor M,"Genetic Study of White Matter Integrity in UK Biobank (N=8448) and
the Overlap With Stroke, Depression, and Dementia.",Stroke,49(6):1340-1347,Table 2,ADGC,29752348,FALSE,29752348,"Genetic Study of White Matter Integrity in UK Biobank (N=8448) and the Overlap With Stroke, Depression, and Dementia.",Stroke,2018,Rutten-Jacobs LCA; Tozer DJ; Duering M; Malik R; Dichgans M; Markus HS; Traylor M,"Structural integrity of the white matter is a marker of cerebral small vessel disease, which is the major cause of vascular dementia and a quarter of all strokes. Genetic studies provide a way to obtain novel insights in the disease mechanism underlying cerebral small vessel disease. The aim was to identify common variants associated with microstructural integrity of the white matter and to elucidate the relationships of white matter structural integrity with stroke, major depressive disorder, and Alzheimer disease. This genome-wide association analysis included 8448 individuals from UK Biobank-a population-based cohort study that recruited individuals from across the United Kingdom between 2006 and 2010, aged 40 to 69 years. Microstructural integrity was measured as fractional anisotropy- (FA) and mean diffusivity (MD)-derived parameters on diffusion tensor images. White matter hyperintensity volumes (WMHV) were assessed on T2-weighted fluid-attenuated inversion recovery images. We identified 1 novel locus at genome-wide significance ( Genetic variants within the",D;F,D,"D(7 hits: locus, genome-wide, cohort, population, variant) | F(3 hits: Biobank)"
29777097,29777097,2018,Marioni RE,Visscher PM,GWAS on family history of Alzheimer's disease.,Translational psychiatry,8(1):99,NR,ADGC,29777097,FALSE,29777097,GWAS on family history of Alzheimer's disease.,Translational psychiatry,2018,Marioni RE; Harris SE; Zhang Q; McRae AF; Hagenaars SP; Hill WD; Davies G; Ritchie CW; Gale CR; Starr JM; Goate AM; Porteous DJ; Yang J; Evans KL; Deary IJ; Wray NR; Visscher PM,"Alzheimer's disease (AD) is a public health priority for the 21st century. Risk reduction currently revolves around lifestyle changes with much research trying to elucidate the biological underpinnings. We show that self-report of parental history of Alzheimer's dementia for case ascertainment in a genome-wide association study of 314,278 participants from UK Biobank (27,696 maternal cases, 14,338 paternal cases) is a valid proxy for an AD genetic study. After meta-analysing with published consortium data (n = 74,046 with 25,580 cases across the discovery and replication analyses), three new AD-associated loci (P < 5 × 10",D;F;G,D,"D(4 hits: genome-wide, association study, GWAS) | F(1 hits: Biobank) | G(1 hits: consortium)"
29801024,29801024,2018,Hohman TJ,Jefferson AL,"Sex-Specific Association of Apolipoprotein E With Cerebrospinal
Fluid Levels of Tau.",JAMA neurology,75(8):989-998,Table 3,ADGC,29801024,FALSE,29801024,Sex-Specific Association of Apolipoprotein E With Cerebrospinal Fluid Levels of Tau.,JAMA neurology,2018,Hohman TJ; Dumitrescu L; Barnes LL; Thambisetty M; Beecham G; Kunkle B; Gifford KA; Bush WS; Chibnik LB; Mukherjee S; De Jager PL; Kukull W; Crane PK; Resnick SM; Keene CD; Montine TJ; Schellenberg GD; Haines JL; Zetterberg H; Blennow K; Larson EB; Johnson SC; Albert M; Bennett DA; Schneider JA; Jefferson AL; Alzheimer’s Disease Genetics Consortium and the Alzheimer’s Disease Neuroimaging Initiative,"The strongest genetic risk factor for Alzheimer disease (AD), the apolipoprotein E (APOE) gene, has a stronger association among women compared with men. Yet limited work has evaluated the association between APOE alleles and markers of AD neuropathology in a sex-specific manner. To evaluate sex differences in the association between APOE and markers of AD neuropathology measured in cerebrospinal fluid (CSF) during life or in brain tissue at autopsy. This multicohort study selected data from 10 longitudinal cohort studies of normal aging and AD. Cohorts had variable recruitment criteria and follow-up intervals and included population-based and clinic-based samples. Inclusion in our analysis required APOE genotype data and either CSF data available for analysis. Analyses began on November 6, 2017, and were completed on December 20, 2017. Biomarker analyses included levels of β-amyloid 42, total tau, and phosphorylated tau measured in CSF. Autopsy analyses included Consortium to Establish a Registry for Alzheimer's Disease staging for neuritic plaques and Braak staging for neurofibrillary tangles. Of the 1798 patients in the CSF biomarker cohort, 862 were women, 226 had AD, 1690 were white, and the mean (SD) age was 70 [9] years. Of the 5109 patients in the autopsy cohort, 2813 were women, 4953 were white, and the mean (SD) age was 84 (9) years. After correcting for multiple comparisons using the Bonferroni procedure, we observed a statistically significant interaction between APOE-ε4 and sex on CSF total tau (β = 0.41; 95% CI, 0.27-0.55; P < .001) and phosphorylated tau (β = 0.24; 95% CI, 0.09-0.38; P = .001), whereby APOE showed a stronger association among women compared with men. Post hoc analyses suggested this sex difference was present in amyloid-positive individuals (β = 0.41; 95% CI, 0.20-0.62; P < .001) but not among amyloid-negative individuals (β = 0.06; 95% CI, -0.18 to 0.31; P = .62). We did not observe sex differences in the association between APOE and β-amyloid 42, neuritic plaque burden, or neurofibrillary tangle burden. We provide robust evidence of a stronger association between APOE-ε4 and CSF tau levels among women compared with men across multiple independent data sets. Interestingly, APOE-ε4 is not differentially associated with autopsy measures of neurofibrillary tangles. Together, the sex difference in the association between APOE and CSF measures of tau and the lack of a sex difference in the association with neurofibrillary tangles at autopsy suggest that APOE may modulate risk for neurodegeneration in a sex-specific manner, particularly in the presence of amyloidosis.",A;B;D;E;G,A,"A(18 hits: amyloid, Tau, neurofibrillary tangle, tau, neurodegeneration) | B(9 hits: biomarker, CSF, Biomarker) | D(9 hits: Cohort, allele, cohort, genetic risk factor, population) | E(2 hits: burden) | G(1 hits: Consortium)"
29967939,29967939,2018,Deming Y,Hohman TJ,Sex-specific genetic predictors of Alzheimer's disease biomarkers.,Acta neuropathologica,136(6):857-872,"Table 2,3,4",ADGC,29967939,FALSE,29967939,Sex-specific genetic predictors of Alzheimer's disease biomarkers.,Acta neuropathologica,2018,Deming Y; Dumitrescu L; Barnes LL; Thambisetty M; Kunkle B; Gifford KA; Bush WS; Chibnik LB; Mukherjee S; De Jager PL; Kukull W; Huentelman M; Crane PK; Resnick SM; Keene CD; Montine TJ; Schellenberg GD; Haines JL; Zetterberg H; Blennow K; Larson EB; Johnson SC; Albert M; Moghekar A; Del Aguila JL; Fernandez MV; Budde J; Hassenstab J; Fagan AM; Riemenschneider M; Petersen RC; Minthon L; Chao MJ; Van Deerlin VM; Lee VM; Shaw LM; Trojanowski JQ; Peskind ER; Li G; Davis LK; Sealock JM; Cox NJ; Alzheimer’s Disease Neuroimaging Initiative (ADNI); Alzheimer Disease Genetics Consortium (ADGC); Goate AM; Bennett DA; Schneider JA; Jefferson AL; Cruchaga C; Hohman TJ,"Cerebrospinal fluid (CSF) levels of amyloid-β 42 (Aβ42) and tau have been evaluated as endophenotypes in Alzheimer's disease (AD) genetic studies. Although there are sex differences in AD risk, sex differences have not been evaluated in genetic studies of AD endophenotypes. We performed sex-stratified and sex interaction genetic analyses of CSF biomarkers to identify sex-specific associations. Data came from a previous genome-wide association study (GWAS) of CSF Aβ42 and tau (1527 males, 1509 females). We evaluated sex interactions at previous loci, performed sex-stratified GWAS to identify sex-specific associations, and evaluated sex interactions at sex-specific GWAS loci. We then evaluated sex-specific associations between prefrontal cortex (PFC) gene expression at relevant loci and autopsy measures of plaques and tangles using data from the Religious Orders Study and Rush Memory and Aging Project. In Aβ42, we observed sex interactions at one previous and one novel locus: rs316341 within SERPINB1 (p = 0.04) and rs13115400 near LINC00290 (p = 0.002). These loci showed stronger associations among females (β = - 0.03, p = 4.25 × 10",A;B;D,B,"B(8 hits: biomarker, CSF, endophenotype) | A(7 hits: amyloid, gene expression, Aβ, tau) | D(6 hits: genome-wide, association study, GWAS, locus)"
30010129,30010129,2018,Ni H,Zhang C,"The GWAS Risk Genes for Depression May Be Actively Involved in
Alzheimer's Disease.",Journal of Alzheimer's disease : JAD,64(4):1149-1161,NR,ADGC,30010129,FALSE,30010129,The GWAS Risk Genes for Depression May Be Actively Involved in Alzheimer's Disease.,Journal of Alzheimer's disease : JAD,2018,Ni H; Xu M; Zhan GL; Fan Y; Zhou H; Jiang HY; Lu WH; Tan L; Zhang DF; Yao YG; Zhang C,"Depression is one of the most frequent psychiatric symptoms observed in people during the development of Alzheimer's disease (AD). We hypothesized that genetic factors conferring risk of depression might affect AD development. In this study, we screened 31 genes, which were located in 19 risk loci for major depressive disorder (MDD) identified by two recent large genome-wide association studies (GWAS), in AD patients at the genomic and transcriptomic levels. Association analysis of common variants was performed by using summary statistics of the International Genomics of Alzheimer's Project (IGAP), and association analysis of rare variants was conducted by sequencing the entire coding region of the 31 MDD risk genes in 107 Han Chinese patients with early-onset and/or familial AD. We also quantified the mRNA expression alterations of these MDD risk genes in brain tissues of AD patients and AD mouse models, followed by protein-protein interaction network prediction to show their potential effects in AD pathways. We found that common and rare variants of L3MBTL2 were significantly associated with AD. mRNA expression levels of 18 MDD risk genes, in particular SORCS3 and OAT, were differentially expressed in AD brain tissues. 13 MDD risk genes were predicted to physically interact with core AD genes. The involvement of HACE1, NEGR1, and SLC6A15 in AD was supported by convergent lines of evidence. Taken together, our results showed that MDD risk genes might play an active role in AD pathology and supported the notion that depression might be the ""common cold"" of psychiatry.",A;B;D;E,D,"D(8 hits: genome-wide, variant, GWAS, risk loci) | E(2 hits: support) | A(1 hits: pathway) | B(1 hits: prediction)"
30201328,30201328,2018,Gusareva ES,Van Steen K,"Male-specific epistasis between WWC1 and TLN2 genes is
associated with Alzheimer's disease.",Neurobiology of aging,72:188.e3-188.e12,NR,ADGC,30201328,FALSE,30201328,Male-specific epistasis between WWC1 and TLN2 genes is associated with Alzheimer's disease.,Neurobiology of aging,2018,Gusareva ES; Twizere JC; Sleegers K; Dourlen P; Abisambra JF; Meier S; Cloyd R; Weiss B; Dermaut B; Bessonov K; van der Lee SJ; Carrasquillo MM; Katsumata Y; Cherkaoui M; Asselbergh B; Ikram MA; Mayeux R; Farrer LA; Haines JL; Pericak-Vance MA; Schellenberg GD; Genetic and Environmental Risk in Alzheimer's Disease 1 consortium (GERAD1); Alzheimer's Disease Genetics Consortium (ADGC); European Alzheimer Disease Initiative Investigators (EADI1 Consortium); Sims R; Williams J; Amouyel P; van Duijn CM; Ertekin-Taner N; Van Broeckhoven C; Dequiedt F; Fardo DW; Lambert JC; Van Steen K,Systematic epistasis analyses in multifactorial disorders are an important step to better characterize complex genetic risk structures. We conducted a hypothesis-free sex-stratified genome-wide screening for epistasis contributing to Alzheimer's disease (AD) susceptibility. We identified a statistical epistasis signal between the single nucleotide polymorphisms rs3733980 and rs7175766 that was associated with AD in males (genome-wide significant p,D,D,D(2 hits: genome-wide)
30229991,30229991,2019,Guerreiro R,Bras J,"Is APOE epsilon4 required for Alzheimer's disease to develop in
TREM2 p.R47H variant carriers?","Neuropathology and applied
neurobiology",45(2):187-189,NR,ADGC,30229991,FALSE,30229991,Is APOE ε4 required for Alzheimer's disease to develop in TREM2 p.R47H variant carriers?,Neuropathology and applied neurobiology,2019,Guerreiro R; Orme T; Naj AC; Kuzma AB; Schellenberg GD; Bras J,,D,D,D(2 hits: variant)
30413934,30413934,2019,Broce IJ,Desikan RS,"Dissecting the genetic relationship between cardiovascular risk
factors and Alzheimer's disease.",Acta neuropathologica,137(2):209-226,NR,ADGC,30413934,FALSE,30413934,Dissecting the genetic relationship between cardiovascular risk factors and Alzheimer's disease.,Acta neuropathologica,2019,Broce IJ; Tan CH; Fan CC; Jansen I; Savage JE; Witoelar A; Wen N; Hess CP; Dillon WP; Glastonbury CM; Glymour M; Yokoyama JS; Elahi FM; Rabinovici GD; Miller BL; Mormino EC; Sperling RA; Bennett DA; McEvoy LK; Brewer JB; Feldman HH; Hyman BT; Pericak-Vance M; Haines JL; Farrer LA; Mayeux R; Schellenberg GD; Yaffe K; Sugrue LP; Dale AM; Posthuma D; Andreassen OA; Karch CM; Desikan RS,"Cardiovascular (CV)- and lifestyle-associated risk factors (RFs) are increasingly recognized as important for Alzheimer's disease (AD) pathogenesis. Beyond the ε4 allele of apolipoprotein E (APOE), comparatively little is known about whether CV-associated genes also increase risk for AD. Using large genome-wide association studies and validated tools to quantify genetic overlap, we systematically identified single nucleotide polymorphisms (SNPs) jointly associated with AD and one or more CV-associated RFs, namely body mass index (BMI), type 2 diabetes (T2D), coronary artery disease (CAD), waist hip ratio (WHR), total cholesterol (TC), triglycerides (TG), low-density (LDL) and high-density lipoprotein (HDL). In fold enrichment plots, we observed robust genetic enrichment in AD as a function of plasma lipids (TG, TC, LDL, and HDL); we found minimal AD genetic enrichment conditional on BMI, T2D, CAD, and WHR. Beyond APOE, at conjunction FDR < 0.05 we identified 90 SNPs on 19 different chromosomes that were jointly associated with AD and CV-associated outcomes. In meta-analyses across three independent cohorts, we found four novel loci within MBLAC1 (chromosome 7, meta-p = 1.44 × 10",B;D;F,D,"D(5 hits: genome-wide, cohort, allele, SNP) | B(1 hits: plasma) | F(1 hits: tool)"
30448613,30448613,2019,"Katsumata
Y",Fardo DW,"Translating Alzheimer's disease-associated polymorphisms into
functional candidates: a survey of IGAP genes and SNPs.",Neurobiology of aging,74:135-146,"Table 1,2,3",ADGC,30448613,FALSE,30448613,Translating Alzheimer's disease-associated polymorphisms into functional candidates: a survey of IGAP genes and SNPs.,Neurobiology of aging,2019,Katsumata Y; Nelson PT; Estus S; Alzheimer's Disease Neuroimaging Initiative (ADNI); Fardo DW,"The International Genomics of Alzheimer's Project (IGAP) is a consortium for characterizing the genetic landscape of Alzheimer's disease (AD). The identified and/or confirmed 19 single-nucleotide polymorphisms (SNPs) associated with AD are located on non-coding DNA regions, and their functional impacts on AD are as yet poorly understood. We evaluated the roles of the IGAP SNPs by integrating data from many resources, based on whether the IGAP SNP was (1) a proxy for a coding SNP or (2) associated with altered mRNA transcript levels. For (1), we confirmed that 12 AD-associated coding common SNPs and five nonsynonymous rare variants are in linkage disequilibrium with the IGAP SNPs. For (2), the IGAP SNPs in CELF1 and MS4A6A were associated with expression of their neighboring genes, MYBPC3 and MS4A6A, respectively, in blood. The IGAP SNP in DSG2 was an expression quantitative trait loci (eQTL) for DLGAP1 and NETO1 in the human frontal cortex. The IGAP SNPs in ABCA7, CD2AP, and CD33 each acted as eQTL for AD-associated genes in brain. Our approach for identifying proxies and examining eQTL highlighted potentially impactful, novel gene regulatory phenomena pertinent to the AD phenotype.",B;D;F;G,D,"D(12 hits: variant, SNP) | B(1 hits: quantitative trait) | F(1 hits: resource) | G(1 hits: consortium)"
30617256,30617256,2019,Jansen IE,Posthuma D,"Genome-wide meta-analysis identifies new loci and functional
pathways influencing Alzheimer's disease risk.",Nature genetics,51(3):404-413,Table 1,ADGC,30617256,FALSE,30617256,Genome-wide meta-analysis identifies new loci and functional pathways influencing Alzheimer's disease risk.,Nature genetics,2019,Jansen IE; Savage JE; Watanabe K; Bryois J; Williams DM; Steinberg S; Sealock J; Karlsson IK; Hägg S; Athanasiu L; Voyle N; Proitsi P; Witoelar A; Stringer S; Aarsland D; Almdahl IS; Andersen F; Bergh S; Bettella F; Bjornsson S; Brækhus A; Bråthen G; de Leeuw C; Desikan RS; Djurovic S; Dumitrescu L; Fladby T; Hohman TJ; Jonsson PV; Kiddle SJ; Rongve A; Saltvedt I; Sando SB; Selbæk G; Shoai M; Skene NG; Snaedal J; Stordal E; Ulstein ID; Wang Y; White LR; Hardy J; Hjerling-Leffler J; Sullivan PF; van der Flier WM; Dobson R; Davis LK; Stefansson H; Stefansson K; Pedersen NL; Ripke S; Andreassen OA; Posthuma D,"Alzheimer's disease (AD) is highly heritable and recent studies have identified over 20 disease-associated genomic loci. Yet these only explain a small proportion of the genetic variance, indicating that undiscovered loci remain. Here, we performed a large genome-wide association study of clinically diagnosed AD and AD-by-proxy (71,880 cases, 383,378 controls). AD-by-proxy, based on parental diagnoses, showed strong genetic correlation with AD (r",A;D,D,"D(6 hits: genome-wide, Genome-wide, meta-analysis, association study) | A(2 hits: pathway)"
30636644,30636644,2019,Nazarian A,Kulminski AM,"Genome-wide analysis of genetic predisposition to Alzheimer's
disease and related sex disparities.",Alzheimer's research & therapy,11(1):5,"Table 2,3,4,5,6",ADGC,30636644,FALSE,30636644,Genome-wide analysis of genetic predisposition to Alzheimer's disease and related sex disparities.,Alzheimer's research & therapy,2019,Nazarian A; Yashin AI; Kulminski AM,"Alzheimer's disease (AD) is the most common cause of dementia in the elderly and the sixth leading cause of death in the United States. AD is mainly considered a complex disorder with polygenic inheritance. Despite discovering many susceptibility loci, a major proportion of AD genetic variance remains to be explained. We investigated the genetic architecture of AD in four publicly available independent datasets through genome-wide association, transcriptome-wide association, and gene-based and pathway-based analyses. To explore differences in the genetic basis of AD between males and females, analyses were performed on three samples in each dataset: males and females combined, only males, or only females. Our genome-wide association analyses corroborated the associations of several previously detected AD loci and revealed novel significant associations of 35 single-nucleotide polymorphisms (SNPs) outside the chromosome 19q13 region at the suggestive significance level of p < 5E-06. These SNPs were mapped to 21 genes in 19 chromosomal regions. Of these, 17 genes were not associated with AD at genome-wide or suggestive levels of associations by previous genome-wide association studies. Also, the chromosomal regions corresponding to 8 genes did not contain any previously detected AD-associated SNPs with p < 5E-06. Our transcriptome-wide association and gene-based analyses revealed that 26 genes located in 20 chromosomal regions outside chromosome 19q13 had evidence of potential associations with AD at a false discovery rate of 0.05. Of these, 13 genes/regions did not contain any previously AD-associated SNPs at genome-wide or suggestive levels of associations. Most of the newly detected AD-associated SNPs and genes were sex specific, indicating sex disparities in the genetic basis of AD. Also, 7 of 26 pathways that showed evidence of associations with AD in our pathway-bases analyses were significant only in females. Our findings, particularly the newly discovered sex-specific genetic contributors, provide novel insight into the genetic architecture of AD and can advance our understanding of its pathogenesis.",A;C;D;F,D,"D(15 hits: genome-wide, Genome-wide, polygenic, SNP, genetic architecture) | A(5 hits: pathway, transcriptome) | F(2 hits: dataset) | C(1 hits: therapy)"
30888715,30888715,2019,Lobach I,Zhang L,"A simple approximation to bias in the genetic effect estimates when
multiple disease states share a clinical diagnosis.",Genetic epidemiology,43(5):522-531,NR,ADGC,30888715,FALSE,30888715,A simple approximation to bias in the genetic effect estimates when multiple disease states share a clinical diagnosis.,Genetic epidemiology,2019,Lobach I; Kim I; Alekseyenko A; Lobach S; Zhang L,"Case-control genome-wide association studies (CC-GWAS) might provide valuable clues to the underlying pathophysiologic mechanisms of complex diseases, such as neurodegenerative disease and cancer. A commonly overlooked complication is that multiple distinct disease states might present with the same set of symptoms and hence share a clinical diagnosis. These disease states can only be distinguished based on a biomarker evaluation that might not be feasible in the whole set of cases in the large number of samples that are typically needed for CC-GWAS. Instead, the biomarkers are measured on a subset of cases. Or an external reliability study estimates the frequencies of the disease states of interest within the clinically diagnosed set of cases. These frequencies often vary by the genetic and/or nongenetic variables. We derive a simple approximation that relates the genetic effect estimates obtained in a traditional logistic regression model with the clinical diagnosis as the outcome variable to the genetic effect estimates in the relationship to the true disease state of interest. We performed simulation studies to assess the accuracy of the approximation that we have derived. We next applied the derived approximation to the analysis of the genetic basis of the innate immune system of Alzheimer's disease.",B;D,D,"D(4 hits: genome-wide, epidemiology, GWAS) | B(2 hits: biomarker)"
30930738,30930738,2019,Drange OK,Andreassen OA,"Genetic Overlap Between Alzheimer's Disease and Bipolar Disorder
Implicates the MARK2 and VAC14 Genes.",Frontiers in neuroscience,0.694444444,NR,ADGC,30930738,FALSE,30930738,Genetic Overlap Between Alzheimer's Disease and Bipolar Disorder Implicates the MARK2 and VAC14 Genes.,Frontiers in neuroscience,2019,Drange OK; Smeland OB; Shadrin AA; Finseth PI; Witoelar A; Frei O; Psychiatric Genomics Consortium Bipolar Disorder Working Group; Wang Y; Hassani S; Djurovic S; Dale AM; Andreassen OA,,uncategorized,uncategorized,no keyword match
31426376,31426376,2019,Choi KY,"Neuroimaging
Initative AD","APOE Promoter Polymorphism-219T/G is an Effect Modifier of the
Influence of APOE epsilon4 on Alzheimer's Disease Risk in a
Multiracial Sample.",Journal of clinical medicine,8(8),"Table 2,3,4",ADGC,31426376,FALSE,31426376,APOE Promoter Polymorphism-219T/G is an Effect Modifier of the Influence of APOE ε4 on Alzheimer's Disease Risk in a Multiracial Sample.,Journal of clinical medicine,2019,Choi KY; Lee JJ; Gunasekaran TI; Kang S; Lee W; Jeong J; Lim HJ; Zhang X; Zhu C; Won SY; Choi YY; Seo EH; Lee SC; Gim J; Chung JY; Chong A; Byun MS; Seo S; Ko PW; Han JW; McLean C; Farrell J; Lunetta KL; Miyashita A; Hara N; Won S; Choi SM; Ha JM; Jeong JH; Kuwano R; Song MK; An SSA; Lee YM; Park KW; Lee HW; Choi SH; Rhee S; Song WK; Lee JS; Mayeux R; Haines JL; Pericak-Vance MA; Choo ILH; Nho K; Kim KW; Lee DY; Kim S; Kim BC; Kim H; Jun GR; Schellenberg GD; Ikeuchi T; Farrer LA; Lee KH; Neuroimaging Initative AD,Variants in the,D,D,D(1 hits: Variant)
1671712,1671712,1991,Goate A,et al.,"Segregation of a missense mutation in the amyloid precursor
protein gene with familial Alzheimer's disease.",Nature,349(6311):704-6,NR,From ADGC reviews,1671712,FALSE,1671712,Segregation of a missense mutation in the amyloid precursor protein gene with familial Alzheimer's disease.,Nature,1991,Goate A; Chartier-Harlin MC; Mullan M; Brown J; Crawford F; Fidani L; Giuffra L; Haynes A; Irving N; James L,"A locus segregating with familial Alzheimer's disease (AD) has been mapped to chromosome 21, close to the amyloid precursor protein (APP) gene. Recombinants between the APP gene and the AD locus have been reported which seemed to exclude it as the site of the mutation causing familial AD. But recent genetic analysis of a large number of AD families has demonstrated that the disease is heterogeneous. Families with late-onset AD do not show linkage to chromosome 21 markers. Some families with early-onset AD show linkage to chromosome 21 markers, but some do not. This has led to the suggestion that there is non-allelic genetic heterogeneity even within early onset familial AD. To avoid the problems that heterogeneity poses for genetic analysis, we have examined the cosegregation of AD and markers along the long arm of chromosome 21 in a single family with AD confirmed by autopsy. Here we demonstrate that in this kindred, which shows linkage to chromosome 21 markers, there is a point mutation in the APP gene. This mutation causes an amino-acid substitution (Val----Ile) close to the carboxy terminus of the beta-amyloid peptide. Screening other cases of familial AD revealed a second unrelated family in which this variant occurs. This suggests that some cases of AD could be caused by mutations in the APP gene.",A;D,A,"A(4 hits: amyloid) | D(3 hits: locus, variant)"
2035524,2035524,1991,"Pericak-
Vance MA",et al.,"Linkage studies in familial Alzheimer disease: evidence for
chromosome 19 linkage.",American journal of human genetics,48(6):1034-50,NR,From ADGC reviews,2035524,FALSE,2035524,Linkage studies in familial Alzheimer disease: evidence for chromosome 19 linkage.,American journal of human genetics,1991,Pericak-Vance MA; Bebout JL; Gaskell PC Jr; Yamaoka LH; Hung WY; Alberts MJ; Walker AP; Bartlett RJ; Haynes CA; Welsh KA,"A genetic component in the etiology of Alzheimer disease (AD) has been supported by indirect evidence for several years, with autosomal dominant inheritance with age-dependent penetrance being suggested to explain the familial aggregation of affecteds. St. George Hyslop et al. reported linkage of familial AD (FAD) in four early-onset families (mean age at onset [M] less than 50 years). Subsequent studies have been inconsistent in their results; Goate et al. also reported positive lod scores. However, both Pericak-Vance et al.'s study of a series of mainly late-onset FAD families (M greater than 60 years) and Schellenberg et al.'s study failed to confirm linkage to chromosome 21 (CH21). These various studies suggest the possibility of genetic heterogeneity, with some families linked to CH21 and others unlocalized. Recently, St. George Hyslop et al. extended their analysis to include additional families. The extended analyses supported their earlier finding of linkage to CH21, while showing strong evidence of heterogeneity between early-onset (M less than 65 years) and late-onset (M greater than 60 years) FAD families. Because our families did not show linkage to CH21, we undertook a genomic search for an additional locus for FAD. Because of both the confounding factor of late age at onset of FAD and the lack of clear evidence of Mendelian transmission in some of our families, we employed the affected-pedigree-member (APM) method of linkage analysis as an initial screen for possible linkage. Using this method, we identified two regions suggesting linkage: the proximal long arm of chromosome 19 (CH19) and the CH21 region of FAD linkage reported by St. George Hyslop et al. Application of standard likelihood (LOD score) analysis to these data support the possibility of an FAD gene locate on CH19, particularly in the late-onset FAD families. These data further suggest genetic heterogeneity and delineate this region of CH19 as an area needing additional investigation in FAD.",D;E;F,E,E(3 hits: support) | F(2 hits: method) | D(1 hits: locus)
7596406,7596406,1995,"Sherrington
R","St George-Hyslop
PH","Cloning of a gene bearing missense mutations in early-onset
familial Alzheimer's disease.",Nature,375(6534):754-60,NR,From ADGC reviews,7596406,FALSE,7596406,Cloning of a gene bearing missense mutations in early-onset familial Alzheimer's disease.,Nature,1995,Sherrington R; Rogaev EI; Liang Y; Rogaeva EA; Levesque G; Ikeda M; Chi H; Lin C; Li G; Holman K; Tsuda T; Mar L; Foncin JF; Bruni AC; Montesi MP; Sorbi S; Rainero I; Pinessi L; Nee L; Chumakov I; Pollen D; Brookes A; Sanseau P; Polinsky RJ; Wasco W; Da Silva HA; Haines JL; Perkicak-Vance MA; Tanzi RE; Roses AD; Fraser PE; Rommens JM; St George-Hyslop PH,"Some cases of Alzheimer's disease are inherited as an autosomal dominant trait. Genetic linkage studies have mapped a locus (AD3) associated with susceptibility to a very aggressive form of Alzheimer's disease to chromosome 14q24.3. We have defined a minimal cosegregating region containing the AD3 gene, and isolated at least 19 different transcripts encoded within this region. One of these transcripts (S182) corresponds to a novel gene whose product is predicted to contain multiple transmembrane domains and resembles an integral membrane protein. Five different missense mutations have been found that cosegregate with early-onset familial Alzheimer's disease. Because these changes occurred in conserved domains of this gene, and are not present in normal controls, they are likely to be causative of AD3.",D,D,D(1 hits: locus)
7638621,7638621,1995,"Levy-Lahad
E",Schellenberg GD,A familial Alzheimer's disease locus on chromosome 1.,"Science (New York, N.Y.)",269(5226):970-3,NR,From ADGC reviews,7638621,FALSE,7638621,A familial Alzheimer's disease locus on chromosome 1.,"Science (New York, N.Y.)",1995,Levy-Lahad E; Wijsman EM; Nemens E; Anderson L; Goddard KA; Weber JL; Bird TD; Schellenberg GD,"The Volga German kindreds are a group of seven related families with autosomal dominant early-onset Alzheimer's disease (AD). Linkage to known AD-related loci on chromosomes 21 and 14 has been excluded. Significant evidence for linkage to AD in these families was obtained with D1S479 and there was also positive evidence for linkage with other markers in the region. A 112-base pair allele of D1S479 co-segregated with the disease in five of seven families, which is consistent with a common genetic founder. This study demonstrates the presence of an AD locus on chromosome 1q31-42.",D,D,"D(4 hits: allele, locus)"
7920638,7920638,1994,Corder EH,et al.,"Protective effect of apolipoprotein E type 2 allele for late onset
Alzheimer disease.",Nature genetics,7(2):180-4,NR,From ADGC reviews,7920638,FALSE,7920638,Protective effect of apolipoprotein E type 2 allele for late onset Alzheimer disease.,Nature genetics,1994,Corder EH; Saunders AM; Risch NJ; Strittmatter WJ; Schmechel DE; Gaskell PC Jr; Rimmler JB; Locke PA; Conneally PM; Schmader KE,"Gene dosage of the apolipoprotein E (APOE) epsilon 4 allele is a major risk factor for familial Alzheimer disease (AD) of late onset (after age 60). Here we studied a large series of 115 AD case subjects and 243 controls as well as 150 affected and 197 unaffected members of 66 AD families. Our data demonstrate a protective effect of the epsilon 2 allele, in addition to the dose effect of the epsilon 4 allele in sporadic AD. Although a substantial proportion (65%) of AD is attributable to the presence of epsilon 4 alleles, risk of AD is lowest in subjects with the epsilon 2/epsilon 3 genotype, with an additional 23% of AD attributable to the absence of an epsilon 2 allele. The opposite actions of the epsilon 2 and epsilon 4 alleles further support the direct involvement of APOE in the pathogenesis of AD.",D;E,D,"D(9 hits: genotype, allele) | E(1 hits: support)"
9333264,9333264,1997,"Pericak-
Vance MA",Haines JL,"Complete genomic screen in late-onset familial Alzheimer disease.
Evidence for a new locus on chromosome 12.",JAMA,278(15):1237-41,NR,From ADGC reviews,9333264,FALSE,9333264,Complete genomic screen in late-onset familial Alzheimer disease. Evidence for a new locus on chromosome 12.,JAMA,1997,Pericak-Vance MA; Bass MP; Yamaoka LH; Gaskell PC; Scott WK; Terwedow HA; Menold MM; Conneally PM; Small GW; Vance JM; Saunders AM; Roses AD; Haines JL,"Four genetic loci have been identified as contributing to Alzheimer disease (AD), including the amyloid precursor protein gene, the presenilin 1 gene, the presenilin 2 gene, and the apolipoprotein E gene, but do not account for all the genetic risk for AD. To identify additional genetic risk factors for late-onset AD. A complete genomic screen was performed (N=280 markers). Critical values for chromosomal regional follow-up were a P value of .05 or less for affected relative pair analysis or sibpair analysis, a parametric lod score of 1.0 or greater, or both. Regional follow-up included analysis of additional markers and a second data set. Clinic populations in the continental United States. From a series of multiplex families affected with late-onset (> or =60 years) AD ascertained during the last 14 years (National Insititute of Neurological Disorders and Stroke-Alzheimer's Disease and Related Disorders Association diagnostic criteria) and for which DNA has been obtained, a subset of 16 families (135 total family members, 52 of whom were patients with AD) was used for the genomic screen. A second subset of 38 families (216 total family members, 89 of whom were patients with AD) was used for the follow-up analysis. Linkage analysis results generated using both genetic model-dependent (lod score) and model-independent methods. Fifteen chromosomal regions warranted initial follow-up. Follow-up analyses revealed 4 regions of continued interest on chromosomes 4, 6, 12, and 20, with the strongest results observed forchromosome 12. Peak 2-point affecteds-only lod scores (n=54) were 1.3, 1.6, 2.7, and 2.2 and affected relative pairs P values (n=54) were .04, .03, .14, and .04 for D12S373, D12S1057, D12S1042, and D12S390, respectively. Sibpair analysis (n=54) resulted in maximum lod scores (MLSs) of 1.5, 2.6, 3.2, and 2.3 for these markers, with a peak multipoint MLS of 3.5. A priori stratification by APOE genotype identified 27 families that had at least 1 member with AD whose genotype did not contain an APOE*4 allele. Analysis of these 27 families resulted in MLSs of 1.0, 2.4, 3.7, and 3.3 and a peak multipoint MLS of 3.9. A complete genomic screen in families affected with late-onset AD identified 4 regions of interest after follow-up. Chromosome 12 gave the strongest and most consistent results with a peak multipoint MLS of 3.5, suggesting that this region contains a new susceptibility gene for AD. Additional analyses are necessary to identify the chromosome 12 susceptibility gene for AD and to follow up the regions of interest on chromosomes 4, 6, and 20.",A;B;D;F,D,"D(7 hits: allele, locus, genetic risk factor, population, genotype) | A(1 hits: amyloid) | B(1 hits: diagnostic) | F(1 hits: method)"
11113612,11113612,2000,"Pericak-
Vance MA",Haines JL,Identification of novel genes in late-onset Alzheimer's disease.,Experimental gerontology,35(9-10):1343-52,NR,From ADGC reviews,11113612,FALSE,11113612,Identification of novel genes in late-onset Alzheimer's disease.,Experimental gerontology,2000,Pericak-Vance MA; Grubber J; Bailey LR; Hedges D; West S; Santoro L; Kemmerer B; Hall JL; Saunders AM; Roses AD; Small GW; Scott WK; Conneally PM; Vance JM; Haines JL,"Four genes affecting Alzheimer's Disease (AD)(AP, PS1, PS2, and APOE) have been identified and a fifth potential gene localized to chromosome 12. Collectively, these genes explain at most half of the genetic effect in AD. Understanding the genetics of AD is critical to developing new treatments. The quest to find the remaining AD genes led us to undertake a large genomic screen using over 466 families (730 affected sibpairs) in late-onset AD. In conjunction with this increase in power, we initiated several novel approaches to identify potential AD-related genes. This included stratification of the data into an autopsy-confirmed subset of 199 AD families. Each of these targeted analyses resulted in the identification of novel regions containing potential AD genetic risk factors. Our most significant finding was on chromosome 9 in the autopsy-confirmed subset where we obtained an MLS of 4.31. These approaches, together with new methodologies such as conditional linkage analysis, generalized family-based association tests (PDT), and a new generation of genetic markers (SNPs), opens the door for additional AD gene discovery. Such strategies are necessary if we are to understand the subtle and complex threads that, woven together, create the intricate tapestry of AD.",C;D;F,D,"D(2 hits: SNP, genetic risk factor) | C(1 hits: treatment) | F(1 hits: method)"
11806855,11806855,2001,Curtis D,Sham PC,"A novel method of two-locus linkage analysis applied to a genome
scan for late onset Alzheimer's disease.",Annals of human genetics,65(Pt 5):473-81,NR,From ADGC reviews,11806855,FALSE,11806855,A novel method of two-locus linkage analysis applied to a genome scan for late onset Alzheimer's disease.,Annals of human genetics,2001,Curtis D; North BV; Sham PC,"A number of methods have previously been described which carry out linkage analysis considering information for two or more loci simultaneously. Apart from some ad hoc methods such as analysing subsamples, these methods use information regarding linkage at all loci under consideration. However, if the actual genotype-specific effects are known for some loci then it would be preferable to consider the genotypes of these loci directly, rather than the amount of allele-sharing they demonstrate. Here we present an extension to our likelihood-based method of model-free linkage analysis as implemented in the MFLINK program. This allows the incorporation of liability classes. The genotypes of a locus known to affect risk can be used to assign subjects to liability classes prior to carrying out linkage tests at other loci. An example application is presented for genome scan data on Alzheimer's disease with analysis conditional on Apoliprotein E (APOE) genotypes. The results provide support for the existence of additional susceptibility loci linked to D10S1211 and to D12S358.",D;E;F,D,"D(8 hits: genotype, allele, locus) | F(6 hits: method) | E(1 hits: support)"
11857588,11857588,2002,Myers A,Goate A,Full genome screen for Alzheimer disease: stage II analysis.,American journal of medical genetics,114(2):235-44,NR,From ADGC reviews,11857588,FALSE,11857588,Full genome screen for Alzheimer disease: stage II analysis.,American journal of medical genetics,2002,Myers A; Wavrant De-Vrieze F; Holmans P; Hamshere M; Crook R; Compton D; Marshall H; Meyer D; Shears S; Booth J; Ramic D; Knowles H; Morris JC; Williams N; Norton N; Abraham R; Kehoe P; Williams H; Rudrasingham V; Rice F; Giles P; Tunstall N; Jones L; Lovestone S; Williams J; Owen MJ; Hardy J; Goate A,"We performed a two-stage genome screen to search for novel risk factors for late-onset Alzheimer disease (AD). The first stage involved genotyping 292 affected sibling pairs using 237 markers spaced at approximately 20 cM intervals throughout the genome. In the second stage, we genotyped 451 affected sibling pairs (ASPs) with an additional 91 markers, in the 16 regions where the multipoint LOD score was greater than 1 in stage I. Ten regions maintained LOD scores in excess of 1 in stage II, on chromosomes 1 (peak B), 5, 6, 9 (peaks A and B), 10, 12, 19, 21, and X. Our strongest evidence for linkage was on chromosome 10, where we obtained a peak multipoint LOD score (MLS) of 3.9. The linked region on chromosome 10 spans approximately 44 cM from D10S1426 (59 cM) to D10S2327 (103 cM). To narrow this region, we tested for linkage disequilibrium with several of the stage II microsatellite markers. Of the seven markers we tested in family-based and case control samples, the only nominally positive association we found was with the 167 bp allele of marker D10S1217 (chi-square=7.11, P=0.045, df=1).",D,D,"D(2 hits: genotype, allele)"
11875758,11875758,2002,Li YJ,Pericak-Vance MA,"Age at onset in two common neurodegenerative diseases is
genetically controlled.",American journal of human genetics,70(4):985-93,NR,From ADGC reviews,11875758,FALSE,11875758,Age at onset in two common neurodegenerative diseases is genetically controlled.,American journal of human genetics,2002,Li YJ; Scott WK; Hedges DJ; Zhang F; Gaskell PC; Nance MA; Watts RL; Hubble JP; Koller WC; Pahwa R; Stern MB; Hiner BC; Jankovic J; Allen FA Jr; Goetz CG; Mastaglia F; Stajich JM; Gibson RA; Middleton LT; Saunders AM; Scott BL; Small GW; Nicodemus KK; Reed AD; Schmechel DE; Welsh-Bohmer KA; Conneally PM; Roses AD; Gilbert JR; Vance JM; Haines JL; Pericak-Vance MA,"To identify genes influencing age at onset (AAO) in two common neurodegenerative diseases, a genomic screen was performed for AAO in families with Alzheimer disease (AD; n=449) and Parkinson disease (PD; n=174). Heritabilities between 40%--60% were found in both the AD and PD data sets. For PD, significant evidence for linkage to AAO was found on chromosome 1p (LOD = 3.41). For AD, the AAO effect of APOE (LOD = 3.28) was confirmed. In addition, evidence for AAO linkage on chromosomes 6 and 10 was identified independently in both the AD and PD data sets. Subsequent unified analyses of these regions identified a single peak on chromosome 10q between D10S1239 and D10S1237, with a maximum LOD score of 2.62. These data suggest that a common gene affects AAO in these two common complex neurodegenerative diseases.",uncategorized,uncategorized,no keyword match
12016588,12016588,2002,Olson JM,Dudek DM,"A second locus for very-late-onset Alzheimer disease: a genome
scan reveals linkage to 20p and epistasis between 20p and the
amyloid precursor protein region.",American journal of human genetics,71(1):154-61,NR,From ADGC reviews,12016588,FALSE,12016588,A second locus for very-late-onset Alzheimer disease: a genome scan reveals linkage to 20p and epistasis between 20p and the amyloid precursor protein region.,American journal of human genetics,2002,Olson JM; Goddard KA; Dudek DM,"We used a covariate-based linkage method to reanalyze genome scan data from affected sibships collected by the Alzheimer Disease (AD) Genetics Initiative of the National Institute of Mental Health. As reported in an earlier article, the amyloid-beta precursor protein (APP) region is strongly linked to affected sib pairs of the oldest current age (i.e., age either at last exam or at death) who lack E4 alleles at the apolipoprotein E (ApoE) locus. We now report that a region on 20p shows the same pattern. A model that includes current age and the number of E2 alleles as covariates gives a LOD score of 4.1. The signal on 20p is near the location of the gene coding for cystatin-C, previously shown to be associated with late-onset AD and to codeposit with APP in the brains of patients with AD. Two-locus analysis provides evidence of strong epistasis between 20p and the APP region, limited to the oldest age group and to those lacking ApoE4 alleles. We speculate that high-risk polymorphisms in both regions produce a biological interaction between these two proteins that increases susceptibility to a very-late-onset form of AD.",A;D;F;G,D,"D(7 hits: allele, locus) | A(3 hits: amyloid) | F(1 hits: method) | G(1 hits: Initiative)"
12490529,12490529,2003,Blacker D,Tanzi RE,"Results of a high-resolution genome screen of 437 Alzheimer's
disease families.",Human molecular genetics,12(1):23-32,NR,From ADGC reviews,12490529,FALSE,12490529,Results of a high-resolution genome screen of 437 Alzheimer's disease families.,Human molecular genetics,2003,Blacker D; Bertram L; Saunders AJ; Moscarillo TJ; Albert MS; Wiener H; Perry RT; Collins JS; Harrell LE; Go RC; Mahoney A; Beaty T; Fallin MD; Avramopoulos D; Chase GA; Folstein MF; McInnis MG; Bassett SS; Doheny KJ; Pugh EW; Tanzi RE; NIMH Genetics Initiative Alzheimer's Disease Study Group,"Alzheimer's disease (AD) is a devastating neurodegenerative disorder of late life with complex inheritance. Mutations in three known genes lead to the rare early-onset autosomal dominant form of AD, while a common polymorphism (epsilon 4) in the gene encoding apolipoprotein E (APOE ) is a risk factor for more typical late-onset (>60 years) AD. A recent study concluded that there are up to four additional genes with an equal or greater contribution to the disease. We performed a 9 cM genome screen of 437 families with AD, the full National Institute of Mental Health (NIMH) sample, which has been carefully ascertained, evaluated and followed by our group over the last decade. Performing standard parametric and non-parametric linkage analyses, we observed a 'highly significant' linkage peak by Lander and Kruglyak criteria on chromosome 19q13, which probably represents APOE. Twelve additional locations-on 1q23, 3p26, 4q32, 5p14, 6p21, 6q27, 9q22, 10q24, 11q25, 14q22, 15q26 and 21q22-met criteria for 'suggestive' linkage [i.e. two-point lod score (TLS) >/=1.9 and/or multipoint lod score (MLS) >/=2.2] in at least one of our analyses. Although some of these will surely prove to be false positives, these linkage signals should provide a valuable framework for future studies aimed at identifying additional susceptibility genes for late-onset AD.",uncategorized,uncategorized,no keyword match
14564669,14564669,2003,Scott WK,Pericak-Vance MA,"Ordered-subsets linkage analysis detects novel Alzheimer disease
loci on chromosomes 2q34 and 15q22.",American journal of human genetics,73(5):1041-51,NR,From ADGC reviews,14564669,FALSE,14564669,Ordered-subsets linkage analysis detects novel Alzheimer disease loci on chromosomes 2q34 and 15q22.,American journal of human genetics,2003,Scott WK; Hauser ER; Schmechel DE; Welsh-Bohmer KA; Small GW; Roses AD; Saunders AM; Gilbert JR; Vance JM; Haines JL; Pericak-Vance MA,"Alzheimer disease (AD) is a complex disorder characterized by a wide range, within and between families, of ages at onset of symptoms. Consideration of age at onset as a covariate in genetic-linkage studies may reduce genetic heterogeneity and increase statistical power. Ordered-subsets analysis includes continuous covariates in linkage analysis by rank ordering families by a covariate and summing LOD scores to find a subset giving a significantly increased LOD score relative to the overall sample. We have analyzed data from 336 markers in 437 multiplex (>/=2 sampled individuals with AD) families included in a recent genomic screen for AD loci. To identify genetic heterogeneity by age at onset, families were ordered by increasing and decreasing mean and minimum ages at onset. Chromosomewide significance of increases in the LOD score in subsets relative to the overall sample was assessed by permutation. A statistically significant increase in the nonparametric multipoint LOD score was observed on chromosome 2q34, with a peak LOD score of 3.2 at D2S2944 (P=.008) in 31 families with a minimum age at onset between 50 and 60 years. The LOD score in the chromosome 9p region previously linked to AD increased to 4.6 at D9S741 (P=.01) in 334 families with minimum age at onset between 60 and 75 years. LOD scores were also significantly increased on chromosome 15q22: a peak LOD score of 2.8 (P=.0004) was detected at D15S1507 (60 cM) in 38 families with minimum age at onset >/=79 years, and a peak LOD score of 3.1 (P=.0006) was obtained at D15S153 (62 cM) in 43 families with mean age at onset >80 years. Thirty-one families were contained in both 15q22 subsets, indicating that these results are likely detecting the same locus. There is little overlap in these subsets, underscoring the utility of age at onset as a marker of genetic heterogeneity. These results indicate that linkage to chromosome 9p is strongest in late-onset AD and that regions on chromosome 2q34 and 15q22 are linked to early-onset AD and very-late-onset AD, respectively.",D,D,D(1 hits: locus)
15729734,15729734,2005,Holmans P,Williams J,"Genome screen for loci influencing age at onset and rate of decline
in late onset Alzheimer's disease.","American journal of medical
genetics. Part B, Neuropsychiatric
genetics : the official publication of
the International Society of
Psychiatric Genetics",135B(1):24-32,NR,From ADGC reviews,15729734,FALSE,15729734,Genome screen for loci influencing age at onset and rate of decline in late onset Alzheimer's disease.,"American journal of medical genetics. Part B, Neuropsychiatric genetics : the official publication of the International Society of Psychiatric Genetics",2005,Holmans P; Hamshere M; Hollingworth P; Rice F; Tunstall N; Jones S; Moore P; Wavrant DeVrieze F; Myers A; Crook R; Compton D; Marshall H; Meyer D; Shears S; Booth J; Ramic D; Williams N; Norton N; Abraham R; Kehoe P; Williams H; Rudrasingham V; O'Donovan M; Jones L; Hardy J; Goate A; Lovestone S; Owen M; Williams J,"We performed an affected sib-pair (ASP) linkage analysis to test for the effects of age at onset (AAO), rate of decline (ROD), and Apolipoprotein E (APOE) genotype on linkage to late-onset Alzheimer's disease (AD) in a sample comprising 428 sib-pairs. We observed linkage of mean AAO to chromosome 21 in the whole sample (max LOD = 2.57). This came entirely from the NIMH sample (max LOD = 3.62), and was strongest in pairs with high mean AAO (>80). A similar effect was observed on chromosome 2q in the NIMH sample (max LOD = 2.73); this region was not typed in the IADC/UK sample. Suggestive evidence was observed in the combined sample of linkage of AAO difference to chromosome 19q (max LOD = 2.33) in the vicinity of APOE and 12p (max LOD = 2.22), with linkage strongest in sib-pairs with similar AAO. Mean ROD showed suggestive evidence of linkage to chromosome 9q in the whole sample (max LOD = 2.29), with the effect strongest in the NIMH sample (max LOD = 3.58), and in pairs with high mean ROD. Additional suggestive evidence was also observed in the NIMH sample with AAO difference on chromosome 6p (max LOD = 2.44) and 15p (max LOD = 1.87), with linkage strongest in pairs with similar AAO, and in the UK sample with mean ROD on chromosome 1p (max LOD = 2.73, linkage strongest in pairs with high mean ROD). We also observed suggestive evidence of increased identical by descent (IBD) in APOE epsilon4 homozygotes on chromosome 1 (max LOD = 3.08) and chromosome 9 (max LOD = 3.34). The previously reported genome-wide linkage of AD to chromosome 10 was not influenced by any of the covariates studied.",D,D,"D(2 hits: genotype, genome-wide)"
17101828,17101828,2006,Lee JH,Mayeux R,"Expanded genomewide scan implicates a novel locus at 3q28 among
Caribbean hispanics with familial Alzheimer disease.",Archives of neurology,63(11):1591-8,NR,From ADGC reviews,17101828,FALSE,17101828,Expanded genomewide scan implicates a novel locus at 3q28 among Caribbean hispanics with familial Alzheimer disease.,Archives of neurology,2006,Lee JH; Cheng R; Santana V; Williamson J; Lantigua R; Medrano M; Arriaga A; Stern Y; Tycko B; Rogaeva E; Wakutani Y; Kawarai T; St George-Hyslop P; Mayeux R,"To identify novel candidate regions for late-onset Alzheimer disease (LOAD) and to confirm linkage in previously identified chromosomal regions. Family-based linkage analysis. Probands with familial LOAD identified in clinics in the Dominican Republic, Puerto Rico, and the United States. Patients We conducted a genome scan in 1161 members primarily clinically diagnosed as having LOAD; these members were from 209 families of Caribbean Hispanic ancestry. We analyzed 376 microsatellite markers with an average intermarker distance of 9.3 centimorgan. We conducted linkage analysis using possible and probable LOAD, and we performed affecteds-only 2-point linkage analyses assuming either an autosomal dominant or a recessive model. Subsequently, we conducted a multipoint affected sibling pair linkage analysis. Two-point parametric linkage analysis identified a locus at 3q28 with a genomewide empirical P value of .03 (logarithm of odds [LOD], 3.09) in a dominant model for probable and possible LOAD. Other regions suggestive of linkage included 2p25.3 (LOD, 1.77), 7p21.1 (LOD, 1.82), and 9q32 (LOD, 1.94). Under a recessive model, we also identified loci at 5p15.33 (LOD, 1.86), 12q24.21 (LOD, 2.43), 14q22.3 (LOD, 2.53), and 14q23.1 (LOD, 2.16) as suggestive for linkage. Restricted to probable LOAD, many of these loci continued to meet criteria suggestive for linkage, as did loci at 2p25.3 (LOD, 2.72), 3q28 (LOD, 2.28), 6p21.31 (LOD, 2.19), and 7p21.1 (LOD, 2.05). APOE conditional analysis indicated that the observed linkage at 3q28 was independent of the APOE epsilon4 allele. Multipoint nonparametric affected sibling pair linkage analysis provided confirmation of suggestive linkage for most, but not all, loci. Seven loci with LOD scores greater than 2.0 were identified among multiple affected Caribbean Hispanic families with LOAD. The highest LOD score was found at chromosome 3q28. At least 2 other independent studies have observed support for significant linkage at chromosome 3q28, highlighting this region as a locus for further genetic exploration.",D;E,D,"D(5 hits: allele, locus) | E(1 hits: support)"
17317784,17317784,2007,Grupe A,Williams J,"Evidence for novel susceptibility genes for late-onset Alzheimer's
disease from a genome-wide association study of putative
functional variants.",Human molecular genetics,16(8):865-73,"Table 2,4",From ADGC reviews,17317784,FALSE,17317784,Evidence for novel susceptibility genes for late-onset Alzheimer's disease from a genome-wide association study of putative functional variants.,Human molecular genetics,2007,Grupe A; Abraham R; Li Y; Rowland C; Hollingworth P; Morgan A; Jehu L; Segurado R; Stone D; Schadt E; Karnoub M; Nowotny P; Tacey K; Catanese J; Sninsky J; Brayne C; Rubinsztein D; Gill M; Lawlor B; Lovestone S; Holmans P; O'Donovan M; Morris JC; Thal L; Goate A; Owen MJ; Williams J,"This study sets out to identify novel susceptibility genes for late-onset Alzheimer's disease (LOAD) in a powerful set of samples from the UK and USA (1808 LOAD cases and 2062 controls). Allele frequencies of 17 343 gene-based putative functional single nucleotide polymorphisms (SNPs) were tested for association with LOAD in a discovery case-control sample from the UK. A tiered strategy was used to follow-up significant variants from the discovery sample in four independent sample sets. Here, we report the identification of several candidate SNPs that show significant association with LOAD. Three of the identified markers are located on chromosome 19 (meta-analysis: full sample P = 6.94E - 81 to 0.0001), close to the APOE gene and exhibit linkage disequilibrium (LD) with the APOEepsilon4 and epsilon2/3 variants (0.09 < D'<1). Two of the three SNPs can be regarded as study-wide significant (expected number of false positives reaching the observed significance level less than 0.05 per study). Sixteen additional SNPs show evidence for association with LOAD [P = 0.0010-0.00006; odds ratio (OR) = 1.07-1.45], several of which map to known linkage regions, biological candidate genes and novel genes. Four SNPs not in LD with APOE show a false positive rate of less than 2 per study, one of which shows study-wide suggestive evidence taking account of 17 343 tests. This is a missense mutation in the galanin-like peptide precursor gene (P = 0.00005, OR = 1.2, false positive rate = 0.87).",D,D,"D(15 hits: genome-wide, SNP, meta-analysis, Allele, association study)"
17564960,17564960,2007,Liu F,van Duijn CM,"A genomewide screen for late-onset Alzheimer disease in a
genetically isolated Dutch population.",American journal of human genetics,81(1):17-31,Table 6,From ADGC reviews,17564960,FALSE,17564960,A genomewide screen for late-onset Alzheimer disease in a genetically isolated Dutch population.,American journal of human genetics,2007,Liu F; Arias-Vásquez A; Sleegers K; Aulchenko YS; Kayser M; Sanchez-Juan P; Feng BJ; Bertoli-Avella AM; van Swieten J; Axenovich TI; Heutink P; van Broeckhoven C; Oostra BA; van Duijn CM,"Alzheimer disease (AD) is the most common cause of dementia. We conducted a genome screen of 103 patients with late-onset AD who were ascertained as part of the Genetic Research in Isolated Populations (GRIP) program that is conducted in a recently isolated population from the southwestern area of The Netherlands. All patients and their 170 closely related relatives were genotyped using 402 microsatellite markers. Extensive genealogy information was collected, which resulted in an extremely large and complex pedigree of 4,645 members. The pedigree was split into 35 subpedigrees, to reduce the computational burden of linkage analysis. Simulations aiming to evaluate the effect of pedigree splitting on false-positive probabilities showed that a LOD score of 3.64 corresponds to 5% genomewide type I error. Multipoint analysis revealed four significant and one suggestive linkage peaks. The strongest evidence of linkage was found for chromosome 1q21 (heterogeneity LOD [HLOD]=5.20 at marker D1S498). Approximately 30 cM upstream of this locus, we found another peak at 1q25 (HLOD=4.0 at marker D1S218). These two loci are in a previously established linkage region. We also confirmed the AD locus at 10q22-24 (HLOD=4.15 at marker D10S185). There was significant evidence of linkage of AD to chromosome 3q22-24 (HLOD=4.44 at marker D3S1569). For chromosome 11q24-25, there was suggestive evidence of linkage (HLOD=3.29 at marker D11S1320). We next tested for association between cognitive function and 4,173 single-nucleotide polymorphisms in the linked regions in an independent sample consisting of 197 individuals from the GRIP region. After adjusting for multiple testing, we were able to detect significant associations for cognitive function in four of five AD-linked regions, including the new region on chromosome 3q22-24 and regions 1q25, 10q22-24, and 11q25. With use of cognitive function as an endophenotype of AD, our study indicates the that the RGSL2, RALGPS2, and C1orf49 genes are the potential disease-causing genes at 1q25. Our analysis of chromosome 10q22-24 points to the HTR7, MPHOSPH1, and CYP2C cluster. This is the first genomewide screen that showed significant linkage to chromosome 3q23 markers. For this region, our analysis identified the NMNAT3 and CLSTN2 genes. Our findings confirm linkage to chromosome 11q25. We were unable to confirm SORL1; instead, our analysis points to the OPCML and HNT genes.",B;D;E,D,"D(7 hits: genotype, Population, locus, population) | B(1 hits: endophenotype) | E(1 hits: burden)"
17725986,17725986,2007,"Hamshere
ML",Owen MJ,"Genome-wide linkage analysis of 723 affected relative pairs with
late-onset Alzheimer's disease.",Human molecular genetics,16(22):2703-12,NR,From ADGC reviews,17725986,FALSE,17725986,Genome-wide linkage analysis of 723 affected relative pairs with late-onset Alzheimer's disease.,Human molecular genetics,2007,Hamshere ML; Holmans PA; Avramopoulos D; Bassett SS; Blacker D; Bertram L; Wiener H; Rochberg N; Tanzi RE; Myers A; Wavrant-De Vrièze F; Go R; Fallin D; Lovestone S; Hardy J; Goate A; O'Donovan M; Williams J; Owen MJ,"Previous attempts to identify genetic loci conferring risk for late-onset Alzheimer's disease (LOAD) through linkage analysis have observed some regions of linkage in common. However, due to the sometimes-considerable overlap between the samples, some of these reports cannot be considered to be independent replications. In order to assess the strength of the evidence for linkage and to obtain the best indication of the location of susceptibility genes, we have amalgamated three large samples to give a total of 723 affected relative pairs (ARPs). Multipoint, model-free ARP linkage analysis was performed. Genome-wide significant evidence for linkage was observed on 10q21.2 (LOD=3.3) and genome-wide suggestive evidence was observed on 9q22.33 (LOD=2.5) and 19q13.32 (LOD=2.0). One further region on 9p21.3 was identified with an LOD score>1. We observe no evidence to suggest that more than one locus is responsible for the linkage to 10q21.2, although this linked region may harbour more than one susceptibility gene. Evidence of allele-sharing heterogeneity between the original collection sites was observed on chromosome 9 but not on chromosome 10 or 19. Evidence for an interaction was observed between loci on chromosomes 10 and 19. Where samples overlapped, the genotyping consistency was high, estimated to average at 97.3%. Our large-scale linkage analysis consolidates clear evidence for a susceptibility locus for LOAD on 10q21.2.",D,D,"D(7 hits: genome-wide, Genome-wide, allele, locus)"
17940814,17940814,2008,Lee JH,Mayeux R,"Age-at-onset linkage analysis in Caribbean Hispanics with familial
late-onset Alzheimer's disease.",Neurogenetics,9(1):51-60,NR,From ADGC reviews,17940814,FALSE,17940814,Age-at-onset linkage analysis in Caribbean Hispanics with familial late-onset Alzheimer's disease.,Neurogenetics,2008,Lee JH; Barral S; Cheng R; Chacon I; Santana V; Williamson J; Lantigua R; Medrano M; Jimenez-Velazquez IZ; Stern Y; Tycko B; Rogaeva E; Wakutani Y; Kawarai T; St George-Hyslop P; Mayeux R,"The aim of the study was to identify chromosomal regions that may harbor putative genetic variants influencing age at onset in familial late-onset Alzheimer's disease (LOAD). Data from a genome-wide scan that included genotyping of APOE were analyzed in 1,161 individuals from 209 families of Caribbean Hispanic ancestry with a mean age at onset of 73.3 years multiply affected by LOAD. Two-point and multipoint analyses were conducted using variance component methods using 376 microsatellite markers with an average intermarker distance of 9.3 cM. Family-based test of association was also conducted for the same set of markers. Age at onset of symptoms among affected individuals was used as the quantitative trait. Our results showed that the presence of APOE-epsilon4 lowered the age at onset by 3 years. Several candidate loci were identified. Using linkage analysis strategy, the highest logarithm of odds (LOD) scores were obtained using a conservative definition of LOAD at 5q15 (LOD = 3.1), 17q25.1 (LOD = 2.94), 14q32.12 (LOD = 2.36), and 7q36.3 (LOD = 2.29) in a model that adjusted for APOE-epsilon4 and other covariates. Both linkage and family-based association identified 17p13 as a candidate region. Family-based association analysis showed markers at 12q13 (p = 0.00002), 13q33 (p = 0.00043), and 14q23 (p = 0.00046) to be significantly associated with age at onset. The current study supports the hypothesis that there are additional genetic loci that could influence age at onset of late onset Alzheimer's disease. The novel loci at 5q15, 17q25.1, 13q33, and 17p13 and the previously reported loci at 7q36.3, 12q13, 14q23, and 14q32 need further investigation.",B;D;E;F,D,"D(2 hits: genome-wide, variant) | B(1 hits: quantitative trait) | E(1 hits: support) | F(1 hits: method)"
17957224,17957224,2008,Sillen A,Graff C,"Expanded high-resolution genetic study of 109 Swedish families
with Alzheimer's disease.","European journal of human genetics :
EJHG",16(2):202-8,NR,From ADGC reviews,17957224,FALSE,17957224,Expanded high-resolution genetic study of 109 Swedish families with Alzheimer's disease.,European journal of human genetics : EJHG,2008,Sillén A; Andrade J; Lilius L; Forsell C; Axelman K; Odeberg J; Winblad B; Graff C,"Alzheimer's disease (AD) is a neurodegenerative disease that affects approximately 20 million persons all over the world. There are both sporadic and familial forms of AD. We have previously reported a genome-wide linkage analysis on 71 Swedish AD families using 365 genotyped microsatellite markers. In this study, we increased the number of individuals included in the original 71 analysed families besides adding 38 new families. These 109 families were genotyped for 1100 novel microsatellite markers. The present study reports on the linkage data generated from the non-overlapping genotypes from the first genome scan and the genotypes of the present scan, which results in a total of 1289 successfully genotyped markers at an average density of 2.85 cM on 468 individuals from 109 AD families. Non-parametric linkage analysis yielded a significant multipoint LOD score in chromosome 19q13, the region harbouring the major susceptibility gene APOE, both for the whole set of families (LOD=5.0) and the APOE varepsilon4-positive subgroup made up of 63 families (LOD=5.3). Other suggestive linkage peaks that were observed in the original genome scan of 71 Swedish AD families were not detected in this extended analysis, and the previously reported linkage signals in chromosomes 9, 10 and 12 were not replicated.",D,D,"D(6 hits: genome-wide, genotype)"
17474819,17474819,2007,Coon KD,Stephan DA,"A high-density whole-genome association study reveals that APOE is
the major susceptibility gene for sporadic late-onset Alzheimer's
disease.",The Journal of clinical psychiatry,68(4):613-8,NR,GWAS catalog,17474819,FALSE,17474819,A high-density whole-genome association study reveals that APOE is the major susceptibility gene for sporadic late-onset Alzheimer's disease.,The Journal of clinical psychiatry,2007,Coon KD; Myers AJ; Craig DW; Webster JA; Pearson JV; Lince DH; Zismann VL; Beach TG; Leung D; Bryden L; Halperin RF; Marlowe L; Kaleem M; Walker DG; Ravid R; Heward CB; Rogers J; Papassotiropoulos A; Reiman EM; Hardy J; Stephan DA,"While the apolipoprotein E (APOE) epsilon allele is a well-established risk factor for late-onset Alzheimer's disease (AD), initial genome scans using microsatellite markers in late-onset AD failed to identify this locus on chromosome 19. Recently developed methods for the simultaneous assessment of hundreds of thousands of single nucleotide polymorphisms (SNPs) promise to help more precisely identify loci that contribute to the risk of AD and other common multigenic conditions. We sought here to demonstrate that more precise identification of loci that are associated with complex, multi-genic genetic disorders can be achieved using ultra-high-density whole-genome associations by demonstrating their ability to identify the APOE locus as a major susceptibility gene for late-onset AD, despite the absence of SNPs within the APOE locus itself, as well as to refine odds ratios (ORs) based on gold-standard phenotyping of the study population. An individualized genome-wide association study using 502,627 SNPs was performed in 1086 his-topathologically verified AD cases and controls to determine the OR associated with genes predisposing to Alzheimer's disease. As predicted, ultra-high-density SNP genotyping, in contrast to traditional microsatellite-based genome screening approaches, precisely identified the APOE locus as having a significant association with late-onset AD. SNP rs4420638 on chromosome 19, located 14 kilobase pairs distal to the APOE epsilon variant, significantly distinguished between AD cases and controls (Bonferroni corrected p value = 5.30 x 10(-34), OR = 4.01) and was far more strongly associated with the risk of AD than any other SNP of the 502,627 tested. This study provides empirical support for the suggestion that the APOE locus is the major susceptibility gene for late-onset AD in the human genome, with an OR significantly greater than any other locus in the human genome. It also supports the feasibility of the ultra-high-density whole-genome association approach to the study of AD and other heritable phenotypes. These whole-genome association studies show great promise to identify additional genes that contribute to the risk of AD.",D;E;F,D,"D(19 hits: allele, locus, genome-wide, SNP, population) | E(2 hits: support) | F(1 hits: method)"
17553421,17553421,2007,Reiman EM,Stephan DA,GAB2 alleles modify Alzheimer's risk in APOE epsilon4 carriers.,Neuron,54(5):713-20,Table 1,GWAS catalog,17553421,FALSE,17553421,GAB2 alleles modify Alzheimer's risk in APOE epsilon4 carriers.,Neuron,2007,Reiman EM; Webster JA; Myers AJ; Hardy J; Dunckley T; Zismann VL; Joshipura KD; Pearson JV; Hu-Lince D; Huentelman MJ; Craig DW; Coon KD; Liang WS; Herbert RH; Beach T; Rohrer KC; Zhao AS; Leung D; Bryden L; Marlowe L; Kaleem M; Mastroeni D; Grover A; Heward CB; Ravid R; Rogers J; Hutton ML; Melquist S; Petersen RC; Alexander GE; Caselli RJ; Kukull W; Papassotiropoulos A; Stephan DA,"The apolipoprotein E (APOE) epsilon4 allele is the best established genetic risk factor for late-onset Alzheimer's disease (LOAD). We conducted genome-wide surveys of 502,627 single-nucleotide polymorphisms (SNPs) to characterize and confirm other LOAD susceptibility genes. In epsilon4 carriers from neuropathologically verified discovery, neuropathologically verified replication, and clinically characterized replication cohorts of 1411 cases and controls, LOAD was associated with six SNPs from the GRB-associated binding protein 2 (GAB2) gene and a common haplotype encompassing the entire GAB2 gene. SNP rs2373115 (p = 9 x 10(-11)) was associated with an odds ratio of 4.06 (confidence interval 2.81-14.69), which interacts with APOE epsilon4 to further modify risk. GAB2 was overexpressed in pathologically vulnerable neurons; the Gab2 protein was detected in neurons, tangle-bearing neurons, and dystrophic neuritis; and interference with GAB2 gene expression increased tau phosphorylation. Our findings suggest that GAB2 modifies LOAD risk in APOE epsilon4 carriers and influences Alzheimer's neuropathology.",A;D,D,"D(9 hits: allele, genome-wide, cohort, SNP, genetic risk factor) | A(6 hits: Neuron, neuron, tau, gene expression)"
17975299,17975299,2008,Webster JA,Stephan DA,Sorl1 as an Alzheimer's disease predisposition gene?,Neuro-degenerative diseases,5(2):60-4,Table 1,GWAS catalog,17975299,FALSE,17975299,Sorl1 as an Alzheimer's disease predisposition gene?,Neuro-degenerative diseases,2008,Webster JA; Myers AJ; Pearson JV; Craig DW; Hu-Lince D; Coon KD; Zismann VL; Beach T; Leung D; Bryden L; Halperin RF; Marlowe L; Kaleem M; Huentelman MJ; Joshipura K; Walker D; Heward CB; Ravid R; Rogers J; Papassotiropoulos A; Hardy J; Reiman EM; Stephan DA,"Alzheimer's disease (AD) is a neurodegenerative disorder characterized by progressively disabling impairments in memory, cognition, and non-cognitive behavioural symptoms. Sporadic AD is multifactorial and genetically complex. While several monogenic mutations cause early-onset AD and gene alleles have been suggested as AD susceptibility factors, the only extensively validated susceptibility gene for late-onset AD is the apolipoprotein E (APOE) epsilon4 allele. Alleles of the APOE gene do not account for all of the genetic load calculated to be responsible for AD predisposition. Recently, polymorphisms across the neuronal sortilin-related receptor (SORL1) gene were shown to be significantly associated with AD in several cohorts. Here we present the results of our large case-control whole-genome scan at over 500,000 polymorphisms which presents weak evidence for association and potentially narrows the association interval.",A;D,D,"D(4 hits: cohort, allele, Allele) | A(1 hits: neuron)"
17998437,17998437,2008,Li H,Roses AD,"Candidate single-nucleotide polymorphisms from a genomewide
association study of Alzheimer disease.",Archives of neurology,65(1):45-53,"Table 2,3",GWAS catalog,17998437,FALSE,17998437,Candidate single-nucleotide polymorphisms from a genomewide association study of Alzheimer disease.,Archives of neurology,2008,Li H; Wetten S; Li L; St Jean PL; Upmanyu R; Surh L; Hosford D; Barnes MR; Briley JD; Borrie M; Coletta N; Delisle R; Dhalla D; Ehm MG; Feldman HH; Fornazzari L; Gauthier S; Goodgame N; Guzman D; Hammond S; Hollingworth P; Hsiung GY; Johnson J; Kelly DD; Keren R; Kertesz A; King KS; Lovestone S; Loy-English I; Matthews PM; Owen MJ; Plumpton M; Pryse-Phillips W; Prinjha RK; Richardson JC; Saunders A; Slater AJ; St George-Hyslop PH; Stinnett SW; Swartz JE; Taylor RL; Wherrett J; Williams J; Yarnall DP; Gibson RA; Irizarry MC; Middleton LT; Roses AD,"To identify single-nucleotide polymorphisms (SNPs) associated with risk and age at onset of Alzheimer disease (AD) in a genomewide association study of 469 438 SNPs. Case-control study with replication. Memory referral clinics in Canada and the United Kingdom. The hypothesis-generating data set consisted of 753 individuals with AD by National Institute of Neurological and Communicative Diseases and Stroke/Alzheimer's Disease and Related Disorders Association criteria recruited from 9 memory referral clinics in Canada and 736 ethnically matched control subjects; control subjects were recruited from nonbiological relatives, friends, or spouses of the patients and did not exhibit cognitive impairment by history or cognitive testing. The follow-up data set consisted of 418 AD cases and 249 nondemented control cases from the United Kingdom Medical Research Council Genetic Resource for Late-Onset AD recruited from clinics at Cardiff University, Cardiff, Wales, and King's College London, London, England. Odds ratios and 95% confidence intervals for association of SNPs with AD by logistic regression adjusted for age, sex, education, study site, and French Canadian ancestry (for the Canadian data set). Hazard ratios and 95% confidence intervals from Cox proportional hazards regression for age at onset with similar covariate adjustments. Unadjusted, SNP RS4420638 within APOC1 was strongly associated with AD due entirely to linkage disequilibrium with APOE. In the multivariable adjusted analyses, 3 SNPs within the top 120 by P value in the logistic analysis and 1 in the Cox analysis of the Canadian data set provided additional evidence for association at P< .05 within the United Kingdom Medical Research Council data set: RS7019241 (GOLPH2), RS10868366 (GOLPH2), RS9886784 (chromosome 9), and RS10519262 (intergenic between ATP8B4 and SLC27A2). Our genomewide association analysis again identified the APOE linkage disequilibrium region as the strongest genetic risk factor for AD. This could be a consequence of the coevolution of more than 1 susceptibility allele, such as APOC1, in this region. We also provide new evidence for additional candidate genetic risk factors for AD that can be tested in further studies.",D;F,D,"D(11 hits: allele, genetic risk factor, association study, SNP) | F(1 hits: Resource)"
18449908,18449908,2009,Poduslo SE,Smith S,"Genome screen of late-onset Alzheimer's extended pedigrees
identifies TRPC4AP by haplotype analysis.","American journal of medical
genetics. Part B, Neuropsychiatric
genetics : the official publication of
the International Society of
Psychiatric Genetics",150B(1):50-5,Table 1,GWAS catalog,18449908,FALSE,18449908,Genome screen of late-onset Alzheimer's extended pedigrees identifies TRPC4AP by haplotype analysis.,"American journal of medical genetics. Part B, Neuropsychiatric genetics : the official publication of the International Society of Psychiatric Genetics",2009,Poduslo SE; Huang R; Huang J; Smith S,"Alzheimer's disease is a complex progressive neurodegenerative disorder with profound cognitive decline. Multiple susceptibility genetic variants have been identified with equivocal replication. While rare, collections of extended pedigrees with multiple affected family members are invaluable for genome-wide screens. We have used two extended pedigrees, having 14-15 siblings with four to five affected late-onset Alzheimer's disease patients in each, to identify the gene, transient receptor potential cation channel, subfamily C, member 4 associated protein (TRPC4AP), on chromosome 20q11.22, as relevant for the disease. Multiple significant SNPs in this gene were found with the initial genome scan (after Bonferroni correction). Additional SNPs were assessed in the families and in the controls which were also significant by haplotype analysis. Moreover, 36% of the patients' haplotypes in our collection of late-onset patients had the same haplotype. These results suggest that TRPC4AP is involved with the disease in these late-onset Alzheimer's families. The results also confirm the use of the genome-wide association study for identifying new genetic variants of complex diseases.",D,D,"D(7 hits: genome-wide, SNP, association study, variant)"
18823527,18823527,2008,Abraham R,Kirov G,"A genome-wide association study for late-onset Alzheimer's disease
using DNA pooling.",BMC medical genomics,1:44,"Table 1,2",GWAS catalog,18823527,FALSE,18823527,A genome-wide association study for late-onset Alzheimer's disease using DNA pooling.,BMC medical genomics,2008,Abraham R; Moskvina V; Sims R; Hollingworth P; Morgan A; Georgieva L; Dowzell K; Cichon S; Hillmer AM; O'Donovan MC; Williams J; Owen MJ; Kirov G,"Late-onset Alzheimer's disease (LOAD) is an age related neurodegenerative disease with a high prevalence that places major demands on healthcare resources in societies with increasingly aged populations. The only extensively replicable genetic risk factor for LOAD is the apolipoprotein E gene. In order to identify additional genetic risk loci we have conducted a genome-wide association (GWA) study in a large LOAD case - control sample, reducing costs through the use of DNA pooling. DNA samples were collected from 1,082 individuals with LOAD and 1,239 control subjects. Age at onset ranged from 60 to 95 and Controls were matched for age (mean = 76.53 years, SD = 33), gender and ethnicity. Equimolar amounts of each DNA sample were added to either a case or control pool. The pools were genotyped using Illumina HumanHap300 and Illumina Sentrix HumanHap240S arrays testing 561,494 SNPs. 114 of our best hit SNPs from the pooling data were identified and then individually genotyped in the case - control sample used to construct the pools. Highly significant association with LOAD was observed at the APOE locus confirming the validity of the pooled genotyping approach.For 109 SNPs outside the APOE locus, we obtained uncorrected p-values </= 0.05 for 74 after individual genotyping. To further test these associations, we added control data from 1400 subjects from the 1958 Birth Cohort with the evidence for association increasing to 3.4 x 10-6 for our strongest finding, rs727153.rs727153 lies 13 kb from the start of transcription of lecithin retinol acyltransferase (phosphatidylcholine - retinol O-acyltransferase, LRAT). Five of seven tag SNPs chosen to cover LRAT showed significant association with LOAD with a SNP in intron 2 of LRAT, showing greatest evidence of association (rs201825, p-value = 6.1 x 10-7). We have validated the pooling method for GWA studies by both identifying the APOE locus and by observing a strong enrichment for significantly associated SNPs. We provide evidence for LRAT as a novel candidate gene for LOAD. LRAT plays a prominent role in the Vitamin A cascade, a system that has been previously implicated in LOAD.",D;E;F,D,"D(21 hits: Cohort, prevalence, locus, risk loci, genome-wide) | F(2 hits: method, resource) | E(1 hits: cost)"
18976728,18976728,2008,Bertram L,Tanzi RE,"Genome-wide association analysis reveals putative Alzheimer's
disease susceptibility loci in addition to APOE.",American journal of human genetics,83(5):623-32,"Table 1,2",GWAS catalog,18976728,FALSE,18976728,Genome-wide association analysis reveals putative Alzheimer's disease susceptibility loci in addition to APOE.,American journal of human genetics,2008,Bertram L; Lange C; Mullin K; Parkinson M; Hsiao M; Hogan MF; Schjeide BM; Hooli B; Divito J; Ionita I; Jiang H; Laird N; Moscarillo T; Ohlsen KL; Elliott K; Wang X; Hu-Lince D; Ryder M; Murphy A; Wagner SL; Blacker D; Becker KD; Tanzi RE,"Alzheimer's disease (AD) is a genetically complex and heterogeneous disorder. To date four genes have been established to either cause early-onset autosomal-dominant AD (APP, PSEN1, and PSEN2(1-4)) or to increase susceptibility for late-onset AD (APOE5). However, the heritability of late-onset AD is as high as 80%, (6) and much of the phenotypic variance remains unexplained to date. We performed a genome-wide association (GWA) analysis using 484,522 single-nucleotide polymorphisms (SNPs) on a large (1,376 samples from 410 families) sample of AD families of self-reported European descent. We identified five SNPs showing either significant or marginally significant genome-wide association with a multivariate phenotype combining affection status and onset age. One of these signals (p = 5.7 x 10(-14)) was elicited by SNP rs4420638 and probably reflects APOE-epsilon4, which maps 11 kb proximal (r2 = 0.78). The other four signals were tested in three additional independent AD family samples composed of nearly 2700 individuals from almost 900 families. Two of these SNPs showed significant association in the replication samples (combined p values 0.007 and 0.00002). The SNP (rs11159647, on chromosome 14q31) with the strongest association signal also showed evidence of association with the same allele in GWA data generated in an independent sample of approximately 1,400 AD cases and controls (p = 0.04). Although the precise identity of the underlying locus(i) remains elusive, our study provides compelling evidence for the existence of at least one previously undescribed AD gene that, like APOE-epsilon4, primarily acts as a modifier of onset age.",D,D,"D(12 hits: allele, locus, genome-wide, Genome-wide, heritability)"
19118814,19118814,2009,"Beecham
GW",Pericak-Vance MA,"Genome-wide association study implicates a chromosome 12 risk
locus for late-onset Alzheimer disease.",American journal of human genetics,84(1):35-43,"Table 2,3,5",GWAS catalog,19118814,FALSE,19118814,Genome-wide association study implicates a chromosome 12 risk locus for late-onset Alzheimer disease.,American journal of human genetics,2009,Beecham GW; Martin ER; Li YJ; Slifer MA; Gilbert JR; Haines JL; Pericak-Vance MA,"Only Apolipoprotein E polymorphisms have been consistently associated with the risk of late-onset Alzheimer disease (LOAD), but they represent only a minority of the underlying genetic effect. To identify additional LOAD risk loci, we performed a genome-wide association study (GWAS) on 492 LOAD cases and 498 cognitive controls using Illumina's HumanHap550 beadchip. An additional 238 cases and 220 controls were used as a validation data set for single-nucleotide polymorphisms (SNPs) that met genome-wide significance. To validate additional associated SNPs (p < 0.0001) and nominally associated candidate genes, we imputed SNPs from our GWAS using a previously published LOAD GWAS(1) and the IMPUTE program. Association testing was performed with the Cochran-Armitage trend test and logistic regression, and genome-wide significance was determined with the False Discovery Rate-Beta Uniform Mixture method. Extensive quality-control methods were performed at both the sample and the SNP level. The GWAS confirmed the known APOE association and identified association with a 12q13 locus at genome-wide significance; the 12q13 locus was confirmed in our validation data set. Four additional highly associated signals (1q42, 4q28, 6q14, 19q13) were replicated with the use of the imputed data set, and six candidate genes had SNPs with nominal association in both the GWAS and the joint imputated data set. These results help to further define the genetic architecture of LOAD.",D;F,D,"D(25 hits: locus, risk loci, genome-wide, Genome-wide, SNP) | F(2 hits: method)"
19125160,19125160,2010,Feulner TM,"Riemenschneider
M","Examination of the current top candidate genes for AD in a genome-
wide association study.",Molecular psychiatry,15(7):756-66,NR,GWAS catalog,19125160,FALSE,19125160,Examination of the current top candidate genes for AD in a genome-wide association study.,Molecular psychiatry,2010,Feulner TM; Laws SM; Friedrich P; Wagenpfeil S; Wurst SH; Riehle C; Kuhn KA; Krawczak M; Schreiber S; Nikolaus S; Förstl H; Kurz A; Riemenschneider M,"With the advent of technologies that allow simultaneous genotyping of thousands of single-nucleotide polymorphisms (SNPs) across the genome, the genetic contributions to complex diseases can be explored at an unprecedented detail. This study is among the first to apply the genome-wide association study (GWAS) approach to Alzheimer disease (AD). We present our GWAS results from the German population for genes included in the 'Top Results' list on the AlzGene database website. In addition to the apolipoprotein E locus, we identified nominally significant association signals in six of the ten genes investigated, albeit predominantly for SNPs other than those already published as being disease associated. Further, all of the four AD genes previously identified through GWAS also showed nominally significant association signals in our data. The results of our comparative study reinforce the necessity for replication and validation, not only of GWAS but also of candidate gene case-control studies, in different populations. Furthermore, cross-platform comparison of genotyping results can also identify new association signals. Finally, our data confirm that GWAS, regardless of the platform, are valuable for the identification of genetic variants associated with AD.",D;F,D,"D(16 hits: locus, genome-wide, SNP, population, association study) | F(1 hits: database)"
19136949,19136949,2009,"Carrasquillo
MM",Younkin SG,"Genetic variation in PCDH11X is associated with susceptibility to late-
onset Alzheimer's disease.",Nature genetics,41(2):192-8,"Table 1,2,4,5",GWAS catalog,19136949,FALSE,19136949,Genetic variation in PCDH11X is associated with susceptibility to late-onset Alzheimer's disease.,Nature genetics,2009,Carrasquillo MM; Zou F; Pankratz VS; Wilcox SL; Ma L; Walker LP; Younkin SG; Younkin CS; Younkin LH; Bisceglio GD; Ertekin-Taner N; Crook JE; Dickson DW; Petersen RC; Graff-Radford NR; Younkin SG,"By analyzing late-onset Alzheimer's disease (LOAD) in a genome-wide association study (313,504 SNPs, three series, 844 cases and 1,255 controls) and evaluating the 25 SNPs with the most significant allelic association in four additional series (1,547 cases and 1,209 controls), we identified a SNP (rs5984894) on Xq21.3 in PCDH11X that is strongly associated with LOAD in individuals of European descent from the United States. Analysis of rs5984894 by multivariable logistic regression adjusted for sex gave global P values of 5.7 x 10(-5) in stage 1, 4.8 x 10(-6) in stage 2 and 3.9 x 10(-12) in the combined data. Odds ratios were 1.75 (95% CI = 1.42-2.16) for female homozygotes (P = 2.0 x 10(-7)) and 1.26 (95% CI = 1.05-1.51) for female heterozygotes (P = 0.01) compared to female noncarriers. For male hemizygotes (P = 0.07) compared to male noncarriers, the odds ratio was 1.18 (95% CI = 0.99-1.41).",D,D,"D(5 hits: genome-wide, association study, SNP)"
19362756,19362756,2009,Butler AW,Powell JF,"Meta-analysis of linkage studies for Alzheimer's disease--a web
resource.",Neurobiology of aging,30(7):1037-47,NR,GWAS catalog,19362756,FALSE,19362756,Meta-analysis of linkage studies for Alzheimer's disease--a web resource.,Neurobiology of aging,2009,Butler AW; Ng MY; Hamshere ML; Forabosco P; Wroe R; Al-Chalabi A; Lewis CM; Powell JF,"Familial late-onset Alzheimer's disease (LOAD) shows high heritability. However, with the exception of ApoE, no well-replicated susceptibility genes have been identified to date. Several genome-wide linkage studies have nominated potential susceptibility loci but results are inconsistent, with individual scans showing few significant LOD scores. We have pooled linkage results from five independent genome scans and used the genome search meta-analysis (GSMA) method to analyse these data. The combined sample results in 2206 affected individuals and 785 families from Caucasian and Caribbean Hispanic ethnicities. The Caucasian samples included subjects from the US, the Netherlands and Sweden. Genome-wide suggestive evidence for linkage was observed on chromosomes 1p13.3-q31.1, 7pter-p21.1 and 8p22-p21.1 in the weighted GSMA analysis. The chromosome 8p region achieved the lowest summed rank p-value of 0.001. We also identified seven loci with nominally significant evidence for linkage to 3q12.3-q22.1, 6p21.1-q15, 7p14.1-q21.11, 17q24.3-qter and 19p13.3-qter. The GSMA finding suggests that these loci may harbour susceptibility genes for LOAD. We have also developed a web resource (http://alzres.iop.kcl.ac.uk/) to present additional GSMA analyses with different study selection criteria, facilitate the reanalysis of genome-wide linkage data and provide open access to the GSMA data.",D;F,D,"D(7 hits: genome-wide, Genome-wide, heritability, meta-analysis, Meta-analysis) | F(4 hits: method, resource)"
19734902,19734902,2009,Harold D,Williams J,"Genome-wide association study identifies variants at CLU and
PICALM associated with Alzheimer's disease.",Nature genetics,41(10):1088-93,"Table 1,2",GWAS catalog,19734902,FALSE,19734902,Genome-wide association study identifies variants at CLU and PICALM associated with Alzheimer's disease.,Nature genetics,2009,Harold D; Abraham R; Hollingworth P; Sims R; Gerrish A; Hamshere ML; Pahwa JS; Moskvina V; Dowzell K; Williams A; Jones N; Thomas C; Stretton A; Morgan AR; Lovestone S; Powell J; Proitsi P; Lupton MK; Brayne C; Rubinsztein DC; Gill M; Lawlor B; Lynch A; Morgan K; Brown KS; Passmore PA; Craig D; McGuinness B; Todd S; Holmes C; Mann D; Smith AD; Love S; Kehoe PG; Hardy J; Mead S; Fox N; Rossor M; Collinge J; Maier W; Jessen F; Schürmann B; Heun R; van den Bussche H; Heuser I; Kornhuber J; Wiltfang J; Dichgans M; Frölich L; Hampel H; Hüll M; Rujescu D; Goate AM; Kauwe JS; Cruchaga C; Nowotny P; Morris JC; Mayo K; Sleegers K; Bettens K; Engelborghs S; De Deyn PP; Van Broeckhoven C; Livingston G; Bass NJ; Gurling H; McQuillin A; Gwilliam R; Deloukas P; Al-Chalabi A; Shaw CE; Tsolaki M; Singleton AB; Guerreiro R; Mühleisen TW; Nöthen MM; Moebus S; Jöckel KH; Klopp N; Wichmann HE; Carrasquillo MM; Pankratz VS; Younkin SG; Holmans PA; O'Donovan M; Owen MJ; Williams J,"We undertook a two-stage genome-wide association study (GWAS) of Alzheimer's disease (AD) involving over 16,000 individuals, the most powerful AD GWAS to date. In stage 1 (3,941 cases and 7,848 controls), we replicated the established association with the apolipoprotein E (APOE) locus (most significant SNP, rs2075650, P = 1.8 x 10(-157)) and observed genome-wide significant association with SNPs at two loci not previously associated with the disease: at the CLU (also known as APOJ) gene (rs11136000, P = 1.4 x 10(-9)) and 5' to the PICALM gene (rs3851179, P = 1.9 x 10(-8)). These associations were replicated in stage 2 (2,023 cases and 2,340 controls), producing compelling evidence for association with Alzheimer's disease in the combined dataset (rs11136000, P = 8.5 x 10(-10), odds ratio = 0.86; rs3851179, P = 1.3 x 10(-9), odds ratio = 0.86).",D;F,D,"D(14 hits: locus, genome-wide, Genome-wide, SNP, association study) | F(1 hits: dataset)"
19734903,19734903,2009,Lambert JC,Amouyel P,"Genome-wide association study identifies variants at CLU and CR1
associated with Alzheimer's disease.",Nature genetics,41(10):1094-9,"Table 1,3",GWAS catalog,19734903,FALSE,19734903,Genome-wide association study identifies variants at CLU and CR1 associated with Alzheimer's disease.,Nature genetics,2009,Lambert JC; Heath S; Even G; Campion D; Sleegers K; Hiltunen M; Combarros O; Zelenika D; Bullido MJ; Tavernier B; Letenneur L; Bettens K; Berr C; Pasquier F; Fiévet N; Barberger-Gateau P; Engelborghs S; De Deyn P; Mateo I; Franck A; Helisalmi S; Porcellini E; Hanon O; European Alzheimer's Disease Initiative Investigators; de Pancorbo MM; Lendon C; Dufouil C; Jaillard C; Leveillard T; Alvarez V; Bosco P; Mancuso M; Panza F; Nacmias B; Bossù P; Piccardi P; Annoni G; Seripa D; Galimberti D; Hannequin D; Licastro F; Soininen H; Ritchie K; Blanché H; Dartigues JF; Tzourio C; Gut I; Van Broeckhoven C; Alpérovitch A; Lathrop M; Amouyel P,"The gene encoding apolipoprotein E (APOE) on chromosome 19 is the only confirmed susceptibility locus for late-onset Alzheimer's disease. To identify other risk loci, we conducted a large genome-wide association study of 2,032 individuals from France with Alzheimer's disease (cases) and 5,328 controls. Markers outside APOE with suggestive evidence of association (P < 10(-5)) were examined in collections from Belgium, Finland, Italy and Spain totaling 3,978 Alzheimer's disease cases and 3,297 controls. Two loci gave replicated evidence of association: one within CLU (also called APOJ), encoding clusterin or apolipoprotein J, on chromosome 8 (rs11136000, OR = 0.86, 95% CI 0.81-0.90, P = 7.5 x 10(-9) for combined data) and the other within CR1, encoding the complement component (3b/4b) receptor 1, on chromosome 1 (rs6656401, OR = 1.21, 95% CI 1.14-1.29, P = 3.7 x 10(-9) for combined data). Previous biological studies support roles of CLU and CR1 in the clearance of beta amyloid (Abeta) peptide, the principal constituent of amyloid plaques, which are one of the major brain lesions of individuals with Alzheimer's disease.",A;D;E,D,"D(10 hits: locus, risk loci, genome-wide, Genome-wide, association study) | A(3 hits: amyloid, Abeta) | E(1 hits: support)"
20061627,20061627,2010,Heinzen EL,Goldstein DB,"Genome-wide scan of copy number variation in late-onset
Alzheimer's disease.",Journal of Alzheimer's disease : JAD,19(1):69-77,Table 2,GWAS catalog,20061627,FALSE,20061627,Genome-wide scan of copy number variation in late-onset Alzheimer's disease.,Journal of Alzheimer's disease : JAD,2010,Heinzen EL; Need AC; Hayden KM; Chiba-Falek O; Roses AD; Strittmatter WJ; Burke JR; Hulette CM; Welsh-Bohmer KA; Goldstein DB,"Alzheimer's disease is a complex and progressive neurodegenerative disease leading to loss of memory, cognitive impairment, and ultimately death. To date, six large-scale genome-wide association studies have been conducted to identify SNPs that influence disease predisposition. These studies have confirmed the well-known APOE epsilon4 risk allele, identified a novel variant that influences disease risk within the APOE epsilon4 population, found a SNP that modifies the age of disease onset, as well as reported the first sex-linked susceptibility variant. Here we report a genome-wide scan of Alzheimer's disease in a set of 331 cases and 368 controls, extending analyses for the first time to include assessments of copy number variation. In this analysis, no new SNPs show genome-wide significance. We also screened for effects of copy number variation, and while nothing was significant, a duplication in CHRNA7 appears interesting enough to warrant further investigation.",D,D,"D(12 hits: allele, genome-wide, Genome-wide, SNP, population)"
20197096,20197096,2010,Stein JL,Thompson PM,"Genome-wide analysis reveals novel genes influencing temporal
lobe structure with relevance to neurodegeneration in Alzheimer's
disease.",NeuroImage,51(2):542-54,Table 1,GWAS catalog,20197096,FALSE,20197096,Genome-wide analysis reveals novel genes influencing temporal lobe structure with relevance to neurodegeneration in Alzheimer's disease.,NeuroImage,2010,Stein JL; Hua X; Morra JH; Lee S; Hibar DP; Ho AJ; Leow AD; Toga AW; Sul JH; Kang HM; Eskin E; Saykin AJ; Shen L; Foroud T; Pankratz N; Huentelman MJ; Craig DW; Gerber JD; Allen AN; Corneveaux JJ; Stephan DA; Webster J; DeChairo BM; Potkin SG; Jack CR Jr; Weiner MW; Thompson PM; Alzheimer's Disease Neuroimaging Initiative,"In a genome-wide association study of structural brain degeneration, we mapped the 3D profile of temporal lobe volume differences in 742 brain MRI scans of Alzheimer's disease patients, mildly impaired, and healthy elderly subjects. After searching 546,314 genomic markers, 2 single nucleotide polymorphisms (SNPs) were associated with bilateral temporal lobe volume (P<5 x 10(-7)). One SNP, rs10845840, is located in the GRIN2B gene which encodes the N-methyl-d-aspartate (NMDA) glutamate receptor NR2B subunit. This protein - involved in learning and memory, and excitotoxic cell death - has age-dependent prevalence in the synapse and is already a therapeutic target in Alzheimer's disease. Risk alleles for lower temporal lobe volume at this SNP were significantly over-represented in AD and MCI subjects vs. controls (odds ratio=1.273; P=0.039) and were associated with mini-mental state exam scores (MMSE; t=-2.114; P=0.035) demonstrating a negative effect on global cognitive function. Voxelwise maps of genetic association of this SNP with regional brain volumes, revealed intense temporal lobe effects (FDR correction at q=0.05; critical P=0.0257). This study uses large-scale brain mapping for gene discovery with implications for Alzheimer's disease.",A;B;C;D,D,"D(10 hits: prevalence, allele, genome-wide, Genome-wide, SNP) | A(2 hits: neurodegeneration) | B(2 hits: MMSE, MRI) | C(1 hits: therapeutic)"
20452100,20452100,2011,Kramer PL,Ott J,"Alzheimer disease pathology in cognitively healthy elderly: a
genome-wide study.",Neurobiology of aging,32(12):2113-22,Table 2,GWAS catalog,20452100,FALSE,20452100,Alzheimer disease pathology in cognitively healthy elderly: a genome-wide study.,Neurobiology of aging,2011,Kramer PL; Xu H; Woltjer RL; Westaway SK; Clark D; Erten-Lyons D; Kaye JA; Welsh-Bohmer KA; Troncoso JC; Markesbery WR; Petersen RC; Turner RS; Kukull WA; Bennett DA; Galasko D; Morris JC; Ott J,"Many elderly individuals remain dementia-free throughout their life. However, some of these individuals exhibit Alzheimer disease neuropathology on autopsy, evidenced by neurofibrillary tangles (NFTs) in AD-specific brain regions. We conducted a genome-wide association study to identify genetic mechanisms that distinguish non-demented elderly with a heavy NFT burden from those with a low NFT burden. The study included 299 non-demented subjects with autopsy (185 subjects with low and 114 with high NFT levels). Both a genotype test, using logistic regression, and an allele test provided consistent evidence that variants in the RELN gene are associated with neuropathology in the context of cognitive health. Immunohistochemical data for reelin expression in AD-related brain regions added support for these findings. Reelin signaling pathways modulate phosphorylation of tau, the major component of NFTs, either directly or through β-amyloid pathways that influence tau phosphorylation. Our findings suggest that up-regulation of reelin may be a compensatory response to tau-related or beta-amyloid stress associated with AD even prior to the onset of dementia.",A;D;E,A,"A(8 hits: pathway, neurofibrillary tangle, tau, amyloid) | D(7 hits: allele, genome-wide, genotype, association study, variant) | E(3 hits: burden, support)"
20460622,20460622,2010,Seshadri S,Breteler MM,"Genome-wide analysis of genetic loci associated with Alzheimer
disease.",JAMA,303(18):1832-40,"Table 2,3",GWAS catalog,20460622,FALSE,20460622,Genome-wide analysis of genetic loci associated with Alzheimer disease.,JAMA,2010,Seshadri S; Fitzpatrick AL; Ikram MA; DeStefano AL; Gudnason V; Boada M; Bis JC; Smith AV; Carassquillo MM; Lambert JC; Harold D; Schrijvers EM; Ramirez-Lorca R; Debette S; Longstreth WT Jr; Janssens AC; Pankratz VS; Dartigues JF; Hollingworth P; Aspelund T; Hernandez I; Beiser A; Kuller LH; Koudstaal PJ; Dickson DW; Tzourio C; Abraham R; Antunez C; Du Y; Rotter JI; Aulchenko YS; Harris TB; Petersen RC; Berr C; Owen MJ; Lopez-Arrieta J; Varadarajan BN; Becker JT; Rivadeneira F; Nalls MA; Graff-Radford NR; Campion D; Auerbach S; Rice K; Hofman A; Jonsson PV; Schmidt H; Lathrop M; Mosley TH; Au R; Psaty BM; Uitterlinden AG; Farrer LA; Lumley T; Ruiz A; Williams J; Amouyel P; Younkin SG; Wolf PA; Launer LJ; Lopez OL; van Duijn CM; Breteler MM; CHARGE Consortium; GERAD1 Consortium; EADI1 Consortium,"Genome-wide association studies (GWAS) have recently identified CLU, PICALM, and CR1 as novel genes for late-onset Alzheimer disease (AD). To identify and strengthen additional loci associated with AD and confirm these in an independent sample and to examine the contribution of recently identified genes to AD risk prediction in a 3-stage analysis of new and previously published GWAS on more than 35,000 persons (8371 AD cases). In stage 1, we identified strong genetic associations (P < 10(-3)) in a sample of 3006 AD cases and 14,642 controls by combining new data from the population-based Cohorts for Heart and Aging Research in Genomic Epidemiology consortium (1367 AD cases [973 incident]) with previously reported results from the Translational Genomics Research Institute and the Mayo AD GWAS. We identified 2708 single-nucleotide polymorphisms (SNPs) with P < 10(-3). In stage 2, we pooled results for these SNPs with the European AD Initiative (2032 cases and 5328 controls) to identify 38 SNPs (10 loci) with P < 10(-5). In stage 3, we combined data for these 10 loci with data from the Genetic and Environmental Risk in AD consortium (3333 cases and 6995 controls) to identify 4 SNPs with P < 1.7x10(-8). These 4 SNPs were replicated in an independent Spanish sample (1140 AD cases and 1209 controls). Genome-wide association analyses were completed in 2007-2008 and the meta-analyses and replication in 2009. Presence of Alzheimer disease. Two loci were identified to have genome-wide significance for the first time: rs744373 near BIN1 (odds ratio [OR],1.13; 95% confidence interval [CI],1.06-1.21 per copy of the minor allele; P = 1.59x10(-11)) and rs597668 near EXOC3L2/BLOC1S3/MARK4 (OR, 1.18; 95% CI, 1.07-1.29; P = 6.45x10(-9)). Associations of these 2 loci plus the previously identified loci CLU and PICALM with AD were confirmed in the Spanish sample (P < .05). However, although CLU and PICALM were confirmed to be associated with AD in this independent sample, they did not improve the ability of a model that included age, sex, and APOE to predict incident AD (improvement in area under the receiver operating characteristic curve from 0.847 to 0.849 in the Rotterdam Study and 0.702 to 0.705 in the Cardiovascular Health Study). Two genetic loci for AD were found for the first time to reach genome-wide statistical significance. These findings were replicated in an independent population. Two recently reported associations were also confirmed. These loci did not improve AD risk prediction. While not clinically useful, they may implicate biological pathways useful for future research.",A;B;D;G,D,"D(21 hits: risk prediction, Cohort, allele, Epidemiology, genome-wide) | G(3 hits: Initiative, consortium) | B(2 hits: prediction) | A(1 hits: pathway)"
20534741,20534741,2010,"Corneveaux
JJ",Huentelman MJ,"Association of CR1, CLU and PICALM with Alzheimer's disease in a
cohort of clinically characterized and neuropathologically verified
individuals.",Human molecular genetics,19(16):3295-301,Table 2,GWAS catalog,20534741,FALSE,20534741,"Association of CR1, CLU and PICALM with Alzheimer's disease in a cohort of clinically characterized and neuropathologically verified individuals.",Human molecular genetics,2010,Corneveaux JJ; Myers AJ; Allen AN; Pruzin JJ; Ramirez M; Engel A; Nalls MA; Chen K; Lee W; Chewning K; Villa SE; Meechoovet HB; Gerber JD; Frost D; Benson HL; O'Reilly S; Chibnik LB; Shulman JM; Singleton AB; Craig DW; Van Keuren-Jensen KR; Dunckley T; Bennett DA; De Jager PL; Heward C; Hardy J; Reiman EM; Huentelman MJ,"In this study, we assess 34 of the most replicated genetic associations for Alzheimer's disease (AD) using data generated on Affymetrix SNP 6.0 arrays and imputed at over 5.7 million markers from a unique cohort of over 1600 neuropathologically defined AD cases and controls (1019 cases and 591 controls). Testing the top genes from the AlzGene meta-analysis, we confirm the well-known association with APOE single nucleotide polymorphisms (SNPs), the CLU, PICALM and CR1 SNPs recently implicated in unusually large data sets, and previously implicated CST3 and ACE SNPs. In the cases of CLU, PICALM and CR1, as well as in APOE, the odds ratios we find are slightly larger than those previously reported in clinical samples, consistent with what we believe to be more accurate classification of disease in the clinically characterized and neuropathologically confirmed AD cases and controls.",B;D,D,"D(8 hits: cohort, meta-analysis, SNP) | B(1 hits: classification)"
20558387,20558387,2010,Biffi A,Rosand J,Genetic variation and neuroimaging measures in Alzheimer disease.,Archives of neurology,67(6):677-85,"Table 4,5",GWAS catalog,20558387,FALSE,20558387,Genetic variation and neuroimaging measures in Alzheimer disease.,Archives of neurology,2010,Biffi A; Anderson CD; Desikan RS; Sabuncu M; Cortellini L; Schmansky N; Salat D; Rosand J; Alzheimer's Disease Neuroimaging Initiative (ADNI),"To investigate whether genome-wide association study (GWAS)-validated and GWAS-promising candidate loci influence magnetic resonance imaging measures and clinical Alzheimer's disease (AD) status. Multicenter case-control study of genetic and neuroimaging data from the Alzheimer's Disease Neuroimaging Initiative. Multicenter GWAS. Patients A total of 168 individuals with probable AD, 357 with mild cognitive impairment, and 215 cognitively normal control individuals recruited from more than 50 Alzheimer's Disease Neuroimaging Initiative centers in the United States and Canada. All study participants had APOE and genome-wide genetic data available. We investigated the influence of GWAS-validated and GWAS-promising novel AD loci on hippocampal volume, amygdala volume, white matter lesion volume, entorhinal cortex thickness, parahippocampal gyrus thickness, and temporal pole cortex thickness. Markers at the APOE locus were associated with all phenotypes except white matter lesion volume (all false discovery rate-corrected P values < .001). Novel and established AD loci identified by prior GWASs showed a significant cumulative score-based effect (false discovery rate P = .04) on all analyzed neuroimaging measures. The GWAS-validated variants at the CR1 and PICALM loci and markers at 2 novel loci (BIN1 and CNTN5) showed association with multiple magnetic resonance imaging characteristics (false discovery rate P < .05). Loci associated with AD also influence neuroimaging correlates of this disease. Furthermore, neuroimaging analysis identified 2 additional loci of high interest for further study.",B;D;G,D,"D(12 hits: locus, genome-wide, association study, GWAS, variant) | B(10 hits: imaging) | G(2 hits: Initiative)"
20885792,20885792,2010,Naj AC,Pericak-Vance MA,"Dementia revealed: novel chromosome 6 locus for late-onset
Alzheimer disease provides genetic evidence for folate-pathway
abnormalities.",PLoS genetics,6(9):e1001130,Table 2,GWAS catalog,20885792,FALSE,20885792,Dementia revealed: novel chromosome 6 locus for late-onset Alzheimer disease provides genetic evidence for folate-pathway abnormalities.,PLoS genetics,2010,Naj AC; Beecham GW; Martin ER; Gallins PJ; Powell EH; Konidari I; Whitehead PL; Cai G; Haroutunian V; Scott WK; Vance JM; Slifer MA; Gwirtsman HE; Gilbert JR; Haines JL; Buxbaum JD; Pericak-Vance MA,"Genome-wide association studies (GWAS) of late-onset Alzheimer disease (LOAD) have consistently observed strong evidence of association with polymorphisms in APOE. However, until recently, variants at few other loci with statistically significant associations have replicated across studies. The present study combines data on 483,399 single nucleotide polymorphisms (SNPs) from a previously reported GWAS of 492 LOAD cases and 496 controls and from an independent set of 439 LOAD cases and 608 controls to strengthen power to identify novel genetic association signals. Associations exceeding the experiment-wide significance threshold (alpha=1.03x10(-7)) were replicated in an additional 1,338 cases and 2,003 controls. As expected, these analyses unequivocally confirmed APOE's risk effect (rs2075650, P=1.9x10(-36)). Additionally, the SNP rs11754661 at 151.2 Mb of chromosome 6q25.1 in the gene MTHFD1L (which encodes the methylenetetrahydrofolate dehydrogenase (NADP+ dependent) 1-like protein) was significantly associated with LOAD (P=4.70x10(-8); Bonferroni-corrected P=0.022). Subsequent genotyping of SNPs in high linkage disequilibrium (r2>0.8) with rs11754661 identified statistically significant associations in multiple SNPs (rs803424, P=0.016; rs2073067, P=0.03; rs2072064, P=0.035), reducing the likelihood of association due to genotyping error. In the replication case-control set, we observed an association of rs11754661 in the same direction as the previous association at P=0.002 (P=1.90x10(-10) in combined analysis of discovery and replication sets), with associations of similar statistical significance at several adjacent SNPs (rs17349743, P=0.005; rs803422, P=0.004). In summary, we observed and replicated a novel statistically significant association in MTHFD1L, a gene involved in the tetrahydrofolate synthesis pathway. This finding is noteworthy, as MTHFD1L may play a role in the generation of methionine from homocysteine and influence homocysteine-related pathways and as levels of homocysteine are a significant risk factor for LOAD development.",A;D,D,"D(11 hits: locus, Genome-wide, SNP, GWAS, variant) | A(4 hits: pathway)"
21059989,21059989,2011,Lee JH,Mayeux R,"Identification of novel loci for Alzheimer disease and replication of
CLU, PICALM, and BIN1 in Caribbean Hispanic individuals.",Archives of neurology,68(3):320-8,NR,GWAS catalog,21059989,FALSE,21059989,"Identification of novel loci for Alzheimer disease and replication of CLU, PICALM, and BIN1 in Caribbean Hispanic individuals.",Archives of neurology,2011,Lee JH; Cheng R; Barral S; Reitz C; Medrano M; Lantigua R; Jiménez-Velazquez IZ; Rogaeva E; St George-Hyslop PH; Mayeux R,"To identify novel loci for late-onset Alzheimer disease (LOAD) in Caribbean Hispanic individuals and to replicate the findings in a publicly available data set from the National Institute on Aging Late-Onset Alzheimer's Disease Family Study. Nested case-control genome-wide association study. The Washington Heights-Inwood Columbia Aging Project and the Estudio Familiar de Influencia Genetica de Alzheimer study. Five hundred forty-nine affected and 544 unaffected individuals of Caribbean Hispanic ancestry. The Illumina HumanHap 650Y chip for genotyping. Clinical diagnosis or pathologically confirmed diagnosis of LOAD. The strongest support for allelic association was for rs9945493 on 18q23 (P=1.7×10(-7)), but 22 additional single-nucleotide polymorphisms (SNPs) had a P value less than 9×10(-6) under 3 different analyses: unadjusted and stratified by the presence or absence of the APOE ε4 allele. Of these SNPs, 5 SNPs (rs4669573 and rs10197851 on 2p25.1; rs11711889 on 3q25.2; rs1117750 on 7p21.1; and rs7908652 on 10q23.1) were associated with LOAD in an independent cohort from the National Institute on Aging Late-Onset Alzheimer's Disease Family Study. We also replicated genetic associations for CLU, PICALM, and BIN1. Our genome-wide search of Caribbean Hispanic individuals identified several novel genetic variants associated with LOAD and replicated these associations in a white cohort. We also replicated associations in CLU, PICALM, and BIN1 in the Caribbean Hispanic cohort.",D;E,D,"D(11 hits: allele, genome-wide, cohort, SNP, association study) | E(1 hits: support)"
21098978,21098978,2011,Sherva R,Farrer LA,"Identification of novel candidate genes for Alzheimer's disease by
autozygosity mapping using genome wide SNP data.",Journal of Alzheimer's disease : JAD,23(2):349-59,"Table 3,4",GWAS catalog,21098978,FALSE,21098978,Identification of novel candidate genes for Alzheimer's disease by autozygosity mapping using genome wide SNP data.,Journal of Alzheimer's disease : JAD,2011,Sherva R; Baldwin CT; Inzelberg R; Vardarajan B; Cupples LA; Lunetta K; Bowirrat A; Naj A; Pericak-Vance M; Friedland RP; Farrer LA,"Alzheimer's disease (AD) is highly prevalent in Wadi Ara despite the low frequency of apolipoprotein E ε4 in this genetically isolated Arab community in northern Israel. We hypothesized that the reduced genetic variability in combination with increased homozygosity would facilitate identification of genetic variants that contribute to the high rate of AD in this community. AD cases (n = 124) and controls (n = 142) from Wadi Ara were genotyped for a genome-wide set of more than 300,000 single nucleotides polymorphisms (SNPs) which were used to calculate measures of population stratification and inbreeding, and to identify regions of autozygosity. Although a high degree of relatedness was evident in both AD cases and controls, controls were significantly more related and contained more autozygous regions than AD cases (p = 0.004). Eight autozygous regions on seven different chromosomes were more frequent in controls than the AD cases, and 116 SNPs in these regions, primarily on chromosomes 2, 6, and 9, were nominally associated with AD. The association with rs3130283 in AGPAT1 on chromosome 6 was observed in a meta-analysis of seven genome-wide association study (GWAS) datasets. Analysis of the full Wadi Ara GWAS dataset revealed 220 SNP associations with AD at p ≤ 10⁻⁵, and seven of these were confirmed in the replication GWAS datasets (p < 0.05). The unique population structure of Wadi Ara enhanced efforts to identify genetic variants that might partially explain the high prevalence of AD in the region. Several of these variants show modest evidence for association in other Caucasian populations.",D;F,D,"D(20 hits: prevalence, genome-wide, SNP, population, meta-analysis) | F(3 hits: dataset)"
21116278,21116278,2011,Furney SJ,Lovestone S,"Genome-wide association with MRI atrophy measures as a
quantitative trait locus for Alzheimer's disease.",Molecular psychiatry,16(11):1130-8,Table 2,GWAS catalog,21116278,FALSE,21116278,Genome-wide association with MRI atrophy measures as a quantitative trait locus for Alzheimer's disease.,Molecular psychiatry,2011,Furney SJ; Simmons A; Breen G; Pedroso I; Lunnon K; Proitsi P; Hodges A; Powell J; Wahlund LO; Kloszewska I; Mecocci P; Soininen H; Tsolaki M; Vellas B; Spenger C; Lathrop M; Shen L; Kim S; Saykin AJ; Weiner MW; Lovestone S; Alzheimer’s Disease Neuroimaging Initiative; AddNeuroMed Consortium,"Alzheimer's disease (AD) is a progressive neurodegenerative disorder with considerable evidence suggesting an initiation of disease in the entorhinal cortex and hippocampus and spreading thereafter to the rest of the brain. In this study, we combine genetics and imaging data obtained from the Alzheimer's Disease Neuroimaging Initiative and the AddNeuroMed study. To identify genetic susceptibility loci for AD, we conducted a genome-wide study of atrophy in regions associated with neurodegeneration in this condition. We identified one single-nucleotide polymorphism (SNP) with a disease-specific effect associated with entorhinal cortical volume in an intron of the ZNF292 gene (rs1925690; P-value=2.6 × 10(-8); corrected P-value for equivalent number of independent quantitative traits=7.7 × 10(-8)) and an intergenic SNP, flanking the ARPP-21 gene, with an overall effect on entorhinal cortical thickness (rs11129640; P-value=5.6 × 10(-8); corrected P-value=1.7 × 10(-7)). Gene-wide scoring also highlighted PICALM as the most significant gene associated with entorhinal cortical thickness (P-value=6.7 × 10(-6)).",A;B;D;G,B,"B(7 hits: quantitative trait, imaging, MRI) | D(7 hits: genome-wide, Genome-wide, locus, SNP) | A(1 hits: neurodegeneration) | G(1 hits: Initiative)"
21220680,21220680,2011,Reitz C,Mayeux R,"Meta-analysis of the association between variants in SORL1 and
Alzheimer disease.",Archives of neurology,68(1):99-106,"Table 3,4,5",GWAS catalog,21220680,FALSE,21220680,Meta-analysis of the association between variants in SORL1 and Alzheimer disease.,Archives of neurology,2011,Reitz C; Cheng R; Rogaeva E; Lee JH; Tokuhiro S; Zou F; Bettens K; Sleegers K; Tan EK; Kimura R; Shibata N; Arai H; Kamboh MI; Prince JA; Maier W; Riemenschneider M; Owen M; Harold D; Hollingworth P; Cellini E; Sorbi S; Nacmias B; Takeda M; Pericak-Vance MA; Haines JL; Younkin S; Williams J; van Broeckhoven C; Farrer LA; St George-Hyslop PH; Mayeux R; Genetic and Environmental Risk in Alzheimer Disease 1 Consortium,"To reexamine the association between the neuronal sortilin-related receptor gene (SORL1) and Alzheimer disease (AD). Comprehensive and unbiased meta-analysis of all published and unpublished data from case-control studies for the SORL1 single-nucleotide polymorphisms (SNPs) that had been repeatedly assessed across studies. Academic research institutions in the United States, the Netherlands, Canada, Belgium, the United Kingdom, Singapore, Japan, Sweden, Germany, France, and Italy. All published white and Asian case-control data sets, which included a total of 12,464 cases and 17,929 controls. Alzheimer disease according to the Diagnostic and Statistical Manual of Mental Disorders (Fourth Edition) and the National Institute of Neurological and Communicative Disorders and Stroke and the Alzheimer's Disease and Related Disorders Association (now known as the Alzheimer's Association). In the white data sets, several markers were associated with AD after correction for multiple testing, including previously reported SNPs 8, 9, and 10 (P < .001). In addition, the C-G-C haplotype at SNPs 8 through 10 was associated with AD risk (P < .001). In the combined Asian data sets, SNPs 19 and 23 through 25 were associated with AD risk (P < .001). The disease-associated alleles at SNPs 8, 9, and 10 (120,873,131-120,886,175 base pairs [bp]; C-G-C alleles), at SNP 19 (120,953,300 bp; G allele), and at SNPs 24 through 25 (120,988,611 bp; T and C alleles) were the same previously reported alleles. The SNPs 4 through 5, 8 through 10, 12, and 19 through 25 belong to distinct linkage disequilibrium blocks. The same alleles at SNPs 8 through 10 (C-G-C), 19 (G), and 24 and 25 (T and C) have also been associated with AD endophenotypes, including white matter hyperintensities and hippocampal atrophy on magnetic resonance imaging, cerebrospinal fluid measures of amyloid β-peptide 42, and full-length SORL1 expression in the human brain. This comprehensive meta-analysis provides confirmatory evidence that multiple SORL1 variants in distinct linkage disequilibrium blocks are associated with AD.",A;B;D,D,"D(22 hits: allele, SNP, meta-analysis, Meta-analysis, variant) | B(3 hits: imaging, Diagnostic, endophenotype) | A(2 hits: amyloid, neuron)"
21379329,21379329,2011,"Wijsman
EM",Mayeux R,"Genome-wide association of familial late-onset Alzheimer's disease
replicates BIN1 and CLU and nominates CUGBP2 in interaction with
APOE.",PLoS genetics,7(2):e1001308,"Table 4,5",GWAS catalog,21379329,FALSE,21379329,Genome-wide association of familial late-onset Alzheimer's disease replicates BIN1 and CLU and nominates CUGBP2 in interaction with APOE.,PLoS genetics,2011,Wijsman EM; Pankratz ND; Choi Y; Rothstein JH; Faber KM; Cheng R; Lee JH; Bird TD; Bennett DA; Diaz-Arrastia R; Goate AM; Farlow M; Ghetti B; Sweet RA; Foroud TM; Mayeux R; NIA-LOAD/NCRAD Family Study Group,"Late-onset Alzheimer's disease (LOAD) is the most common form of dementia in the elderly. The National Institute of Aging-Late Onset Alzheimer's Disease Family Study and the National Cell Repository for Alzheimer's Disease conducted a joint genome-wide association study (GWAS) of multiplex LOAD families (3,839 affected and unaffected individuals from 992 families plus additional unrelated neurologically evaluated normal subjects) using the 610 IlluminaQuad panel. This cohort represents the largest family-based GWAS of LOAD to date, with analyses limited here to the European-American subjects. SNPs near APOE gave highly significant results (e.g., rs2075650, p = 3.2×10(-81)), but no other genome-wide significant evidence for association was obtained in the full sample. Analyses that stratified on APOE genotypes identified SNPs on chromosome 10p14 in CUGBP2 with genome-wide significant evidence for association within APOE ε4 homozygotes (e.g., rs201119, p = 1.5×10(-8)). Association in this gene was replicated in an independent sample consisting of three cohorts. There was evidence of association for recently-reported LOAD risk loci, including BIN1 (rs7561528, p = 0.009 with, and p = 0.03 without, APOE adjustment) and CLU (rs11136000, p = 0.023 with, and p = 0.008 without, APOE adjustment), with weaker support for CR1. However, our results provide strong evidence that association with PICALM (rs3851179, p = 0.69 with, and p = 0.039 without, APOE adjustment) and EXOC3L2 is affected by correlation with APOE, and thus may represent spurious association. Our results indicate that genetic structure coupled with ascertainment bias resulting from the strong APOE association affect genome-wide results and interpretation of some recently reported associations. We show that a locus such as APOE, with large effects and strong association with disease, can lead to samples that require appropriate adjustment for this locus to avoid both false positive and false negative evidence of association. We suggest that similar adjustments may also be needed for many other large multi-site studies.",D;E;F,D,"D(17 hits: locus, risk loci, genome-wide, Genome-wide, cohort) | E(1 hits: support) | F(1 hits: Repository)"
21390209,21390209,2011,Hu X,Soares H,"Meta-analysis for genome-wide association study identifies multiple
variants at the BIN1 locus associated with late-onset Alzheimer's
disease.",PloS one,6(2):e16616,"Table 1,2,3,5",GWAS catalog,21390209,FALSE,21390209,Meta-analysis for genome-wide association study identifies multiple variants at the BIN1 locus associated with late-onset Alzheimer's disease.,PloS one,2011,Hu X; Pickering E; Liu YC; Hall S; Fournier H; Katz E; Dechairo B; John S; Van Eerdewegh P; Soares H; Alzheimer's Disease Neuroimaging Initiative,"Recent GWAS studies focused on uncovering novel genetic loci related to AD have revealed associations with variants near CLU, CR1, PICALM and BIN1. In this study, we conducted a genome-wide association study in an independent set of 1034 cases and 1186 controls using the Illumina genotyping platforms. By coupling our data with available GWAS datasets from the ADNI and GenADA, we replicated the original associations in both PICALM (rs3851179) and CR1 (rs3818361). The PICALM variant seems to be non-significant after we adjusted for APOE e4 status. We further tested our top markers in 751 independent cases and 751 matched controls. Besides the markers close to the APOE locus, a marker (rs12989701) upstream of BIN1 locus was replicated and the combined analysis reached genome-wide significance level (p = 5E-08). We combined our data with the published Harold et al. study and meta-analysis with all available 6521 cases and 10360 controls at the BIN1 locus revealed two significant variants (rs12989701, p = 1.32E-10 and rs744373, p = 3.16E-10) in limited linkage disequilibrium (r²  =  0.05) with each other. The independent contribution of both SNPs was supported by haplotype conditional analysis. We also conducted multivariate analysis in canonical pathways and identified a consistent signal in the downstream pathways targeted by Gleevec (P = 0.004 in Pfizer; P = 0.028 in ADNI and P = 0.04 in GenADA). We further tested variants in CLU, PICALM, BIN1 and CR1 for association with disease progression in 597 AD patients where longitudinal cognitive measures are sufficient. Both the PICALM and CLU variants showed nominal significant association with cognitive decline as measured by change in Clinical Dementia Rating-sum of boxes (CDR-SB) score from the baseline but did not pass multiple-test correction. Future experiments will help us better understand potential roles of these genetic loci in AD pathology.",A;D;E;F;G,D,"D(25 hits: locus, genome-wide, SNP, meta-analysis, Meta-analysis) | A(2 hits: pathway) | G(2 hits: ADNI) | E(1 hits: support) | F(1 hits: dataset)"
21627779,21627779,2011,Antunez C,Ruiz A,"The membrane-spanning 4-domains, subfamily A (MS4A) gene
cluster contains a common variant associated with Alzheimer's
disease.",Genome medicine,3(5):33,NR,GWAS catalog,21627779,FALSE,21627779,"The membrane-spanning 4-domains, subfamily A (MS4A) gene cluster contains a common variant associated with Alzheimer's disease.",Genome medicine,2011,Antúnez C; Boada M; González-Pérez A; Gayán J; Ramírez-Lorca R; Marín J; Hernández I; Moreno-Rey C; Morón FJ; López-Arrieta J; Mauleón A; Rosende-Roca M; Noguera-Perea F; Legaz-García A; Vivancos-Moreau L; Velasco J; Carrasco JM; Alegret M; Antequera-Torres M; Manzanares S; Romo A; Blanca I; Ruiz S; Espinosa A; Castaño S; García B; Martínez-Herrada B; Vinyes G; Lafuente A; Becker JT; Galán JJ; Serrano-Ríos M; Alzheimer's Disease Neuroimaging Initiative; Vázquez E; Tárraga L; Sáez ME; López OL; Real LM; Ruiz A,"In order to identify novel loci associated with Alzheimer's disease (AD), we conducted a genome-wide association study (GWAS) in the Spanish population. We genotyped 1,128 individuals using the Affymetrix Nsp I 250K chip. A sample of 327 sporadic AD patients and 801 controls with unknown cognitive status from the Spanish general population were included in our initial study. To increase the power of the study, we combined our results with those of four other public GWAS datasets by applying identical quality control filters and the same imputation methods, which were then analyzed with a global meta-GWAS. A replication sample with 2,200 sporadic AD patients and 2,301 controls was genotyped to confirm our GWAS findings. Meta-analysis of our data and independent replication datasets allowed us to confirm a novel genome-wide significant association of AD with the membrane-spanning 4-domains subfamily A (MS4A) gene cluster (rs1562990, P = 4.40E-11, odds ratio = 0.88, 95% confidence interval 0.85 to 0.91, n = 10,181 cases and 14,341 controls). Our results underscore the importance of international efforts combining GWAS datasets to isolate genetic loci for complex diseases.",D;F,D,"D(15 hits: genome-wide, population, Meta-analysis, genotype, association study) | F(4 hits: method, dataset)"
22005930,22005930,2012,"Hollingwort
h P",Williams J,"Genome-wide association study of Alzheimer's disease with
psychotic symptoms.",Molecular psychiatry,17(12):1316-27,"Table 2,3",GWAS catalog,22005930,FALSE,22005930,Genome-wide association study of Alzheimer's disease with psychotic symptoms.,Molecular psychiatry,2012,Hollingworth P; Sweet R; Sims R; Harold D; Russo G; Abraham R; Stretton A; Jones N; Gerrish A; Chapman J; Ivanov D; Moskvina V; Lovestone S; Priotsi P; Lupton M; Brayne C; Gill M; Lawlor B; Lynch A; Craig D; McGuinness B; Johnston J; Holmes C; Livingston G; Bass NJ; Gurling H; McQuillin A; GERAD Consortium; National Institute on Aging Late-Onset Alzheimer's Disease Family Study Group; Holmans P; Jones L; Devlin B; Klei L; Barmada MM; Demirci FY; DeKosky ST; Lopez OL; Passmore P; Owen MJ; O'Donovan MC; Mayeux R; Kamboh MI; Williams J,"Psychotic symptoms occur in ~40% of subjects with Alzheimer's disease (AD) and are associated with more rapid cognitive decline and increased functional deficits. They show heritability up to 61% and have been proposed as a marker for a disease subtype suitable for gene mapping efforts. We undertook a combined analysis of three genome-wide association studies (GWASs) to identify loci that (1) increase susceptibility to an AD and subsequent psychotic symptoms; or (2) modify risk of psychotic symptoms in the presence of neurodegeneration caused by AD. In all, 1299 AD cases with psychosis (AD+P), 735 AD cases without psychosis (AD-P) and 5659 controls were drawn from Genetic and Environmental Risk in AD Consortium 1 (GERAD1), the National Institute on Aging Late-Onset Alzheimer's Disease (NIA-LOAD) family study and the University of Pittsburgh Alzheimer Disease Research Center (ADRC) GWASs. Unobserved genotypes were imputed to provide data on >1.8 million single-nucleotide polymorphisms (SNPs). Analyses in each data set were completed comparing (1) AD+P to AD-P cases, and (2) AD+P cases with controls (GERAD1, ADRC only). Aside from the apolipoprotein E (APOE) locus, the strongest evidence for association was observed in an intergenic region on chromosome 4 (rs753129; 'AD+PvAD-P' P=2.85 × 10(-7); 'AD+PvControls' P=1.11 × 10(-4)). SNPs upstream of SLC2A9 (rs6834555, P=3.0 × 10(-7)) and within VSNL1 (rs4038131, P=5.9 × 10(-7)) showed strongest evidence for association with AD+P when compared with controls. These findings warrant further investigation in larger, appropriately powered samples in which the presence of psychotic symptoms in AD has been well characterized.",A;D;G,D,"D(12 hits: locus, genome-wide, Genome-wide, heritability, SNP) | A(1 hits: neurodegeneration) | G(1 hits: Consortium)"
22005931,22005931,2012,Kamboh MI,Lopez OL,"Genome-wide association analysis of age-at-onset in Alzheimer's
disease.",Molecular psychiatry,17(12):1340-6,Table 1,GWAS catalog,22005931,FALSE,22005931,Genome-wide association analysis of age-at-onset in Alzheimer's disease.,Molecular psychiatry,2012,Kamboh MI; Barmada MM; Demirci FY; Minster RL; Carrasquillo MM; Pankratz VS; Younkin SG; Saykin AJ; Alzheimer's Disease Neuroimaging Initiative; Sweet RA; Feingold E; DeKosky ST; Lopez OL,"The risk of Alzheimer's disease (AD) is strongly determined by genetic factors and recent genome-wide association studies (GWAS) have identified several genes for the disease risk. In addition to the disease risk, age-at-onset (AAO) of AD has also strong genetic component with an estimated heritability of 42%. Identification of AAO genes may help to understand the biological mechanisms that regulate the onset of the disease. Here we report the first GWAS focused on identifying genes for the AAO of AD. We performed a genome-wide meta-analysis on three samples comprising a total of 2222 AD cases. A total of ~2.5 million directly genotyped or imputed single-nucleotide polymorphisms (SNPs) were analyzed in relation to AAO of AD. As expected, the most significant associations were observed in the apolipoprotein E (APOE) region on chromosome 19 where several SNPs surpassed the conservative genome-wide significant threshold (P<5E-08). The most significant SNP outside the APOE region was located in the DCHS2 gene on chromosome 4q31.3 (rs1466662; P=4.95E-07). There were 19 additional significant SNPs in this region at P<1E-04 and the DCHS2 gene is expressed in the cerebral cortex and thus is a potential candidate for affecting AAO in AD. These findings need to be confirmed in additional well-powered samples.",D,D,"D(14 hits: genome-wide, Genome-wide, heritability, SNP, meta-analysis)"
22159054,22159054,2011,Logue MW,Farrer LA,"A comprehensive genetic association study of Alzheimer disease in
African Americans.",Archives of neurology,68(12):1569-79,"Table 4,5,6",GWAS catalog,22159054,FALSE,22159054,A comprehensive genetic association study of Alzheimer disease in African Americans.,Archives of neurology,2011,Logue MW; Schu M; Vardarajan BN; Buros J; Green RC; Go RC; Griffith P; Obisesan TO; Shatz R; Borenstein A; Cupples LA; Lunetta KL; Fallin MD; Baldwin CT; Farrer LA; Multi-Institutional Research on Alzheimer Genetic Epidemiology (MIRAGE) Study Group,"To evaluate the association of genetic variation with late-onset Alzheimer disease (AD) in African Americans, including genes implicated in recent genome-wide association studies of whites. We analyzed a genome-wide set of 2.5 million imputed markers to evaluate the genetic basis of AD in an African American population. Five hundred thirteen well-characterized African American AD cases and 496 cognitively normal African American control subjects. Data were collected from multiple sites as part of the Multi-Institutional Research on Alzheimer Genetic Epidemiology (MIRAGE) Study and the Henry Ford Health System as part of the Genetic and Environmental Risk Factors for Alzheimer Disease Among African Americans (GenerAAtions) Study. Several significant single-nucleotide polymorphisms (SNPs) were observed in the region of the apolipoprotein E gene (APOE). After adjusting for the confounding effects of APOE genotype, one of these SNPs, rs6859 in PVRL2, remained significantly associated with AD (P = .0087). Association was also observed with SNPs in CLU, PICALM, BIN1, EPHA1, MS4A, ABCA7, and CD33, although the effect direction for some SNPs and the most significant SNPs differed from findings in data sets consisting of whites. Finally, using the African American genome-wide association study data set as a discovery sample, we obtained suggestive evidence of association with SNPs for several novel candidate genes. Some genes contribute to AD pathogenesis in both white and African American cohorts, although it is unclear whether the causal variants are the same. A larger African American sample will be needed to confirm novel gene associations, which may be population specific.",D,D,"D(18 hits: Epidemiology, genome-wide, cohort, SNP, population)"
22430674,22430674,2013,Lambert JC,Amouyel P,"Genome-wide haplotype association study identifies the FRMD4A
gene as a risk locus for Alzheimer's disease.",Molecular psychiatry,18(4):461-70,NR,GWAS catalog,22430674,FALSE,22430674,Genome-wide haplotype association study identifies the FRMD4A gene as a risk locus for Alzheimer's disease.,Molecular psychiatry,2013,Lambert JC; Grenier-Boley B; Harold D; Zelenika D; Chouraki V; Kamatani Y; Sleegers K; Ikram MA; Hiltunen M; Reitz C; Mateo I; Feulner T; Bullido M; Galimberti D; Concari L; Alvarez V; Sims R; Gerrish A; Chapman J; Deniz-Naranjo C; Solfrizzi V; Sorbi S; Arosio B; Spalletta G; Siciliano G; Epelbaum J; Hannequin D; Dartigues JF; Tzourio C; Berr C; Schrijvers EM; Rogers R; Tosto G; Pasquier F; Bettens K; Van Cauwenberghe C; Fratiglioni L; Graff C; Delepine M; Ferri R; Reynolds CA; Lannfelt L; Ingelsson M; Prince JA; Chillotti C; Pilotto A; Seripa D; Boland A; Mancuso M; Bossù P; Annoni G; Nacmias B; Bosco P; Panza F; Sanchez-Garcia F; Del Zompo M; Coto E; Owen M; O'Donovan M; Valdivieso F; Caffarra P; Scarpini E; Combarros O; Buée L; Campion D; Soininen H; Breteler M; Riemenschneider M; Van Broeckhoven C; Alpérovitch A; Lathrop M; Trégouët DA; Williams J; Amouyel P,"Recently, several genome-wide association studies (GWASs) have led to the discovery of nine new loci of genetic susceptibility in Alzheimer's disease (AD). However, the landscape of the AD genetic susceptibility is far away to be complete and in addition to single-SNP (single-nucleotide polymorphism) analyses as performed in conventional GWAS, complementary strategies need to be applied to overcome limitations inherent to this type of approaches. We performed a genome-wide haplotype association (GWHA) study in the EADI1 study (n=2025 AD cases and 5328 controls) by applying a sliding-windows approach. After exclusion of loci already known to be involved in AD (APOE, BIN1 and CR1), 91 regions with suggestive haplotype effects were identified. In a second step, we attempted to replicate the best suggestive haplotype associations in the GERAD1 consortium (2820 AD cases and 6356 controls) and observed that 9 of them showed nominal association. In a third step, we tested relevant haplotype associations in a combined analysis of five additional case-control studies (5093 AD cases and 4061 controls). We consistently replicated the association of a haplotype within FRMD4A on Chr.10p13 in all the data set analyzed (OR: 1.68; 95% CI: (1.43-1.96); P=1.1 × 10(-10)). We finally searched for association between SNPs within the FRMD4A locus and Aβ plasma concentrations in three independent non-demented populations (n=2579). We reported that polymorphisms were associated with plasma Aβ42/Aβ40 ratio (best signal, P=5.4 × 10(-7)). In conclusion, combining both GWHA study and a conservative three-stage replication approach, we characterised FRMD4A as a new genetic risk factor of AD.",A;B;D;G,D,"D(15 hits: locus, genome-wide, Genome-wide, SNP, population) | A(3 hits: Aβ) | B(2 hits: plasma) | G(1 hits: consortium)"
22539578,22539578,2012,Barral S,Mayeux R,"Genotype patterns at PICALM, CR1, BIN1, CLU, and APOE genes are
associated with episodic memory.",Neurology,78(19):1464-71,"Table 3,4",GWAS catalog,22539578,FALSE,22539578,"Genotype patterns at PICALM, CR1, BIN1, CLU, and APOE genes are associated with episodic memory.",Neurology,2012,Barral S; Bird T; Goate A; Farlow MR; Diaz-Arrastia R; Bennett DA; Graff-Radford N; Boeve BF; Sweet RA; Stern Y; Wilson RS; Foroud T; Ott J; Mayeux R; National Institute on Aging Late-Onset Alzheimer's Disease Genetics Study,"Several genome-wide association studies (GWAS) have associated variants in late-onset Alzheimer disease (LOAD) susceptibility genes; however, these single nucleotide polymorphisms (SNPs) have very modest effects, suggesting that single SNP approaches may be inadequate to identify genetic risks. An alternative approach is the use of multilocus genotype patterns (MLGPs) that combine SNPs at different susceptibility genes. Using data from 1,365 subjects in the National Institute on Aging Late-Onset Alzheimer's Disease Family Study, we conducted a family-based association study in which we tabulated MLGPs for SNPs at CR1, BIN1, CLU, PICALM, and APOE. We used generalized estimating equations to model episodic memory as the dependent endophenotype of LOAD and the MLGPs as predictors while adjusting for sex, age, and education. Several genotype patterns influenced episodic memory performance. A pattern that included PICALM and CLU was the strongest genotypic profile for lower memory performance (β = -0.32, SE = 0.19, p = 0.021). The effect was stronger after addition of APOE (p = 0.016). Two additional patterns involving PICALM, CR1, and APOE and another pattern involving PICALM, BIN1, and APOE were also associated with significantly poorer memory performance (β = -0.44, SE = 0.09, p = 0.009 and β = -0.29, SE = 0.07, p = 0.012) even after exclusion of patients with LOAD. We also identified genotype pattern involving variants in PICALM, CLU, and APOE as a predictor of better memory performance (β = 0.26, SE = 0.10, p = 0.010). MLGPs provide an alternative analytical approach to predict an individual's genetic risk for episodic memory performance, a surrogate indicator of LOAD. Identifying genotypic patterns contributing to the decline of an individual's cognitive performance may be a critical step along the road to preclinical detection of Alzheimer disease.",B;D,D,"D(15 hits: locus, genotype, genome-wide, SNP, Genotype) | B(1 hits: endophenotype)"
22556362,22556362,2012,Coppola G,Geschwind DH,"Evidence for a role of the rare p.A152T variant in MAPT in increasing
the risk for FTD-spectrum and Alzheimer's diseases.",Human molecular genetics,21(15):3500-12,NR,GWAS catalog,22556362,FALSE,22556362,Evidence for a role of the rare p.A152T variant in MAPT in increasing the risk for FTD-spectrum and Alzheimer's diseases.,Human molecular genetics,2012,Coppola G; Chinnathambi S; Lee JJ; Dombroski BA; Baker MC; Soto-Ortolaza AI; Lee SE; Klein E; Huang AY; Sears R; Lane JR; Karydas AM; Kenet RO; Biernat J; Wang LS; Cotman CW; Decarli CS; Levey AI; Ringman JM; Mendez MF; Chui HC; Le Ber I; Brice A; Lupton MK; Preza E; Lovestone S; Powell J; Graff-Radford N; Petersen RC; Boeve BF; Lippa CF; Bigio EH; Mackenzie I; Finger E; Kertesz A; Caselli RJ; Gearing M; Juncos JL; Ghetti B; Spina S; Bordelon YM; Tourtellotte WW; Frosch MP; Vonsattel JP; Zarow C; Beach TG; Albin RL; Lieberman AP; Lee VM; Trojanowski JQ; Van Deerlin VM; Bird TD; Galasko DR; Masliah E; White CL; Troncoso JC; Hannequin D; Boxer AL; Geschwind MD; Kumar S; Mandelkow EM; Wszolek ZK; Uitti RJ; Dickson DW; Haines JL; Mayeux R; Pericak-Vance MA; Farrer LA; Alzheimer's Disease Genetics Consortium; Ross OA; Rademakers R; Schellenberg GD; Miller BL; Mandelkow E; Geschwind DH,"Rare mutations in the gene encoding for tau (MAPT, microtubule-associated protein tau) cause frontotemporal dementia-spectrum (FTD-s) disorders, including FTD, progressive supranuclear palsy (PSP) and corticobasal syndrome, and a common extended haplotype spanning across the MAPT locus is associated with increased risk of PSP and Parkinson's disease. We identified a rare tau variant (p.A152T) in a patient with a clinical diagnosis of PSP and assessed its frequency in multiple independent series of patients with neurodegenerative conditions and controls, in a total of 15 369 subjects. Tau p.A152T significantly increases the risk for both FTD-s (n = 2139, OR = 3.0, CI: 1.6-5.6, P = 0.0005) and Alzheimer's disease (AD) (n = 3345, OR = 2.3, CI: 1.3-4.2, P = 0.004) compared with 9047 controls. Functionally, p.A152T (i) decreases the binding of tau to microtubules and therefore promotes microtubule assembly less efficiently; and (ii) reduces the tendency to form abnormal fibers. However, there is a pronounced increase in the formation of tau oligomers. Importantly, these findings suggest that other regions of the tau protein may be crucial in regulating normal function, as the p.A152 residue is distal to the domains considered responsible for microtubule interactions or aggregation. These data provide both the first genetic evidence and functional studies supporting the role of MAPT p.A152T as a rare risk factor for both FTD-s and AD and the concept that rare variants can increase the risk for relatively common, complex neurodegenerative diseases, but since no clear significance threshold for rare genetic variation has been established, some caution is warranted until the findings are further replicated.",A;D;E,A,"A(7 hits: Tau, tau) | D(5 hits: locus, variant) | E(1 hits: support)"
22785395,22785395,2012,Gaj P,Ostrowski J,"Identification of a late onset Alzheimer's disease candidate risk
variant at 9q21.33 in Polish patients.",Journal of Alzheimer's disease : JAD,32(1):157-68,NR,GWAS catalog,22785395,FALSE,22785395,Identification of a late onset Alzheimer's disease candidate risk variant at 9q21.33 in Polish patients.,Journal of Alzheimer's disease : JAD,2012,Gaj P; Paziewska A; Bik W; Dąbrowska M; Baranowska-Bik A; Styczynska M; Chodakowska-Żebrowska M; Pfeffer-Baczuk A; Barcikowska M; Baranowska B; Ostrowski J,"Late onset Alzheimer's disease (LOAD) accounts for about 95% of all Alzheimer's disease cases. While the APOE ε4 variant seems to have unparalleled influence on increased LOAD risk, it does not explain all of the heritability of LOAD. In this study, we present the application of a cost-effective, pooled DNA genome-wide association study (GWAS) to uncover genetic risk variants associated with LOAD in Polish women diagnosed with either mild cognitive impairment (MCI) or well-defined LOAD. A group of 141 patients (94 LOAD and 47 MCI), as well as 141 controls, were assayed using Affymetrix Genome-Wide Human SNP 6.0 arrays. Allele frequency distributions were compared using χ(2)-tests, and significantly associated SNPs at p < 0.0001 with a proxy SNP were selected. GWAS marker selection was conducted using PLINK, and selected SNPs were validated on DNA samples from the same cohort using KASPar Assays. In addition, to determine the genotype of APOE variants (rs429358, rs7412), a multiplex tetra-primer amplification refractory mutation system was applied. The GWAS revealed nine SNPs associated with MCI and/or LOAD. Of these, the association of seven SNPs was confirmed by genotyping of individual patients. Furthermore, the APOE ε4 appeared to be a risk variant for LOAD, while the APOE ε3 showed a protective effect. Multivariate analysis showed association between rs7856774 and LOAD, independently from the effect of APOE variation. Pooled DNA GWAS enabled the identification of a novel LOAD candidate risk variant, rs7856774 (9q21.33), tagging a possible genomic enhancer affecting proximal transcribed elements including DAPK1 gene.",D;E,D,"D(25 hits: Genome-Wide, allele, genome-wide, cohort, heritability) | E(1 hits: cost)"
22801501,22801501,2012,Jonsson T,Stefansson K,"A mutation in APP protects against Alzheimer's disease and age-
related cognitive decline.",Nature,488(7409):96-9,NR,GWAS catalog,22801501,FALSE,22801501,A mutation in APP protects against Alzheimer's disease and age-related cognitive decline.,Nature,2012,Jonsson T; Atwal JK; Steinberg S; Snaedal J; Jonsson PV; Bjornsson S; Stefansson H; Sulem P; Gudbjartsson D; Maloney J; Hoyte K; Gustafson A; Liu Y; Lu Y; Bhangale T; Graham RR; Huttenlocher J; Bjornsdottir G; Andreassen OA; Jönsson EG; Palotie A; Behrens TW; Magnusson OT; Kong A; Thorsteinsdottir U; Watts RJ; Stefansson K,"The prevalence of dementia in the Western world in people over the age of 60 has been estimated to be greater than 5%, about two-thirds of which are due to Alzheimer's disease. The age-specific prevalence of Alzheimer's disease nearly doubles every 5 years after age 65, leading to a prevalence of greater than 25% in those over the age of 90 (ref. 3). Here, to search for low-frequency variants in the amyloid-β precursor protein (APP) gene with a significant effect on the risk of Alzheimer's disease, we studied coding variants in APP in a set of whole-genome sequence data from 1,795 Icelanders. We found a coding mutation (A673T) in the APP gene that protects against Alzheimer's disease and cognitive decline in the elderly without Alzheimer's disease. This substitution is adjacent to the aspartyl protease β-site in APP, and results in an approximately 40% reduction in the formation of amyloidogenic peptides in vitro. The strong protective effect of the A673T substitution against Alzheimer's disease provides proof of principle for the hypothesis that reducing the β-cleavage of APP may protect against the disease. Furthermore, as the A673T allele also protects against cognitive decline in the elderly without Alzheimer's disease, the two may be mediated through the same or similar mechanisms.",A;D,D,"D(6 hits: allele, prevalence, variant) | A(2 hits: amyloid)"
22832961,22832961,2012,Kamboh MI,Barmada MM,Genome-wide association study of Alzheimer's disease.,Translational psychiatry,2:e117,Table 1,GWAS catalog,22832961,FALSE,22832961,Genome-wide association study of Alzheimer's disease.,Translational psychiatry,2012,Kamboh MI; Demirci FY; Wang X; Minster RL; Carrasquillo MM; Pankratz VS; Younkin SG; Saykin AJ; Alzheimer's Disease Neuroimaging Initiative; Jun G; Baldwin C; Logue MW; Buros J; Farrer L; Pericak-Vance MA; Haines JL; Sweet RA; Ganguli M; Feingold E; Dekosky ST; Lopez OL; Barmada MM,"In addition to apolipoprotein E (APOE), recent large genome-wide association studies (GWASs) have identified nine other genes/loci (CR1, BIN1, CLU, PICALM, MS4A4/MS4A6E, CD2AP, CD33, EPHA1 and ABCA7) for late-onset Alzheimer's disease (LOAD). However, the genetic effect attributable to known loci is about 50%, indicating that additional risk genes for LOAD remain to be identified. In this study, we have used a new GWAS data set from the University of Pittsburgh (1291 cases and 938 controls) to examine in detail the recently implicated nine new regions with Alzheimer's disease (AD) risk, and also performed a meta-analysis utilizing the top 1% GWAS single-nucleotide polymorphisms (SNPs) with P<0.01 along with four independent data sets (2727 cases and 3336 controls) for these SNPs in an effort to identify new AD loci. The new GWAS data were generated on the Illumina Omni1-Quad chip and imputed at ~2.5 million markers. As expected, several markers in the APOE regions showed genome-wide significant associations in the Pittsburg sample. While we observed nominal significant associations (P<0.05) either within or adjacent to five genes (PICALM, BIN1, ABCA7, MS4A4/MS4A6E and EPHA1), significant signals were observed 69-180 kb outside of the remaining four genes (CD33, CLU, CD2AP and CR1). Meta-analysis on the top 1% SNPs revealed a suggestive novel association in the PPP1R3B gene (top SNP rs3848140 with P = 3.05E-07). The association of this SNP with AD risk was consistent in all five samples with a meta-analysis odds ratio of 2.43. This is a potential candidate gene for AD as this is expressed in the brain and is involved in lipid metabolism. These findings need to be confirmed in additional samples.",D,D,"D(18 hits: genome-wide, Genome-wide, SNP, meta-analysis, Meta-analysis)"
22881374,22881374,2012,"Cummings
AC",Haines JL,"Genome-wide association and linkage study in the Amish detects a
novel candidate late-onset Alzheimer disease gene.",Annals of human genetics,76(5):342-51,Table 4,GWAS catalog,22881374,FALSE,22881374,Genome-wide association and linkage study in the Amish detects a novel candidate late-onset Alzheimer disease gene.,Annals of human genetics,2012,Cummings AC; Jiang L; Velez Edwards DR; McCauley JL; Laux R; McFarland LL; Fuzzell D; Knebusch C; Caywood L; Reinhart-Mercer L; Nations L; Gilbert JR; Konidari I; Tramontana M; Cuccaro ML; Scott WK; Pericak-Vance MA; Haines JL,"To identify novel late-onset Alzheimer disease (LOAD) risk genes, we have analysed Amish populations of Ohio and Indiana. We performed genome-wide SNP linkage and association studies on 798 individuals (109 with LOAD). We tested association using the Modified Quasi-Likelihood Score test and also performed two-point and multipoint linkage analyses. We found that LOAD was significantly associated with APOE (P= 9.0 × 10-6) in all our ascertainment regions except for the Adams County, Indiana, community (P= 0.55). Genome-wide, the most strongly associated SNP was rs12361953 (P= 7.92 × 10-7). A very strong, genome-wide significant multipoint peak [recessive heterogeneity multipoint LOD (HLOD) = 6.14, dominant HLOD = 6.05] was detected on 2p12. Three additional loci with multipoint HLOD scores >3 were detected on 3q26, 9q31 and 18p11. Converging linkage and association results, the most significantly associated SNP under the 2p12 peak was at rs2974151 (P= 1.29 × 10-4). This SNP is located in CTNNA2, which encodes catenin alpha 2, a neuronal-specific catenin known to have function in the developing brain. These results identify CTNNA2 as a novel candidate LOAD gene, and implicate three other regions of the genome as novel LOAD loci. These results underscore the utility of using family-based linkage and association analyses in isolated populations to identify novel loci for traits with complex genetic architecture.",A;D,D,"D(12 hits: genome-wide, Genome-wide, SNP, population, genetic architecture) | A(1 hits: neuron)"
23150908,23150908,2013,Jonsson T,Stefansson K,Variant of TREM2 associated with the risk of Alzheimer's disease.,The New England journal of medicine,368(2):107-16,"Table 1,2",GWAS catalog,23150908,FALSE,23150908,Variant of TREM2 associated with the risk of Alzheimer's disease.,The New England journal of medicine,2013,Jonsson T; Stefansson H; Steinberg S; Jonsdottir I; Jonsson PV; Snaedal J; Bjornsson S; Huttenlocher J; Levey AI; Lah JJ; Rujescu D; Hampel H; Giegling I; Andreassen OA; Engedal K; Ulstein I; Djurovic S; Ibrahim-Verbaas C; Hofman A; Ikram MA; van Duijn CM; Thorsteinsdottir U; Kong A; Stefansson K,"Sequence variants, including the ε4 allele of apolipoprotein E, have been associated with the risk of the common late-onset form of Alzheimer's disease. Few rare variants affecting the risk of late-onset Alzheimer's disease have been found. We obtained the genome sequences of 2261 Icelanders and identified sequence variants that were likely to affect protein function. We imputed these variants into the genomes of patients with Alzheimer's disease and control participants and then tested for an association with Alzheimer's disease. We performed replication tests using case-control series from the United States, Norway, The Netherlands, and Germany. We also tested for a genetic association with cognitive function in a population of unaffected elderly persons. A rare missense mutation (rs75932628-T) in the gene encoding the triggering receptor expressed on myeloid cells 2 (TREM2), which was predicted to result in an R47H substitution, was found to confer a significant risk of Alzheimer's disease in Iceland (odds ratio, 2.92; 95% confidence interval [CI], 2.09 to 4.09; P=3.42×10(-10)). The mutation had a frequency of 0.46% in controls 85 years of age or older. We observed the association in additional sample sets (odds ratio, 2.90; 95% CI, 2.16 to 3.91; P=2.1×10(-12) in combined discovery and replication samples). We also found that carriers of rs75932628-T between the ages of 80 and 100 years without Alzheimer's disease had poorer cognitive function than noncarriers (P=0.003). Our findings strongly implicate variant TREM2 in the pathogenesis of Alzheimer's disease. Given the reported antiinflammatory role of TREM2 in the brain, the R47H substitution may lead to an increased predisposition to Alzheimer's disease through impaired containment of inflammatory processes. (Funded by the National Institute on Aging and others.).",D,D,"D(9 hits: population, allele, variant, Variant)"
23150934,23150934,2013,Guerreiro R,Hardy J,TREM2 variants in Alzheimer's disease.,The New England journal of medicine,368(2):117-27,Table 2,GWAS catalog,23150934,FALSE,23150934,TREM2 variants in Alzheimer's disease.,The New England journal of medicine,2013,Guerreiro R; Wojtas A; Bras J; Carrasquillo M; Rogaeva E; Majounie E; Cruchaga C; Sassi C; Kauwe JS; Younkin S; Hazrati L; Collinge J; Pocock J; Lashley T; Williams J; Lambert JC; Amouyel P; Goate A; Rademakers R; Morgan K; Powell J; St George-Hyslop P; Singleton A; Hardy J; Alzheimer Genetic Analysis Group,"Homozygous loss-of-function mutations in TREM2, encoding the triggering receptor expressed on myeloid cells 2 protein, have previously been associated with an autosomal recessive form of early-onset dementia. We used genome, exome, and Sanger sequencing to analyze the genetic variability in TREM2 in a series of 1092 patients with Alzheimer's disease and 1107 controls (the discovery set). We then performed a meta-analysis on imputed data for the TREM2 variant rs75932628 (predicted to cause a R47H substitution) from three genomewide association studies of Alzheimer's disease and tested for the association of the variant with disease. We genotyped the R47H variant in an additional 1887 cases and 4061 controls. We then assayed the expression of TREM2 across different regions of the human brain and identified genes that are differentially expressed in a mouse model of Alzheimer's disease and in control mice. We found significantly more variants in exon 2 of TREM2 in patients with Alzheimer's disease than in controls in the discovery set (P=0.02). There were 22 variant alleles in 1092 patients with Alzheimer's disease and 5 variant alleles in 1107 controls (P<0.001). The most commonly associated variant, rs75932628 (encoding R47H), showed highly significant association with Alzheimer's disease (P<0.001). Meta-analysis of rs75932628 genotypes imputed from genomewide association studies confirmed this association (P=0.002), as did direct genotyping of an additional series of 1887 patients with Alzheimer's disease and 4061 controls (P<0.001). Trem2 expression differed between control mice and a mouse model of Alzheimer's disease. Heterozygous rare variants in TREM2 are associated with a significant increase in the risk of Alzheimer's disease. (Funded by Alzheimer's Research UK and others.).",D,D,"D(16 hits: allele, meta-analysis, Meta-analysis, genotype, variant)"
23374588,23374588,2013,"Martinelli-
Boneschi F",Albani D,"Pharmacogenomics in Alzheimer's disease: a genome-wide
association study of response to cholinesterase inhibitors.",Neurobiology of aging,34(6):1711.e7-13,Table 2,GWAS catalog,23374588,FALSE,23374588,Pharmacogenomics in Alzheimer's disease: a genome-wide association study of response to cholinesterase inhibitors.,Neurobiology of aging,2013,Martinelli-Boneschi F; Giacalone G; Magnani G; Biella G; Coppi E; Santangelo R; Brambilla P; Esposito F; Lupoli S; Clerici F; Benussi L; Ghidoni R; Galimberti D; Squitti R; Confaloni A; Bruno G; Pichler S; Mayhaus M; Riemenschneider M; Mariani C; Comi G; Scarpini E; Binetti G; Forloni G; Franceschi M; Albani D,"We conducted a genome-wide association study in a cohort of 176 Italian Alzheimer's disease (AD) patients with extreme phenotype of response to cholinesterase inhibitors. Patients were classified into responders in case of positive, stable, or ≤1 worsening of mini-mental state examination score and into nonresponders if >3 points worsening during a median follow-up of 0.85 years of treatment. Forty-eight single-nucleotide polymorphisms were selected for replication in 198 additional AD-treated patients. By using the dichotomous response trait and a quantitative trait approach (change of mini-mental state examination), a nominal replication and evidence of association when combining data were achieved for 2 single-nucleotide polymorphisms associated with response to treatment: rs6720975A (pcombined = 2.9 × 10(-5), beta regression coefficient: 1.61) and rs17798800A (pcombined = 6.8 × 10(-6), odds ratio = 0.38, 95% confidence interval = 0.25-0.58). Rs6720975 maps in the intronic region of PRKCE, a protein kinase involved in several cellular functions, whereas rs17798800 is intergenic and, according to expression quantitative trait locus (eQTL) analysis, it acts as a cis-regulator of NBEA, an A kinase-anchoring protein playing a substantial role in the maturation of the nervous system. Despite its limitations, this project paves the way for the application of personalized medicine in AD patients and for collaborative efforts in this field.",B;C;D,D,"D(8 hits: genome-wide, cohort, association study, locus) | B(2 hits: quantitative trait) | C(2 hits: treatment)"
23419831,23419831,2014,"Ramanan
VK",Saykin AJ,"APOE and BCHE as modulators of cerebral amyloid deposition: a
florbetapir PET genome-wide association study.",Molecular psychiatry,19(3):351-7,NR,GWAS catalog,23419831,FALSE,23419831,APOE and BCHE as modulators of cerebral amyloid deposition: a florbetapir PET genome-wide association study.,Molecular psychiatry,2014,Ramanan VK; Risacher SL; Nho K; Kim S; Swaminathan S; Shen L; Foroud TM; Hakonarson H; Huentelman MJ; Aisen PS; Petersen RC; Green RC; Jack CR; Koeppe RA; Jagust WJ; Weiner MW; Saykin AJ; Alzheimer’s Disease Neuroimaging Initiative,"Deposition of amyloid-β (Aβ) in the cerebral cortex is thought to be a pivotal event in Alzheimer's disease (AD) pathogenesis with a significant genetic contribution. Molecular imaging can provide an early noninvasive phenotype, but small samples have prohibited genome-wide association studies (GWAS) of cortical Aβ load until now. We employed florbetapir ((18)F) positron emission tomography (PET) imaging to assess brain Aβ levels in vivo for 555 participants from the Alzheimer's Disease Neuroimaging Initiative (ADNI). More than six million common genetic variants were tested for association to quantitative global cortical Aβ load controlling for age, gender and diagnosis. Independent genome-wide significant associations were identified on chromosome 19 within APOE (apolipoprotein E) (rs429358, P=5.5 × 10(-14)) and on chromosome 3 upstream of BCHE (butyrylcholinesterase) (rs509208, P=2.7 × 10(-8)) in a region previously associated with serum BCHE activity. Together, these loci explained 15% of the variance in cortical Aβ levels in this sample (APOE 10.7%, BCHE 4.3%). Suggestive associations were identified within ITGA6, near EFNA5, EDIL3, ITGA1, PIK3R1, NFIB and ARID1B, and between NUAK1 and C12orf75. These results confirm the association of APOE with Aβ deposition and represent the largest known effect of BCHE on an AD-related phenotype. BCHE has been found in senile plaques and this new association of genetic variation at the BCHE locus with Aβ burden in humans may have implications for potential disease-modifying effects of BCHE-modulating agents in the AD spectrum.",A;B;D;E;G,A,"A(10 hits: amyloid, Aβ) | D(9 hits: locus, genome-wide, association study, GWAS, variant) | B(7 hits: imaging, serum, PET) | G(2 hits: Initiative, ADNI) | E(1 hits: burden)"
23541187,23541187,2014,"Swaminath
an S",Saykin AJ,"Association of plasma and cortical amyloid beta is modulated by
APOE epsilon4 status.","Alzheimer's & dementia : the journal
of the Alzheimer's Association",10(1):e9-e18,"Table 1,2",GWAS catalog,23541187,FALSE,23541187,Association of plasma and cortical amyloid beta is modulated by APOE ε4 status.,Alzheimer's & dementia : the journal of the Alzheimer's Association,2014,Swaminathan S; Risacher SL; Yoder KK; West JD; Shen L; Kim S; Inlow M; Foroud T; Jagust WJ; Koeppe RA; Mathis CA; Shaw LM; Trojanowski JQ; Soares H; Aisen PS; Petersen RC; Weiner MW; Saykin AJ; Alzheimer's Disease Neuroimaging Initiative,"Apolipoprotein E (APOE) ε4 allele's role as a modulator of the relationship between soluble plasma amyloid beta (Aβ) and fibrillar brain Aβ measured by Pittsburgh compound B positron emission tomography ([(11)C]PiB PET) has not been assessed. Ninety-six Alzheimer's Disease Neuroimaging Initiative participants with [(11)C]PiB scans and plasma Aβ1-40 and Aβ1-42 measurements at the time of PET scanning were included. Regional and voxelwise analyses of [(11)C]PiB data were used to determine the influence of APOE ε4 allele on association of plasma Aβ1-40, Aβ1-42, and Aβ1-40/Aβ1-42 with [(11)C]PiB uptake. In APOE ε4- but not ε4+ participants, positive relationships between plasma Aβ1-40/Aβ1-42 and [(11)C]PiB uptake were observed. Modeling the interaction of APOE and plasma Aβ1-40/Aβ1-42 improved the explained variance in [(11)C]PiB binding compared with using APOE and plasma Aβ1-40/Aβ1-42 as separate terms. The results suggest that plasma Aβ is a potential Alzheimer's disease biomarker and highlight the importance of genetic variation in interpretation of plasma Aβ levels.",A;B;D;G,A,"A(19 hits: amyloid, Aβ) | B(14 hits: imaging, PET, plasma, biomarker) | D(2 hits: allele) | G(1 hits: Initiative)"
24958192,24958192,2014,Gusareva ES,Van Steen K,"Genome-wide association interaction analysis for Alzheimer's
disease.",Neurobiology of aging,35(11):2436-2443,Table 2,GWAS catalog,24958192,FALSE,24958192,Genome-wide association interaction analysis for Alzheimer's disease.,Neurobiology of aging,2014,Gusareva ES; Carrasquillo MM; Bellenguez C; Cuyvers E; Colon S; Graff-Radford NR; Petersen RC; Dickson DW; Mahachie John JM; Bessonov K; Van Broeckhoven C; GERAD1 Consortium; Harold D; Williams J; Amouyel P; Sleegers K; Ertekin-Taner N; Lambert JC; Van Steen K,"We propose a minimal protocol for exhaustive genome-wide association interaction analysis that involves screening for epistasis over large-scale genomic data combining strengths of different methods and statistical tools. The different steps of this protocol are illustrated on a real-life data application for Alzheimer's disease (AD) (2259 patients and 6017 controls from France). Particularly, in the exhaustive genome-wide epistasis screening we identified AD-associated interacting SNPs-pair from chromosome 6q11.1 (rs6455128, the KHDRBS2 gene) and 13q12.11 (rs7989332, the CRYL1 gene) (p = 0.006, corrected for multiple testing). A replication analysis in the independent AD cohort from Germany (555 patients and 824 controls) confirmed the discovered epistasis signal (p = 0.036). This signal was also supported by a meta-analysis approach in 5 independent AD cohorts that was applied in the context of epistasis for the first time. Transcriptome analysis revealed negative correlation between expression levels of KHDRBS2 and CRYL1 in both the temporal cortex (β = -0.19, p = 0.0006) and cerebellum (β = -0.23, p < 0.0001) brain regions. This is the first time a replicable epistasis associated with AD was identified using a hypothesis free screening approach.",A;D;E;F,D,"D(8 hits: genome-wide, Genome-wide, cohort, SNP, meta-analysis) | F(4 hits: protocol, method, tool) | A(1 hits: Transcriptome) | E(1 hits: support)"
25027320,25027320,2014,Ramirez A,Nothen MM,"SUCLG2 identified as both a determinator of CSF Abeta1-42 levels
and an attenuator of cognitive decline in Alzheimer's disease.",Human molecular genetics,23(24):6644-58,"Table 2,3,4",GWAS catalog,25027320,FALSE,25027320,SUCLG2 identified as both a determinator of CSF Aβ1-42 levels and an attenuator of cognitive decline in Alzheimer's disease.,Human molecular genetics,2014,Ramirez A; van der Flier WM; Herold C; Ramonet D; Heilmann S; Lewczuk P; Popp J; Lacour A; Drichel D; Louwersheimer E; Kummer MP; Cruchaga C; Hoffmann P; Teunissen C; Holstege H; Kornhuber J; Peters O; Naj AC; Chouraki V; Bellenguez C; Gerrish A; International Genomics of Alzheimer's Project (IGAP); Alzheimer's Disease Neuroimaging Initiative (ADNI); Heun R; Frölich L; Hüll M; Buscemi L; Herms S; Kölsch H; Scheltens P; Breteler MM; Rüther E; Wiltfang J; Goate A; Jessen F; Maier W; Heneka MT; Becker T; Nöthen MM,"Cerebrospinal fluid amyloid-beta 1-42 (Aβ1-42) and phosphorylated Tau at position 181 (pTau181) are biomarkers of Alzheimer's disease (AD). We performed an analysis and meta-analysis of genome-wide association study data on Aβ1-42 and pTau181 in AD dementia patients followed by independent replication. An association was found between Aβ1-42 level and a single-nucleotide polymorphism in SUCLG2 (rs62256378) (P = 2.5×10(-12)). An interaction between APOE genotype and rs62256378 was detected (P = 9.5 × 10(-5)), with the strongest effect being observed in APOE-ε4 noncarriers. Clinically, rs62256378 was associated with rate of cognitive decline in AD dementia patients (P = 3.1 × 10(-3)). Functional microglia experiments showed that SUCLG2 was involved in clearance of Aβ1-42.",A;B;D,A,"A(11 hits: amyloid, Tau, microglia, pTau, Abeta) | D(4 hits: genome-wide, meta-analysis, association study, genotype) | B(3 hits: biomarker, CSF)"
25311924,25311924,2014,Chouraki V,Seshadri S,Genetics of Alzheimer's disease.,Advances in genetics,87:245-94,NR,GWAS catalog,25311924,FALSE,25311924,Genetics of Alzheimer's disease.,Advances in genetics,2014,Chouraki V; Seshadri S,"Alzheimer's disease (AD) represents the main form of dementia, and is a major public health problem. Despite intensive research efforts, current treatments have only marginal symptomatic benefits and there are no effective disease-modifying or preventive interventions. AD has a strong genetic component, so much research in AD has focused on identifying genetic causes and risk factors. This chapter will cover genetic discoveries in AD and their consequences in terms of improved knowledge regarding the disease and the identification of biomarkers and drug targets. First, we will discuss the study of the rare early-onset, autosomal dominant forms of AD that led to the discovery of mutations in three major genes, APP, PSEN1, and PSEN2. These discoveries have shaped our current understanding of the pathophysiology and natural history of AD as well as the development of therapeutic targets and the design of clinical trials. Then, we will explore linkage analysis and candidate gene approaches, which identified variants in Apolipoprotein E (APOE) as the major genetic risk factor for late-onset, ""sporadic"" forms of AD (LOAD), but failed to robustly identify other genetic risk factors, with the exception of variants in SORL1. The main focus of this chapter will be on recent genome-wide association studies that have successfully identified common genetic variations at over 20 loci associated with LOAD outside of the APOE locus. These loci are in or near-novel AD genes including BIN1, CR1, CLU, phosphatidylinositol-binding clathrin assembly protein (PICALM), CD33, EPHA1, MS4A4/MS4A6, ABCA7, CD2AP, SORL1, HLA-DRB5/DRB1, PTK2B, SLC24A4-RIN3, INPP5D, MEF2C, NME8, ZCWPW1, CELF1, FERMT2, CASS4, and TRIP4 and each has small effects on risk of AD (relative risks of 1.1-1.3). Finally, we will touch upon the ongoing effort to identify less frequent and rare variants through whole exome and whole genome sequencing. This effort has identified two novel genes, TREM2 and PLD3, and shown a role for APP in LOAD. The identification of these recently identified genes has implicated previously unsuspected biological pathways in the pathophysiology of AD.",A;B;C;D,D,"D(7 hits: genome-wide, genetic risk factor, locus, variant) | C(5 hits: clinical trial, treatment, drug, therapeutic, intervention) | A(1 hits: pathway) | B(1 hits: biomarker)"
30651383,30651383,2019,Chauhan G,Debette S,"Genetic and lifestyle risk factors for MRI-defined brain infarcts in a
population-based setting.",Neurology,,"Table 1,2,3,4",GWAS catalog,30651383,FALSE,30651383,Genetic and lifestyle risk factors for MRI-defined brain infarcts in a population-based setting.,Neurology,2019,"Chauhan G; Adams HHH; Satizabal CL; Bis JC; Teumer A; Sargurupremraj M; Hofer E; Trompet S; Hilal S; Smith AV; Jian X; Malik R; Traylor M; Pulit SL; Amouyel P; Mazoyer B; Zhu YC; Kaffashian S; Schilling S; Beecham GW; Montine TJ; Schellenberg GD; Kjartansson O; Guðnason V; Knopman DS; Griswold ME; Windham BG; Gottesman RF; Mosley TH; Schmidt R; Saba Y; Schmidt H; Takeuchi F; Yamaguchi S; Nabika T; Kato N; Rajan KB; Aggarwal NT; De Jager PL; Evans DA; Psaty BM; Rotter JI; Rice K; Lopez OL; Liao J; Chen C; Cheng CY; Wong TY; Ikram MK; van der Lee SJ; Amin N; Chouraki V; DeStefano AL; Aparicio HJ; Romero JR; Maillard P; DeCarli C; Wardlaw JM; Hernández MDCV; Luciano M; Liewald D; Deary IJ; Starr JM; Bastin ME; Muñoz Maniega S; Slagboom PE; Beekman M; Deelen J; Uh HW; Lemmens R; Brodaty H; Wright MJ; Ames D; Boncoraglio GB; Hopewell JC; Beecham AH; Blanton SH; Wright CB; Sacco RL; Wen W; Thalamuthu A; Armstrong NJ; Chong E; Schofield PR; Kwok JB; van der Grond J; Stott DJ; Ford I; Jukema JW; Vernooij MW; Hofman A; Uitterlinden AG; van der Lugt A; Wittfeld K; Grabe HJ; Hosten N; von Sarnowski B; Völker U; Levi C; Jimenez-Conde J; Sharma P; Sudlow CLM; Rosand J; Woo D; Cole JW; Meschia JF; Slowik A; Thijs V; Lindgren A; Melander O; Grewal RP; Rundek T; Rexrode K; Rothwell PM; Arnett DK; Jern C; Johnson JA; Benavente OR; Wasssertheil-Smoller S; Lee JM; Wong Q; Mitchell BD; Rich SS; McArdle PF; Geerlings MI; van der Graaf Y; de Bakker PIW; Asselbergs FW; Srikanth V; Thomson R; McWhirter R; Moran C; Callisaya M; Phan T; Rutten-Jacobs LCA; Bevan S; Tzourio C; Mather KA; Sachdev PS; van Duijn CM; Worrall BB; Dichgans M; Kittner SJ; Markus HS; Ikram MA; Fornage M; Launer LJ; Seshadri S; Longstreth WT Jr; Debette S; Stroke Genetics Network (SiGN), the International Stroke Genetics Consortium (ISGC), METASTROKE, Alzheimer's Disease Genetics Consortium (ADGC), and the Neurology Working Group of the Cohorts for Heart and Aging Research in Genomic Epidemiology (CHARGE) Consortium","To explore genetic and lifestyle risk factors of MRI-defined brain infarcts (BI) in large population-based cohorts. We performed meta-analyses of genome-wide association studies (GWAS) and examined associations of vascular risk factors and their genetic risk scores (GRS) with MRI-defined BI and a subset of BI, namely, small subcortical BI (SSBI), in 18 population-based cohorts (n = 20,949) from 5 ethnicities (3,726 with BI, 2,021 with SSBI). Top loci were followed up in 7 population-based cohorts (n = 6,862; 1,483 with BI, 630 with SBBI), and we tested associations with related phenotypes including ischemic stroke and pathologically defined BI. The mean prevalence was 17.7% for BI and 10.5% for SSBI, steeply rising after age 65. Two loci showed genome-wide significant association with BI: FBN2,  In this multiethnic GWAS meta-analysis, including over 20,000 population-based participants, we identified genetic risk loci for BI requiring validation once additional large datasets become available. High BP, including genetically determined, was the most significant modifiable, causal risk factor for BI.",B;D;F,D,"D(16 hits: prevalence, risk loci, genome-wide, cohort, population) | B(4 hits: MRI) | F(1 hits: dataset)"
30805717,30805717,2019,Zhu Z,Liang L,"Shared genetic architecture between metabolic traits and
Alzheimer's disease: a large-scale genome-wide cross-trait analysis.",Human genetics,138(3):271-285,NR,GWAS catalog,30805717,FALSE,30805717,Shared genetic architecture between metabolic traits and Alzheimer's disease: a large-scale genome-wide cross-trait analysis.,Human genetics,2019,Zhu Z; Lin Y; Li X; Driver JA; Liang L,"A growing number of studies clearly demonstrate a substantial link between metabolic dysfunction and the risk of Alzheimer's disease (AD), especially glucose-related dysfunction; one hypothesis for this comorbidity is the presence of a common genetic etiology. We conducted a large-scale cross-trait GWAS to investigate the genetic overlap between AD and ten metabolic traits. Among all the metabolic traits, fasting glucose, fasting insulin and HDL were found to be genetically associated with AD. Local genetic covariance analysis found that 19q13 region had strong local genetic correlation between AD and T2D (P = 6.78 × 10",D,D,"D(5 hits: genome-wide, GWAS, genetic architecture)"
30820047,30820047,2019,Kunkle BW,Pericak-Vance MA,"Genetic meta-analysis of diagnosed Alzheimer's disease identifies
new risk loci and implicates Abeta, tau, immunity and lipid
processing.",Nature genetics,51(3):414-430,"Table 1,2",GWAS catalog,30820047,FALSE,30820047,"Genetic meta-analysis of diagnosed Alzheimer's disease identifies new risk loci and implicates Aβ, tau, immunity and lipid processing.",Nature genetics,2019,"Kunkle BW; Grenier-Boley B; Sims R; Bis JC; Damotte V; Naj AC; Boland A; Vronskaya M; van der Lee SJ; Amlie-Wolf A; Bellenguez C; Frizatti A; Chouraki V; Martin ER; Sleegers K; Badarinarayan N; Jakobsdottir J; Hamilton-Nelson KL; Moreno-Grau S; Olaso R; Raybould R; Chen Y; Kuzma AB; Hiltunen M; Morgan T; Ahmad S; Vardarajan BN; Epelbaum J; Hoffmann P; Boada M; Beecham GW; Garnier JG; Harold D; Fitzpatrick AL; Valladares O; Moutet ML; Gerrish A; Smith AV; Qu L; Bacq D; Denning N; Jian X; Zhao Y; Del Zompo M; Fox NC; Choi SH; Mateo I; Hughes JT; Adams HH; Malamon J; Sanchez-Garcia F; Patel Y; Brody JA; Dombroski BA; Naranjo MCD; Daniilidou M; Eiriksdottir G; Mukherjee S; Wallon D; Uphill J; Aspelund T; Cantwell LB; Garzia F; Galimberti D; Hofer E; Butkiewicz M; Fin B; Scarpini E; Sarnowski C; Bush WS; Meslage S; Kornhuber J; White CC; Song Y; Barber RC; Engelborghs S; Sordon S; Voijnovic D; Adams PM; Vandenberghe R; Mayhaus M; Cupples LA; Albert MS; De Deyn PP; Gu W; Himali JJ; Beekly D; Squassina A; Hartmann AM; Orellana A; Blacker D; Rodriguez-Rodriguez E; Lovestone S; Garcia ME; Doody RS; Munoz-Fernadez C; Sussams R; Lin H; Fairchild TJ; Benito YA; Holmes C; Karamujić-Čomić H; Frosch MP; Thonberg H; Maier W; Roshchupkin G; Ghetti B; Giedraitis V; Kawalia A; Li S; Huebinger RM; Kilander L; Moebus S; Hernández I; Kamboh MI; Brundin R; Turton J; Yang Q; Katz MJ; Concari L; Lord J; Beiser AS; Keene CD; Helisalmi S; Kloszewska I; Kukull WA; Koivisto AM; Lynch A; Tarraga L; Larson EB; Haapasalo A; Lawlor B; Mosley TH; Lipton RB; Solfrizzi V; Gill M; Longstreth WT Jr; Montine TJ; Frisardi V; Diez-Fairen M; Rivadeneira F; Petersen RC; Deramecourt V; Alvarez I; Salani F; Ciaramella A; Boerwinkle E; Reiman EM; Fievet N; Rotter JI; Reisch JS; Hanon O; Cupidi C; Andre Uitterlinden AG; Royall DR; Dufouil C; Maletta RG; de Rojas I; Sano M; Brice A; Cecchetti R; George-Hyslop PS; Ritchie K; Tsolaki M; Tsuang DW; Dubois B; Craig D; Wu CK; Soininen H; Avramidou D; Albin RL; Fratiglioni L; Germanou A; Apostolova LG; Keller L; Koutroumani M; Arnold SE; Panza F; Gkatzima O; Asthana S; Hannequin D; Whitehead P; Atwood CS; Caffarra P; Hampel H; Quintela I; Carracedo Á; Lannfelt L; Rubinsztein DC; Barnes LL; Pasquier F; Frölich L; Barral S; McGuinness B; Beach TG; Johnston JA; Becker JT; Passmore P; Bigio EH; Schott JM; Bird TD; Warren JD; Boeve BF; Lupton MK; Bowen JD; Proitsi P; Boxer A; Powell JF; Burke JR; Kauwe JSK; Burns JM; Mancuso M; Buxbaum JD; Bonuccelli U; Cairns NJ; McQuillin A; Cao C; Livingston G; Carlson CS; Bass NJ; Carlsson CM; Hardy J; Carney RM; Bras J; Carrasquillo MM; Guerreiro R; Allen M; Chui HC; Fisher E; Masullo C; Crocco EA; DeCarli C; Bisceglio G; Dick M; Ma L; Duara R; Graff-Radford NR; Evans DA; Hodges A; Faber KM; Scherer M; Fallon KB; Riemenschneider M; Fardo DW; Heun R; Farlow MR; Kölsch H; Ferris S; Leber M; Foroud TM; Heuser I; Galasko DR; Giegling I; Gearing M; Hüll M; Geschwind DH; Gilbert JR; Morris J; Green RC; Mayo K; Growdon JH; Feulner T; Hamilton RL; Harrell LE; Drichel D; Honig LS; Cushion TD; Huentelman MJ; Hollingworth P; Hulette CM; Hyman BT; Marshall R; Jarvik GP; Meggy A; Abner E; Menzies GE; Jin LW; Leonenko G; Real LM; Jun GR; Baldwin CT; Grozeva D; Karydas A; Russo G; Kaye JA; Kim R; Jessen F; Kowall NW; Vellas B; Kramer JH; Vardy E; LaFerla FM; Jöckel KH; Lah JJ; Dichgans M; Leverenz JB; Mann D; Levey AI; Pickering-Brown S; Lieberman AP; Klopp N; Lunetta KL; Wichmann HE; Lyketsos CG; Morgan K; Marson DC; Brown K; Martiniuk F; Medway C; Mash DC; Nöthen MM; Masliah E; Hooper NM; McCormick WC; Daniele A; McCurry SM; Bayer A; McDavid AN; Gallacher J; McKee AC; van den Bussche H; Mesulam M; Brayne C; Miller BL; Riedel-Heller S; Miller CA; Miller JW; Al-Chalabi A; Morris JC; Shaw CE; Myers AJ; Wiltfang J; O'Bryant S; Olichney JM; Alvarez V; Parisi JE; Singleton AB; Paulson HL; Collinge J; Perry WR; Mead S; Peskind E; Cribbs DH; Rossor M; Pierce A; Ryan NS; Poon WW; Nacmias B; Potter H; Sorbi S; Quinn JF; Sacchinelli E; Raj A; Spalletta G; Raskind M; Caltagirone C; Bossù P; Orfei MD; Reisberg B; Clarke R; Reitz C; Smith AD; Ringman JM; Warden D; Roberson ED; Wilcock G; Rogaeva E; Bruni AC; Rosen HJ; Gallo M; Rosenberg RN; Ben-Shlomo Y; Sager MA; Mecocci P; Saykin AJ; Pastor P; Cuccaro ML; Vance JM; Schneider JA; Schneider LS; Slifer S; Seeley WW; Smith AG; Sonnen JA; Spina S; Stern RA; Swerdlow RH; Tang M; Tanzi RE; Trojanowski JQ; Troncoso JC; Van Deerlin VM; Van Eldik LJ; Vinters HV; Vonsattel JP; Weintraub S; Welsh-Bohmer KA; Wilhelmsen KC; Williamson J; Wingo TS; Woltjer RL; Wright CB; Yu CE; Yu L; Saba Y; Pilotto A; Bullido MJ; Peters O; Crane PK; Bennett D; Bosco P; Coto E; Boccardi V; De Jager PL; Lleo A; Warner N; Lopez OL; Ingelsson M; Deloukas P; Cruchaga C; Graff C; Gwilliam R; Fornage M; Goate AM; Sanchez-Juan P; Kehoe PG; Amin N; Ertekin-Taner N; Berr C; Debette S; Love S; Launer LJ; Younkin SG; Dartigues JF; Corcoran C; Ikram MA; Dickson DW; Nicolas G; Campion D; Tschanz J; Schmidt H; Hakonarson H; Clarimon J; Munger R; Schmidt R; Farrer LA; Van Broeckhoven C; C O'Donovan M; DeStefano AL; Jones L; Haines JL; Deleuze JF; Owen MJ; Gudnason V; Mayeux R; Escott-Price V; Psaty BM; Ramirez A; Wang LS; Ruiz A; van Duijn CM; Holmans PA; Seshadri S; Williams J; Amouyel P; Schellenberg GD; Lambert JC; Pericak-Vance MA; Alzheimer Disease Genetics Consortium (ADGC),; European Alzheimer’s Disease Initiative (EADI),; Cohorts for Heart and Aging Research in Genomic Epidemiology Consortium (CHARGE),; Genetic and Environmental Risk in AD/Defining Genetic, Polygenic and Environmental Risk for Alzheimer’s Disease Consortium (GERAD/PERADES),","Risk for late-onset Alzheimer's disease (LOAD), the most prevalent dementia, is partially driven by genetics. To identify LOAD risk loci, we performed a large genome-wide association meta-analysis of clinically diagnosed LOAD (94,437 individuals). We confirm 20 previous LOAD risk loci and identify five new genome-wide loci (IQCK, ACE, ADAM10, ADAMTS1, and WWOX), two of which (ADAM10, ACE) were identified in a recent genome-wide association (GWAS)-by-familial-proxy of Alzheimer's or dementia. Fine-mapping of the human leukocyte antigen (HLA) region confirms the neurological and immune-mediated disease haplotype HLA-DR15 as a risk factor for LOAD. Pathway analysis implicates immunity, lipid metabolism, tau binding proteins, and amyloid precursor protein (APP) metabolism, showing that genetic variants affecting APP and Aβ processing are associated not only with early-onset autosomal dominant Alzheimer's disease but also with LOAD. Analyses of risk genes and pathways show enrichment for rare variants (P = 1.32 × 10",A;D,D,"D(13 hits: risk loci, genome-wide, meta-analysis, GWAS, variant) | A(9 hits: amyloid, Abeta, Aβ, Pathway, pathway)"
30979435,30979435,2019,Lo MT,Chen CH,"Identification of genetic heterogeneity of Alzheimer's disease across
age.",Neurobiology of aging,84:243.e1-243.e9,NR,GWAS catalog,30979435,FALSE,30979435,Identification of genetic heterogeneity of Alzheimer's disease across age.,Neurobiology of aging,2019,Lo MT; Kauppi K; Fan CC; Sanyal N; Reas ET; Sundar VS; Lee WC; Desikan RS; McEvoy LK; Chen CH; Alzheimer's Disease Genetics Consortium,"The risk of APOE for Alzheimer's disease (AD) is modified by age. Beyond APOE, the polygenic architecture may also be heterogeneous across age. We aim to investigate age-related genetic heterogeneity of AD and identify genomic loci with differential effects across age. Stratified gene-based genome-wide association studies and polygenic variation analyses were performed in the younger (60-79 years, N = 14,895) and older (≥80 years, N = 6559) age-at-onset groups using Alzheimer's Disease Genetics Consortium data. We showed a moderate genetic correlation (r",D;G,D,"D(3 hits: genome-wide, polygenic) | G(1 hits: Consortium)"
31055733,31055733,2019,Nazarian A,Kulminski AM,"Genetic heterogeneity of Alzheimer's disease in subjects with and
without hypertension.",GeroScience,41(2):137-154,"Table 1,2,3,4,5",GWAS catalog,31055733,FALSE,31055733,Genetic heterogeneity of Alzheimer's disease in subjects with and without hypertension.,GeroScience,2019,Nazarian A; Arbeev KG; Yashkin AP; Kulminski AM,"Alzheimer's disease (AD) is a progressive neurodegenerative disorder caused by the interplay of multiple genetic and non-genetic factors. Hypertension is one of the AD risk factors that has been linked to underlying pathological changes like senile plaques and neurofibrillary tangles formation as well as hippocampal atrophy. In this study, we investigated the differences in the genetic architecture of AD between hypertensive and non-hypertensive subjects in four independent cohorts. Our genome-wide association analyses revealed significant associations of 15 novel potentially AD-associated polymorphisms (P < 5E-06) that were located outside the chromosome 19q13 region and were significant either in hypertensive or non-hypertensive groups. The closest genes to 14 polymorphisms were not associated with AD at P < 5E-06 in previous genome-wide association studies (GWAS). Also, four of them were located within two chromosomal regions (i.e., 3q13.11 and 17q21.2) that were not associated with AD at P < 5E-06 before. In addition, 30 genes demonstrated evidence of group-specific associations with AD at the false discovery rates (FDR) < 0.05 in our gene-based and transcriptome-wide association analyses. The chromosomal regions corresponding to four genes (i.e., 2p13.1, 9p13.3, 17q12, and 18q21.1) were not associated with AD at P < 5E-06 in previous GWAS. These genes may serve as a list of prioritized candidates for future functional studies. Our pathway-enrichment analyses revealed the associations of 11 non-group-specific and four group-specific pathways with AD at FDR < 0.05. These findings provided novel insights into the potential genetic heterogeneity of AD among subjects with and without hypertension.",A;D,D,"D(6 hits: genome-wide, cohort, GWAS, genetic architecture) | A(4 hits: pathway, neurofibrillary tangle, transcriptome)"
31497858,31497858,2019,"Dumitrescu
L",Hohman TJ,Sex differences in the genetic predictors of Alzheimer's pathology.,Brain : a journal of neurology,142(9):2581-2589,"Table 1,2",GWAS catalog,31497858,FALSE,31497858,Sex differences in the genetic predictors of Alzheimer's pathology.,Brain : a journal of neurology,2019,Dumitrescu L; Barnes LL; Thambisetty M; Beecham G; Kunkle B; Bush WS; Gifford KA; Chibnik LB; Mukherjee S; De Jager PL; Kukull W; Crane PK; Resnick SM; Keene CD; Montine TJ; Schellenberg GD; Deming Y; Chao MJ; Huentelman M; Martin ER; Hamilton-Nelson K; Shaw LM; Trojanowski JQ; Peskind ER; Cruchaga C; Pericak-Vance MA; Goate AM; Cox NJ; Haines JL; Zetterberg H; Blennow K; Larson EB; Johnson SC; Albert M; Alzheimer’s Disease Genetics Consortium and the Alzheimer’s Disease Neuroimaging Initiative; Bennett DA; Schneider JA; Jefferson AL; Hohman TJ,"Autopsy measures of Alzheimer's disease neuropathology have been leveraged as endophenotypes in previous genome-wide association studies (GWAS). However, despite evidence of sex differences in Alzheimer's disease risk, sex-stratified models have not been incorporated into previous GWAS analyses. We looked for sex-specific genetic associations with Alzheimer's disease endophenotypes from six brain bank data repositories. The pooled dataset included 2701 males and 3275 females, the majority of whom were diagnosed with Alzheimer's disease at autopsy (70%). Sex-stratified GWAS were performed within each dataset and then meta-analysed. Loci that reached genome-wide significance (P < 5 × 10-8) in stratified models were further assessed for sex interactions. Additional analyses were performed in independent datasets leveraging cognitive, neuroimaging and CSF endophenotypes, along with age-at-onset data. Outside of the APOE region, one locus on chromosome 7 (rs34331204) showed a sex-specific association with neurofibrillary tangles among males (P = 2.5 × 10-8) but not females (P = 0.85, sex-interaction P = 2.9 × 10-4). In follow-up analyses, rs34331204 was also associated with hippocampal volume, executive function, and age-at-onset only among males. These results implicate a novel locus that confers male-specific protection from tau pathology and highlight the value of assessing genetic associations in a sex-specific manner.",A;B;D;F,D,"D(7 hits: genome-wide, locus, GWAS) | B(5 hits: imaging, endophenotype, CSF) | F(3 hits: dataset) | A(2 hits: neurofibrillary tangle, tau)"
20932310,20932310,2010,Han MR,Wang LS,"Genome-wide association reveals genetic effects on human
Abeta42 and tau protein levels in cerebrospinal fluids: a case control
study.",BMC neurology,0.479166667,NR,"GWAS catalog, ADGC",20932310,FALSE,20932310,Genome-wide association reveals genetic effects on human Aβ42 and τ protein levels in cerebrospinal fluids: a case control study.,BMC neurology,2010,Han MR; Schellenberg GD; Wang LS; Alzheimer's Disease Neuroimaging Initiative,"Alzheimer's disease (AD) is common and highly heritable with many genes and gene variants associated with AD in one or more studies, including APOE ε2/ε3/ε4. However, the genetic backgrounds for normal cognition, mild cognitive impairment (MCI) and AD in terms of changes in cerebrospinal fluid (CSF) levels of Aβ1-42, T-tau, and P-tau181P, have not been clearly delineated. We carried out a genome-wide association study (GWAS) in order to better define the genetic backgrounds to these three states in relation to CSF levels. Subjects were participants in the Alzheimer's Disease Neuroimaging Initiative (ADNI). The GWAS dataset consisted of 818 participants (mainly Caucasian) genotyped using the Illumina Human Genome 610 Quad BeadChips. This sample included 410 subjects (119 Normal, 115 MCI and 176 AD) with measurements of CSF Aβ1-42, T-tau, and P-tau181P Levels. We used PLINK to find genetic associations with the three CSF biomarker levels. Association of each of the 498,205 SNPs was tested using additive, dominant, and general association models while considering APOE genotype and age. Finally, an effort was made to better identify relevant biochemical pathways for associated genes using the ALIGATOR software. We found that there were some associations with APOE genotype although CSF levels were about the same for each subject group; CSF Aβ1-42 levels decreased with APOE gene dose for each subject group. T-tau levels tended to be higher among AD cases than among normal subjects. From adjusted result using APOE genotype and age as covariates, no SNP was associated with CSF levels among AD subjects. CYP19A1 'aromatase' (rs2899472), NCAM2, and multiple SNPs located on chromosome 10 near the ARL5B gene demonstrated the strongest associations with Aβ1-42 in normal subjects. Two genes found to be near the top SNPs, CYP19A1 (rs2899472, p = 1.90 × 10(-7)) and NCAM2 (rs1022442, p = 2.75 × 10(-7)) have been reported as genetic factors related to the progression of AD from previous studies. In AD subjects, APOE ε2/ε3 and ε2/ε4 genotypes were associated with elevated T-tau levels and ε4/ε4 genotype was associated with elevated T-tau and P-tau181P levels. Pathway analysis detected several biological pathways implicated in Normal with CSF β-amyloid peptide (Aβ1-42). Our genome-wide association analysis identified several SNPs as important factors for CSF biomarker. We also provide new evidence for additional candidate genetic risk factors from pathway analysis that can be tested in further studies.",A;B;D;F;G,A,"A(21 hits: amyloid, Abeta, Aβ, Pathway, pathway) | D(20 hits: genome-wide, Genome-wide, SNP, genetic risk factor, genotype) | B(12 hits: imaging, biomarker, CSF) | F(2 hits: software, dataset) | G(2 hits: Initiative, ADNI)"
21123754,21123754,2011,Kim S,Saykin AJ,"Genome-wide association study of CSF biomarkers Abeta1-42, t-tau,
and p-tau181p in the ADNI cohort.",Neurology,76(1):69-79,Table 2,"GWAS catalog, ADGC",21123754,FALSE,21123754,"Genome-wide association study of CSF biomarkers Abeta1-42, t-tau, and p-tau181p in the ADNI cohort.",Neurology,2011,Kim S; Swaminathan S; Shen L; Risacher SL; Nho K; Foroud T; Shaw LM; Trojanowski JQ; Potkin SG; Huentelman MJ; Craig DW; DeChairo BM; Aisen PS; Petersen RC; Weiner MW; Saykin AJ; Alzheimer's Disease Neuroimaging Initiative,"CSF levels of Aβ1-42, t-tau, and p-tau181p are potential early diagnostic markers for probable Alzheimer disease (AD). The influence of genetic variation on these markers has been investigated for candidate genes but not on a genome-wide basis. We report a genome-wide association study (GWAS) of CSF biomarkers (Aβ1-42, t-tau, p-tau181p, p-tau181p/Aβ1-42, and t-tau/Aβ1-42). A total of 374 non-Hispanic Caucasian participants in the Alzheimer's Disease Neuroimaging Initiative cohort with quality-controlled CSF and genotype data were included in this analysis. The main effect of single nucleotide polymorphisms (SNPs) under an additive genetic model was assessed on each of 5 CSF biomarkers. The p values of all SNPs for each CSF biomarker were adjusted for multiple comparisons by the Bonferroni method. We focused on SNPs with corrected p<0.01 (uncorrected p<3.10×10(-8)) and secondarily examined SNPs with uncorrected p values less than 10(-5) to identify potential candidates. Four SNPs in the regions of the APOE, LOC100129500, TOMM40, and EPC2 genes reached genome-wide significance for associations with one or more CSF biomarkers. SNPs in CCDC134, ABCG2, SREBF2, and NFATC4, although not reaching genome-wide significance, were identified as potential candidates. In addition to known candidate genes, APOE, TOMM40, and one hypothetical gene LOC100129500 partially overlapping APOE; one novel gene, EPC2, and several other interesting genes were associated with CSF biomarkers that are related to AD. These findings, especially the new EPC2 results, require replication in independent cohorts.",A;B;D;F;G,D,"D(21 hits: genome-wide, Genome-wide, cohort, SNP, genotype) | B(18 hits: imaging, biomarker, diagnostic, CSF) | A(16 hits: Aβ, tau, Abeta) | G(3 hits: Initiative, ADNI) | F(1 hits: method)"
21312009,21312009,2011,Sherva R,Farrer LA,"Power and pitfalls of the genome-wide association study approach
to identify genes for Alzheimer's disease.",Current psychiatry reports,13(2):138-46,NR,"GWAS catalog, ADGC",21312009,FALSE,21312009,Power and pitfalls of the genome-wide association study approach to identify genes for Alzheimer's disease.,Current psychiatry reports,2011,Sherva R; Farrer LA,"Until recently, the search for genes contributing to Alzheimer's disease (AD) had been slow and disappointing, with the notable exception of the APOE ε4 allele, which increases risk and reduces the age at onset of AD in a dose-dependent fashion. Findings from genome-wide association studies (GWAS) made up of fewer than several thousand cases and controls each have not been replicated. Efforts of several consortia--each assembling much larger datasets with sufficient power to detect loci conferring small changes in AD risk--have resulted in robust associations with many novel genes involved in multiple biological pathways. Complex data mining strategies are being used to identify additional members of these pathways and gene-gene interactions contributing to AD risk. Guided by GWAS results, next-generation sequencing and functional studies are under way with the hope of helping us better understand AD pathology and providing new drug targets.",A;C;D;F,D,"D(8 hits: genome-wide, allele, association study, GWAS) | A(2 hits: pathway) | C(1 hits: drug) | F(1 hits: dataset)"
21460840,21460840,2011,"Hollingwort
h P",Williams J,"Common variants at ABCA7, MS4A6A/MS4A4E, EPHA1, CD33 and
CD2AP are associated with Alzheimer's disease.",Nature genetics,43(5):429-35,"Table 1,2","GWAS catalog, ADGC",21460840,FALSE,21460840,"Common variants at ABCA7, MS4A6A/MS4A4E, EPHA1, CD33 and CD2AP are associated with Alzheimer's disease.",Nature genetics,2011,Hollingworth P; Harold D; Sims R; Gerrish A; Lambert JC; Carrasquillo MM; Abraham R; Hamshere ML; Pahwa JS; Moskvina V; Dowzell K; Jones N; Stretton A; Thomas C; Richards A; Ivanov D; Widdowson C; Chapman J; Lovestone S; Powell J; Proitsi P; Lupton MK; Brayne C; Rubinsztein DC; Gill M; Lawlor B; Lynch A; Brown KS; Passmore PA; Craig D; McGuinness B; Todd S; Holmes C; Mann D; Smith AD; Beaumont H; Warden D; Wilcock G; Love S; Kehoe PG; Hooper NM; Vardy ER; Hardy J; Mead S; Fox NC; Rossor M; Collinge J; Maier W; Jessen F; Rüther E; Schürmann B; Heun R; Kölsch H; van den Bussche H; Heuser I; Kornhuber J; Wiltfang J; Dichgans M; Frölich L; Hampel H; Gallacher J; Hüll M; Rujescu D; Giegling I; Goate AM; Kauwe JS; Cruchaga C; Nowotny P; Morris JC; Mayo K; Sleegers K; Bettens K; Engelborghs S; De Deyn PP; Van Broeckhoven C; Livingston G; Bass NJ; Gurling H; McQuillin A; Gwilliam R; Deloukas P; Al-Chalabi A; Shaw CE; Tsolaki M; Singleton AB; Guerreiro R; Mühleisen TW; Nöthen MM; Moebus S; Jöckel KH; Klopp N; Wichmann HE; Pankratz VS; Sando SB; Aasly JO; Barcikowska M; Wszolek ZK; Dickson DW; Graff-Radford NR; Petersen RC; Alzheimer's Disease Neuroimaging Initiative; van Duijn CM; Breteler MM; Ikram MA; DeStefano AL; Fitzpatrick AL; Lopez O; Launer LJ; Seshadri S; CHARGE consortium; Berr C; Campion D; Epelbaum J; Dartigues JF; Tzourio C; Alpérovitch A; Lathrop M; EADI1 consortium; Feulner TM; Friedrich P; Riehle C; Krawczak M; Schreiber S; Mayhaus M; Nicolhaus S; Wagenpfeil S; Steinberg S; Stefansson H; Stefansson K; Snaedal J; Björnsson S; Jonsson PV; Chouraki V; Genier-Boley B; Hiltunen M; Soininen H; Combarros O; Zelenika D; Delepine M; Bullido MJ; Pasquier F; Mateo I; Frank-Garcia A; Porcellini E; Hanon O; Coto E; Alvarez V; Bosco P; Siciliano G; Mancuso M; Panza F; Solfrizzi V; Nacmias B; Sorbi S; Bossù P; Piccardi P; Arosio B; Annoni G; Seripa D; Pilotto A; Scarpini E; Galimberti D; Brice A; Hannequin D; Licastro F; Jones L; Holmans PA; Jonsson T; Riemenschneider M; Morgan K; Younkin SG; Owen MJ; O'Donovan M; Amouyel P; Williams J,"We sought to identify new susceptibility loci for Alzheimer's disease through a staged association study (GERAD+) and by testing suggestive loci reported by the Alzheimer's Disease Genetic Consortium (ADGC) in a companion paper. We undertook a combined analysis of four genome-wide association datasets (stage 1) and identified ten newly associated variants with P ≤ 1 × 10(-5). We tested these variants for association in an independent sample (stage 2). Three SNPs at two loci replicated and showed evidence for association in a further sample (stage 3). Meta-analyses of all data provided compelling evidence that ABCA7 (rs3764650, meta P = 4.5 × 10(-17); including ADGC data, meta P = 5.0 × 10(-21)) and the MS4A gene cluster (rs610932, meta P = 1.8 × 10(-14); including ADGC data, meta P = 1.2 × 10(-16)) are new Alzheimer's disease susceptibility loci. We also found independent evidence for association for three loci reported by the ADGC, which, when combined, showed genome-wide significance: CD2AP (GERAD+, P = 8.0 × 10(-4); including ADGC data, meta P = 8.6 × 10(-9)), CD33 (GERAD+, P = 2.2 × 10(-4); including ADGC data, meta P = 1.6 × 10(-9)) and EPHA1 (GERAD+, P = 3.4 × 10(-4); including ADGC data, meta P = 6.0 × 10(-10)).",D;F;G,D,"D(8 hits: genome-wide, SNP, association study, variant) | G(8 hits: Consortium, ADGC) | F(1 hits: dataset)"
21901424,21901424,2012,"Swaminath
an S",Saykin AJ,"Amyloid pathway-based candidate gene analysis of [(11)C]PiB-PET
in the Alzheimer's Disease Neuroimaging Initiative (ADNI) cohort.",Brain imaging and behavior,6(1):1-15,"Table 1,3,4","GWAS catalog, ADGC",21901424,FALSE,21901424,Amyloid pathway-based candidate gene analysis of [(11)C]PiB-PET in the Alzheimer's Disease Neuroimaging Initiative (ADNI) cohort.,Brain imaging and behavior,2012,Swaminathan S; Shen L; Risacher SL; Yoder KK; West JD; Kim S; Nho K; Foroud T; Inlow M; Potkin SG; Huentelman MJ; Craig DW; Jagust WJ; Koeppe RA; Mathis CA; Jack CR Jr; Weiner MW; Saykin AJ; Alzheimer’s Disease Neuroimaging Initiative,"Amyloid imaging with [(11)C]Pittsburgh Compound-B (PiB) provides in vivo data on plaque deposition in those with, or at risk for, Alzheimer's disease (AD). We performed a gene-based association analysis of 15 quality-controlled amyloid-pathway associated candidate genes in 103 Alzheimer's Disease Neuroimaging Initiative participants. The mean normalized PiB uptake value across four brain regions known to have amyloid deposition in AD was used as a quantitative phenotype. The minor allele of an intronic SNP within DHCR24 was identified and associated with a lower average PiB uptake. Further investigation at whole-brain voxel-wise level indicated that non-carriers of the minor allele had higher PiB uptake in frontal regions compared to carriers. DHCR24 has been previously shown to confer resistance against beta-amyloid and oxidative stress-induced apoptosis, thus our findings support a neuroprotective role. Pathway-based genetic analysis of targeted molecular imaging phenotypes appears promising to help elucidate disease pathophysiology and identify potential therapeutic targets.",A;B;C;D;E;G,A,"A(11 hits: amyloid, Amyloid, Pathway, pathway, oxidative stress) | B(8 hits: imaging, PET) | D(5 hits: cohort, allele, SNP) | G(5 hits: Initiative, ADNI) | C(1 hits: therapeutic) | E(1 hits: support)"
22245343,22245343,2012,Meda SA,Pearlson GD,"A large scale multivariate parallel ICA method reveals novel imaging-
genetic relationships for Alzheimer's disease in the ADNI cohort.",NeuroImage,60(3):1608-21,Table 3,"GWAS catalog, ADGC",22245343,FALSE,22245343,A large scale multivariate parallel ICA method reveals novel imaging-genetic relationships for Alzheimer's disease in the ADNI cohort.,NeuroImage,2012,Meda SA; Narayanan B; Liu J; Perrone-Bizzozero NI; Stevens MC; Calhoun VD; Glahn DC; Shen L; Risacher SL; Saykin AJ; Pearlson GD,"The underlying genetic etiology of late onset Alzheimer's disease (LOAD) remains largely unknown, likely due to its polygenic architecture and a lack of sophisticated analytic methods to evaluate complex genotype-phenotype models. The aim of the current study was to overcome these limitations in a bi-multivariate fashion by linking intermediate magnetic resonance imaging (MRI) phenotypes with a genome-wide sample of common single nucleotide polymorphism (SNP) variants. We compared associations between 94 different brain regions of interest derived from structural MRI scans and 533,872 genome-wide SNPs using a novel multivariate statistical procedure, parallel-independent component analysis, in a large, national multi-center subject cohort. The study included 209 elderly healthy controls, 367 subjects with amnestic mild cognitive impairment and 181 with mild, early-stage LOAD, all of them Caucasian adults, from the Alzheimer's Disease Neuroimaging Initiative cohort. Imaging was performed on comparable 1.5 T scanners at over 50 sites in the USA/Canada. Four primary ""genetic components"" were associated significantly with a single structural network including all regions involved neuropathologically in LOAD. Pathway analysis suggested that each component included several genes already known to contribute to LOAD risk (e.g. APOE4) or involved in pathologic processes contributing to the disorder, including inflammation, diabetes, obesity and cardiovascular disease. In addition significant novel genes identified included ZNF673, VPS13, SLC9A7, ATP5G2 and SHROOM2. Unlike conventional analyses, this multivariate approach identified distinct groups of genes that are plausibly linked in physiologic pathways, perhaps epistatically. Further, the study exemplifies the value of this novel approach to explore large-scale data sets involving high-dimensional gene and endophenotype data.",A;B;D;F;G,D,"D(11 hits: genome-wide, cohort, polygenic, SNP, genotype) | B(8 hits: endophenotype, imaging, Imaging, MRI) | G(4 hits: Initiative, ADNI, multi-center) | F(3 hits: method) | A(2 hits: pathway, Pathway)"
22343898,22343898,2012,Liu N,Bonini NM,"The microRNA miR-34 modulates ageing and neurodegeneration in
Drosophila.",Nature,482(7386):519-23,NR,"GWAS catalog, ADGC",22343898,FALSE,22343898,The microRNA miR-34 modulates ageing and neurodegeneration in Drosophila.,Nature,2012,Liu N; Landreh M; Cao K; Abe M; Hendriks GJ; Kennerdell JR; Zhu Y; Wang LS; Bonini NM,"Human neurodegenerative diseases have the temporal hallmark of afflicting the elderly population. Ageing is one of the most prominent factors to influence disease onset and progression, yet little is known about the molecular pathways that connect these processes. To understand this connection it is necessary to identify the pathways that functionally integrate ageing, chronic maintenance of the brain and modulation of neurodegenerative disease. MicroRNAs (miRNA) are emerging as critical factors in gene regulation during development; however, their role in adult-onset, age-associated processes is only beginning to be revealed. Here we report that the conserved miRNA miR-34 regulates age-associated events and long-term brain integrity in Drosophila, providing a molecular link between ageing and neurodegeneration. Fly mir-34 expression exhibits adult-onset, brain-enriched and age-modulated characteristics. Whereas mir-34 loss triggers a gene profile of accelerated brain ageing, late-onset brain degeneration and a catastrophic decline in survival, mir-34 upregulation extends median lifespan and mitigates neurodegeneration induced by human pathogenic polyglutamine disease protein. Some of the age-associated effects of miR-34 require adult-onset translational repression of Eip74EF, an essential ETS domain transcription factor involved in steroid hormone pathways. Our studies indicate that miRNA-dependent pathways may have an impact on adult-onset, age-associated events by silencing developmental genes that later have a deleterious influence on adult life cycle and disease, and highlight fly miR-34 as a key miRNA with a role in this process.",A;D,A,"A(8 hits: pathway, neurodegeneration) | D(1 hits: population)"
22431837,22431837,2012,Galasko DR,Aisen P,"Antioxidants for Alzheimer disease: a randomized clinical trial with
cerebrospinal fluid biomarker measures.",Archives of neurology,69(7):836-41,NR,"GWAS catalog, ADGC",22431837,FALSE,22431837,Antioxidants for Alzheimer disease: a randomized clinical trial with cerebrospinal fluid biomarker measures.,Archives of neurology,2012,Galasko DR; Peskind E; Clark CM; Quinn JF; Ringman JM; Jicha GA; Cotman C; Cottrell B; Montine TJ; Thomas RG; Aisen P; Alzheimer’s Disease Cooperative Study,"To evaluate whether antioxidant supplements presumed to target specific cellular compartments affected cerebrospinal fluid (CSF) biomarkers. Double-blind, placebo-controlled clinical trial. Academic medical centers. Subjects with mild to moderate Alzheimer disease. Random assignment to treatment for 16 weeks with 800 IU/d of vitamin E (α-tocopherol) plus 500 mg/d of vitamin C plus 900 mg/d of α-lipoic acid (E/C/ALA); 400 mg of coenzyme Q 3 times/d; or placebo. Changes from baseline to 16 weeks in CSF biomarkers related to Alzheimer disease and oxidative stress, cognition (Mini-Mental State Examination), and function (Alzheimer's Disease Cooperative Study Activities of Daily Living Scale). Seventy-eight subjects were randomized; 66 provided serial CSF specimens adequate for biochemical analyses. Study drugs were well tolerated, but accelerated decline in Mini-Mental State Examination scores occurred in the E/C/ALA group, a potential safety concern. Changes in CSF Aβ42, tau, and P-tau(181) levels did not differ between the 3 groups. Cerebrospinal fluid F2-isoprostane levels, an oxidative stress biomarker, decreased on average by 19% from baseline to week 16 in the E/C/ALA group but were unchanged in the other groups. Antioxidants did not influence CSF biomarkers related to amyloid or tau pathology. Lowering of CSF F2-isoprostane levels in the E/C/ALA group suggests reduction of oxidative stress in the brain. However, this treatment raised the caution of faster cognitive decline, which would need careful assessment if longer-term clinical trials are conducted. clinicaltrials.gov Identifier: NCT00117403.",A;B;C,B,"B(12 hits: biomarker, fluid biomarker, CSF) | C(12 hits: safety, clinical trial, trial, treatment, randomized) | A(8 hits: amyloid, tau, oxidative stress, Aβ)"
22480918,22480918,2012,"Ramanan
VK",Saykin AJ,"Pathway analysis of genomic data: concepts, methods, and
prospects for future development.",Trends in genetics : TIG,28(7):323-32,NR,"GWAS catalog, ADGC",22480918,FALSE,22480918,"Pathway analysis of genomic data: concepts, methods, and prospects for future development.",Trends in genetics : TIG,2012,Ramanan VK; Shen L; Moore JH; Saykin AJ,"Genome-wide data sets are increasingly being used to identify biological pathways and networks underlying complex diseases. In particular, analyzing genomic data through sets defined by functional pathways offers the potential of greater power for discovery and natural connections to biological mechanisms. With the burgeoning availability of next-generation sequencing, this is an opportune moment to revisit strategies for pathway-based analysis of genomic data. Here, we synthesize relevant concepts and extant methodologies to guide investigators in study design and execution. We also highlight ongoing challenges and proposed solutions. As relevant analytical strategies mature, pathways and networks will be ideally placed to integrate data from diverse -omics sources to harness the extensive, rich information related to disease and treatment mechanisms.",A;C;D;F,A,"A(6 hits: pathway, Pathway) | F(3 hits: method) | C(1 hits: treatment) | D(1 hits: Genome-wide)"
22618995,22618995,2012,"Schellenber
g GD",Montine TJ,The genetics and neuropathology of Alzheimer's disease.,Acta neuropathologica,124(3):305-23,Table 2,"GWAS catalog, ADGC",22618995,FALSE,22618995,The genetics and neuropathology of Alzheimer's disease.,Acta neuropathologica,2012,Schellenberg GD; Montine TJ,"Here we review the genetic causes and risks for Alzheimer's disease (AD). Early work identified mutations in three genes that cause AD: APP, PSEN1 and PSEN2. Although mutations in these genes are rare causes of AD, their discovery had a major impact on our understanding of molecular mechanisms of AD. Early work also revealed the ε4 allele of the APOE as a strong risk factor for AD. Subsequently, SORL1 also was identified as an AD risk gene. More recently, advances in our knowledge of the human genome, made possible by technological advances and methods to analyze genomic data, permit systematic identification of genes that contribute to AD risk. This work, so far accomplished through single nucleotide polymorphism arrays, has revealed nine new genes implicated in AD risk (ABCA7, BIN1, CD33, CD2AP, CLU, CR1, EPHA1, MS4A4E/MS4A6A, and PICALM). We review the relationship between these mutations and genetic variants and the neuropathologic features of AD and related disorders. Together, these discoveries point toward a new era in neurodegenerative disease research that impacts not only AD but also related illnesses that produce cognitive and behavioral deficits.",A;D;F,D,"D(2 hits: allele, variant) | A(1 hits: molecular mechanism) | F(1 hits: method)"
22673115,22673115,2012,"Vardarajan
BN",Farrer LA,"Identification of Alzheimer disease-associated variants in genes that
regulate retromer function.",Neurobiology of aging,33(9):2231.e15-2231.e30,Table 3,"GWAS catalog, ADGC",22673115,FALSE,22673115,Identification of Alzheimer disease-associated variants in genes that regulate retromer function.,Neurobiology of aging,2012,Vardarajan BN; Bruesegem SY; Harbour ME; Inzelberg R; Friedland R; St George-Hyslop P; Seaman MN; Farrer LA,"The proteolytic processing of amyloid precursor protein (APP) to generate the neurotoxic amyloid β (Aβ) peptide is central to the pathogenesis of Alzheimer disease (AD). The endocytic system mediates the processing of APP by controlling its access to secretases that cleave APP. A key mediator of APP localization is SorL1-a membrane protein that has been genetically linked to AD. The retromer complex is a conserved protein complex required for endosome-to-Golgi retrieval of a number of physiologically important membrane proteins including SorL1. Based on the prior suggestion that endocytosis and retromer sorting pathways might be involved, we hypothesized that variants in other genes in this pathway might also modulate AD risk. Genetic association of AD with 451 polymorphisms in 15 genes encoding retromer or retromer-associated proteins was tested in a Caucasian sample of 8309 AD cases and 7366 cognitively normal elders using individual single nucleotide polymorphism (SNP)- and gene-based tests. We obtained significant evidence of association with KIAA1033 (VEGAS p = 0.025), SNX1 (VEGAS p = 0.035), SNX3 (p = 0.0057), and RAB7A (VEGAS p = 0.018). Ten KIAA1033 SNPs were also significantly associated with AD in a group of African Americans (513 AD cases, 504 control subjects). Findings with four significant SNX3 SNPs in the discovery sample were replicated in a community-based sample of Israeli-Arabs (124 AD cases, 142 control subjects). We show that Snx3 and Rab7A proteins interact with the cargo-selective retromer complex through independent mechanisms to regulate the membrane association of retromer and thereby are key mediators of retromer function. These data implicate additional AD risk genes in the retromer pathway and formally demonstrate a direct link between the activity of the retromer complex and the pathogenesis of AD.",A;D,A,"A(6 hits: amyloid, Aβ, pathway) | D(6 hits: SNP, variant)"
22685416,22685416,2012,Zou F,Ertekin-Taner N,"Brain expression genome-wide association study (eGWAS) identifies
human disease-associated variants.",PLoS genetics,8(6):e1002707,"Table 1,3,5","GWAS catalog, ADGC",22685416,FALSE,22685416,Brain expression genome-wide association study (eGWAS) identifies human disease-associated variants.,PLoS genetics,2012,Zou F; Chai HS; Younkin CS; Allen M; Crook J; Pankratz VS; Carrasquillo MM; Rowley CN; Nair AA; Middha S; Maharjan S; Nguyen T; Ma L; Malphrus KG; Palusak R; Lincoln S; Bisceglio G; Georgescu C; Kouri N; Kolbert CP; Jen J; Haines JL; Mayeux R; Pericak-Vance MA; Farrer LA; Schellenberg GD; Alzheimer's Disease Genetics Consortium; Petersen RC; Graff-Radford NR; Dickson DW; Younkin SG; Ertekin-Taner N,"Genetic variants that modify brain gene expression may also influence risk for human diseases. We measured expression levels of 24,526 transcripts in brain samples from the cerebellum and temporal cortex of autopsied subjects with Alzheimer's disease (AD, cerebellar n=197, temporal cortex n=202) and with other brain pathologies (non-AD, cerebellar n=177, temporal cortex n=197). We conducted an expression genome-wide association study (eGWAS) using 213,528 cisSNPs within ± 100 kb of the tested transcripts. We identified 2,980 cerebellar cisSNP/transcript level associations (2,596 unique cisSNPs) significant in both ADs and non-ADs (q<0.05, p=7.70 × 10(-5)-1.67 × 10(-82)). Of these, 2,089 were also significant in the temporal cortex (p=1.85 × 10(-5)-1.70 × 10(-141)). The top cerebellar cisSNPs had 2.4-fold enrichment for human disease-associated variants (p<10(-6)). We identified novel cisSNP/transcript associations for human disease-associated variants, including progressive supranuclear palsy SLCO1A2/rs11568563, Parkinson's disease (PD) MMRN1/rs6532197, Paget's disease OPTN/rs1561570; and we confirmed others, including PD MAPT/rs242557, systemic lupus erythematosus and ulcerative colitis IRF5/rs4728142, and type 1 diabetes mellitus RPS26/rs1701704. In our eGWAS, there was 2.9-3.3 fold enrichment (p<10(-6)) of significant cisSNPs with suggestive AD-risk association (p<10(-3)) in the Alzheimer's Disease Genetics Consortium GWAS. These results demonstrate the significant contributions of genetic factors to human brain gene expression, which are reliably detected across different brain regions and pathologies. The significant enrichment of brain cisSNPs among disease-associated variants advocates gene expression changes as a mechanism for many central nervous system (CNS) and non-CNS diseases. Combined assessment of expression and disease GWAS may provide complementary information in discovery of human disease variants with functional implications. Our findings have implications for the design and interpretation of eGWAS in general and the use of brain expression quantitative trait loci in the study of human disease genetics.",A;B;D;G,D,"D(27 hits: genome-wide, SNP, association study, GWAS, variant) | A(3 hits: gene expression) | B(1 hits: quantitative trait) | G(1 hits: Consortium)"
22722634,22722634,2012,Allen M,Woltjer RL,"Novel late-onset Alzheimer disease loci variants associate with
brain gene expression.",Neurology,79(3):221-8,"Table 2,3","GWAS catalog, ADGC",22722634,FALSE,22722634,Novel late-onset Alzheimer disease loci variants associate with brain gene expression.,Neurology,2012,Allen M; Zou F; Chai HS; Younkin CS; Crook J; Pankratz VS; Carrasquillo MM; Rowley CN; Nair AA; Middha S; Maharjan S; Nguyen T; Ma L; Malphrus KG; Palusak R; Lincoln S; Bisceglio G; Georgescu C; Schultz D; Rakhshan F; Kolbert CP; Jen J; Haines JL; Mayeux R; Pericak-Vance MA; Farrer LA; Schellenberg GD; Petersen RC; Graff-Radford NR; Dickson DW; Younkin SG; Ertekin-Taner N; Alzheimer's Disease Genetics Consortium (ADGC); Apostolova LG; Arnold SE; Baldwin CT; Barber R; Barmada MM; Beach T; Beecham GW; Beekly D; Bennett DA; Bigio EH; Bird TD; Blacker D; Boeve BF; Bowen JD; Boxer A; Burke JR; Buros J; Buxbaum JD; Cairns NJ; Cantwell LB; Cao C; Carlson CS; Carney RM; Carroll SL; Chui HC; Clark DG; Corneveaux J; Cotman CW; Crane PK; Cruchaga C; Cummings JL; De Jager PL; DeCarli C; DeKosky ST; Demirci FY; Diaz-Arrastia R; Dick M; Dombroski BA; Duara R; Ellis WD; Evans D; Faber KM; Fallon KB; Farlow MR; Ferris S; Foroud TM; Frosch M; Galasko DR; Gallins PJ; Ganguli M; Gearing M; Geschwind DH; Ghetti B; Gilbert JR; Gilman S; Giordani B; Glass JD; Goate AM; Green RC; Growdon JH; Hakonarson H; Hamilton RL; Hardy J; Harrell LE; Head E; Honig LS; Huentelman MJ; Hulette CM; Hyman BT; Jarvik GP; Jicha GA; Jin LW; Jun G; Kamboh MI; Karlawish J; Karydas A; Kauwe JS; Kaye JA; Kennedy N; Kim R; Koo EH; Kowall NW; Kramer P; Kukull WA; Lah JJ; Larson EB; Levey AI; Lieberman AP; Lopez OL; Lunetta KL; Mack WJ; Marson DC; Martin ER; Martiniuk F; Mash DC; Masliah E; McCormick WC; McCurry SM; McDavid AN; McKee AC; Mesulam M; Miller BL; Miller CA; Miller JW; Montine TJ; Morris JC; Myers AJ; Naj AC; Nowotny P; Parisi JE; Perl DP; Peskind E; Poon WW; Potter H; Quinn JF; Raj A; Rajbhandary RA; Raskind M; Reiman EM; Reisberg B; Reitz C; Ringman JM; Roberson ED; Rogaeva E; Rosenberg RN; Sano M; Saykin AJ; Schneider JA; Schneider LS; Seeley W; Shelanski ML; Slifer MA; Smith CD; Sonnen JA; Spina S; St George-Hyslop P; Stern RA; Tanzi RE; Trojanowski JQ; Troncoso JC; Tsuang DW; Van Deerlin VM; Vardarajan BN; Vinters HV; Vonsattel JP; Wang LS; Weintraub S; Welsh-Bohmer KA; Williamson J; Woltjer RL,"Recent genome-wide association studies (GWAS) of late-onset Alzheimer disease (LOAD) identified 9 novel risk loci. Discovery of functional variants within genes at these loci is required to confirm their role in Alzheimer disease (AD). Single nucleotide polymorphisms that influence gene expression (eSNPs) constitute an important class of functional variants. We therefore investigated the influence of the novel LOAD risk loci on human brain gene expression. We measured gene expression levels in the cerebellum and temporal cortex of autopsied AD subjects and those with other brain pathologies (∼400 total subjects). To determine whether any of the novel LOAD risk variants are eSNPs, we tested their cis-association with expression of 6 nearby LOAD candidate genes detectable in human brain (ABCA7, BIN1, CLU, MS4A4A, MS4A6A, PICALM) and an additional 13 genes ±100 kb of these SNPs. To identify additional eSNPs that influence brain gene expression levels of the novel candidate LOAD genes, we identified SNPs ±100 kb of their location and tested for cis-associations. CLU rs11136000 (p = 7.81 × 10(-4)) and MS4A4A rs2304933/rs2304935 (p = 1.48 × 10(-4)-1.86 × 10(-4)) significantly influence temporal cortex expression levels of these genes. The LOAD-protective CLU and risky MS4A4A locus alleles associate with higher brain levels of these genes. There are other cis-variants that significantly influence brain expression of CLU and ABCA7 (p = 4.01 × 10(-5)-9.09 × 10(-9)), some of which also associate with AD risk (p = 2.64 × 10(-2)-6.25 × 10(-5)). CLU and MS4A4A eSNPs may at least partly explain the LOAD risk association at these loci. CLU and ABCA7 may harbor additional strong eSNPs. These results have implications in the search for functional variants at the novel LOAD risk loci.",A;D,D,"D(21 hits: allele, locus, risk loci, genome-wide, SNP) | A(6 hits: gene expression)"
22821396,22821396,2012,Cruchaga C,Goate AM,"Cerebrospinal fluid APOE levels: an endophenotype for genetic
studies for Alzheimer's disease.",Human molecular genetics,21(20):4558-71,NR,"GWAS catalog, ADGC",22821396,FALSE,22821396,Cerebrospinal fluid APOE levels: an endophenotype for genetic studies for Alzheimer's disease.,Human molecular genetics,2012,Cruchaga C; Kauwe JS; Nowotny P; Bales K; Pickering EH; Mayo K; Bertelsen S; Hinrichs A; Alzheimer's Disease Neuroimaging Initiative; Fagan AM; Holtzman DM; Morris JC; Goate AM,"The apolipoprotein E (APOE) genotype is the major genetic risk factor for Alzheimer's disease (AD). We have access to cerebrospinal fluid (CSF) and plasma APOE protein levels from 641 individuals and genome-wide genotyped data from 570 of these samples. The aim of this study was to test whether CSF or plasma APOE levels could be a useful endophenotype for AD and to identify genetic variants associated with APOE levels. We found that CSF (P = 8.15 × 10(-4)) but not plasma (P = 0.071) APOE protein levels are significantly associated with CSF Aβ(42) levels. We used Mendelian randomization and genetic variants as instrumental variables to confirm that the association of CSF APOE with CSF Aβ(42) levels and clinical dementia rating (CDR) is not because of a reverse causation or confounding effect. In addition the association of CSF APOE with Aβ(42) levels was independent of the APOE ε4 genotype, suggesting that APOE levels in CSF may be a useful endophenotype for AD. We performed a genome-wide association study to identify genetic variants associated with CSF APOE levels: the APOE ε4 genotype was the strongest single-genetic factor associated with CSF APOE protein levels (P = 6.9 × 10(-13)). In aggregate, the Illumina chip single nucleotide polymorphisms explain 72% of the variability in CSF APOE protein levels, whereas the APOE ε4 genotype alone explains 8% of the variability. No other genetic variant reached the genome-wide significance threshold, but nine additional variants exhibited a P-value <10(-6). Pathway mining analysis indicated that these nine additional loci are involved in lipid metabolism (P = 4.49 × 10(-9)).",A;B;D,B,"B(18 hits: plasma, endophenotype, CSF) | D(16 hits: genome-wide, genetic risk factor, Mendelian randomization, genotype, association study) | A(4 hits: Pathway, Aβ)"
22869155,22869155,2012,Jun G,Farrer LA,"Comprehensive search for Alzheimer disease susceptibility loci in
the APOE region.",Archives of neurology,69(10):1270-9,"Table 2,3,4","GWAS catalog, ADGC",22869155,FALSE,22869155,Comprehensive search for Alzheimer disease susceptibility loci in the APOE region.,Archives of neurology,2012,Jun G; Vardarajan BN; Buros J; Yu CE; Hawk MV; Dombroski BA; Crane PK; Larson EB; Alzheimer's Disease Genetics Consortium; Mayeux R; Haines JL; Lunetta KL; Pericak-Vance MA; Schellenberg GD; Farrer LA,"To evaluate the association of risk and age at onset (AAO) of Alzheimer disease (AD) with single-nucleotide polymorphisms (SNPs) in the chromosome 19 region including apolipoprotein E (APOE) and a repeat-length polymorphism in TOMM40 (poly-T, rs10524523). Conditional logistic regression models and survival analysis. Fifteen genome-wide association study data sets assembled by the Alzheimer's Disease Genetics Consortium. Eleven thousand eight hundred forty AD cases and 10 931 cognitively normal elderly controls. Association of AD risk and AAO with genotyped and imputed SNPs located in an 800-Mb region including APOE in the entire Alzheimer's Disease Genetics Consortium data set and with the TOMM40 poly-T marker genotyped in a subset of 1256 cases and 1605 controls. In models adjusting for APOE ε4, no SNPs in the entire region were significantly associated with AAO at P.001. Rs10524523 was not significantly associated with AD or AAO in models adjusting for APOE genotype or within the subset of ε3/ε3 subjects. APOE alleles ε2, ε3, and ε4 account for essentially all the inherited risk of AD associated with this region. Other variants including a poly-T track in TOMM40 are not independent risk or AAO loci.",D;G,D,"D(10 hits: allele, genome-wide, SNP, genotype, association study) | G(2 hits: Consortium)"
22903471,22903471,2013,Hibar DP,Thompson PM,"Genome-wide association identifies genetic variants associated
with lentiform nucleus volume in N = 1345 young and elderly
subjects.",Brain imaging and behavior,7(2):102-15,Table 2,"GWAS catalog, ADGC",22903471,FALSE,22903471,Genome-wide association identifies genetic variants associated with lentiform nucleus volume in N = 1345 young and elderly subjects.,Brain imaging and behavior,2013,Hibar DP; Stein JL; Ryles AB; Kohannim O; Jahanshad N; Medland SE; Hansell NK; McMahon KL; de Zubicaray GI; Montgomery GW; Martin NG; Wright MJ; Saykin AJ; Jack CR Jr; Weiner MW; Toga AW; Thompson PM; Alzheimer’s Disease Neuroimaging Initiative,"Deficits in lentiform nucleus volume and morphometry are implicated in a number of genetically influenced disorders, including Parkinson's disease, schizophrenia, and ADHD. Here we performed genome-wide searches to discover common genetic variants associated with differences in lentiform nucleus volume in human populations. We assessed structural MRI scans of the brain in two large genotyped samples: the Alzheimer's Disease Neuroimaging Initiative (ADNI; N = 706) and the Queensland Twin Imaging Study (QTIM; N = 639). Statistics of association from each cohort were combined meta-analytically using a fixed-effects model to boost power and to reduce the prevalence of false positive findings. We identified a number of associations in and around the flavin-containing monooxygenase (FMO) gene cluster. The most highly associated SNP, rs1795240, was located in the FMO3 gene; after meta-analysis, it showed genome-wide significant evidence of association with lentiform nucleus volume (P MA  = 4.79 × 10(-8)). This commonly-carried genetic variant accounted for 2.68 % and 0.84 % of the trait variability in the ADNI and QTIM samples, respectively, even though the QTIM sample was on average 50 years younger. Pathway enrichment analysis revealed significant contributions of this gene to the cytochrome P450 pathway, which is involved in metabolizing numerous therapeutic drugs for pain, seizures, mania, depression, anxiety, and psychosis. The genetic variants we identified provide replicated, genome-wide significant evidence for the FMO gene cluster's involvement in lentiform nucleus volume differences in human populations.",A;B;C;D;G,D,"D(17 hits: prevalence, genome-wide, Genome-wide, cohort, SNP) | B(4 hits: imaging, Imaging, MRI) | G(3 hits: Initiative, ADNI) | A(2 hits: pathway, Pathway) | C(2 hits: therapeutic, drug)"
23107433,23107433,2013,Kohli MA,Zuchner S,"Repeat expansions in the C9ORF72 gene contribute to Alzheimer's
disease in Caucasians.",Neurobiology of aging,34(5):1519.e5-12,NR,"GWAS catalog, ADGC",23107433,FALSE,23107433,Repeat expansions in the C9ORF72 gene contribute to Alzheimer's disease in Caucasians.,Neurobiology of aging,2013,Kohli MA; John-Williams K; Rajbhandary R; Naj A; Whitehead P; Hamilton K; Carney RM; Wright C; Crocco E; Gwirtzman HE; Lang R; Beecham G; Martin ER; Gilbert J; Benatar M; Small GW; Mash D; Byrd G; Haines JL; Pericak-Vance MA; Züchner S,"Recently, a hexanucleotide repeat expansion in the C9ORF72 gene has been identified to account for a significant portion of Caucasian families affected by frontotemporal dementia (FTD) and amyotrophic lateral sclerosis (ALS). Given the clinical overlap of FTD with Alzheimer's disease (AD), we hypothesized that C9ORF72 expansions might contribute to AD. In Caucasians, we found C9ORF72 expansions in the pathogenic range of FTD/ALS (>30 repeats) at a proportion of 0.76% in AD cases versus 0 in control subjects (p = 3.3E-03; 1182 cases, 1039 controls). In contrast, no large expansions were detected in individuals of African American ethnicity (291 cases, 620 controls). However, in the range of normal variation of C9ORF72 expansions (0-23 repeat copies), we detected significant differences in distribution and mean repeat counts between Caucasians and African Americans. Clinical and pathological re-evaluation of identified C9ORF72 expansion carriers revealed 9 clinical and/or autopsy confirmed AD and 2 FTD final diagnoses. Thus, our results support the notion that large C9ORF72 expansions lead to a phenotypic spectrum of neurodegenerative disease including AD.",E,E,E(1 hits: support)
23143602,23143602,2012,"Whitcomb
DC",Devlin B,"Common genetic variants in the CLDN2 and PRSS1-PRSS2 loci alter
risk for alcohol-related and sporadic pancreatitis.",Nature genetics,44(12):1349-54,Table 2,"GWAS catalog, ADGC",23143602,FALSE,23143602,Common genetic variants in the CLDN2 and PRSS1-PRSS2 loci alter risk for alcohol-related and sporadic pancreatitis.,Nature genetics,2012,Whitcomb DC; LaRusch J; Krasinskas AM; Klei L; Smith JP; Brand RE; Neoptolemos JP; Lerch MM; Tector M; Sandhu BS; Guda NM; Orlichenko L; Alzheimer's Disease Genetics Consortium; Alkaade S; Amann ST; Anderson MA; Baillie J; Banks PA; Conwell D; Coté GA; Cotton PB; DiSario J; Farrer LA; Forsmark CE; Johnstone M; Gardner TB; Gelrud A; Greenhalf W; Haines JL; Hartman DJ; Hawes RA; Lawrence C; Lewis M; Mayerle J; Mayeux R; Melhem NM; Money ME; Muniraj T; Papachristou GI; Pericak-Vance MA; Romagnuolo J; Schellenberg GD; Sherman S; Simon P; Singh VP; Slivka A; Stolz D; Sutton R; Weiss FU; Wilcox CM; Zarnescu NO; Wisniewski SR; O'Connell MR; Kienholz ML; Roeder K; Barmada MM; Yadav D; Devlin B,"Pancreatitis is a complex, progressively destructive inflammatory disorder. Alcohol was long thought to be the primary causative agent, but genetic contributions have been of interest since the discovery that rare PRSS1, CFTR and SPINK1 variants were associated with pancreatitis risk. We now report two associations at genome-wide significance identified and replicated at PRSS1-PRSS2 (P < 1 × 10(-12)) and X-linked CLDN2 (P < 1 × 10(-21)) through a two-stage genome-wide study (stage 1: 676 cases and 4,507 controls; stage 2: 910 cases and 4,170 controls). The PRSS1 variant likely affects disease susceptibility by altering expression of the primary trypsinogen gene. The CLDN2 risk allele is associated with atypical localization of claudin-2 in pancreatic acinar cells. The homozygous (or hemizygous in males) CLDN2 genotype confers the greatest risk, and its alleles interact with alcohol consumption to amplify risk. These results could partially explain the high frequency of alcohol-related pancreatitis in men (male hemizygote frequency is 0.26, whereas female homozygote frequency is 0.07).",D,D,"D(17 hits: allele, genome-wide, PRS, genotype, variant)"
23360175,23360175,2013,Holton P,Guerreiro R,"Initial assessment of the pathogenic mechanisms of the recently
identified Alzheimer risk Loci.",Annals of human genetics,77(2):85-105,Table 1,"GWAS catalog, ADGC",23360175,FALSE,23360175,Initial assessment of the pathogenic mechanisms of the recently identified Alzheimer risk Loci.,Annals of human genetics,2013,Holton P; Ryten M; Nalls M; Trabzuni D; Weale ME; Hernandez D; Crehan H; Gibbs JR; Mayeux R; Haines JL; Farrer LA; Pericak-Vance MA; Schellenberg GD; Alzheimer's Disease Genetics Consortium; Ramirez-Restrepo M; Engel A; Myers AJ; Corneveaux JJ; Huentelman MJ; Dillman A; Cookson MR; Reiman EM; Singleton A; Hardy J; Guerreiro R,"Recent genome wide association studies have identified CLU, CR1, ABCA7 BIN1, PICALM and MS4A6A/MS4A6E in addition to the long established APOE, as loci for Alzheimer's disease. We have systematically examined each of these loci to assess whether common coding variability contributes to the risk of disease. We have also assessed the regional expression of all the genes in the brain and whether there is evidence of an eQTL explaining the risk. In agreement with other studies we find that coding variability may explain the ABCA7 association, but common coding variability does not explain any of the other loci. We were not able to show that any of the loci had eQTLs within the power of this study. Furthermore the regional expression of each of the loci did not match the pattern of brain regional distribution in Alzheimer pathology. Although these results are mainly negative, they allow us to start defining more realistic alternative approaches to determine the role of all the genetic loci involved in Alzheimer's disease.",D,D,D(2 hits: risk Loci)
23535033,23535033,2014,Sherva R,Green RC,"Genome-wide association study of the rate of cognitive decline in
Alzheimer's disease.","Alzheimer's & dementia : the journal
of the Alzheimer's Association",10(1):45-52,Table 2,"GWAS catalog, ADGC",23535033,FALSE,23535033,Genome-wide association study of the rate of cognitive decline in Alzheimer's disease.,Alzheimer's & dementia : the journal of the Alzheimer's Association,2014,Sherva R; Tripodis Y; Bennett DA; Chibnik LB; Crane PK; de Jager PL; Farrer LA; Saykin AJ; Shulman JM; Naj A; Green RC; GENAROAD Consortium; Alzheimer's Disease Neuroimaging Initiative; Alzheimer's Disease Genetics Consortium,"Substantial interindividual variability exists in the disease trajectories of Alzheimer's disease (AD) patients. Some decline rapidly whereas others decline slowly, and there are no known explanations for this variability. We describe the first genome-wide association study to examine rate of cognitive decline in a sample of AD patients with longitudinal measures of cognition. The discovery sample was 303 AD cases recruited in the Alzheimer's Disease Neuroimaging Initiative and the replication sample was 323 AD cases from the Religious Orders Study and Rush Memory and Aging Project. In the discovery sample, Alzheimer's Disease Assessment Scale-cognitive subscale responses were tested for association with genome-wide single-nucleotide polymorphism (SNP) data using linear regression. We tested the 65 most significant SNPs from the discovery sample for association in the replication sample. We identified SNPs in the spondin 1 gene (SPON1), the minor alleles of which were significantly associated with a slower rate of decline (rs11023139, P = 7.0 × 10(-11)) in the discovery sample. A SPON1 SNP 5.5 kb upstream was associated with decline in the replication sample (rs11606345, P = .002). SPON1 has not been previously associated with AD risk, but is plausibly related because the gene product binds to the amyloid precursor protein and inhibits its cleavage by β-secretase. These data suggest that SPON1 may be associated with the differential rate of cognitive decline in AD.",A;B;D;G,D,"D(12 hits: allele, genome-wide, Genome-wide, SNP, association study) | A(1 hits: amyloid) | B(1 hits: imaging) | G(1 hits: Initiative)"
23562540,23562540,2013,Cruchaga C,Goate AM,"GWAS of cerebrospinal fluid tau levels identifies risk variants for
Alzheimer's disease.",Neuron,78(2):256-68,"Table 2,5","GWAS catalog, ADGC",23562540,FALSE,23562540,GWAS of cerebrospinal fluid tau levels identifies risk variants for Alzheimer's disease.,Neuron,2013,Cruchaga C; Kauwe JS; Harari O; Jin SC; Cai Y; Karch CM; Benitez BA; Jeng AT; Skorupa T; Carrell D; Bertelsen S; Bailey M; McKean D; Shulman JM; De Jager PL; Chibnik L; Bennett DA; Arnold SE; Harold D; Sims R; Gerrish A; Williams J; Van Deerlin VM; Lee VM; Shaw LM; Trojanowski JQ; Haines JL; Mayeux R; Pericak-Vance MA; Farrer LA; Schellenberg GD; Peskind ER; Galasko D; Fagan AM; Holtzman DM; Morris JC; GERAD Consortium; Alzheimer’s Disease Neuroimaging Initiative (ADNI); Alzheimer Disease Genetic Consortium (ADGC); Goate AM,"Cerebrospinal fluid (CSF) tau, tau phosphorylated at threonine 181 (ptau), and Aβ₄₂ are established biomarkers for Alzheimer's disease (AD) and have been used as quantitative traits for genetic analyses. We performed the largest genome-wide association study for cerebrospinal fluid (CSF) tau/ptau levels published to date (n = 1,269), identifying three genome-wide significant loci for CSF tau and ptau: rs9877502 (p = 4.89 × 10⁻⁹ for tau) located at 3q28 between GEMC1 and OSTN, rs514716 (p = 1.07 × 10⁻⁸ and p = 3.22 × 10⁻⁹ for tau and ptau, respectively), located at 9p24.2 within GLIS3 and rs6922617 (p = 3.58 × 10⁻⁸ for CSF ptau) at 6p21.1 within the TREM gene cluster, a region recently reported to harbor rare variants that increase AD risk. In independent data sets, rs9877502 showed a strong association with risk for AD, tangle pathology, and global cognitive decline (p = 2.67 × 10⁻⁴, 0.039, 4.86 × 10⁻⁵, respectively) illustrating how this endophenotype-based approach can be used to identify new AD risk loci.",A;B;D,A,"A(15 hits: Neuron, Aβ, tau, ptau) | D(9 hits: risk loci, genome-wide, association study, GWAS, variant) | B(7 hits: quantitative trait, biomarker, CSF, endophenotype)"
24922517,24922517,2014,"Escott-Price
V",Williams J,"Gene-wide analysis detects two new susceptibility genes for
Alzheimer's disease.",PloS one,9(6):e94661,Table 3,"GWAS catalog, ADGC",24922517,FALSE,24922517,Gene-wide analysis detects two new susceptibility genes for Alzheimer's disease.,PloS one,2014,Escott-Price V; Bellenguez C; Wang LS; Choi SH; Harold D; Jones L; Holmans P; Gerrish A; Vedernikov A; Richards A; DeStefano AL; Lambert JC; Ibrahim-Verbaas CA; Naj AC; Sims R; Jun G; Bis JC; Beecham GW; Grenier-Boley B; Russo G; Thornton-Wells TA; Denning N; Smith AV; Chouraki V; Thomas C; Ikram MA; Zelenika D; Vardarajan BN; Kamatani Y; Lin CF; Schmidt H; Kunkle B; Dunstan ML; Vronskaya M; United Kingdom Brain Expression Consortium; Johnson AD; Ruiz A; Bihoreau MT; Reitz C; Pasquier F; Hollingworth P; Hanon O; Fitzpatrick AL; Buxbaum JD; Campion D; Crane PK; Baldwin C; Becker T; Gudnason V; Cruchaga C; Craig D; Amin N; Berr C; Lopez OL; De Jager PL; Deramecourt V; Johnston JA; Evans D; Lovestone S; Letenneur L; Hernández I; Rubinsztein DC; Eiriksdottir G; Sleegers K; Goate AM; Fiévet N; Huentelman MJ; Gill M; Brown K; Kamboh MI; Keller L; Barberger-Gateau P; McGuinness B; Larson EB; Myers AJ; Dufouil C; Todd S; Wallon D; Love S; Rogaeva E; Gallacher J; George-Hyslop PS; Clarimon J; Lleo A; Bayer A; Tsuang DW; Yu L; Tsolaki M; Bossù P; Spalletta G; Proitsi P; Collinge J; Sorbi S; Garcia FS; Fox NC; Hardy J; Naranjo MC; Bosco P; Clarke R; Brayne C; Galimberti D; Scarpini E; Bonuccelli U; Mancuso M; Siciliano G; Moebus S; Mecocci P; Zompo MD; Maier W; Hampel H; Pilotto A; Frank-García A; Panza F; Solfrizzi V; Caffarra P; Nacmias B; Perry W; Mayhaus M; Lannfelt L; Hakonarson H; Pichler S; Carrasquillo MM; Ingelsson M; Beekly D; Alvarez V; Zou F; Valladares O; Younkin SG; Coto E; Hamilton-Nelson KL; Gu W; Razquin C; Pastor P; Mateo I; Owen MJ; Faber KM; Jonsson PV; Combarros O; O'Donovan MC; Cantwell LB; Soininen H; Blacker D; Mead S; Mosley TH Jr; Bennett DA; Harris TB; Fratiglioni L; Holmes C; de Bruijn RF; Passmore P; Montine TJ; Bettens K; Rotter JI; Brice A; Morgan K; Foroud TM; Kukull WA; Hannequin D; Powell JF; Nalls MA; Ritchie K; Lunetta KL; Kauwe JS; Boerwinkle E; Riemenschneider M; Boada M; Hiltunen M; Martin ER; Schmidt R; Rujescu D; Dartigues JF; Mayeux R; Tzourio C; Hofman A; Nöthen MM; Graff C; Psaty BM; Haines JL; Lathrop M; Pericak-Vance MA; Launer LJ; Van Broeckhoven C; Farrer LA; van Duijn CM; Ramirez A; Seshadri S; Schellenberg GD; Amouyel P; Williams J; Cardiovascular Health Study (CHS),"Alzheimer's disease is a common debilitating dementia with known heritability, for which 20 late onset susceptibility loci have been identified, but more remain to be discovered. This study sought to identify new susceptibility genes, using an alternative gene-wide analytical approach which tests for patterns of association within genes, in the powerful genome-wide association dataset of the International Genomics of Alzheimer's Project Consortium, comprising over 7 m genotypes from 25,580 Alzheimer's cases and 48,466 controls. In addition to earlier reported genes, we detected genome-wide significant loci on chromosomes 8 (TP53INP1, p = 1.4×10-6) and 14 (IGHV1-67 p = 7.9×10-8) which indexed novel susceptibility loci. The additional genes identified in this study, have an array of functions previously implicated in Alzheimer's disease, including aspects of energy metabolism, protein degradation and the immune system and add further weight to these pathways as potential therapeutic targets in Alzheimer's disease.",A;C;D;F;G,D,"D(4 hits: genome-wide, heritability, genotype) | A(1 hits: pathway) | C(1 hits: therapeutic) | F(1 hits: dataset) | G(1 hits: Consortium)"
25043464,25043464,2014,Jun G,Farrer LA,"PLXNA4 is associated with Alzheimer disease and modulates tau
phosphorylation.",Annals of neurology,76(3):379-92,Table 2,"GWAS catalog, ADGC",25043464,FALSE,25043464,PLXNA4 is associated with Alzheimer disease and modulates tau phosphorylation.,Annals of neurology,2014,Jun G; Asai H; Zeldich E; Drapeau E; Chen C; Chung J; Park JH; Kim S; Haroutunian V; Foroud T; Kuwano R; Haines JL; Pericak-Vance MA; Schellenberg GD; Lunetta KL; Kim JW; Buxbaum JD; Mayeux R; Ikezu T; Abraham CR; Farrer LA,"Much of the genetic basis for Alzheimer disease (AD) is unexplained. We sought to identify novel AD loci using a unique family-based approach that can detect robust associations with infrequent variants (minor allele frequency < 0.10). We conducted a genome-wide association study in the Framingham Heart Study (discovery) and NIA-LOAD (National Institute on Aging-Late-Onset Alzheimer Disease) Study (replication) family-based cohorts using an approach that accounts for family structure and calculates a risk score for AD as the outcome. Links between the most promising gene candidate and AD pathogenesis were explored in silico as well as experimentally in cell-based models and in human brain. Genome-wide significant association was identified with a PLXNA4 single nucleotide polymorphism (rs277470) located in a region encoding the semaphorin-3A (SEMA3A) binding domain (meta-analysis p value [meta-P] = 4.1 × 10(-8) ). A test for association with the entire region was also significant (meta-P = 3.2 × 10(-4) ). Transfection of SH-SY5Y cells or primary rat neurons with full-length PLXNA4 (TS1) increased tau phosphorylation with stimulated by SEMA3A. The opposite effect was observed when cells were transfected with shorter isoforms (TS2 and TS3). However, transfection of any isoform into HEK293 cells stably expressing amyloid β (Aβ) precursor protein (APP) did not result in differential effects on APP processing or Aβ production. Late stage AD cases (n = 9) compared to controls (n = 5) had 1.9-fold increased expression of TS1 in cortical brain tissue (p = 1.6 × 10(-4) ). Expression of TS1 was significantly correlated with the Clinical Dementia Rating score (ρ = 0.75, p = 2.2 × 10(-4) ), plaque density (ρ = 0.56, p = 0.01), and Braak stage (ρ = 0.54, p = 0.02). Our results indicate that PLXNA4 has a role in AD pathogenesis through isoform-specific effects on tau phosphorylation.",A;D,A,"A(8 hits: amyloid, neuron, Aβ, tau) | D(7 hits: allele, genome-wide, cohort, Genome-wide, meta-analysis)"
25150575,25150575,2014,Barral S,Mayeux R,"Genetic variants in a 'cAMP element binding protein' (CREB)-
dependent histone acetylation pathway influence memory
performance in cognitively healthy elderly individuals.",Neurobiology of aging,35(12):2881.e7-2881.e10,"Table 1,2","GWAS catalog, ADGC",25150575,FALSE,25150575,Genetic variants in a 'cAMP element binding protein' (CREB)-dependent histone acetylation pathway influence memory performance in cognitively healthy elderly individuals.,Neurobiology of aging,2014,Barral S; Reitz C; Small SA; Mayeux R,"The molecular pathways underlying age-related memory changes remain unclear. There is a substantial genetic contribution to memory performance through life span. A recent study has implicated RbAp48, which mediates its effect on age-related memory decline by interacting with cyclic adenosine monophosphate responsive element binding protein (CREB)1 binding protein and influencing this histone acetylation pathway. To validate these findings, we tested whether genetic variants in RbAp48, CREB1, and CREBBP are associated with memory performance in 3 independent data sets consisting of 2674 cognitively healthy elderly individuals. Genetic variant rs2526690 in the CREBBP gene was significantly associated with episodic memory performance (pmeta = 3.7 × 10(-4)) in a multivariate model adjusted for age, sex, and apolipoprotein E status. Identifying genetic variants that modulate mechanisms of cognitive aging will allow identifying valid targets for therapeutic intervention.",A;C;D,D,"D(5 hits: variant) | A(4 hits: pathway) | C(2 hits: therapeutic, intervention)"
25172201,25172201,2014,Logue MW,Manly JJ,"Two rare AKAP9 variants are associated with Alzheimer's disease in
African Americans.","Alzheimer's & dementia : the journal
of the Alzheimer's Association",10(6):609-618.e11,"Table 1,2","GWAS catalog, ADGC",25172201,FALSE,25172201,Two rare AKAP9 variants are associated with Alzheimer's disease in African Americans.,Alzheimer's & dementia : the journal of the Alzheimer's Association,2014,Logue MW; Schu M; Vardarajan BN; Farrell J; Bennett DA; Buxbaum JD; Byrd GS; Ertekin-Taner N; Evans D; Foroud T; Goate A; Graff-Radford NR; Kamboh MI; Kukull WA; Manly JJ; Alzheimer Disease Genetics Consortium; Alzheimer Disease Genetics Consortium,"Less is known about the genetic basis of Alzheimer's disease (AD) in African Americans (AAs) than in non-Hispanic whites. Whole exome sequencing (WES) was performed on seven AA AD cases. Disease association with potentially AD-related variants from WES was assessed in an AA discovery cohort of 422 cases and 394 controls. Replication was sought in an AA sample of 1037 cases and 1869 controls from the Alzheimer Disease Genetics Consortium (ADGC). Forty-four single nucleotide polymorphisms (SNPs) from WES passed filtering criteria and were successfully genotyped. Nominally significant (P < .05) association to AD was observed with two African-descent specific AKAP9 SNPs in tight linkage disequilibrium: rs144662445 (P = .014) and rs149979685 (P = .037). These associations were replicated in the ADGC sample (rs144662445: P = .0022, odds ratio [OR] = 2.75; rs149979685: P = .0022, OR = 3.61). Because AKAP9 was not previously linked to AD risk, this study indicates a potential new disease mechanism.",D;G,D,"D(7 hits: genotype, cohort, variant, SNP) | G(3 hits: Consortium, ADGC)"
25188341,25188341,2014,"Beecham
GW",Montine TJ,"Genome-wide association meta-analysis of neuropathologic
features of Alzheimer's disease and related dementias.",PLoS genetics,10(9):e1004606,"Table 2,3","GWAS catalog, ADGC",25188341,FALSE,25188341,Genome-wide association meta-analysis of neuropathologic features of Alzheimer's disease and related dementias.,PLoS genetics,2014,Beecham GW; Hamilton K; Naj AC; Martin ER; Huentelman M; Myers AJ; Corneveaux JJ; Hardy J; Vonsattel JP; Younkin SG; Bennett DA; De Jager PL; Larson EB; Crane PK; Kamboh MI; Kofler JK; Mash DC; Duque L; Gilbert JR; Gwirtsman H; Buxbaum JD; Kramer P; Dickson DW; Farrer LA; Frosch MP; Ghetti B; Haines JL; Hyman BT; Kukull WA; Mayeux RP; Pericak-Vance MA; Schneider JA; Trojanowski JQ; Reiman EM; Alzheimer's Disease Genetics Consortium (ADGC); Schellenberg GD; Montine TJ,"Alzheimer's disease (AD) and related dementias are a major public health challenge and present a therapeutic imperative for which we need additional insight into molecular pathogenesis. We performed a genome-wide association study and analysis of known genetic risk loci for AD dementia using neuropathologic data from 4,914 brain autopsies. Neuropathologic data were used to define clinico-pathologic AD dementia or controls, assess core neuropathologic features of AD (neuritic plaques, NPs; neurofibrillary tangles, NFTs), and evaluate commonly co-morbid neuropathologic changes: cerebral amyloid angiopathy (CAA), Lewy body disease (LBD), hippocampal sclerosis of the elderly (HS), and vascular brain injury (VBI). Genome-wide significance was observed for clinico-pathologic AD dementia, NPs, NFTs, CAA, and LBD with a number of variants in and around the apolipoprotein E gene (APOE). GalNAc transferase 7 (GALNT7), ATP-Binding Cassette, Sub-Family G (WHITE), Member 1 (ABCG1), and an intergenic region on chromosome 9 were associated with NP score; and Potassium Large Conductance Calcium-Activated Channel, Subfamily M, Beta Member 2 (KCNMB2) was strongly associated with HS. Twelve of the 21 non-APOE genetic risk loci for clinically-defined AD dementia were confirmed in our clinico-pathologic sample: CR1, BIN1, CLU, MS4A6A, PICALM, ABCA7, CD33, PTK2B, SORL1, MEF2C, ZCWPW1, and CASS4 with 9 of these 12 loci showing larger odds ratio in the clinico-pathologic sample. Correlation of effect sizes for risk of AD dementia with effect size for NFTs or NPs showed positive correlation, while those for risk of VBI showed a moderate negative correlation. The other co-morbid neuropathologic features showed only nominal association with the known AD loci. Our results discovered new genetic associations with specific neuropathologic features and aligned known genetic risk for AD dementia with specific neuropathologic changes in the largest brain autopsy study of AD and related dementias.",A;C;D,D,"D(10 hits: risk loci, genome-wide, Genome-wide, meta-analysis, association study) | A(2 hits: amyloid, neurofibrillary tangle) | C(1 hits: therapeutic)"
25199842,25199842,2014,Naj AC,Yu L,"Effects of multiple genetic loci on age at onset in late-onset
Alzheimer disease: a genome-wide association study.",JAMA neurology,71(11):1394-404,Table 1,"GWAS catalog, ADGC",25199842,FALSE,25199842,Effects of multiple genetic loci on age at onset in late-onset Alzheimer disease: a genome-wide association study.,JAMA neurology,2014,Naj AC; Jun G; Reitz C; Kunkle BW; Perry W; Park YS; Beecham GW; Rajbhandary RA; Hamilton-Nelson KL; Wang LS; Kauwe JS; Huentelman MJ; Myers AJ; Bird TD; Boeve BF; Baldwin CT; Jarvik GP; Crane PK; Rogaeva E; Barmada MM; Demirci FY; Cruchaga C; Kramer PL; Ertekin-Taner N; Hardy J; Graff-Radford NR; Green RC; Larson EB; St George-Hyslop PH; Buxbaum JD; Evans DA; Schneider JA; Lunetta KL; Kamboh MI; Saykin AJ; Reiman EM; De Jager PL; Bennett DA; Morris JC; Montine TJ; Goate AM; Blacker D; Tsuang DW; Hakonarson H; Kukull WA; Foroud TM; Martin ER; Haines JL; Mayeux RP; Farrer LA; Schellenberg GD; Pericak-Vance MA; Alzheimer Disease Genetics Consortium; Albert MS; Albin RL; Apostolova LG; Arnold SE; Barber R; Barnes LL; Beach TG; Becker JT; Beekly D; Bigio EH; Bowen JD; Boxer A; Burke JR; Cairns NJ; Cantwell LB; Cao C; Carlson CS; Carney RM; Carrasquillo MM; Carroll SL; Chui HC; Clark DG; Corneveaux J; Cribbs DH; Crocco EA; DeCarli C; DeKosky ST; Dick M; Dickson DW; Duara R; Faber KM; Fallon KB; Farlow MR; Ferris S; Frosch MP; Galasko DR; Ganguli M; Gearing M; Geschwind DH; Ghetti B; Gilbert JR; Glass JD; Growdon JH; Hamilton RL; Harrell LE; Head E; Honig LS; Hulette CM; Hyman BT; Jicha GA; Jin LW; Karydas A; Kaye JA; Kim R; Koo EH; Kowall NW; Kramer JH; LaFerla FM; Lah JJ; Leverenz JB; Levey AI; Li G; Lieberman AP; Lin CF; Lopez OL; Lyketsos CG; Mack WJ; Martiniuk F; Mash DC; Masliah E; McCormick WC; McCurry SM; McDavid AN; McKee AC; Mesulam M; Miller BL; Miller CA; Miller JW; Murrell JR; Olichney JM; Pankratz VS; Parisi JE; Paulson HL; Peskind E; Petersen RC; Pierce A; Poon WW; Potter H; Quinn JF; Raj A; Raskind M; Reisberg B; Ringman JM; Roberson ED; Rosen HJ; Rosenberg RN; Sano M; Schneider LS; Seeley WW; Smith AG; Sonnen JA; Spina S; Stern RA; Tanzi RE; Thornton-Wells TA; Trojanowski JQ; Troncoso JC; Valladares O; Van Deerlin VM; Van Eldik LJ; Vardarajan BN; Vinters HV; Vonsattel JP; Weintraub S; Welsh-Bohmer KA; Williamson J; Wishnek S; Woltjer RL; Wright CB; Younkin SG; Yu CE; Yu L,"Because APOE locus variants contribute to risk of late-onset Alzheimer disease (LOAD) and to differences in age at onset (AAO), it is important to know whether other established LOAD risk loci also affect AAO in affected participants. To investigate the effects of known Alzheimer disease risk loci in modifying AAO and to estimate their cumulative effect on AAO variation using data from genome-wide association studies in the Alzheimer Disease Genetics Consortium. The Alzheimer Disease Genetics Consortium comprises 14 case-control, prospective, and family-based data sets with data on 9162 participants of white race/ethnicity with Alzheimer disease occurring after age 60 years who also had complete AAO information, gathered between 1989 and 2011 at multiple sites by participating studies. Data on genotyped or imputed single-nucleotide polymorphisms most significantly associated with risk at 10 confirmed LOAD loci were examined in linear modeling of AAO, and individual data set results were combined using a random-effects, inverse variance-weighted meta-analysis approach to determine whether they contribute to variation in AAO. Aggregate effects of all risk loci on AAO were examined in a burden analysis using genotype scores weighted by risk effect sizes. Age at disease onset abstracted from medical records among participants with LOAD diagnosed per standard criteria. Analysis confirmed the association of APOE with earlier AAO (P = 3.3 × 10(-96)), with associations in CR1 (rs6701713, P = 7.2 × 10(-4)), BIN1 (rs7561528, P = 4.8 × 10(-4)), and PICALM (rs561655, P = 2.2 × 10(-3)) reaching statistical significance (P < .005). Risk alleles individually reduced AAO by 3 to 6 months. Burden analyses demonstrated that APOE contributes to 3.7% of the variation in AAO (R(2) = 0.256) over baseline (R(2) = 0.221), whereas the other 9 loci together contribute to 2.2% of the variation (R(2) = 0.242). We confirmed an association of APOE (OMIM 107741) variants with AAO among affected participants with LOAD and observed novel associations of CR1 (OMIM 120620), BIN1 (OMIM 601248), and PICALM (OMIM 603025) with AAO. In contrast to earlier hypothetical modeling, we show that the combined effects of Alzheimer disease risk variants on AAO are on the scale of, but do not exceed, the APOE effect. While the aggregate effects of risk loci on AAO may be significant, additional genetic contributions to AAO are individually likely to be small.",D;E;G,D,"D(17 hits: allele, locus, risk loci, genome-wide, meta-analysis) | E(2 hits: burden, Burden) | G(2 hits: Consortium)"
25317765,25317765,2014,Barral S,Mayeux R,"Common genetic variants on 6q24 associated with exceptional
episodic memory performance in the elderly.",JAMA neurology,71(12):1514-9,NR,"GWAS catalog, ADGC",25317765,FALSE,25317765,Common genetic variants on 6q24 associated with exceptional episodic memory performance in the elderly.,JAMA neurology,2014,Barral S; Cosentino S; Christensen K; Newman AB; Perls TT; Province MA; Mayeux R; Long Life Family Study,"There are genetic influences on memory ability as we age, but no specific genes have been identified. To use a cognitive endophenotype, exceptional episodic memory (EEM) performance, derived from nondemented offspring from the Long Life Family Study (LLFS) to identify genetic variants that may be responsible for the high cognitive performance of LLFS participants and further replicate these variants using an additional 4006 nondemented individuals from 4 independent elderly cohorts. A total of 467 LLFS participants from 18 families with 2 or more offspring that exhibited exceptional memory performance were used for genome-wide linkage analysis. Adjusted multivariate linear analyses in the 40-megabase region encompassing the linkage peak were conducted using 4 independent replication data sets that included 4006 nondemented elderly individuals. Results of the individual replication cohorts were combined by meta-analysis. Episodic memory scores computed as the mean of the 2 standardized measures of Logical Memory IA and IIA. Heritability estimates indicated a significant genetic component for EEM (h2 = 0.21; SE = 0.09). Genome-wide linkage analysis revealed that EEM was linked to the 6q24 region (maximum logarithm of odds score, 3.64). Association analysis in LLFS families identified single-nucleotide polymorphisms (SNPs) nominally associated with EEM in the 40-megabase window encompassing the linkage peak. Replication in one cohort identified a set of 26 SNPs associated with episodic memory (P ≤ .05). Meta-analysis of the 26 SNPs using the 4 independent replication cohorts found SNPs rs9321334 and rs6902875 to be nominally significantly associated with episodic memory (P = .009 and P = .013, respectively). With meta-analysis restricted to individuals lacking an APOE ε4 allele, SNP rs6902875 became statistically significant (meta-analysis, P = 6.7 × 10-5). Haplotype analysis incorporating the 2 SNPs flanking rs6902875 (rs9321334 and rs4897574) revealed that the A-A-C haplotype was significantly associated with episodic memory performance (P = 2.4 × 10-5). This genomic region harbors monooxygenase dopamine β-hydroxylase-like 1 gene (MOXD1), implicated in the biosynthesis of norepinephrine, which is prominently involved in cognitive functions. The results provide strong evidence for potential candidate genes related to EEM on 6q24. Identifying the genes will help in understanding the biological basis of memory performance and allow interventions for enhancement of cognitive function.",B;C;D,D,"D(22 hits: Heritability, allele, genome-wide, cohort, Genome-wide) | B(1 hits: endophenotype) | C(1 hits: intervention)"
25324900,25324900,2014,Allen M,Ertekin-Taner N,"Association of MAPT haplotypes with Alzheimer's disease risk and
MAPT brain gene expression levels.",Alzheimer's research & therapy,6(4):39,"Table 1,3","GWAS catalog, ADGC",25324900,FALSE,25324900,Association of MAPT haplotypes with Alzheimer's disease risk and MAPT brain gene expression levels.,Alzheimer's research & therapy,2014,Allen M; Kachadoorian M; Quicksall Z; Zou F; Chai HS; Younkin C; Crook JE; Pankratz VS; Carrasquillo MM; Krishnan S; Nguyen T; Ma L; Malphrus K; Lincoln S; Bisceglio G; Kolbert CP; Jen J; Mukherjee S; Kauwe JK; Crane PK; Haines JL; Mayeux R; Pericak-Vance MA; Farrer LA; Schellenberg GD; Parisi JE; Petersen RC; Graff-Radford NR; Dickson DW; Younkin SG; Ertekin-Taner N,"MAPT encodes for tau, the predominant component of neurofibrillary tangles that are neuropathological hallmarks of Alzheimer's disease (AD). Genetic association of MAPT variants with late-onset AD (LOAD) risk has been inconsistent, although insufficient power and incomplete assessment of MAPT haplotypes may account for this. We examined the association of MAPT haplotypes with LOAD risk in more than 20,000 subjects (n-cases = 9,814, n-controls = 11,550) from Mayo Clinic (n-cases = 2,052, n-controls = 3,406) and the Alzheimer's Disease Genetics Consortium (ADGC, n-cases = 7,762, n-controls = 8,144). We also assessed associations with brain MAPT gene expression levels measured in the cerebellum (n = 197) and temporal cortex (n = 202) of LOAD subjects. Six single nucleotide polymorphisms (SNPs) which tag MAPT haplotypes with frequencies greater than 1% were evaluated. H2-haplotype tagging rs8070723-G allele associated with reduced risk of LOAD (odds ratio, OR = 0.90, 95% confidence interval, CI = 0.85-0.95, p = 5.2E-05) with consistent results in the Mayo (OR = 0.81, p = 7.0E-04) and ADGC (OR = 0.89, p = 1.26E-04) cohorts. rs3785883-A allele was also nominally significantly associated with LOAD risk (OR = 1.06, 95% CI = 1.01-1.13, p = 0.034). Haplotype analysis revealed significant global association with LOAD risk in the combined cohort (p = 0.033), with significant association of the H2 haplotype with reduced risk of LOAD as expected (p = 1.53E-04) and suggestive association with additional haplotypes. MAPT SNPs and haplotypes also associated with brain MAPT levels in the cerebellum and temporal cortex of AD subjects with the strongest associations observed for the H2 haplotype and reduced brain MAPT levels (β = -0.16 to -0.20, p = 1.0E-03 to 3.0E-03). These results confirm the previously reported MAPT H2 associations with LOAD risk in two large series, that this haplotype has the strongest effect on brain MAPT expression amongst those tested and identify additional haplotypes with suggestive associations, which require replication in independent series. These biologically congruent results provide compelling evidence to screen the MAPT region for regulatory variants which confer LOAD risk by influencing its brain gene expression.",A;C;D;G,D,"D(8 hits: cohort, SNP, allele, variant) | A(6 hits: neurofibrillary tangle, tau, gene expression) | G(3 hits: Consortium, ADGC) | C(1 hits: therapy)"
25340798,25340798,2014,Kauwe JS,Goate AM,"Genome-wide association study of CSF levels of 59 alzheimer's
disease candidate proteins: significant associations with proteins
involved in amyloid processing and inflammation.",PLoS genetics,10(10):e1004758,Table 2,"GWAS catalog, ADGC",25340798,FALSE,25340798,Genome-wide association study of CSF levels of 59 alzheimer's disease candidate proteins: significant associations with proteins involved in amyloid processing and inflammation.,PLoS genetics,2014,Kauwe JS; Bailey MH; Ridge PG; Perry R; Wadsworth ME; Hoyt KL; Staley LA; Karch CM; Harari O; Cruchaga C; Ainscough BJ; Bales K; Pickering EH; Bertelsen S; Alzheimer's Disease Neuroimaging Initiative; Fagan AM; Holtzman DM; Morris JC; Goate AM,"Cerebrospinal fluid (CSF) 42 amino acid species of amyloid beta (Aβ42) and tau levels are strongly correlated with the presence of Alzheimer's disease (AD) neuropathology including amyloid plaques and neurodegeneration and have been successfully used as endophenotypes for genetic studies of AD. Additional CSF analytes may also serve as useful endophenotypes that capture other aspects of AD pathophysiology. Here we have conducted a genome-wide association study of CSF levels of 59 AD-related analytes. All analytes were measured using the Rules Based Medicine Human DiscoveryMAP Panel, which includes analytes relevant to several disease-related processes. Data from two independently collected and measured datasets, the Knight Alzheimer's Disease Research Center (ADRC) and Alzheimer's Disease Neuroimaging Initiative (ADNI), were analyzed separately, and combined results were obtained using meta-analysis. We identified genetic associations with CSF levels of 5 proteins (Angiotensin-converting enzyme (ACE), Chemokine (C-C motif) ligand 2 (CCL2), Chemokine (C-C motif) ligand 4 (CCL4), Interleukin 6 receptor (IL6R) and Matrix metalloproteinase-3 (MMP3)) with study-wide significant p-values (p<1.46×10-10) and significant, consistent evidence for association in both the Knight ADRC and the ADNI samples. These proteins are involved in amyloid processing and pro-inflammatory signaling. SNPs associated with ACE, IL6R and MMP3 protein levels are located within the coding regions of the corresponding structural gene. The SNPs associated with CSF levels of CCL4 and CCL2 are located in known chemokine binding proteins. The genetic associations reported here are novel and suggest mechanisms for genetic control of CSF and plasma levels of these disease-related proteins. Significant SNPs in ACE and MMP3 also showed association with AD risk. Our findings suggest that these proteins/pathways may be valuable therapeutic targets for AD. Robust associations in cognitively normal individuals suggest that these SNPs also influence regulation of these proteins more generally and may therefore be relevant to other diseases.",A;B;C;D;F;G,B,"B(12 hits: imaging, plasma, CSF, endophenotype) | D(11 hits: genome-wide, Genome-wide, SNP, meta-analysis, association study) | A(9 hits: amyloid, Aβ, pathway, tau, neurodegeneration) | G(3 hits: Initiative, ADNI) | C(1 hits: therapeutic) | F(1 hits: dataset)"