P-value,Effect,AF,SNP,Chr,Position,RA1,RA2,SNP notes,P-value notes,Effect notes,Population,Stage,Imputation,Study type,Phenotype,Cohort
3.1e-05,,,rs9268877,6,32431147,,A,Table 4..SNP,Braineac.p-value,,,discovery + meta + combined + replication,International FTD Genomics Consortium + IFGC phase ii + 1000 Genomes (1000G) + ifgc + International Genomics of AD Project + IFGC + IFGC phase i + UK10K + Haplotype Reference Consortium (HRC) + TOPMed + International PD Genetics Consortium,Whole Genome Sequencing (WGS) + GWAS + International Genomics of AD Project (IGAP) + Whole Exome Sequencing (WES) + International Parkinson Disease Genomics Consortium (IPDGC) + Array genotyping,,IFGC + IGAP
,,,rs9268877,6,32431147,,A,Table 4..SNP,p-value,,,discovery + meta + combined + replication,International FTD Genomics Consortium + IFGC phase ii + 1000 Genomes (1000G) + ifgc + International Genomics of AD Project + IFGC + IFGC phase i + UK10K + Haplotype Reference Consortium (HRC) + TOPMed + International PD Genetics Consortium,Whole Genome Sequencing (WGS) + GWAS + International Genomics of AD Project (IGAP) + Whole Exome Sequencing (WES) + International Parkinson Disease Genomics Consortium (IPDGC) + Array genotyping,,IFGC + IGAP
3.1e-05,,,rs676768,1012,116030773 40445750 107067203,,/ /,Table 4..SNP,Braineac.p-value,,,discovery + meta + combined + replication,International FTD Genomics Consortium + IFGC phase ii + 1000 Genomes (1000G) + ifgc + International Genomics of AD Project + IFGC + IFGC phase i + UK10K + Haplotype Reference Consortium (HRC) + TOPMed + International PD Genetics Consortium,Whole Genome Sequencing (WGS) + GWAS + International Genomics of AD Project (IGAP) + Whole Exome Sequencing (WES) + International Parkinson Disease Genomics Consortium (IPDGC) + Array genotyping,,IFGC + IGAP
,,,rs676768,1012,116030773 40445750 107067203,,/ /,Table 4..SNP,p-value,,,discovery + meta + combined + replication,International FTD Genomics Consortium + IFGC phase ii + 1000 Genomes (1000G) + ifgc + International Genomics of AD Project + IFGC + IFGC phase i + UK10K + Haplotype Reference Consortium (HRC) + TOPMed + International PD Genetics Consortium,Whole Genome Sequencing (WGS) + GWAS + International Genomics of AD Project (IGAP) + Whole Exome Sequencing (WES) + International Parkinson Disease Genomics Consortium (IPDGC) + Array genotyping,,IFGC + IGAP
3e-06,,,rs199528,1317,44843136,,/ C,Table 4..SNP,Braineac.p-value,,,discovery + meta + combined + replication,International FTD Genomics Consortium + IFGC phase ii + 1000 Genomes (1000G) + ifgc + International Genomics of AD Project + IFGC + IFGC phase i + UK10K + Haplotype Reference Consortium (HRC) + TOPMed + International PD Genetics Consortium,Whole Genome Sequencing (WGS) + GWAS + International Genomics of AD Project (IGAP) + Whole Exome Sequencing (WES) + International Parkinson Disease Genomics Consortium (IPDGC) + Array genotyping,,IFGC + IGAP
,,,rs199528,1317,44843136,,/ C,Table 4..SNP,p-value,,,discovery + meta + combined + replication,International FTD Genomics Consortium + IFGC phase ii + 1000 Genomes (1000G) + ifgc + International Genomics of AD Project + IFGC + IFGC phase i + UK10K + Haplotype Reference Consortium (HRC) + TOPMed + International PD Genetics Consortium,Whole Genome Sequencing (WGS) + GWAS + International Genomics of AD Project (IGAP) + Whole Exome Sequencing (WES) + International Parkinson Disease Genomics Consortium (IPDGC) + Array genotyping,,IFGC + IGAP
3e-06,,,rs199528,17,44843136,,C,Table 4..SNP,Braineac.p-value,,,discovery + meta + combined + replication,International FTD Genomics Consortium + IFGC phase ii + 1000 Genomes (1000G) + ifgc + International Genomics of AD Project + IFGC + IFGC phase i + UK10K + Haplotype Reference Consortium (HRC) + TOPMed + International PD Genetics Consortium,Whole Genome Sequencing (WGS) + GWAS + International Genomics of AD Project (IGAP) + Whole Exome Sequencing (WES) + International Parkinson Disease Genomics Consortium (IPDGC) + Array genotyping,,IFGC + IGAP
,,,rs199528,17,44843136,,C,Table 4..SNP,p-value,,,discovery + meta + combined + replication,International FTD Genomics Consortium + IFGC phase ii + 1000 Genomes (1000G) + ifgc + International Genomics of AD Project + IFGC + IFGC phase i + UK10K + Haplotype Reference Consortium (HRC) + TOPMed + International PD Genetics Consortium,Whole Genome Sequencing (WGS) + GWAS + International Genomics of AD Project (IGAP) + Whole Exome Sequencing (WES) + International Parkinson Disease Genomics Consortium (IPDGC) + Array genotyping,,IFGC + IGAP
1e-05,,,rs199528,17,44843136,,C,Table 4..SNP,Braineac.p-value,,,discovery + meta + combined + replication,International FTD Genomics Consortium + IFGC phase ii + 1000 Genomes (1000G) + ifgc + International Genomics of AD Project + IFGC + IFGC phase i + UK10K + Haplotype Reference Consortium (HRC) + TOPMed + International PD Genetics Consortium,Whole Genome Sequencing (WGS) + GWAS + International Genomics of AD Project (IGAP) + Whole Exome Sequencing (WES) + International Parkinson Disease Genomics Consortium (IPDGC) + Array genotyping,,IFGC + IGAP
,,,rs199528,17,44843136,,C,Table 4..SNP,p-value,,,discovery + meta + combined + replication,International FTD Genomics Consortium + IFGC phase ii + 1000 Genomes (1000G) + ifgc + International Genomics of AD Project + IFGC + IFGC phase i + UK10K + Haplotype Reference Consortium (HRC) + TOPMed + International PD Genetics Consortium,Whole Genome Sequencing (WGS) + GWAS + International Genomics of AD Project (IGAP) + Whole Exome Sequencing (WES) + International Parkinson Disease Genomics Consortium (IPDGC) + Array genotyping,,IFGC + IGAP
3.1e-05,,,,6,32431147,,A,Braineac.Gene,Braineac.p-value,,,discovery + meta + combined + replication,International FTD Genomics Consortium + IFGC phase ii + 1000 Genomes (1000G) + ifgc + International Genomics of AD Project + IFGC + IFGC phase i + UK10K + Haplotype Reference Consortium (HRC) + TOPMed + International PD Genetics Consortium,Whole Genome Sequencing (WGS) + GWAS + International Genomics of AD Project (IGAP) + Whole Exome Sequencing (WES) + International Parkinson Disease Genomics Consortium (IPDGC) + Array genotyping,,IFGC + IGAP
,,,,6,32431147,,A,Braineac.Gene,p-value,,,discovery + meta + combined + replication,International FTD Genomics Consortium + IFGC phase ii + 1000 Genomes (1000G) + ifgc + International Genomics of AD Project + IFGC + IFGC phase i + UK10K + Haplotype Reference Consortium (HRC) + TOPMed + International PD Genetics Consortium,Whole Genome Sequencing (WGS) + GWAS + International Genomics of AD Project (IGAP) + Whole Exome Sequencing (WES) + International Parkinson Disease Genomics Consortium (IPDGC) + Array genotyping,,IFGC + IGAP
3.1e-05,,,,1012,116030773 40445750 107067203,,/ /,Braineac.Gene,Braineac.p-value,,,discovery + meta + combined + replication,International FTD Genomics Consortium + IFGC phase ii + 1000 Genomes (1000G) + ifgc + International Genomics of AD Project + IFGC + IFGC phase i + UK10K + Haplotype Reference Consortium (HRC) + TOPMed + International PD Genetics Consortium,Whole Genome Sequencing (WGS) + GWAS + International Genomics of AD Project (IGAP) + Whole Exome Sequencing (WES) + International Parkinson Disease Genomics Consortium (IPDGC) + Array genotyping,,IFGC + IGAP
,,,,1012,116030773 40445750 107067203,,/ /,Braineac.Gene,p-value,,,discovery + meta + combined + replication,International FTD Genomics Consortium + IFGC phase ii + 1000 Genomes (1000G) + ifgc + International Genomics of AD Project + IFGC + IFGC phase i + UK10K + Haplotype Reference Consortium (HRC) + TOPMed + International PD Genetics Consortium,Whole Genome Sequencing (WGS) + GWAS + International Genomics of AD Project (IGAP) + Whole Exome Sequencing (WES) + International Parkinson Disease Genomics Consortium (IPDGC) + Array genotyping,,IFGC + IGAP
3e-06,,,,1317,44843136,,/ C,Braineac.Gene,Braineac.p-value,,,discovery + meta + combined + replication,International FTD Genomics Consortium + IFGC phase ii + 1000 Genomes (1000G) + ifgc + International Genomics of AD Project + IFGC + IFGC phase i + UK10K + Haplotype Reference Consortium (HRC) + TOPMed + International PD Genetics Consortium,Whole Genome Sequencing (WGS) + GWAS + International Genomics of AD Project (IGAP) + Whole Exome Sequencing (WES) + International Parkinson Disease Genomics Consortium (IPDGC) + Array genotyping,,IFGC + IGAP
,,,,1317,44843136,,/ C,Braineac.Gene,p-value,,,discovery + meta + combined + replication,International FTD Genomics Consortium + IFGC phase ii + 1000 Genomes (1000G) + ifgc + International Genomics of AD Project + IFGC + IFGC phase i + UK10K + Haplotype Reference Consortium (HRC) + TOPMed + International PD Genetics Consortium,Whole Genome Sequencing (WGS) + GWAS + International Genomics of AD Project (IGAP) + Whole Exome Sequencing (WES) + International Parkinson Disease Genomics Consortium (IPDGC) + Array genotyping,,IFGC + IGAP
3e-06,,,,17,44843136,,C,Braineac.Gene,Braineac.p-value,,,discovery + meta + combined + replication,International FTD Genomics Consortium + IFGC phase ii + 1000 Genomes (1000G) + ifgc + International Genomics of AD Project + IFGC + IFGC phase i + UK10K + Haplotype Reference Consortium (HRC) + TOPMed + International PD Genetics Consortium,Whole Genome Sequencing (WGS) + GWAS + International Genomics of AD Project (IGAP) + Whole Exome Sequencing (WES) + International Parkinson Disease Genomics Consortium (IPDGC) + Array genotyping,,IFGC + IGAP
,,,,17,44843136,,C,Braineac.Gene,p-value,,,discovery + meta + combined + replication,International FTD Genomics Consortium + IFGC phase ii + 1000 Genomes (1000G) + ifgc + International Genomics of AD Project + IFGC + IFGC phase i + UK10K + Haplotype Reference Consortium (HRC) + TOPMed + International PD Genetics Consortium,Whole Genome Sequencing (WGS) + GWAS + International Genomics of AD Project (IGAP) + Whole Exome Sequencing (WES) + International Parkinson Disease Genomics Consortium (IPDGC) + Array genotyping,,IFGC + IGAP
1e-05,,,,17,44843136,,C,Braineac.Gene,Braineac.p-value,,,discovery + meta + combined + replication,International FTD Genomics Consortium + IFGC phase ii + 1000 Genomes (1000G) + ifgc + International Genomics of AD Project + IFGC + IFGC phase i + UK10K + Haplotype Reference Consortium (HRC) + TOPMed + International PD Genetics Consortium,Whole Genome Sequencing (WGS) + GWAS + International Genomics of AD Project (IGAP) + Whole Exome Sequencing (WES) + International Parkinson Disease Genomics Consortium (IPDGC) + Array genotyping,,IFGC + IGAP
,,,,17,44843136,,C,Braineac.Gene,p-value,,,discovery + meta + combined + replication,International FTD Genomics Consortium + IFGC phase ii + 1000 Genomes (1000G) + ifgc + International Genomics of AD Project + IFGC + IFGC phase i + UK10K + Haplotype Reference Consortium (HRC) + TOPMed + International PD Genetics Consortium,Whole Genome Sequencing (WGS) + GWAS + International Genomics of AD Project (IGAP) + Whole Exome Sequencing (WES) + International Parkinson Disease Genomics Consortium (IPDGC) + Array genotyping,,IFGC + IGAP
0.0273,1.36,,rs4417745,2,241 225 364,A,,SNP ,Min Cond FDR,IFGC phase I OR (95% CI),,discovery + meta + combined + replication,International FTD Genomics Consortium + IFGC phase ii + 1000 Genomes (1000G) + ifgc + International Genomics of AD Project + IFGC + IFGC phase i + UK10K + Haplotype Reference Consortium (HRC) + TOPMed + International PD Genetics Consortium,Whole Genome Sequencing (WGS) + GWAS + International Genomics of AD Project (IGAP) + Whole Exome Sequencing (WES) + International Parkinson Disease Genomics Consortium (IPDGC) + Array genotyping,,IFGC + IGAP
0.0273,1.06,,rs4417745,2,241 225 364,A,,SNP ,Min Cond FDR,IFGC phase II OR (95% CI),,discovery + meta + combined + replication,International FTD Genomics Consortium + IFGC phase ii + 1000 Genomes (1000G) + ifgc + International Genomics of AD Project + IFGC + IFGC phase i + UK10K + Haplotype Reference Consortium (HRC) + TOPMed + International PD Genetics Consortium,Whole Genome Sequencing (WGS) + GWAS + International Genomics of AD Project (IGAP) + Whole Exome Sequencing (WES) + International Parkinson Disease Genomics Consortium (IPDGC) + Array genotyping,,IFGC + IGAP
0.0273,1.22,,rs4417745,2,241 225 364,A,,SNP ,Min Cond FDR,Meta-analysis OR (95% CI),,discovery + meta + combined + replication,International FTD Genomics Consortium + IFGC phase ii + 1000 Genomes (1000G) + ifgc + International Genomics of AD Project + IFGC + IFGC phase i + UK10K + Haplotype Reference Consortium (HRC) + TOPMed + International PD Genetics Consortium,Whole Genome Sequencing (WGS) + GWAS + International Genomics of AD Project (IGAP) + Whole Exome Sequencing (WES) + International Parkinson Disease Genomics Consortium (IPDGC) + Array genotyping,,IFGC + IGAP
2.52e-05,1.36,,rs4417745,2,241 225 364,A,,SNP ,IFGC phase I p-value,IFGC phase I OR (95% CI),,discovery + meta + combined + replication,International FTD Genomics Consortium + IFGC phase ii + 1000 Genomes (1000G) + ifgc + International Genomics of AD Project + IFGC + IFGC phase i + UK10K + Haplotype Reference Consortium (HRC) + TOPMed + International PD Genetics Consortium,Whole Genome Sequencing (WGS) + GWAS + International Genomics of AD Project (IGAP) + Whole Exome Sequencing (WES) + International Parkinson Disease Genomics Consortium (IPDGC) + Array genotyping,,IFGC + IGAP
2.52e-05,1.06,,rs4417745,2,241 225 364,A,,SNP ,IFGC phase I p-value,IFGC phase II OR (95% CI),,discovery + meta + combined + replication,International FTD Genomics Consortium + IFGC phase ii + 1000 Genomes (1000G) + ifgc + International Genomics of AD Project + IFGC + IFGC phase i + UK10K + Haplotype Reference Consortium (HRC) + TOPMed + International PD Genetics Consortium,Whole Genome Sequencing (WGS) + GWAS + International Genomics of AD Project (IGAP) + Whole Exome Sequencing (WES) + International Parkinson Disease Genomics Consortium (IPDGC) + Array genotyping,,IFGC + IGAP
2.52e-05,1.22,,rs4417745,2,241 225 364,A,,SNP ,IFGC phase I p-value,Meta-analysis OR (95% CI),,discovery + meta + combined + replication,International FTD Genomics Consortium + IFGC phase ii + 1000 Genomes (1000G) + ifgc + International Genomics of AD Project + IFGC + IFGC phase i + UK10K + Haplotype Reference Consortium (HRC) + TOPMed + International PD Genetics Consortium,Whole Genome Sequencing (WGS) + GWAS + International Genomics of AD Project (IGAP) + Whole Exome Sequencing (WES) + International Parkinson Disease Genomics Consortium (IPDGC) + Array genotyping,,IFGC + IGAP
0.47,1.36,,rs4417745,2,241 225 364,A,,SNP ,IFGC phase II p-value,IFGC phase I OR (95% CI),,discovery + meta + combined + replication,International FTD Genomics Consortium + IFGC phase ii + 1000 Genomes (1000G) + ifgc + International Genomics of AD Project + IFGC + IFGC phase i + UK10K + Haplotype Reference Consortium (HRC) + TOPMed + International PD Genetics Consortium,Whole Genome Sequencing (WGS) + GWAS + International Genomics of AD Project (IGAP) + Whole Exome Sequencing (WES) + International Parkinson Disease Genomics Consortium (IPDGC) + Array genotyping,,IFGC + IGAP
0.47,1.06,,rs4417745,2,241 225 364,A,,SNP ,IFGC phase II p-value,IFGC phase II OR (95% CI),,discovery + meta + combined + replication,International FTD Genomics Consortium + IFGC phase ii + 1000 Genomes (1000G) + ifgc + International Genomics of AD Project + IFGC + IFGC phase i + UK10K + Haplotype Reference Consortium (HRC) + TOPMed + International PD Genetics Consortium,Whole Genome Sequencing (WGS) + GWAS + International Genomics of AD Project (IGAP) + Whole Exome Sequencing (WES) + International Parkinson Disease Genomics Consortium (IPDGC) + Array genotyping,,IFGC + IGAP
0.47,1.22,,rs4417745,2,241 225 364,A,,SNP ,IFGC phase II p-value,Meta-analysis OR (95% CI),,discovery + meta + combined + replication,International FTD Genomics Consortium + IFGC phase ii + 1000 Genomes (1000G) + ifgc + International Genomics of AD Project + IFGC + IFGC phase i + UK10K + Haplotype Reference Consortium (HRC) + TOPMed + International PD Genetics Consortium,Whole Genome Sequencing (WGS) + GWAS + International Genomics of AD Project (IGAP) + Whole Exome Sequencing (WES) + International Parkinson Disease Genomics Consortium (IPDGC) + Array genotyping,,IFGC + IGAP
0.00032,1.36,,rs4417745,2,241 225 364,A,,SNP ,Meta-analysis p-value,IFGC phase I OR (95% CI),,discovery + meta + combined + replication,International FTD Genomics Consortium + IFGC phase ii + 1000 Genomes (1000G) + ifgc + International Genomics of AD Project + IFGC + IFGC phase i + UK10K + Haplotype Reference Consortium (HRC) + TOPMed + International PD Genetics Consortium,Whole Genome Sequencing (WGS) + GWAS + International Genomics of AD Project (IGAP) + Whole Exome Sequencing (WES) + International Parkinson Disease Genomics Consortium (IPDGC) + Array genotyping,,IFGC + IGAP
0.00032,1.06,,rs4417745,2,241 225 364,A,,SNP ,Meta-analysis p-value,IFGC phase II OR (95% CI),,discovery + meta + combined + replication,International FTD Genomics Consortium + IFGC phase ii + 1000 Genomes (1000G) + ifgc + International Genomics of AD Project + IFGC + IFGC phase i + UK10K + Haplotype Reference Consortium (HRC) + TOPMed + International PD Genetics Consortium,Whole Genome Sequencing (WGS) + GWAS + International Genomics of AD Project (IGAP) + Whole Exome Sequencing (WES) + International Parkinson Disease Genomics Consortium (IPDGC) + Array genotyping,,IFGC + IGAP
0.00032,1.22,,rs4417745,2,241 225 364,A,,SNP ,Meta-analysis p-value,Meta-analysis OR (95% CI),,discovery + meta + combined + replication,International FTD Genomics Consortium + IFGC phase ii + 1000 Genomes (1000G) + ifgc + International Genomics of AD Project + IFGC + IFGC phase i + UK10K + Haplotype Reference Consortium (HRC) + TOPMed + International PD Genetics Consortium,Whole Genome Sequencing (WGS) + GWAS + International Genomics of AD Project (IGAP) + Whole Exome Sequencing (WES) + International Parkinson Disease Genomics Consortium (IPDGC) + Array genotyping,,IFGC + IGAP
0.0323,0.73,,rs7664889,4,77 087 704,T,,SNP ,Min Cond FDR,IFGC phase I OR (95% CI),,discovery + meta + combined + replication,International FTD Genomics Consortium + IFGC phase ii + 1000 Genomes (1000G) + ifgc + International Genomics of AD Project + IFGC + IFGC phase i + UK10K + Haplotype Reference Consortium (HRC) + TOPMed + International PD Genetics Consortium,Whole Genome Sequencing (WGS) + GWAS + International Genomics of AD Project (IGAP) + Whole Exome Sequencing (WES) + International Parkinson Disease Genomics Consortium (IPDGC) + Array genotyping,,IFGC + IGAP
0.0323,0.98,,rs7664889,4,77 087 704,T,,SNP ,Min Cond FDR,IFGC phase II OR (95% CI),,discovery + meta + combined + replication,International FTD Genomics Consortium + IFGC phase ii + 1000 Genomes (1000G) + ifgc + International Genomics of AD Project + IFGC + IFGC phase i + UK10K + Haplotype Reference Consortium (HRC) + TOPMed + International PD Genetics Consortium,Whole Genome Sequencing (WGS) + GWAS + International Genomics of AD Project (IGAP) + Whole Exome Sequencing (WES) + International Parkinson Disease Genomics Consortium (IPDGC) + Array genotyping,,IFGC + IGAP
0.0323,0.83,,rs7664889,4,77 087 704,T,,SNP ,Min Cond FDR,Meta-analysis OR (95% CI),,discovery + meta + combined + replication,International FTD Genomics Consortium + IFGC phase ii + 1000 Genomes (1000G) + ifgc + International Genomics of AD Project + IFGC + IFGC phase i + UK10K + Haplotype Reference Consortium (HRC) + TOPMed + International PD Genetics Consortium,Whole Genome Sequencing (WGS) + GWAS + International Genomics of AD Project (IGAP) + Whole Exome Sequencing (WES) + International Parkinson Disease Genomics Consortium (IPDGC) + Array genotyping,,IFGC + IGAP
0.000175,0.73,,rs7664889,4,77 087 704,T,,SNP ,IFGC phase I p-value,IFGC phase I OR (95% CI),,discovery + meta + combined + replication,International FTD Genomics Consortium + IFGC phase ii + 1000 Genomes (1000G) + ifgc + International Genomics of AD Project + IFGC + IFGC phase i + UK10K + Haplotype Reference Consortium (HRC) + TOPMed + International PD Genetics Consortium,Whole Genome Sequencing (WGS) + GWAS + International Genomics of AD Project (IGAP) + Whole Exome Sequencing (WES) + International Parkinson Disease Genomics Consortium (IPDGC) + Array genotyping,,IFGC + IGAP
0.000175,0.98,,rs7664889,4,77 087 704,T,,SNP ,IFGC phase I p-value,IFGC phase II OR (95% CI),,discovery + meta + combined + replication,International FTD Genomics Consortium + IFGC phase ii + 1000 Genomes (1000G) + ifgc + International Genomics of AD Project + IFGC + IFGC phase i + UK10K + Haplotype Reference Consortium (HRC) + TOPMed + International PD Genetics Consortium,Whole Genome Sequencing (WGS) + GWAS + International Genomics of AD Project (IGAP) + Whole Exome Sequencing (WES) + International Parkinson Disease Genomics Consortium (IPDGC) + Array genotyping,,IFGC + IGAP
0.000175,0.83,,rs7664889,4,77 087 704,T,,SNP ,IFGC phase I p-value,Meta-analysis OR (95% CI),,discovery + meta + combined + replication,International FTD Genomics Consortium + IFGC phase ii + 1000 Genomes (1000G) + ifgc + International Genomics of AD Project + IFGC + IFGC phase i + UK10K + Haplotype Reference Consortium (HRC) + TOPMed + International PD Genetics Consortium,Whole Genome Sequencing (WGS) + GWAS + International Genomics of AD Project (IGAP) + Whole Exome Sequencing (WES) + International Parkinson Disease Genomics Consortium (IPDGC) + Array genotyping,,IFGC + IGAP
0.82,0.73,,rs7664889,4,77 087 704,T,,SNP ,IFGC phase II p-value,IFGC phase I OR (95% CI),,discovery + meta + combined + replication,International FTD Genomics Consortium + IFGC phase ii + 1000 Genomes (1000G) + ifgc + International Genomics of AD Project + IFGC + IFGC phase i + UK10K + Haplotype Reference Consortium (HRC) + TOPMed + International PD Genetics Consortium,Whole Genome Sequencing (WGS) + GWAS + International Genomics of AD Project (IGAP) + Whole Exome Sequencing (WES) + International Parkinson Disease Genomics Consortium (IPDGC) + Array genotyping,,IFGC + IGAP
0.82,0.98,,rs7664889,4,77 087 704,T,,SNP ,IFGC phase II p-value,IFGC phase II OR (95% CI),,discovery + meta + combined + replication,International FTD Genomics Consortium + IFGC phase ii + 1000 Genomes (1000G) + ifgc + International Genomics of AD Project + IFGC + IFGC phase i + UK10K + Haplotype Reference Consortium (HRC) + TOPMed + International PD Genetics Consortium,Whole Genome Sequencing (WGS) + GWAS + International Genomics of AD Project (IGAP) + Whole Exome Sequencing (WES) + International Parkinson Disease Genomics Consortium (IPDGC) + Array genotyping,,IFGC + IGAP
0.82,0.83,,rs7664889,4,77 087 704,T,,SNP ,IFGC phase II p-value,Meta-analysis OR (95% CI),,discovery + meta + combined + replication,International FTD Genomics Consortium + IFGC phase ii + 1000 Genomes (1000G) + ifgc + International Genomics of AD Project + IFGC + IFGC phase i + UK10K + Haplotype Reference Consortium (HRC) + TOPMed + International PD Genetics Consortium,Whole Genome Sequencing (WGS) + GWAS + International Genomics of AD Project (IGAP) + Whole Exome Sequencing (WES) + International Parkinson Disease Genomics Consortium (IPDGC) + Array genotyping,,IFGC + IGAP
0.00318,0.73,,rs7664889,4,77 087 704,T,,SNP ,Meta-analysis p-value,IFGC phase I OR (95% CI),,discovery + meta + combined + replication,International FTD Genomics Consortium + IFGC phase ii + 1000 Genomes (1000G) + ifgc + International Genomics of AD Project + IFGC + IFGC phase i + UK10K + Haplotype Reference Consortium (HRC) + TOPMed + International PD Genetics Consortium,Whole Genome Sequencing (WGS) + GWAS + International Genomics of AD Project (IGAP) + Whole Exome Sequencing (WES) + International Parkinson Disease Genomics Consortium (IPDGC) + Array genotyping,,IFGC + IGAP
0.00318,0.98,,rs7664889,4,77 087 704,T,,SNP ,Meta-analysis p-value,IFGC phase II OR (95% CI),,discovery + meta + combined + replication,International FTD Genomics Consortium + IFGC phase ii + 1000 Genomes (1000G) + ifgc + International Genomics of AD Project + IFGC + IFGC phase i + UK10K + Haplotype Reference Consortium (HRC) + TOPMed + International PD Genetics Consortium,Whole Genome Sequencing (WGS) + GWAS + International Genomics of AD Project (IGAP) + Whole Exome Sequencing (WES) + International Parkinson Disease Genomics Consortium (IPDGC) + Array genotyping,,IFGC + IGAP
0.00318,0.83,,rs7664889,4,77 087 704,T,,SNP ,Meta-analysis p-value,Meta-analysis OR (95% CI),,discovery + meta + combined + replication,International FTD Genomics Consortium + IFGC phase ii + 1000 Genomes (1000G) + ifgc + International Genomics of AD Project + IFGC + IFGC phase i + UK10K + Haplotype Reference Consortium (HRC) + TOPMed + International PD Genetics Consortium,Whole Genome Sequencing (WGS) + GWAS + International Genomics of AD Project (IGAP) + Whole Exome Sequencing (WES) + International Parkinson Disease Genomics Consortium (IPDGC) + Array genotyping,,IFGC + IGAP
0.0425,0.78,,rs676768,10,116 030 773,T,,SNP ,Min Cond FDR,IFGC phase I OR (95% CI),,discovery + meta + combined + replication,International FTD Genomics Consortium + IFGC phase ii + 1000 Genomes (1000G) + ifgc + International Genomics of AD Project + IFGC + IFGC phase i + UK10K + Haplotype Reference Consortium (HRC) + TOPMed + International PD Genetics Consortium,Whole Genome Sequencing (WGS) + GWAS + International Genomics of AD Project (IGAP) + Whole Exome Sequencing (WES) + International Parkinson Disease Genomics Consortium (IPDGC) + Array genotyping,,IFGC + IGAP
0.0425,0.96,,rs676768,10,116 030 773,T,,SNP ,Min Cond FDR,IFGC phase II OR (95% CI),,discovery + meta + combined + replication,International FTD Genomics Consortium + IFGC phase ii + 1000 Genomes (1000G) + ifgc + International Genomics of AD Project + IFGC + IFGC phase i + UK10K + Haplotype Reference Consortium (HRC) + TOPMed + International PD Genetics Consortium,Whole Genome Sequencing (WGS) + GWAS + International Genomics of AD Project (IGAP) + Whole Exome Sequencing (WES) + International Parkinson Disease Genomics Consortium (IPDGC) + Array genotyping,,IFGC + IGAP
0.0425,0.86,,rs676768,10,116 030 773,T,,SNP ,Min Cond FDR,Meta-analysis OR (95% CI),,discovery + meta + combined + replication,International FTD Genomics Consortium + IFGC phase ii + 1000 Genomes (1000G) + ifgc + International Genomics of AD Project + IFGC + IFGC phase i + UK10K + Haplotype Reference Consortium (HRC) + TOPMed + International PD Genetics Consortium,Whole Genome Sequencing (WGS) + GWAS + International Genomics of AD Project (IGAP) + Whole Exome Sequencing (WES) + International Parkinson Disease Genomics Consortium (IPDGC) + Array genotyping,,IFGC + IGAP
0.000312,0.78,,rs676768,10,116 030 773,T,,SNP ,IFGC phase I p-value,IFGC phase I OR (95% CI),,discovery + meta + combined + replication,International FTD Genomics Consortium + IFGC phase ii + 1000 Genomes (1000G) + ifgc + International Genomics of AD Project + IFGC + IFGC phase i + UK10K + Haplotype Reference Consortium (HRC) + TOPMed + International PD Genetics Consortium,Whole Genome Sequencing (WGS) + GWAS + International Genomics of AD Project (IGAP) + Whole Exome Sequencing (WES) + International Parkinson Disease Genomics Consortium (IPDGC) + Array genotyping,,IFGC + IGAP
0.000312,0.96,,rs676768,10,116 030 773,T,,SNP ,IFGC phase I p-value,IFGC phase II OR (95% CI),,discovery + meta + combined + replication,International FTD Genomics Consortium + IFGC phase ii + 1000 Genomes (1000G) + ifgc + International Genomics of AD Project + IFGC + IFGC phase i + UK10K + Haplotype Reference Consortium (HRC) + TOPMed + International PD Genetics Consortium,Whole Genome Sequencing (WGS) + GWAS + International Genomics of AD Project (IGAP) + Whole Exome Sequencing (WES) + International Parkinson Disease Genomics Consortium (IPDGC) + Array genotyping,,IFGC + IGAP
0.000312,0.86,,rs676768,10,116 030 773,T,,SNP ,IFGC phase I p-value,Meta-analysis OR (95% CI),,discovery + meta + combined + replication,International FTD Genomics Consortium + IFGC phase ii + 1000 Genomes (1000G) + ifgc + International Genomics of AD Project + IFGC + IFGC phase i + UK10K + Haplotype Reference Consortium (HRC) + TOPMed + International PD Genetics Consortium,Whole Genome Sequencing (WGS) + GWAS + International Genomics of AD Project (IGAP) + Whole Exome Sequencing (WES) + International Parkinson Disease Genomics Consortium (IPDGC) + Array genotyping,,IFGC + IGAP
0.55,0.78,,rs676768,10,116 030 773,T,,SNP ,IFGC phase II p-value,IFGC phase I OR (95% CI),,discovery + meta + combined + replication,International FTD Genomics Consortium + IFGC phase ii + 1000 Genomes (1000G) + ifgc + International Genomics of AD Project + IFGC + IFGC phase i + UK10K + Haplotype Reference Consortium (HRC) + TOPMed + International PD Genetics Consortium,Whole Genome Sequencing (WGS) + GWAS + International Genomics of AD Project (IGAP) + Whole Exome Sequencing (WES) + International Parkinson Disease Genomics Consortium (IPDGC) + Array genotyping,,IFGC + IGAP
0.55,0.96,,rs676768,10,116 030 773,T,,SNP ,IFGC phase II p-value,IFGC phase II OR (95% CI),,discovery + meta + combined + replication,International FTD Genomics Consortium + IFGC phase ii + 1000 Genomes (1000G) + ifgc + International Genomics of AD Project + IFGC + IFGC phase i + UK10K + Haplotype Reference Consortium (HRC) + TOPMed + International PD Genetics Consortium,Whole Genome Sequencing (WGS) + GWAS + International Genomics of AD Project (IGAP) + Whole Exome Sequencing (WES) + International Parkinson Disease Genomics Consortium (IPDGC) + Array genotyping,,IFGC + IGAP
0.55,0.86,,rs676768,10,116 030 773,T,,SNP ,IFGC phase II p-value,Meta-analysis OR (95% CI),,discovery + meta + combined + replication,International FTD Genomics Consortium + IFGC phase ii + 1000 Genomes (1000G) + ifgc + International Genomics of AD Project + IFGC + IFGC phase i + UK10K + Haplotype Reference Consortium (HRC) + TOPMed + International PD Genetics Consortium,Whole Genome Sequencing (WGS) + GWAS + International Genomics of AD Project (IGAP) + Whole Exome Sequencing (WES) + International Parkinson Disease Genomics Consortium (IPDGC) + Array genotyping,,IFGC + IGAP
0.0024,0.78,,rs676768,10,116 030 773,T,,SNP ,Meta-analysis p-value,IFGC phase I OR (95% CI),,discovery + meta + combined + replication,International FTD Genomics Consortium + IFGC phase ii + 1000 Genomes (1000G) + ifgc + International Genomics of AD Project + IFGC + IFGC phase i + UK10K + Haplotype Reference Consortium (HRC) + TOPMed + International PD Genetics Consortium,Whole Genome Sequencing (WGS) + GWAS + International Genomics of AD Project (IGAP) + Whole Exome Sequencing (WES) + International Parkinson Disease Genomics Consortium (IPDGC) + Array genotyping,,IFGC + IGAP
0.0024,0.96,,rs676768,10,116 030 773,T,,SNP ,Meta-analysis p-value,IFGC phase II OR (95% CI),,discovery + meta + combined + replication,International FTD Genomics Consortium + IFGC phase ii + 1000 Genomes (1000G) + ifgc + International Genomics of AD Project + IFGC + IFGC phase i + UK10K + Haplotype Reference Consortium (HRC) + TOPMed + International PD Genetics Consortium,Whole Genome Sequencing (WGS) + GWAS + International Genomics of AD Project (IGAP) + Whole Exome Sequencing (WES) + International Parkinson Disease Genomics Consortium (IPDGC) + Array genotyping,,IFGC + IGAP
0.0024,0.86,,rs676768,10,116 030 773,T,,SNP ,Meta-analysis p-value,Meta-analysis OR (95% CI),,discovery + meta + combined + replication,International FTD Genomics Consortium + IFGC phase ii + 1000 Genomes (1000G) + ifgc + International Genomics of AD Project + IFGC + IFGC phase i + UK10K + Haplotype Reference Consortium (HRC) + TOPMed + International PD Genetics Consortium,Whole Genome Sequencing (WGS) + GWAS + International Genomics of AD Project (IGAP) + Whole Exome Sequencing (WES) + International Parkinson Disease Genomics Consortium (IPDGC) + Array genotyping,,IFGC + IGAP
0.0138,0.67,,rs1328032,13,71 420 424,A,,SNP ,Min Cond FDR,IFGC phase I OR (95% CI),,discovery + meta + combined + replication,International FTD Genomics Consortium + IFGC phase ii + 1000 Genomes (1000G) + ifgc + International Genomics of AD Project + IFGC + IFGC phase i + UK10K + Haplotype Reference Consortium (HRC) + TOPMed + International PD Genetics Consortium,Whole Genome Sequencing (WGS) + GWAS + International Genomics of AD Project (IGAP) + Whole Exome Sequencing (WES) + International Parkinson Disease Genomics Consortium (IPDGC) + Array genotyping,,IFGC + IGAP
0.0138,0.94,,rs1328032,13,71 420 424,A,,SNP ,Min Cond FDR,IFGC phase II OR (95% CI),,discovery + meta + combined + replication,International FTD Genomics Consortium + IFGC phase ii + 1000 Genomes (1000G) + ifgc + International Genomics of AD Project + IFGC + IFGC phase i + UK10K + Haplotype Reference Consortium (HRC) + TOPMed + International PD Genetics Consortium,Whole Genome Sequencing (WGS) + GWAS + International Genomics of AD Project (IGAP) + Whole Exome Sequencing (WES) + International Parkinson Disease Genomics Consortium (IPDGC) + Array genotyping,,IFGC + IGAP
0.0138,0.8,,rs1328032,13,71 420 424,A,,SNP ,Min Cond FDR,Meta-analysis OR (95% CI),,discovery + meta + combined + replication,International FTD Genomics Consortium + IFGC phase ii + 1000 Genomes (1000G) + ifgc + International Genomics of AD Project + IFGC + IFGC phase i + UK10K + Haplotype Reference Consortium (HRC) + TOPMed + International PD Genetics Consortium,Whole Genome Sequencing (WGS) + GWAS + International Genomics of AD Project (IGAP) + Whole Exome Sequencing (WES) + International Parkinson Disease Genomics Consortium (IPDGC) + Array genotyping,,IFGC + IGAP
1.93e-07,0.67,,rs1328032,13,71 420 424,A,,SNP ,IFGC phase I p-value,IFGC phase I OR (95% CI),,discovery + meta + combined + replication,International FTD Genomics Consortium + IFGC phase ii + 1000 Genomes (1000G) + ifgc + International Genomics of AD Project + IFGC + IFGC phase i + UK10K + Haplotype Reference Consortium (HRC) + TOPMed + International PD Genetics Consortium,Whole Genome Sequencing (WGS) + GWAS + International Genomics of AD Project (IGAP) + Whole Exome Sequencing (WES) + International Parkinson Disease Genomics Consortium (IPDGC) + Array genotyping,,IFGC + IGAP
1.93e-07,0.94,,rs1328032,13,71 420 424,A,,SNP ,IFGC phase I p-value,IFGC phase II OR (95% CI),,discovery + meta + combined + replication,International FTD Genomics Consortium + IFGC phase ii + 1000 Genomes (1000G) + ifgc + International Genomics of AD Project + IFGC + IFGC phase i + UK10K + Haplotype Reference Consortium (HRC) + TOPMed + International PD Genetics Consortium,Whole Genome Sequencing (WGS) + GWAS + International Genomics of AD Project (IGAP) + Whole Exome Sequencing (WES) + International Parkinson Disease Genomics Consortium (IPDGC) + Array genotyping,,IFGC + IGAP
1.93e-07,0.8,,rs1328032,13,71 420 424,A,,SNP ,IFGC phase I p-value,Meta-analysis OR (95% CI),,discovery + meta + combined + replication,International FTD Genomics Consortium + IFGC phase ii + 1000 Genomes (1000G) + ifgc + International Genomics of AD Project + IFGC + IFGC phase i + UK10K + Haplotype Reference Consortium (HRC) + TOPMed + International PD Genetics Consortium,Whole Genome Sequencing (WGS) + GWAS + International Genomics of AD Project (IGAP) + Whole Exome Sequencing (WES) + International Parkinson Disease Genomics Consortium (IPDGC) + Array genotyping,,IFGC + IGAP
0.34,0.67,,rs1328032,13,71 420 424,A,,SNP ,IFGC phase II p-value,IFGC phase I OR (95% CI),,discovery + meta + combined + replication,International FTD Genomics Consortium + IFGC phase ii + 1000 Genomes (1000G) + ifgc + International Genomics of AD Project + IFGC + IFGC phase i + UK10K + Haplotype Reference Consortium (HRC) + TOPMed + International PD Genetics Consortium,Whole Genome Sequencing (WGS) + GWAS + International Genomics of AD Project (IGAP) + Whole Exome Sequencing (WES) + International Parkinson Disease Genomics Consortium (IPDGC) + Array genotyping,,IFGC + IGAP
0.34,0.94,,rs1328032,13,71 420 424,A,,SNP ,IFGC phase II p-value,IFGC phase II OR (95% CI),,discovery + meta + combined + replication,International FTD Genomics Consortium + IFGC phase ii + 1000 Genomes (1000G) + ifgc + International Genomics of AD Project + IFGC + IFGC phase i + UK10K + Haplotype Reference Consortium (HRC) + TOPMed + International PD Genetics Consortium,Whole Genome Sequencing (WGS) + GWAS + International Genomics of AD Project (IGAP) + Whole Exome Sequencing (WES) + International Parkinson Disease Genomics Consortium (IPDGC) + Array genotyping,,IFGC + IGAP
0.34,0.8,,rs1328032,13,71 420 424,A,,SNP ,IFGC phase II p-value,Meta-analysis OR (95% CI),,discovery + meta + combined + replication,International FTD Genomics Consortium + IFGC phase ii + 1000 Genomes (1000G) + ifgc + International Genomics of AD Project + IFGC + IFGC phase i + UK10K + Haplotype Reference Consortium (HRC) + TOPMed + International PD Genetics Consortium,Whole Genome Sequencing (WGS) + GWAS + International Genomics of AD Project (IGAP) + Whole Exome Sequencing (WES) + International Parkinson Disease Genomics Consortium (IPDGC) + Array genotyping,,IFGC + IGAP
7.39e-05,0.67,,rs1328032,13,71 420 424,A,,SNP ,Meta-analysis p-value,IFGC phase I OR (95% CI),,discovery + meta + combined + replication,International FTD Genomics Consortium + IFGC phase ii + 1000 Genomes (1000G) + ifgc + International Genomics of AD Project + IFGC + IFGC phase i + UK10K + Haplotype Reference Consortium (HRC) + TOPMed + International PD Genetics Consortium,Whole Genome Sequencing (WGS) + GWAS + International Genomics of AD Project (IGAP) + Whole Exome Sequencing (WES) + International Parkinson Disease Genomics Consortium (IPDGC) + Array genotyping,,IFGC + IGAP
7.39e-05,0.94,,rs1328032,13,71 420 424,A,,SNP ,Meta-analysis p-value,IFGC phase II OR (95% CI),,discovery + meta + combined + replication,International FTD Genomics Consortium + IFGC phase ii + 1000 Genomes (1000G) + ifgc + International Genomics of AD Project + IFGC + IFGC phase i + UK10K + Haplotype Reference Consortium (HRC) + TOPMed + International PD Genetics Consortium,Whole Genome Sequencing (WGS) + GWAS + International Genomics of AD Project (IGAP) + Whole Exome Sequencing (WES) + International Parkinson Disease Genomics Consortium (IPDGC) + Array genotyping,,IFGC + IGAP
7.39e-05,0.8,,rs1328032,13,71 420 424,A,,SNP ,Meta-analysis p-value,Meta-analysis OR (95% CI),,discovery + meta + combined + replication,International FTD Genomics Consortium + IFGC phase ii + 1000 Genomes (1000G) + ifgc + International Genomics of AD Project + IFGC + IFGC phase i + UK10K + Haplotype Reference Consortium (HRC) + TOPMed + International PD Genetics Consortium,Whole Genome Sequencing (WGS) + GWAS + International Genomics of AD Project (IGAP) + Whole Exome Sequencing (WES) + International Parkinson Disease Genomics Consortium (IPDGC) + Array genotyping,,IFGC + IGAP
0.0259,0.81,,rs2446406,15,51 679 783,A,,SNP ,Min Cond FDR,IFGC phase I OR (95% CI),,discovery + meta + combined + replication,International FTD Genomics Consortium + IFGC phase ii + 1000 Genomes (1000G) + ifgc + International Genomics of AD Project + IFGC + IFGC phase i + UK10K + Haplotype Reference Consortium (HRC) + TOPMed + International PD Genetics Consortium,Whole Genome Sequencing (WGS) + GWAS + International Genomics of AD Project (IGAP) + Whole Exome Sequencing (WES) + International Parkinson Disease Genomics Consortium (IPDGC) + Array genotyping,,IFGC + IGAP
0.0259,0.96,,rs2446406,15,51 679 783,A,,SNP ,Min Cond FDR,IFGC phase II OR (95% CI),,discovery + meta + combined + replication,International FTD Genomics Consortium + IFGC phase ii + 1000 Genomes (1000G) + ifgc + International Genomics of AD Project + IFGC + IFGC phase i + UK10K + Haplotype Reference Consortium (HRC) + TOPMed + International PD Genetics Consortium,Whole Genome Sequencing (WGS) + GWAS + International Genomics of AD Project (IGAP) + Whole Exome Sequencing (WES) + International Parkinson Disease Genomics Consortium (IPDGC) + Array genotyping,,IFGC + IGAP
0.0259,0.87,,rs2446406,15,51 679 783,A,,SNP ,Min Cond FDR,Meta-analysis OR (95% CI),,discovery + meta + combined + replication,International FTD Genomics Consortium + IFGC phase ii + 1000 Genomes (1000G) + ifgc + International Genomics of AD Project + IFGC + IFGC phase i + UK10K + Haplotype Reference Consortium (HRC) + TOPMed + International PD Genetics Consortium,Whole Genome Sequencing (WGS) + GWAS + International Genomics of AD Project (IGAP) + Whole Exome Sequencing (WES) + International Parkinson Disease Genomics Consortium (IPDGC) + Array genotyping,,IFGC + IGAP
7.18e-07,0.81,,rs2446406,15,51 679 783,A,,SNP ,IFGC phase I p-value,IFGC phase I OR (95% CI),,discovery + meta + combined + replication,International FTD Genomics Consortium + IFGC phase ii + 1000 Genomes (1000G) + ifgc + International Genomics of AD Project + IFGC + IFGC phase i + UK10K + Haplotype Reference Consortium (HRC) + TOPMed + International PD Genetics Consortium,Whole Genome Sequencing (WGS) + GWAS + International Genomics of AD Project (IGAP) + Whole Exome Sequencing (WES) + International Parkinson Disease Genomics Consortium (IPDGC) + Array genotyping,,IFGC + IGAP
7.18e-07,0.96,,rs2446406,15,51 679 783,A,,SNP ,IFGC phase I p-value,IFGC phase II OR (95% CI),,discovery + meta + combined + replication,International FTD Genomics Consortium + IFGC phase ii + 1000 Genomes (1000G) + ifgc + International Genomics of AD Project + IFGC + IFGC phase i + UK10K + Haplotype Reference Consortium (HRC) + TOPMed + International PD Genetics Consortium,Whole Genome Sequencing (WGS) + GWAS + International Genomics of AD Project (IGAP) + Whole Exome Sequencing (WES) + International Parkinson Disease Genomics Consortium (IPDGC) + Array genotyping,,IFGC + IGAP
7.18e-07,0.87,,rs2446406,15,51 679 783,A,,SNP ,IFGC phase I p-value,Meta-analysis OR (95% CI),,discovery + meta + combined + replication,International FTD Genomics Consortium + IFGC phase ii + 1000 Genomes (1000G) + ifgc + International Genomics of AD Project + IFGC + IFGC phase i + UK10K + Haplotype Reference Consortium (HRC) + TOPMed + International PD Genetics Consortium,Whole Genome Sequencing (WGS) + GWAS + International Genomics of AD Project (IGAP) + Whole Exome Sequencing (WES) + International Parkinson Disease Genomics Consortium (IPDGC) + Array genotyping,,IFGC + IGAP
0.4,0.81,,rs2446406,15,51 679 783,A,,SNP ,IFGC phase II p-value,IFGC phase I OR (95% CI),,discovery + meta + combined + replication,International FTD Genomics Consortium + IFGC phase ii + 1000 Genomes (1000G) + ifgc + International Genomics of AD Project + IFGC + IFGC phase i + UK10K + Haplotype Reference Consortium (HRC) + TOPMed + International PD Genetics Consortium,Whole Genome Sequencing (WGS) + GWAS + International Genomics of AD Project (IGAP) + Whole Exome Sequencing (WES) + International Parkinson Disease Genomics Consortium (IPDGC) + Array genotyping,,IFGC + IGAP
0.4,0.96,,rs2446406,15,51 679 783,A,,SNP ,IFGC phase II p-value,IFGC phase II OR (95% CI),,discovery + meta + combined + replication,International FTD Genomics Consortium + IFGC phase ii + 1000 Genomes (1000G) + ifgc + International Genomics of AD Project + IFGC + IFGC phase i + UK10K + Haplotype Reference Consortium (HRC) + TOPMed + International PD Genetics Consortium,Whole Genome Sequencing (WGS) + GWAS + International Genomics of AD Project (IGAP) + Whole Exome Sequencing (WES) + International Parkinson Disease Genomics Consortium (IPDGC) + Array genotyping,,IFGC + IGAP
0.4,0.87,,rs2446406,15,51 679 783,A,,SNP ,IFGC phase II p-value,Meta-analysis OR (95% CI),,discovery + meta + combined + replication,International FTD Genomics Consortium + IFGC phase ii + 1000 Genomes (1000G) + ifgc + International Genomics of AD Project + IFGC + IFGC phase i + UK10K + Haplotype Reference Consortium (HRC) + TOPMed + International PD Genetics Consortium,Whole Genome Sequencing (WGS) + GWAS + International Genomics of AD Project (IGAP) + Whole Exome Sequencing (WES) + International Parkinson Disease Genomics Consortium (IPDGC) + Array genotyping,,IFGC + IGAP
2.24e-05,0.81,,rs2446406,15,51 679 783,A,,SNP ,Meta-analysis p-value,IFGC phase I OR (95% CI),,discovery + meta + combined + replication,International FTD Genomics Consortium + IFGC phase ii + 1000 Genomes (1000G) + ifgc + International Genomics of AD Project + IFGC + IFGC phase i + UK10K + Haplotype Reference Consortium (HRC) + TOPMed + International PD Genetics Consortium,Whole Genome Sequencing (WGS) + GWAS + International Genomics of AD Project (IGAP) + Whole Exome Sequencing (WES) + International Parkinson Disease Genomics Consortium (IPDGC) + Array genotyping,,IFGC + IGAP
2.24e-05,0.96,,rs2446406,15,51 679 783,A,,SNP ,Meta-analysis p-value,IFGC phase II OR (95% CI),,discovery + meta + combined + replication,International FTD Genomics Consortium + IFGC phase ii + 1000 Genomes (1000G) + ifgc + International Genomics of AD Project + IFGC + IFGC phase i + UK10K + Haplotype Reference Consortium (HRC) + TOPMed + International PD Genetics Consortium,Whole Genome Sequencing (WGS) + GWAS + International Genomics of AD Project (IGAP) + Whole Exome Sequencing (WES) + International Parkinson Disease Genomics Consortium (IPDGC) + Array genotyping,,IFGC + IGAP
2.24e-05,0.87,,rs2446406,15,51 679 783,A,,SNP ,Meta-analysis p-value,Meta-analysis OR (95% CI),,discovery + meta + combined + replication,International FTD Genomics Consortium + IFGC phase ii + 1000 Genomes (1000G) + ifgc + International Genomics of AD Project + IFGC + IFGC phase i + UK10K + Haplotype Reference Consortium (HRC) + TOPMed + International PD Genetics Consortium,Whole Genome Sequencing (WGS) + GWAS + International Genomics of AD Project (IGAP) + Whole Exome Sequencing (WES) + International Parkinson Disease Genomics Consortium (IPDGC) + Array genotyping,,IFGC + IGAP
0.0424,0.71,,rs7184882,16,73 737 373,T,,SNP ,Min Cond FDR,IFGC phase I OR (95% CI),,discovery + meta + combined + replication,International FTD Genomics Consortium + IFGC phase ii + 1000 Genomes (1000G) + ifgc + International Genomics of AD Project + IFGC + IFGC phase i + UK10K + Haplotype Reference Consortium (HRC) + TOPMed + International PD Genetics Consortium,Whole Genome Sequencing (WGS) + GWAS + International Genomics of AD Project (IGAP) + Whole Exome Sequencing (WES) + International Parkinson Disease Genomics Consortium (IPDGC) + Array genotyping,,IFGC + IGAP
0.0424,0.89,,rs7184882,16,73 737 373,T,,SNP ,Min Cond FDR,IFGC phase II OR (95% CI),,discovery + meta + combined + replication,International FTD Genomics Consortium + IFGC phase ii + 1000 Genomes (1000G) + ifgc + International Genomics of AD Project + IFGC + IFGC phase i + UK10K + Haplotype Reference Consortium (HRC) + TOPMed + International PD Genetics Consortium,Whole Genome Sequencing (WGS) + GWAS + International Genomics of AD Project (IGAP) + Whole Exome Sequencing (WES) + International Parkinson Disease Genomics Consortium (IPDGC) + Array genotyping,,IFGC + IGAP
0.0424,0.78,,rs7184882,16,73 737 373,T,,SNP ,Min Cond FDR,Meta-analysis OR (95% CI),,discovery + meta + combined + replication,International FTD Genomics Consortium + IFGC phase ii + 1000 Genomes (1000G) + ifgc + International Genomics of AD Project + IFGC + IFGC phase i + UK10K + Haplotype Reference Consortium (HRC) + TOPMed + International PD Genetics Consortium,Whole Genome Sequencing (WGS) + GWAS + International Genomics of AD Project (IGAP) + Whole Exome Sequencing (WES) + International Parkinson Disease Genomics Consortium (IPDGC) + Array genotyping,,IFGC + IGAP
6.64e-07,0.71,,rs7184882,16,73 737 373,T,,SNP ,IFGC phase I p-value,IFGC phase I OR (95% CI),,discovery + meta + combined + replication,International FTD Genomics Consortium + IFGC phase ii + 1000 Genomes (1000G) + ifgc + International Genomics of AD Project + IFGC + IFGC phase i + UK10K + Haplotype Reference Consortium (HRC) + TOPMed + International PD Genetics Consortium,Whole Genome Sequencing (WGS) + GWAS + International Genomics of AD Project (IGAP) + Whole Exome Sequencing (WES) + International Parkinson Disease Genomics Consortium (IPDGC) + Array genotyping,,IFGC + IGAP
6.64e-07,0.89,,rs7184882,16,73 737 373,T,,SNP ,IFGC phase I p-value,IFGC phase II OR (95% CI),,discovery + meta + combined + replication,International FTD Genomics Consortium + IFGC phase ii + 1000 Genomes (1000G) + ifgc + International Genomics of AD Project + IFGC + IFGC phase i + UK10K + Haplotype Reference Consortium (HRC) + TOPMed + International PD Genetics Consortium,Whole Genome Sequencing (WGS) + GWAS + International Genomics of AD Project (IGAP) + Whole Exome Sequencing (WES) + International Parkinson Disease Genomics Consortium (IPDGC) + Array genotyping,,IFGC + IGAP
6.64e-07,0.78,,rs7184882,16,73 737 373,T,,SNP ,IFGC phase I p-value,Meta-analysis OR (95% CI),,discovery + meta + combined + replication,International FTD Genomics Consortium + IFGC phase ii + 1000 Genomes (1000G) + ifgc + International Genomics of AD Project + IFGC + IFGC phase i + UK10K + Haplotype Reference Consortium (HRC) + TOPMed + International PD Genetics Consortium,Whole Genome Sequencing (WGS) + GWAS + International Genomics of AD Project (IGAP) + Whole Exome Sequencing (WES) + International Parkinson Disease Genomics Consortium (IPDGC) + Array genotyping,,IFGC + IGAP
0.08,0.71,,rs7184882,16,73 737 373,T,,SNP ,IFGC phase II p-value,IFGC phase I OR (95% CI),,discovery + meta + combined + replication,International FTD Genomics Consortium + IFGC phase ii + 1000 Genomes (1000G) + ifgc + International Genomics of AD Project + IFGC + IFGC phase i + UK10K + Haplotype Reference Consortium (HRC) + TOPMed + International PD Genetics Consortium,Whole Genome Sequencing (WGS) + GWAS + International Genomics of AD Project (IGAP) + Whole Exome Sequencing (WES) + International Parkinson Disease Genomics Consortium (IPDGC) + Array genotyping,,IFGC + IGAP
0.08,0.89,,rs7184882,16,73 737 373,T,,SNP ,IFGC phase II p-value,IFGC phase II OR (95% CI),,discovery + meta + combined + replication,International FTD Genomics Consortium + IFGC phase ii + 1000 Genomes (1000G) + ifgc + International Genomics of AD Project + IFGC + IFGC phase i + UK10K + Haplotype Reference Consortium (HRC) + TOPMed + International PD Genetics Consortium,Whole Genome Sequencing (WGS) + GWAS + International Genomics of AD Project (IGAP) + Whole Exome Sequencing (WES) + International Parkinson Disease Genomics Consortium (IPDGC) + Array genotyping,,IFGC + IGAP
0.08,0.78,,rs7184882,16,73 737 373,T,,SNP ,IFGC phase II p-value,Meta-analysis OR (95% CI),,discovery + meta + combined + replication,International FTD Genomics Consortium + IFGC phase ii + 1000 Genomes (1000G) + ifgc + International Genomics of AD Project + IFGC + IFGC phase i + UK10K + Haplotype Reference Consortium (HRC) + TOPMed + International PD Genetics Consortium,Whole Genome Sequencing (WGS) + GWAS + International Genomics of AD Project (IGAP) + Whole Exome Sequencing (WES) + International Parkinson Disease Genomics Consortium (IPDGC) + Array genotyping,,IFGC + IGAP
3.08e-06,0.71,,rs7184882,16,73 737 373,T,,SNP ,Meta-analysis p-value,IFGC phase I OR (95% CI),,discovery + meta + combined + replication,International FTD Genomics Consortium + IFGC phase ii + 1000 Genomes (1000G) + ifgc + International Genomics of AD Project + IFGC + IFGC phase i + UK10K + Haplotype Reference Consortium (HRC) + TOPMed + International PD Genetics Consortium,Whole Genome Sequencing (WGS) + GWAS + International Genomics of AD Project (IGAP) + Whole Exome Sequencing (WES) + International Parkinson Disease Genomics Consortium (IPDGC) + Array genotyping,,IFGC + IGAP
3.08e-06,0.89,,rs7184882,16,73 737 373,T,,SNP ,Meta-analysis p-value,IFGC phase II OR (95% CI),,discovery + meta + combined + replication,International FTD Genomics Consortium + IFGC phase ii + 1000 Genomes (1000G) + ifgc + International Genomics of AD Project + IFGC + IFGC phase i + UK10K + Haplotype Reference Consortium (HRC) + TOPMed + International PD Genetics Consortium,Whole Genome Sequencing (WGS) + GWAS + International Genomics of AD Project (IGAP) + Whole Exome Sequencing (WES) + International Parkinson Disease Genomics Consortium (IPDGC) + Array genotyping,,IFGC + IGAP
3.08e-06,0.78,,rs7184882,16,73 737 373,T,,SNP ,Meta-analysis p-value,Meta-analysis OR (95% CI),,discovery + meta + combined + replication,International FTD Genomics Consortium + IFGC phase ii + 1000 Genomes (1000G) + ifgc + International Genomics of AD Project + IFGC + IFGC phase i + UK10K + Haplotype Reference Consortium (HRC) + TOPMed + International PD Genetics Consortium,Whole Genome Sequencing (WGS) + GWAS + International Genomics of AD Project (IGAP) + Whole Exome Sequencing (WES) + International Parkinson Disease Genomics Consortium (IPDGC) + Array genotyping,,IFGC + IGAP
0.0179,0.82,,rs199528,17,44 843 136,T,,SNP ,Min Cond FDR,IFGC phase I OR (95% CI),,discovery + meta + combined + replication,International FTD Genomics Consortium + IFGC phase ii + 1000 Genomes (1000G) + ifgc + International Genomics of AD Project + IFGC + IFGC phase i + UK10K + Haplotype Reference Consortium (HRC) + TOPMed + International PD Genetics Consortium,Whole Genome Sequencing (WGS) + GWAS + International Genomics of AD Project (IGAP) + Whole Exome Sequencing (WES) + International Parkinson Disease Genomics Consortium (IPDGC) + Array genotyping,,IFGC + IGAP
0.0179,0.89,,rs199528,17,44 843 136,T,,SNP ,Min Cond FDR,IFGC phase II OR (95% CI),,discovery + meta + combined + replication,International FTD Genomics Consortium + IFGC phase ii + 1000 Genomes (1000G) + ifgc + International Genomics of AD Project + IFGC + IFGC phase i + UK10K + Haplotype Reference Consortium (HRC) + TOPMed + International PD Genetics Consortium,Whole Genome Sequencing (WGS) + GWAS + International Genomics of AD Project (IGAP) + Whole Exome Sequencing (WES) + International Parkinson Disease Genomics Consortium (IPDGC) + Array genotyping,,IFGC + IGAP
0.0179,0.85,,rs199528,17,44 843 136,T,,SNP ,Min Cond FDR,Meta-analysis OR (95% CI),,discovery + meta + combined + replication,International FTD Genomics Consortium + IFGC phase ii + 1000 Genomes (1000G) + ifgc + International Genomics of AD Project + IFGC + IFGC phase i + UK10K + Haplotype Reference Consortium (HRC) + TOPMed + International PD Genetics Consortium,Whole Genome Sequencing (WGS) + GWAS + International Genomics of AD Project (IGAP) + Whole Exome Sequencing (WES) + International Parkinson Disease Genomics Consortium (IPDGC) + Array genotyping,,IFGC + IGAP
4.09e-05,0.82,,rs199528,17,44 843 136,T,,SNP ,IFGC phase I p-value,IFGC phase I OR (95% CI),,discovery + meta + combined + replication,International FTD Genomics Consortium + IFGC phase ii + 1000 Genomes (1000G) + ifgc + International Genomics of AD Project + IFGC + IFGC phase i + UK10K + Haplotype Reference Consortium (HRC) + TOPMed + International PD Genetics Consortium,Whole Genome Sequencing (WGS) + GWAS + International Genomics of AD Project (IGAP) + Whole Exome Sequencing (WES) + International Parkinson Disease Genomics Consortium (IPDGC) + Array genotyping,,IFGC + IGAP
4.09e-05,0.89,,rs199528,17,44 843 136,T,,SNP ,IFGC phase I p-value,IFGC phase II OR (95% CI),,discovery + meta + combined + replication,International FTD Genomics Consortium + IFGC phase ii + 1000 Genomes (1000G) + ifgc + International Genomics of AD Project + IFGC + IFGC phase i + UK10K + Haplotype Reference Consortium (HRC) + TOPMed + International PD Genetics Consortium,Whole Genome Sequencing (WGS) + GWAS + International Genomics of AD Project (IGAP) + Whole Exome Sequencing (WES) + International Parkinson Disease Genomics Consortium (IPDGC) + Array genotyping,,IFGC + IGAP
4.09e-05,0.85,,rs199528,17,44 843 136,T,,SNP ,IFGC phase I p-value,Meta-analysis OR (95% CI),,discovery + meta + combined + replication,International FTD Genomics Consortium + IFGC phase ii + 1000 Genomes (1000G) + ifgc + International Genomics of AD Project + IFGC + IFGC phase i + UK10K + Haplotype Reference Consortium (HRC) + TOPMed + International PD Genetics Consortium,Whole Genome Sequencing (WGS) + GWAS + International Genomics of AD Project (IGAP) + Whole Exome Sequencing (WES) + International Parkinson Disease Genomics Consortium (IPDGC) + Array genotyping,,IFGC + IGAP
0.03,0.82,,rs199528,17,44 843 136,T,,SNP ,IFGC phase II p-value,IFGC phase I OR (95% CI),,discovery + meta + combined + replication,International FTD Genomics Consortium + IFGC phase ii + 1000 Genomes (1000G) + ifgc + International Genomics of AD Project + IFGC + IFGC phase i + UK10K + Haplotype Reference Consortium (HRC) + TOPMed + International PD Genetics Consortium,Whole Genome Sequencing (WGS) + GWAS + International Genomics of AD Project (IGAP) + Whole Exome Sequencing (WES) + International Parkinson Disease Genomics Consortium (IPDGC) + Array genotyping,,IFGC + IGAP
0.03,0.89,,rs199528,17,44 843 136,T,,SNP ,IFGC phase II p-value,IFGC phase II OR (95% CI),,discovery + meta + combined + replication,International FTD Genomics Consortium + IFGC phase ii + 1000 Genomes (1000G) + ifgc + International Genomics of AD Project + IFGC + IFGC phase i + UK10K + Haplotype Reference Consortium (HRC) + TOPMed + International PD Genetics Consortium,Whole Genome Sequencing (WGS) + GWAS + International Genomics of AD Project (IGAP) + Whole Exome Sequencing (WES) + International Parkinson Disease Genomics Consortium (IPDGC) + Array genotyping,,IFGC + IGAP
0.03,0.85,,rs199528,17,44 843 136,T,,SNP ,IFGC phase II p-value,Meta-analysis OR (95% CI),,discovery + meta + combined + replication,International FTD Genomics Consortium + IFGC phase ii + 1000 Genomes (1000G) + ifgc + International Genomics of AD Project + IFGC + IFGC phase i + UK10K + Haplotype Reference Consortium (HRC) + TOPMed + International PD Genetics Consortium,Whole Genome Sequencing (WGS) + GWAS + International Genomics of AD Project (IGAP) + Whole Exome Sequencing (WES) + International Parkinson Disease Genomics Consortium (IPDGC) + Array genotyping,,IFGC + IGAP
9.59e-06,0.82,,rs199528,17,44 843 136,T,,SNP ,Meta-analysis p-value,IFGC phase I OR (95% CI),,discovery + meta + combined + replication,International FTD Genomics Consortium + IFGC phase ii + 1000 Genomes (1000G) + ifgc + International Genomics of AD Project + IFGC + IFGC phase i + UK10K + Haplotype Reference Consortium (HRC) + TOPMed + International PD Genetics Consortium,Whole Genome Sequencing (WGS) + GWAS + International Genomics of AD Project (IGAP) + Whole Exome Sequencing (WES) + International Parkinson Disease Genomics Consortium (IPDGC) + Array genotyping,,IFGC + IGAP
9.59e-06,0.89,,rs199528,17,44 843 136,T,,SNP ,Meta-analysis p-value,IFGC phase II OR (95% CI),,discovery + meta + combined + replication,International FTD Genomics Consortium + IFGC phase ii + 1000 Genomes (1000G) + ifgc + International Genomics of AD Project + IFGC + IFGC phase i + UK10K + Haplotype Reference Consortium (HRC) + TOPMed + International PD Genetics Consortium,Whole Genome Sequencing (WGS) + GWAS + International Genomics of AD Project (IGAP) + Whole Exome Sequencing (WES) + International Parkinson Disease Genomics Consortium (IPDGC) + Array genotyping,,IFGC + IGAP
9.59e-06,0.85,,rs199528,17,44 843 136,T,,SNP ,Meta-analysis p-value,Meta-analysis OR (95% CI),,discovery + meta + combined + replication,International FTD Genomics Consortium + IFGC phase ii + 1000 Genomes (1000G) + ifgc + International Genomics of AD Project + IFGC + IFGC phase i + UK10K + Haplotype Reference Consortium (HRC) + TOPMed + International PD Genetics Consortium,Whole Genome Sequencing (WGS) + GWAS + International Genomics of AD Project (IGAP) + Whole Exome Sequencing (WES) + International Parkinson Disease Genomics Consortium (IPDGC) + Array genotyping,,IFGC + IGAP
0.0201,1.22,,rs1358071,17,43 803 189,A,,SNP ,Min Cond FDR,IFGC phase I OR (95% CI),,discovery + meta + combined + replication,International FTD Genomics Consortium + IFGC phase ii + 1000 Genomes (1000G) + ifgc + International Genomics of AD Project + IFGC + IFGC phase i + UK10K + Haplotype Reference Consortium (HRC) + TOPMed + International PD Genetics Consortium,Whole Genome Sequencing (WGS) + GWAS + International Genomics of AD Project (IGAP) + Whole Exome Sequencing (WES) + International Parkinson Disease Genomics Consortium (IPDGC) + Array genotyping,,IFGC + IGAP
0.0201,1.16,,rs1358071,17,43 803 189,A,,SNP ,Min Cond FDR,IFGC phase II OR (95% CI),,discovery + meta + combined + replication,International FTD Genomics Consortium + IFGC phase ii + 1000 Genomes (1000G) + ifgc + International Genomics of AD Project + IFGC + IFGC phase i + UK10K + Haplotype Reference Consortium (HRC) + TOPMed + International PD Genetics Consortium,Whole Genome Sequencing (WGS) + GWAS + International Genomics of AD Project (IGAP) + Whole Exome Sequencing (WES) + International Parkinson Disease Genomics Consortium (IPDGC) + Array genotyping,,IFGC + IGAP
0.0201,1.19,,rs1358071,17,43 803 189,A,,SNP ,Min Cond FDR,Meta-analysis OR (95% CI),,discovery + meta + combined + replication,International FTD Genomics Consortium + IFGC phase ii + 1000 Genomes (1000G) + ifgc + International Genomics of AD Project + IFGC + IFGC phase i + UK10K + Haplotype Reference Consortium (HRC) + TOPMed + International PD Genetics Consortium,Whole Genome Sequencing (WGS) + GWAS + International Genomics of AD Project (IGAP) + Whole Exome Sequencing (WES) + International Parkinson Disease Genomics Consortium (IPDGC) + Array genotyping,,IFGC + IGAP
4.96e-05,1.22,,rs1358071,17,43 803 189,A,,SNP ,IFGC phase I p-value,IFGC phase I OR (95% CI),,discovery + meta + combined + replication,International FTD Genomics Consortium + IFGC phase ii + 1000 Genomes (1000G) + ifgc + International Genomics of AD Project + IFGC + IFGC phase i + UK10K + Haplotype Reference Consortium (HRC) + TOPMed + International PD Genetics Consortium,Whole Genome Sequencing (WGS) + GWAS + International Genomics of AD Project (IGAP) + Whole Exome Sequencing (WES) + International Parkinson Disease Genomics Consortium (IPDGC) + Array genotyping,,IFGC + IGAP
4.96e-05,1.16,,rs1358071,17,43 803 189,A,,SNP ,IFGC phase I p-value,IFGC phase II OR (95% CI),,discovery + meta + combined + replication,International FTD Genomics Consortium + IFGC phase ii + 1000 Genomes (1000G) + ifgc + International Genomics of AD Project + IFGC + IFGC phase i + UK10K + Haplotype Reference Consortium (HRC) + TOPMed + International PD Genetics Consortium,Whole Genome Sequencing (WGS) + GWAS + International Genomics of AD Project (IGAP) + Whole Exome Sequencing (WES) + International Parkinson Disease Genomics Consortium (IPDGC) + Array genotyping,,IFGC + IGAP
4.96e-05,1.19,,rs1358071,17,43 803 189,A,,SNP ,IFGC phase I p-value,Meta-analysis OR (95% CI),,discovery + meta + combined + replication,International FTD Genomics Consortium + IFGC phase ii + 1000 Genomes (1000G) + ifgc + International Genomics of AD Project + IFGC + IFGC phase i + UK10K + Haplotype Reference Consortium (HRC) + TOPMed + International PD Genetics Consortium,Whole Genome Sequencing (WGS) + GWAS + International Genomics of AD Project (IGAP) + Whole Exome Sequencing (WES) + International Parkinson Disease Genomics Consortium (IPDGC) + Array genotyping,,IFGC + IGAP
0.001,1.22,,rs1358071,17,43 803 189,A,,SNP ,IFGC phase II p-value,IFGC phase I OR (95% CI),,discovery + meta + combined + replication,International FTD Genomics Consortium + IFGC phase ii + 1000 Genomes (1000G) + ifgc + International Genomics of AD Project + IFGC + IFGC phase i + UK10K + Haplotype Reference Consortium (HRC) + TOPMed + International PD Genetics Consortium,Whole Genome Sequencing (WGS) + GWAS + International Genomics of AD Project (IGAP) + Whole Exome Sequencing (WES) + International Parkinson Disease Genomics Consortium (IPDGC) + Array genotyping,,IFGC + IGAP
0.001,1.16,,rs1358071,17,43 803 189,A,,SNP ,IFGC phase II p-value,IFGC phase II OR (95% CI),,discovery + meta + combined + replication,International FTD Genomics Consortium + IFGC phase ii + 1000 Genomes (1000G) + ifgc + International Genomics of AD Project + IFGC + IFGC phase i + UK10K + Haplotype Reference Consortium (HRC) + TOPMed + International PD Genetics Consortium,Whole Genome Sequencing (WGS) + GWAS + International Genomics of AD Project (IGAP) + Whole Exome Sequencing (WES) + International Parkinson Disease Genomics Consortium (IPDGC) + Array genotyping,,IFGC + IGAP
0.001,1.19,,rs1358071,17,43 803 189,A,,SNP ,IFGC phase II p-value,Meta-analysis OR (95% CI),,discovery + meta + combined + replication,International FTD Genomics Consortium + IFGC phase ii + 1000 Genomes (1000G) + ifgc + International Genomics of AD Project + IFGC + IFGC phase i + UK10K + Haplotype Reference Consortium (HRC) + TOPMed + International PD Genetics Consortium,Whole Genome Sequencing (WGS) + GWAS + International Genomics of AD Project (IGAP) + Whole Exome Sequencing (WES) + International Parkinson Disease Genomics Consortium (IPDGC) + Array genotyping,,IFGC + IGAP
4.91e-07,1.22,,rs1358071,17,43 803 189,A,,SNP ,Meta-analysis p-value,IFGC phase I OR (95% CI),,discovery + meta + combined + replication,International FTD Genomics Consortium + IFGC phase ii + 1000 Genomes (1000G) + ifgc + International Genomics of AD Project + IFGC + IFGC phase i + UK10K + Haplotype Reference Consortium (HRC) + TOPMed + International PD Genetics Consortium,Whole Genome Sequencing (WGS) + GWAS + International Genomics of AD Project (IGAP) + Whole Exome Sequencing (WES) + International Parkinson Disease Genomics Consortium (IPDGC) + Array genotyping,,IFGC + IGAP
4.91e-07,1.16,,rs1358071,17,43 803 189,A,,SNP ,Meta-analysis p-value,IFGC phase II OR (95% CI),,discovery + meta + combined + replication,International FTD Genomics Consortium + IFGC phase ii + 1000 Genomes (1000G) + ifgc + International Genomics of AD Project + IFGC + IFGC phase i + UK10K + Haplotype Reference Consortium (HRC) + TOPMed + International PD Genetics Consortium,Whole Genome Sequencing (WGS) + GWAS + International Genomics of AD Project (IGAP) + Whole Exome Sequencing (WES) + International Parkinson Disease Genomics Consortium (IPDGC) + Array genotyping,,IFGC + IGAP
4.91e-07,1.19,,rs1358071,17,43 803 189,A,,SNP ,Meta-analysis p-value,Meta-analysis OR (95% CI),,discovery + meta + combined + replication,International FTD Genomics Consortium + IFGC phase ii + 1000 Genomes (1000G) + ifgc + International Genomics of AD Project + IFGC + IFGC phase i + UK10K + Haplotype Reference Consortium (HRC) + TOPMed + International PD Genetics Consortium,Whole Genome Sequencing (WGS) + GWAS + International Genomics of AD Project (IGAP) + Whole Exome Sequencing (WES) + International Parkinson Disease Genomics Consortium (IPDGC) + Array genotyping,,IFGC + IGAP
0.0271,1.24,,rs12964543,18,56 543 095,A,,SNP ,Min Cond FDR,IFGC phase I OR (95% CI),,discovery + meta + combined + replication,International FTD Genomics Consortium + IFGC phase ii + 1000 Genomes (1000G) + ifgc + International Genomics of AD Project + IFGC + IFGC phase i + UK10K + Haplotype Reference Consortium (HRC) + TOPMed + International PD Genetics Consortium,Whole Genome Sequencing (WGS) + GWAS + International Genomics of AD Project (IGAP) + Whole Exome Sequencing (WES) + International Parkinson Disease Genomics Consortium (IPDGC) + Array genotyping,,IFGC + IGAP
0.0271,1.05,,rs12964543,18,56 543 095,A,,SNP ,Min Cond FDR,IFGC phase II OR (95% CI),,discovery + meta + combined + replication,International FTD Genomics Consortium + IFGC phase ii + 1000 Genomes (1000G) + ifgc + International Genomics of AD Project + IFGC + IFGC phase i + UK10K + Haplotype Reference Consortium (HRC) + TOPMed + International PD Genetics Consortium,Whole Genome Sequencing (WGS) + GWAS + International Genomics of AD Project (IGAP) + Whole Exome Sequencing (WES) + International Parkinson Disease Genomics Consortium (IPDGC) + Array genotyping,,IFGC + IGAP
0.0271,1.12,,rs12964543,18,56 543 095,A,,SNP ,Min Cond FDR,Meta-analysis OR (95% CI),,discovery + meta + combined + replication,International FTD Genomics Consortium + IFGC phase ii + 1000 Genomes (1000G) + ifgc + International Genomics of AD Project + IFGC + IFGC phase i + UK10K + Haplotype Reference Consortium (HRC) + TOPMed + International PD Genetics Consortium,Whole Genome Sequencing (WGS) + GWAS + International Genomics of AD Project (IGAP) + Whole Exome Sequencing (WES) + International Parkinson Disease Genomics Consortium (IPDGC) + Array genotyping,,IFGC + IGAP
0.000112,1.24,,rs12964543,18,56 543 095,A,,SNP ,IFGC phase I p-value,IFGC phase I OR (95% CI),,discovery + meta + combined + replication,International FTD Genomics Consortium + IFGC phase ii + 1000 Genomes (1000G) + ifgc + International Genomics of AD Project + IFGC + IFGC phase i + UK10K + Haplotype Reference Consortium (HRC) + TOPMed + International PD Genetics Consortium,Whole Genome Sequencing (WGS) + GWAS + International Genomics of AD Project (IGAP) + Whole Exome Sequencing (WES) + International Parkinson Disease Genomics Consortium (IPDGC) + Array genotyping,,IFGC + IGAP
0.000112,1.05,,rs12964543,18,56 543 095,A,,SNP ,IFGC phase I p-value,IFGC phase II OR (95% CI),,discovery + meta + combined + replication,International FTD Genomics Consortium + IFGC phase ii + 1000 Genomes (1000G) + ifgc + International Genomics of AD Project + IFGC + IFGC phase i + UK10K + Haplotype Reference Consortium (HRC) + TOPMed + International PD Genetics Consortium,Whole Genome Sequencing (WGS) + GWAS + International Genomics of AD Project (IGAP) + Whole Exome Sequencing (WES) + International Parkinson Disease Genomics Consortium (IPDGC) + Array genotyping,,IFGC + IGAP
0.000112,1.12,,rs12964543,18,56 543 095,A,,SNP ,IFGC phase I p-value,Meta-analysis OR (95% CI),,discovery + meta + combined + replication,International FTD Genomics Consortium + IFGC phase ii + 1000 Genomes (1000G) + ifgc + International Genomics of AD Project + IFGC + IFGC phase i + UK10K + Haplotype Reference Consortium (HRC) + TOPMed + International PD Genetics Consortium,Whole Genome Sequencing (WGS) + GWAS + International Genomics of AD Project (IGAP) + Whole Exome Sequencing (WES) + International Parkinson Disease Genomics Consortium (IPDGC) + Array genotyping,,IFGC + IGAP
0.24,1.24,,rs12964543,18,56 543 095,A,,SNP ,IFGC phase II p-value,IFGC phase I OR (95% CI),,discovery + meta + combined + replication,International FTD Genomics Consortium + IFGC phase ii + 1000 Genomes (1000G) + ifgc + International Genomics of AD Project + IFGC + IFGC phase i + UK10K + Haplotype Reference Consortium (HRC) + TOPMed + International PD Genetics Consortium,Whole Genome Sequencing (WGS) + GWAS + International Genomics of AD Project (IGAP) + Whole Exome Sequencing (WES) + International Parkinson Disease Genomics Consortium (IPDGC) + Array genotyping,,IFGC + IGAP
0.24,1.05,,rs12964543,18,56 543 095,A,,SNP ,IFGC phase II p-value,IFGC phase II OR (95% CI),,discovery + meta + combined + replication,International FTD Genomics Consortium + IFGC phase ii + 1000 Genomes (1000G) + ifgc + International Genomics of AD Project + IFGC + IFGC phase i + UK10K + Haplotype Reference Consortium (HRC) + TOPMed + International PD Genetics Consortium,Whole Genome Sequencing (WGS) + GWAS + International Genomics of AD Project (IGAP) + Whole Exome Sequencing (WES) + International Parkinson Disease Genomics Consortium (IPDGC) + Array genotyping,,IFGC + IGAP
0.24,1.12,,rs12964543,18,56 543 095,A,,SNP ,IFGC phase II p-value,Meta-analysis OR (95% CI),,discovery + meta + combined + replication,International FTD Genomics Consortium + IFGC phase ii + 1000 Genomes (1000G) + ifgc + International Genomics of AD Project + IFGC + IFGC phase i + UK10K + Haplotype Reference Consortium (HRC) + TOPMed + International PD Genetics Consortium,Whole Genome Sequencing (WGS) + GWAS + International Genomics of AD Project (IGAP) + Whole Exome Sequencing (WES) + International Parkinson Disease Genomics Consortium (IPDGC) + Array genotyping,,IFGC + IGAP
0.00091,1.24,,rs12964543,18,56 543 095,A,,SNP ,Meta-analysis p-value,IFGC phase I OR (95% CI),,discovery + meta + combined + replication,International FTD Genomics Consortium + IFGC phase ii + 1000 Genomes (1000G) + ifgc + International Genomics of AD Project + IFGC + IFGC phase i + UK10K + Haplotype Reference Consortium (HRC) + TOPMed + International PD Genetics Consortium,Whole Genome Sequencing (WGS) + GWAS + International Genomics of AD Project (IGAP) + Whole Exome Sequencing (WES) + International Parkinson Disease Genomics Consortium (IPDGC) + Array genotyping,,IFGC + IGAP
0.00091,1.05,,rs12964543,18,56 543 095,A,,SNP ,Meta-analysis p-value,IFGC phase II OR (95% CI),,discovery + meta + combined + replication,International FTD Genomics Consortium + IFGC phase ii + 1000 Genomes (1000G) + ifgc + International Genomics of AD Project + IFGC + IFGC phase i + UK10K + Haplotype Reference Consortium (HRC) + TOPMed + International PD Genetics Consortium,Whole Genome Sequencing (WGS) + GWAS + International Genomics of AD Project (IGAP) + Whole Exome Sequencing (WES) + International Parkinson Disease Genomics Consortium (IPDGC) + Array genotyping,,IFGC + IGAP
0.00091,1.12,,rs12964543,18,56 543 095,A,,SNP ,Meta-analysis p-value,Meta-analysis OR (95% CI),,discovery + meta + combined + replication,International FTD Genomics Consortium + IFGC phase ii + 1000 Genomes (1000G) + ifgc + International Genomics of AD Project + IFGC + IFGC phase i + UK10K + Haplotype Reference Consortium (HRC) + TOPMed + International PD Genetics Consortium,Whole Genome Sequencing (WGS) + GWAS + International Genomics of AD Project (IGAP) + Whole Exome Sequencing (WES) + International Parkinson Disease Genomics Consortium (IPDGC) + Array genotyping,,IFGC + IGAP
0.0469,1.31,,rs6857,19,45 392 254,T,,SNP ,Min Cond FDR,IFGC phase I OR (95% CI),,discovery + meta + combined + replication,International FTD Genomics Consortium + IFGC phase ii + 1000 Genomes (1000G) + ifgc + International Genomics of AD Project + IFGC + IFGC phase i + UK10K + Haplotype Reference Consortium (HRC) + TOPMed + International PD Genetics Consortium,Whole Genome Sequencing (WGS) + GWAS + International Genomics of AD Project (IGAP) + Whole Exome Sequencing (WES) + International Parkinson Disease Genomics Consortium (IPDGC) + Array genotyping,,IFGC + IGAP
0.0469,1.37,,rs6857,19,45 392 254,T,,SNP ,Min Cond FDR,IFGC phase II OR (95% CI),,discovery + meta + combined + replication,International FTD Genomics Consortium + IFGC phase ii + 1000 Genomes (1000G) + ifgc + International Genomics of AD Project + IFGC + IFGC phase i + UK10K + Haplotype Reference Consortium (HRC) + TOPMed + International PD Genetics Consortium,Whole Genome Sequencing (WGS) + GWAS + International Genomics of AD Project (IGAP) + Whole Exome Sequencing (WES) + International Parkinson Disease Genomics Consortium (IPDGC) + Array genotyping,,IFGC + IGAP
0.0469,1.34,,rs6857,19,45 392 254,T,,SNP ,Min Cond FDR,Meta-analysis OR (95% CI),,discovery + meta + combined + replication,International FTD Genomics Consortium + IFGC phase ii + 1000 Genomes (1000G) + ifgc + International Genomics of AD Project + IFGC + IFGC phase i + UK10K + Haplotype Reference Consortium (HRC) + TOPMed + International PD Genetics Consortium,Whole Genome Sequencing (WGS) + GWAS + International Genomics of AD Project (IGAP) + Whole Exome Sequencing (WES) + International Parkinson Disease Genomics Consortium (IPDGC) + Array genotyping,,IFGC + IGAP
7.03e-07,1.31,,rs6857,19,45 392 254,T,,SNP ,IFGC phase I p-value,IFGC phase I OR (95% CI),,discovery + meta + combined + replication,International FTD Genomics Consortium + IFGC phase ii + 1000 Genomes (1000G) + ifgc + International Genomics of AD Project + IFGC + IFGC phase i + UK10K + Haplotype Reference Consortium (HRC) + TOPMed + International PD Genetics Consortium,Whole Genome Sequencing (WGS) + GWAS + International Genomics of AD Project (IGAP) + Whole Exome Sequencing (WES) + International Parkinson Disease Genomics Consortium (IPDGC) + Array genotyping,,IFGC + IGAP
7.03e-07,1.37,,rs6857,19,45 392 254,T,,SNP ,IFGC phase I p-value,IFGC phase II OR (95% CI),,discovery + meta + combined + replication,International FTD Genomics Consortium + IFGC phase ii + 1000 Genomes (1000G) + ifgc + International Genomics of AD Project + IFGC + IFGC phase i + UK10K + Haplotype Reference Consortium (HRC) + TOPMed + International PD Genetics Consortium,Whole Genome Sequencing (WGS) + GWAS + International Genomics of AD Project (IGAP) + Whole Exome Sequencing (WES) + International Parkinson Disease Genomics Consortium (IPDGC) + Array genotyping,,IFGC + IGAP
7.03e-07,1.34,,rs6857,19,45 392 254,T,,SNP ,IFGC phase I p-value,Meta-analysis OR (95% CI),,discovery + meta + combined + replication,International FTD Genomics Consortium + IFGC phase ii + 1000 Genomes (1000G) + ifgc + International Genomics of AD Project + IFGC + IFGC phase i + UK10K + Haplotype Reference Consortium (HRC) + TOPMed + International PD Genetics Consortium,Whole Genome Sequencing (WGS) + GWAS + International Genomics of AD Project (IGAP) + Whole Exome Sequencing (WES) + International Parkinson Disease Genomics Consortium (IPDGC) + Array genotyping,,IFGC + IGAP
4.46e-07,1.31,,rs6857,19,45 392 254,T,,SNP ,IFGC phase II p-value,IFGC phase I OR (95% CI),,discovery + meta + combined + replication,International FTD Genomics Consortium + IFGC phase ii + 1000 Genomes (1000G) + ifgc + International Genomics of AD Project + IFGC + IFGC phase i + UK10K + Haplotype Reference Consortium (HRC) + TOPMed + International PD Genetics Consortium,Whole Genome Sequencing (WGS) + GWAS + International Genomics of AD Project (IGAP) + Whole Exome Sequencing (WES) + International Parkinson Disease Genomics Consortium (IPDGC) + Array genotyping,,IFGC + IGAP
4.46e-07,1.37,,rs6857,19,45 392 254,T,,SNP ,IFGC phase II p-value,IFGC phase II OR (95% CI),,discovery + meta + combined + replication,International FTD Genomics Consortium + IFGC phase ii + 1000 Genomes (1000G) + ifgc + International Genomics of AD Project + IFGC + IFGC phase i + UK10K + Haplotype Reference Consortium (HRC) + TOPMed + International PD Genetics Consortium,Whole Genome Sequencing (WGS) + GWAS + International Genomics of AD Project (IGAP) + Whole Exome Sequencing (WES) + International Parkinson Disease Genomics Consortium (IPDGC) + Array genotyping,,IFGC + IGAP
4.46e-07,1.34,,rs6857,19,45 392 254,T,,SNP ,IFGC phase II p-value,Meta-analysis OR (95% CI),,discovery + meta + combined + replication,International FTD Genomics Consortium + IFGC phase ii + 1000 Genomes (1000G) + ifgc + International Genomics of AD Project + IFGC + IFGC phase i + UK10K + Haplotype Reference Consortium (HRC) + TOPMed + International PD Genetics Consortium,Whole Genome Sequencing (WGS) + GWAS + International Genomics of AD Project (IGAP) + Whole Exome Sequencing (WES) + International Parkinson Disease Genomics Consortium (IPDGC) + Array genotyping,,IFGC + IGAP
2.21e-12,1.31,,rs6857,19,45 392 254,T,,SNP ,Meta-analysis p-value,IFGC phase I OR (95% CI),,discovery + meta + combined + replication,International FTD Genomics Consortium + IFGC phase ii + 1000 Genomes (1000G) + ifgc + International Genomics of AD Project + IFGC + IFGC phase i + UK10K + Haplotype Reference Consortium (HRC) + TOPMed + International PD Genetics Consortium,Whole Genome Sequencing (WGS) + GWAS + International Genomics of AD Project (IGAP) + Whole Exome Sequencing (WES) + International Parkinson Disease Genomics Consortium (IPDGC) + Array genotyping,,IFGC + IGAP
2.21e-12,1.37,,rs6857,19,45 392 254,T,,SNP ,Meta-analysis p-value,IFGC phase II OR (95% CI),,discovery + meta + combined + replication,International FTD Genomics Consortium + IFGC phase ii + 1000 Genomes (1000G) + ifgc + International Genomics of AD Project + IFGC + IFGC phase i + UK10K + Haplotype Reference Consortium (HRC) + TOPMed + International PD Genetics Consortium,Whole Genome Sequencing (WGS) + GWAS + International Genomics of AD Project (IGAP) + Whole Exome Sequencing (WES) + International Parkinson Disease Genomics Consortium (IPDGC) + Array genotyping,,IFGC + IGAP
2.21e-12,1.34,,rs6857,19,45 392 254,T,,SNP ,Meta-analysis p-value,Meta-analysis OR (95% CI),,discovery + meta + combined + replication,International FTD Genomics Consortium + IFGC phase ii + 1000 Genomes (1000G) + ifgc + International Genomics of AD Project + IFGC + IFGC phase i + UK10K + Haplotype Reference Consortium (HRC) + TOPMed + International PD Genetics Consortium,Whole Genome Sequencing (WGS) + GWAS + International Genomics of AD Project (IGAP) + Whole Exome Sequencing (WES) + International Parkinson Disease Genomics Consortium (IPDGC) + Array genotyping,,IFGC + IGAP
0.00526,1.18,,rs405509,19,45 408 836,T,,SNP ,Min Cond FDR,IFGC phase I OR (95% CI),,discovery + meta + combined + replication,International FTD Genomics Consortium + IFGC phase ii + 1000 Genomes (1000G) + ifgc + International Genomics of AD Project + IFGC + IFGC phase i + UK10K + Haplotype Reference Consortium (HRC) + TOPMed + International PD Genetics Consortium,Whole Genome Sequencing (WGS) + GWAS + International Genomics of AD Project (IGAP) + Whole Exome Sequencing (WES) + International Parkinson Disease Genomics Consortium (IPDGC) + Array genotyping,,IFGC + IGAP
0.00526,1.0,,rs405509,19,45 408 836,T,,SNP ,Min Cond FDR,IFGC phase II OR (95% CI),,discovery + meta + combined + replication,International FTD Genomics Consortium + IFGC phase ii + 1000 Genomes (1000G) + ifgc + International Genomics of AD Project + IFGC + IFGC phase i + UK10K + Haplotype Reference Consortium (HRC) + TOPMed + International PD Genetics Consortium,Whole Genome Sequencing (WGS) + GWAS + International Genomics of AD Project (IGAP) + Whole Exome Sequencing (WES) + International Parkinson Disease Genomics Consortium (IPDGC) + Array genotyping,,IFGC + IGAP
0.00526,1.15,,rs405509,19,45 408 836,T,,SNP ,Min Cond FDR,Meta-analysis OR (95% CI),,discovery + meta + combined + replication,International FTD Genomics Consortium + IFGC phase ii + 1000 Genomes (1000G) + ifgc + International Genomics of AD Project + IFGC + IFGC phase i + UK10K + Haplotype Reference Consortium (HRC) + TOPMed + International PD Genetics Consortium,Whole Genome Sequencing (WGS) + GWAS + International Genomics of AD Project (IGAP) + Whole Exome Sequencing (WES) + International Parkinson Disease Genomics Consortium (IPDGC) + Array genotyping,,IFGC + IGAP
1.25e-05,1.18,,rs405509,19,45 408 836,T,,SNP ,IFGC phase I p-value,IFGC phase I OR (95% CI),,discovery + meta + combined + replication,International FTD Genomics Consortium + IFGC phase ii + 1000 Genomes (1000G) + ifgc + International Genomics of AD Project + IFGC + IFGC phase i + UK10K + Haplotype Reference Consortium (HRC) + TOPMed + International PD Genetics Consortium,Whole Genome Sequencing (WGS) + GWAS + International Genomics of AD Project (IGAP) + Whole Exome Sequencing (WES) + International Parkinson Disease Genomics Consortium (IPDGC) + Array genotyping,,IFGC + IGAP
1.25e-05,1.0,,rs405509,19,45 408 836,T,,SNP ,IFGC phase I p-value,IFGC phase II OR (95% CI),,discovery + meta + combined + replication,International FTD Genomics Consortium + IFGC phase ii + 1000 Genomes (1000G) + ifgc + International Genomics of AD Project + IFGC + IFGC phase i + UK10K + Haplotype Reference Consortium (HRC) + TOPMed + International PD Genetics Consortium,Whole Genome Sequencing (WGS) + GWAS + International Genomics of AD Project (IGAP) + Whole Exome Sequencing (WES) + International Parkinson Disease Genomics Consortium (IPDGC) + Array genotyping,,IFGC + IGAP
1.25e-05,1.15,,rs405509,19,45 408 836,T,,SNP ,IFGC phase I p-value,Meta-analysis OR (95% CI),,discovery + meta + combined + replication,International FTD Genomics Consortium + IFGC phase ii + 1000 Genomes (1000G) + ifgc + International Genomics of AD Project + IFGC + IFGC phase i + UK10K + Haplotype Reference Consortium (HRC) + TOPMed + International PD Genetics Consortium,Whole Genome Sequencing (WGS) + GWAS + International Genomics of AD Project (IGAP) + Whole Exome Sequencing (WES) + International Parkinson Disease Genomics Consortium (IPDGC) + Array genotyping,,IFGC + IGAP
0.93,1.18,,rs405509,19,45 408 836,T,,SNP ,IFGC phase II p-value,IFGC phase I OR (95% CI),,discovery + meta + combined + replication,International FTD Genomics Consortium + IFGC phase ii + 1000 Genomes (1000G) + ifgc + International Genomics of AD Project + IFGC + IFGC phase i + UK10K + Haplotype Reference Consortium (HRC) + TOPMed + International PD Genetics Consortium,Whole Genome Sequencing (WGS) + GWAS + International Genomics of AD Project (IGAP) + Whole Exome Sequencing (WES) + International Parkinson Disease Genomics Consortium (IPDGC) + Array genotyping,,IFGC + IGAP
0.93,1.0,,rs405509,19,45 408 836,T,,SNP ,IFGC phase II p-value,IFGC phase II OR (95% CI),,discovery + meta + combined + replication,International FTD Genomics Consortium + IFGC phase ii + 1000 Genomes (1000G) + ifgc + International Genomics of AD Project + IFGC + IFGC phase i + UK10K + Haplotype Reference Consortium (HRC) + TOPMed + International PD Genetics Consortium,Whole Genome Sequencing (WGS) + GWAS + International Genomics of AD Project (IGAP) + Whole Exome Sequencing (WES) + International Parkinson Disease Genomics Consortium (IPDGC) + Array genotyping,,IFGC + IGAP
0.93,1.15,,rs405509,19,45 408 836,T,,SNP ,IFGC phase II p-value,Meta-analysis OR (95% CI),,discovery + meta + combined + replication,International FTD Genomics Consortium + IFGC phase ii + 1000 Genomes (1000G) + ifgc + International Genomics of AD Project + IFGC + IFGC phase i + UK10K + Haplotype Reference Consortium (HRC) + TOPMed + International PD Genetics Consortium,Whole Genome Sequencing (WGS) + GWAS + International Genomics of AD Project (IGAP) + Whole Exome Sequencing (WES) + International Parkinson Disease Genomics Consortium (IPDGC) + Array genotyping,,IFGC + IGAP
5.98e-05,1.18,,rs405509,19,45 408 836,T,,SNP ,Meta-analysis p-value,IFGC phase I OR (95% CI),,discovery + meta + combined + replication,International FTD Genomics Consortium + IFGC phase ii + 1000 Genomes (1000G) + ifgc + International Genomics of AD Project + IFGC + IFGC phase i + UK10K + Haplotype Reference Consortium (HRC) + TOPMed + International PD Genetics Consortium,Whole Genome Sequencing (WGS) + GWAS + International Genomics of AD Project (IGAP) + Whole Exome Sequencing (WES) + International Parkinson Disease Genomics Consortium (IPDGC) + Array genotyping,,IFGC + IGAP
5.98e-05,1.0,,rs405509,19,45 408 836,T,,SNP ,Meta-analysis p-value,IFGC phase II OR (95% CI),,discovery + meta + combined + replication,International FTD Genomics Consortium + IFGC phase ii + 1000 Genomes (1000G) + ifgc + International Genomics of AD Project + IFGC + IFGC phase i + UK10K + Haplotype Reference Consortium (HRC) + TOPMed + International PD Genetics Consortium,Whole Genome Sequencing (WGS) + GWAS + International Genomics of AD Project (IGAP) + Whole Exome Sequencing (WES) + International Parkinson Disease Genomics Consortium (IPDGC) + Array genotyping,,IFGC + IGAP
5.98e-05,1.15,,rs405509,19,45 408 836,T,,SNP ,Meta-analysis p-value,Meta-analysis OR (95% CI),,discovery + meta + combined + replication,International FTD Genomics Consortium + IFGC phase ii + 1000 Genomes (1000G) + ifgc + International Genomics of AD Project + IFGC + IFGC phase i + UK10K + Haplotype Reference Consortium (HRC) + TOPMed + International PD Genetics Consortium,Whole Genome Sequencing (WGS) + GWAS + International Genomics of AD Project (IGAP) + Whole Exome Sequencing (WES) + International Parkinson Disease Genomics Consortium (IPDGC) + Array genotyping,,IFGC + IGAP
0.0273,1.36,,,2,241 225 364,A,,Nearest gene,Min Cond FDR,IFGC phase I OR (95% CI),,discovery + meta + combined + replication,International FTD Genomics Consortium + IFGC phase ii + 1000 Genomes (1000G) + ifgc + International Genomics of AD Project + IFGC + IFGC phase i + UK10K + Haplotype Reference Consortium (HRC) + TOPMed + International PD Genetics Consortium,Whole Genome Sequencing (WGS) + GWAS + International Genomics of AD Project (IGAP) + Whole Exome Sequencing (WES) + International Parkinson Disease Genomics Consortium (IPDGC) + Array genotyping,,IFGC + IGAP
0.0273,1.06,,,2,241 225 364,A,,Nearest gene,Min Cond FDR,IFGC phase II OR (95% CI),,discovery + meta + combined + replication,International FTD Genomics Consortium + IFGC phase ii + 1000 Genomes (1000G) + ifgc + International Genomics of AD Project + IFGC + IFGC phase i + UK10K + Haplotype Reference Consortium (HRC) + TOPMed + International PD Genetics Consortium,Whole Genome Sequencing (WGS) + GWAS + International Genomics of AD Project (IGAP) + Whole Exome Sequencing (WES) + International Parkinson Disease Genomics Consortium (IPDGC) + Array genotyping,,IFGC + IGAP
0.0273,1.22,,,2,241 225 364,A,,Nearest gene,Min Cond FDR,Meta-analysis OR (95% CI),,discovery + meta + combined + replication,International FTD Genomics Consortium + IFGC phase ii + 1000 Genomes (1000G) + ifgc + International Genomics of AD Project + IFGC + IFGC phase i + UK10K + Haplotype Reference Consortium (HRC) + TOPMed + International PD Genetics Consortium,Whole Genome Sequencing (WGS) + GWAS + International Genomics of AD Project (IGAP) + Whole Exome Sequencing (WES) + International Parkinson Disease Genomics Consortium (IPDGC) + Array genotyping,,IFGC + IGAP
2.52e-05,1.36,,,2,241 225 364,A,,Nearest gene,IFGC phase I p-value,IFGC phase I OR (95% CI),,discovery + meta + combined + replication,International FTD Genomics Consortium + IFGC phase ii + 1000 Genomes (1000G) + ifgc + International Genomics of AD Project + IFGC + IFGC phase i + UK10K + Haplotype Reference Consortium (HRC) + TOPMed + International PD Genetics Consortium,Whole Genome Sequencing (WGS) + GWAS + International Genomics of AD Project (IGAP) + Whole Exome Sequencing (WES) + International Parkinson Disease Genomics Consortium (IPDGC) + Array genotyping,,IFGC + IGAP
2.52e-05,1.06,,,2,241 225 364,A,,Nearest gene,IFGC phase I p-value,IFGC phase II OR (95% CI),,discovery + meta + combined + replication,International FTD Genomics Consortium + IFGC phase ii + 1000 Genomes (1000G) + ifgc + International Genomics of AD Project + IFGC + IFGC phase i + UK10K + Haplotype Reference Consortium (HRC) + TOPMed + International PD Genetics Consortium,Whole Genome Sequencing (WGS) + GWAS + International Genomics of AD Project (IGAP) + Whole Exome Sequencing (WES) + International Parkinson Disease Genomics Consortium (IPDGC) + Array genotyping,,IFGC + IGAP
2.52e-05,1.22,,,2,241 225 364,A,,Nearest gene,IFGC phase I p-value,Meta-analysis OR (95% CI),,discovery + meta + combined + replication,International FTD Genomics Consortium + IFGC phase ii + 1000 Genomes (1000G) + ifgc + International Genomics of AD Project + IFGC + IFGC phase i + UK10K + Haplotype Reference Consortium (HRC) + TOPMed + International PD Genetics Consortium,Whole Genome Sequencing (WGS) + GWAS + International Genomics of AD Project (IGAP) + Whole Exome Sequencing (WES) + International Parkinson Disease Genomics Consortium (IPDGC) + Array genotyping,,IFGC + IGAP
0.47,1.36,,,2,241 225 364,A,,Nearest gene,IFGC phase II p-value,IFGC phase I OR (95% CI),,discovery + meta + combined + replication,International FTD Genomics Consortium + IFGC phase ii + 1000 Genomes (1000G) + ifgc + International Genomics of AD Project + IFGC + IFGC phase i + UK10K + Haplotype Reference Consortium (HRC) + TOPMed + International PD Genetics Consortium,Whole Genome Sequencing (WGS) + GWAS + International Genomics of AD Project (IGAP) + Whole Exome Sequencing (WES) + International Parkinson Disease Genomics Consortium (IPDGC) + Array genotyping,,IFGC + IGAP
0.47,1.06,,,2,241 225 364,A,,Nearest gene,IFGC phase II p-value,IFGC phase II OR (95% CI),,discovery + meta + combined + replication,International FTD Genomics Consortium + IFGC phase ii + 1000 Genomes (1000G) + ifgc + International Genomics of AD Project + IFGC + IFGC phase i + UK10K + Haplotype Reference Consortium (HRC) + TOPMed + International PD Genetics Consortium,Whole Genome Sequencing (WGS) + GWAS + International Genomics of AD Project (IGAP) + Whole Exome Sequencing (WES) + International Parkinson Disease Genomics Consortium (IPDGC) + Array genotyping,,IFGC + IGAP
0.47,1.22,,,2,241 225 364,A,,Nearest gene,IFGC phase II p-value,Meta-analysis OR (95% CI),,discovery + meta + combined + replication,International FTD Genomics Consortium + IFGC phase ii + 1000 Genomes (1000G) + ifgc + International Genomics of AD Project + IFGC + IFGC phase i + UK10K + Haplotype Reference Consortium (HRC) + TOPMed + International PD Genetics Consortium,Whole Genome Sequencing (WGS) + GWAS + International Genomics of AD Project (IGAP) + Whole Exome Sequencing (WES) + International Parkinson Disease Genomics Consortium (IPDGC) + Array genotyping,,IFGC + IGAP
0.00032,1.36,,,2,241 225 364,A,,Nearest gene,Meta-analysis p-value,IFGC phase I OR (95% CI),,discovery + meta + combined + replication,International FTD Genomics Consortium + IFGC phase ii + 1000 Genomes (1000G) + ifgc + International Genomics of AD Project + IFGC + IFGC phase i + UK10K + Haplotype Reference Consortium (HRC) + TOPMed + International PD Genetics Consortium,Whole Genome Sequencing (WGS) + GWAS + International Genomics of AD Project (IGAP) + Whole Exome Sequencing (WES) + International Parkinson Disease Genomics Consortium (IPDGC) + Array genotyping,,IFGC + IGAP
0.00032,1.06,,,2,241 225 364,A,,Nearest gene,Meta-analysis p-value,IFGC phase II OR (95% CI),,discovery + meta + combined + replication,International FTD Genomics Consortium + IFGC phase ii + 1000 Genomes (1000G) + ifgc + International Genomics of AD Project + IFGC + IFGC phase i + UK10K + Haplotype Reference Consortium (HRC) + TOPMed + International PD Genetics Consortium,Whole Genome Sequencing (WGS) + GWAS + International Genomics of AD Project (IGAP) + Whole Exome Sequencing (WES) + International Parkinson Disease Genomics Consortium (IPDGC) + Array genotyping,,IFGC + IGAP
0.00032,1.22,,,2,241 225 364,A,,Nearest gene,Meta-analysis p-value,Meta-analysis OR (95% CI),,discovery + meta + combined + replication,International FTD Genomics Consortium + IFGC phase ii + 1000 Genomes (1000G) + ifgc + International Genomics of AD Project + IFGC + IFGC phase i + UK10K + Haplotype Reference Consortium (HRC) + TOPMed + International PD Genetics Consortium,Whole Genome Sequencing (WGS) + GWAS + International Genomics of AD Project (IGAP) + Whole Exome Sequencing (WES) + International Parkinson Disease Genomics Consortium (IPDGC) + Array genotyping,,IFGC + IGAP
0.0323,0.73,,,4,77 087 704,T,,Nearest gene,Min Cond FDR,IFGC phase I OR (95% CI),,discovery + meta + combined + replication,International FTD Genomics Consortium + IFGC phase ii + 1000 Genomes (1000G) + ifgc + International Genomics of AD Project + IFGC + IFGC phase i + UK10K + Haplotype Reference Consortium (HRC) + TOPMed + International PD Genetics Consortium,Whole Genome Sequencing (WGS) + GWAS + International Genomics of AD Project (IGAP) + Whole Exome Sequencing (WES) + International Parkinson Disease Genomics Consortium (IPDGC) + Array genotyping,,IFGC + IGAP
0.0323,0.98,,,4,77 087 704,T,,Nearest gene,Min Cond FDR,IFGC phase II OR (95% CI),,discovery + meta + combined + replication,International FTD Genomics Consortium + IFGC phase ii + 1000 Genomes (1000G) + ifgc + International Genomics of AD Project + IFGC + IFGC phase i + UK10K + Haplotype Reference Consortium (HRC) + TOPMed + International PD Genetics Consortium,Whole Genome Sequencing (WGS) + GWAS + International Genomics of AD Project (IGAP) + Whole Exome Sequencing (WES) + International Parkinson Disease Genomics Consortium (IPDGC) + Array genotyping,,IFGC + IGAP
0.0323,0.83,,,4,77 087 704,T,,Nearest gene,Min Cond FDR,Meta-analysis OR (95% CI),,discovery + meta + combined + replication,International FTD Genomics Consortium + IFGC phase ii + 1000 Genomes (1000G) + ifgc + International Genomics of AD Project + IFGC + IFGC phase i + UK10K + Haplotype Reference Consortium (HRC) + TOPMed + International PD Genetics Consortium,Whole Genome Sequencing (WGS) + GWAS + International Genomics of AD Project (IGAP) + Whole Exome Sequencing (WES) + International Parkinson Disease Genomics Consortium (IPDGC) + Array genotyping,,IFGC + IGAP
0.000175,0.73,,,4,77 087 704,T,,Nearest gene,IFGC phase I p-value,IFGC phase I OR (95% CI),,discovery + meta + combined + replication,International FTD Genomics Consortium + IFGC phase ii + 1000 Genomes (1000G) + ifgc + International Genomics of AD Project + IFGC + IFGC phase i + UK10K + Haplotype Reference Consortium (HRC) + TOPMed + International PD Genetics Consortium,Whole Genome Sequencing (WGS) + GWAS + International Genomics of AD Project (IGAP) + Whole Exome Sequencing (WES) + International Parkinson Disease Genomics Consortium (IPDGC) + Array genotyping,,IFGC + IGAP
0.000175,0.98,,,4,77 087 704,T,,Nearest gene,IFGC phase I p-value,IFGC phase II OR (95% CI),,discovery + meta + combined + replication,International FTD Genomics Consortium + IFGC phase ii + 1000 Genomes (1000G) + ifgc + International Genomics of AD Project + IFGC + IFGC phase i + UK10K + Haplotype Reference Consortium (HRC) + TOPMed + International PD Genetics Consortium,Whole Genome Sequencing (WGS) + GWAS + International Genomics of AD Project (IGAP) + Whole Exome Sequencing (WES) + International Parkinson Disease Genomics Consortium (IPDGC) + Array genotyping,,IFGC + IGAP
0.000175,0.83,,,4,77 087 704,T,,Nearest gene,IFGC phase I p-value,Meta-analysis OR (95% CI),,discovery + meta + combined + replication,International FTD Genomics Consortium + IFGC phase ii + 1000 Genomes (1000G) + ifgc + International Genomics of AD Project + IFGC + IFGC phase i + UK10K + Haplotype Reference Consortium (HRC) + TOPMed + International PD Genetics Consortium,Whole Genome Sequencing (WGS) + GWAS + International Genomics of AD Project (IGAP) + Whole Exome Sequencing (WES) + International Parkinson Disease Genomics Consortium (IPDGC) + Array genotyping,,IFGC + IGAP
0.82,0.73,,,4,77 087 704,T,,Nearest gene,IFGC phase II p-value,IFGC phase I OR (95% CI),,discovery + meta + combined + replication,International FTD Genomics Consortium + IFGC phase ii + 1000 Genomes (1000G) + ifgc + International Genomics of AD Project + IFGC + IFGC phase i + UK10K + Haplotype Reference Consortium (HRC) + TOPMed + International PD Genetics Consortium,Whole Genome Sequencing (WGS) + GWAS + International Genomics of AD Project (IGAP) + Whole Exome Sequencing (WES) + International Parkinson Disease Genomics Consortium (IPDGC) + Array genotyping,,IFGC + IGAP
0.82,0.98,,,4,77 087 704,T,,Nearest gene,IFGC phase II p-value,IFGC phase II OR (95% CI),,discovery + meta + combined + replication,International FTD Genomics Consortium + IFGC phase ii + 1000 Genomes (1000G) + ifgc + International Genomics of AD Project + IFGC + IFGC phase i + UK10K + Haplotype Reference Consortium (HRC) + TOPMed + International PD Genetics Consortium,Whole Genome Sequencing (WGS) + GWAS + International Genomics of AD Project (IGAP) + Whole Exome Sequencing (WES) + International Parkinson Disease Genomics Consortium (IPDGC) + Array genotyping,,IFGC + IGAP
0.82,0.83,,,4,77 087 704,T,,Nearest gene,IFGC phase II p-value,Meta-analysis OR (95% CI),,discovery + meta + combined + replication,International FTD Genomics Consortium + IFGC phase ii + 1000 Genomes (1000G) + ifgc + International Genomics of AD Project + IFGC + IFGC phase i + UK10K + Haplotype Reference Consortium (HRC) + TOPMed + International PD Genetics Consortium,Whole Genome Sequencing (WGS) + GWAS + International Genomics of AD Project (IGAP) + Whole Exome Sequencing (WES) + International Parkinson Disease Genomics Consortium (IPDGC) + Array genotyping,,IFGC + IGAP
0.00318,0.73,,,4,77 087 704,T,,Nearest gene,Meta-analysis p-value,IFGC phase I OR (95% CI),,discovery + meta + combined + replication,International FTD Genomics Consortium + IFGC phase ii + 1000 Genomes (1000G) + ifgc + International Genomics of AD Project + IFGC + IFGC phase i + UK10K + Haplotype Reference Consortium (HRC) + TOPMed + International PD Genetics Consortium,Whole Genome Sequencing (WGS) + GWAS + International Genomics of AD Project (IGAP) + Whole Exome Sequencing (WES) + International Parkinson Disease Genomics Consortium (IPDGC) + Array genotyping,,IFGC + IGAP
0.00318,0.98,,,4,77 087 704,T,,Nearest gene,Meta-analysis p-value,IFGC phase II OR (95% CI),,discovery + meta + combined + replication,International FTD Genomics Consortium + IFGC phase ii + 1000 Genomes (1000G) + ifgc + International Genomics of AD Project + IFGC + IFGC phase i + UK10K + Haplotype Reference Consortium (HRC) + TOPMed + International PD Genetics Consortium,Whole Genome Sequencing (WGS) + GWAS + International Genomics of AD Project (IGAP) + Whole Exome Sequencing (WES) + International Parkinson Disease Genomics Consortium (IPDGC) + Array genotyping,,IFGC + IGAP
0.00318,0.83,,,4,77 087 704,T,,Nearest gene,Meta-analysis p-value,Meta-analysis OR (95% CI),,discovery + meta + combined + replication,International FTD Genomics Consortium + IFGC phase ii + 1000 Genomes (1000G) + ifgc + International Genomics of AD Project + IFGC + IFGC phase i + UK10K + Haplotype Reference Consortium (HRC) + TOPMed + International PD Genetics Consortium,Whole Genome Sequencing (WGS) + GWAS + International Genomics of AD Project (IGAP) + Whole Exome Sequencing (WES) + International Parkinson Disease Genomics Consortium (IPDGC) + Array genotyping,,IFGC + IGAP
0.0425,0.78,,,10,116 030 773,T,,Nearest gene,Min Cond FDR,IFGC phase I OR (95% CI),,discovery + meta + combined + replication,International FTD Genomics Consortium + IFGC phase ii + 1000 Genomes (1000G) + ifgc + International Genomics of AD Project + IFGC + IFGC phase i + UK10K + Haplotype Reference Consortium (HRC) + TOPMed + International PD Genetics Consortium,Whole Genome Sequencing (WGS) + GWAS + International Genomics of AD Project (IGAP) + Whole Exome Sequencing (WES) + International Parkinson Disease Genomics Consortium (IPDGC) + Array genotyping,,IFGC + IGAP
0.0425,0.96,,,10,116 030 773,T,,Nearest gene,Min Cond FDR,IFGC phase II OR (95% CI),,discovery + meta + combined + replication,International FTD Genomics Consortium + IFGC phase ii + 1000 Genomes (1000G) + ifgc + International Genomics of AD Project + IFGC + IFGC phase i + UK10K + Haplotype Reference Consortium (HRC) + TOPMed + International PD Genetics Consortium,Whole Genome Sequencing (WGS) + GWAS + International Genomics of AD Project (IGAP) + Whole Exome Sequencing (WES) + International Parkinson Disease Genomics Consortium (IPDGC) + Array genotyping,,IFGC + IGAP
0.0425,0.86,,,10,116 030 773,T,,Nearest gene,Min Cond FDR,Meta-analysis OR (95% CI),,discovery + meta + combined + replication,International FTD Genomics Consortium + IFGC phase ii + 1000 Genomes (1000G) + ifgc + International Genomics of AD Project + IFGC + IFGC phase i + UK10K + Haplotype Reference Consortium (HRC) + TOPMed + International PD Genetics Consortium,Whole Genome Sequencing (WGS) + GWAS + International Genomics of AD Project (IGAP) + Whole Exome Sequencing (WES) + International Parkinson Disease Genomics Consortium (IPDGC) + Array genotyping,,IFGC + IGAP
0.000312,0.78,,,10,116 030 773,T,,Nearest gene,IFGC phase I p-value,IFGC phase I OR (95% CI),,discovery + meta + combined + replication,International FTD Genomics Consortium + IFGC phase ii + 1000 Genomes (1000G) + ifgc + International Genomics of AD Project + IFGC + IFGC phase i + UK10K + Haplotype Reference Consortium (HRC) + TOPMed + International PD Genetics Consortium,Whole Genome Sequencing (WGS) + GWAS + International Genomics of AD Project (IGAP) + Whole Exome Sequencing (WES) + International Parkinson Disease Genomics Consortium (IPDGC) + Array genotyping,,IFGC + IGAP
0.000312,0.96,,,10,116 030 773,T,,Nearest gene,IFGC phase I p-value,IFGC phase II OR (95% CI),,discovery + meta + combined + replication,International FTD Genomics Consortium + IFGC phase ii + 1000 Genomes (1000G) + ifgc + International Genomics of AD Project + IFGC + IFGC phase i + UK10K + Haplotype Reference Consortium (HRC) + TOPMed + International PD Genetics Consortium,Whole Genome Sequencing (WGS) + GWAS + International Genomics of AD Project (IGAP) + Whole Exome Sequencing (WES) + International Parkinson Disease Genomics Consortium (IPDGC) + Array genotyping,,IFGC + IGAP
0.000312,0.86,,,10,116 030 773,T,,Nearest gene,IFGC phase I p-value,Meta-analysis OR (95% CI),,discovery + meta + combined + replication,International FTD Genomics Consortium + IFGC phase ii + 1000 Genomes (1000G) + ifgc + International Genomics of AD Project + IFGC + IFGC phase i + UK10K + Haplotype Reference Consortium (HRC) + TOPMed + International PD Genetics Consortium,Whole Genome Sequencing (WGS) + GWAS + International Genomics of AD Project (IGAP) + Whole Exome Sequencing (WES) + International Parkinson Disease Genomics Consortium (IPDGC) + Array genotyping,,IFGC + IGAP
0.55,0.78,,,10,116 030 773,T,,Nearest gene,IFGC phase II p-value,IFGC phase I OR (95% CI),,discovery + meta + combined + replication,International FTD Genomics Consortium + IFGC phase ii + 1000 Genomes (1000G) + ifgc + International Genomics of AD Project + IFGC + IFGC phase i + UK10K + Haplotype Reference Consortium (HRC) + TOPMed + International PD Genetics Consortium,Whole Genome Sequencing (WGS) + GWAS + International Genomics of AD Project (IGAP) + Whole Exome Sequencing (WES) + International Parkinson Disease Genomics Consortium (IPDGC) + Array genotyping,,IFGC + IGAP
0.55,0.96,,,10,116 030 773,T,,Nearest gene,IFGC phase II p-value,IFGC phase II OR (95% CI),,discovery + meta + combined + replication,International FTD Genomics Consortium + IFGC phase ii + 1000 Genomes (1000G) + ifgc + International Genomics of AD Project + IFGC + IFGC phase i + UK10K + Haplotype Reference Consortium (HRC) + TOPMed + International PD Genetics Consortium,Whole Genome Sequencing (WGS) + GWAS + International Genomics of AD Project (IGAP) + Whole Exome Sequencing (WES) + International Parkinson Disease Genomics Consortium (IPDGC) + Array genotyping,,IFGC + IGAP
0.55,0.86,,,10,116 030 773,T,,Nearest gene,IFGC phase II p-value,Meta-analysis OR (95% CI),,discovery + meta + combined + replication,International FTD Genomics Consortium + IFGC phase ii + 1000 Genomes (1000G) + ifgc + International Genomics of AD Project + IFGC + IFGC phase i + UK10K + Haplotype Reference Consortium (HRC) + TOPMed + International PD Genetics Consortium,Whole Genome Sequencing (WGS) + GWAS + International Genomics of AD Project (IGAP) + Whole Exome Sequencing (WES) + International Parkinson Disease Genomics Consortium (IPDGC) + Array genotyping,,IFGC + IGAP
0.0024,0.78,,,10,116 030 773,T,,Nearest gene,Meta-analysis p-value,IFGC phase I OR (95% CI),,discovery + meta + combined + replication,International FTD Genomics Consortium + IFGC phase ii + 1000 Genomes (1000G) + ifgc + International Genomics of AD Project + IFGC + IFGC phase i + UK10K + Haplotype Reference Consortium (HRC) + TOPMed + International PD Genetics Consortium,Whole Genome Sequencing (WGS) + GWAS + International Genomics of AD Project (IGAP) + Whole Exome Sequencing (WES) + International Parkinson Disease Genomics Consortium (IPDGC) + Array genotyping,,IFGC + IGAP
0.0024,0.96,,,10,116 030 773,T,,Nearest gene,Meta-analysis p-value,IFGC phase II OR (95% CI),,discovery + meta + combined + replication,International FTD Genomics Consortium + IFGC phase ii + 1000 Genomes (1000G) + ifgc + International Genomics of AD Project + IFGC + IFGC phase i + UK10K + Haplotype Reference Consortium (HRC) + TOPMed + International PD Genetics Consortium,Whole Genome Sequencing (WGS) + GWAS + International Genomics of AD Project (IGAP) + Whole Exome Sequencing (WES) + International Parkinson Disease Genomics Consortium (IPDGC) + Array genotyping,,IFGC + IGAP
0.0024,0.86,,,10,116 030 773,T,,Nearest gene,Meta-analysis p-value,Meta-analysis OR (95% CI),,discovery + meta + combined + replication,International FTD Genomics Consortium + IFGC phase ii + 1000 Genomes (1000G) + ifgc + International Genomics of AD Project + IFGC + IFGC phase i + UK10K + Haplotype Reference Consortium (HRC) + TOPMed + International PD Genetics Consortium,Whole Genome Sequencing (WGS) + GWAS + International Genomics of AD Project (IGAP) + Whole Exome Sequencing (WES) + International Parkinson Disease Genomics Consortium (IPDGC) + Array genotyping,,IFGC + IGAP
0.0138,0.67,,,13,71 420 424,A,,Nearest gene,Min Cond FDR,IFGC phase I OR (95% CI),,discovery + meta + combined + replication,International FTD Genomics Consortium + IFGC phase ii + 1000 Genomes (1000G) + ifgc + International Genomics of AD Project + IFGC + IFGC phase i + UK10K + Haplotype Reference Consortium (HRC) + TOPMed + International PD Genetics Consortium,Whole Genome Sequencing (WGS) + GWAS + International Genomics of AD Project (IGAP) + Whole Exome Sequencing (WES) + International Parkinson Disease Genomics Consortium (IPDGC) + Array genotyping,,IFGC + IGAP
0.0138,0.94,,,13,71 420 424,A,,Nearest gene,Min Cond FDR,IFGC phase II OR (95% CI),,discovery + meta + combined + replication,International FTD Genomics Consortium + IFGC phase ii + 1000 Genomes (1000G) + ifgc + International Genomics of AD Project + IFGC + IFGC phase i + UK10K + Haplotype Reference Consortium (HRC) + TOPMed + International PD Genetics Consortium,Whole Genome Sequencing (WGS) + GWAS + International Genomics of AD Project (IGAP) + Whole Exome Sequencing (WES) + International Parkinson Disease Genomics Consortium (IPDGC) + Array genotyping,,IFGC + IGAP
0.0138,0.8,,,13,71 420 424,A,,Nearest gene,Min Cond FDR,Meta-analysis OR (95% CI),,discovery + meta + combined + replication,International FTD Genomics Consortium + IFGC phase ii + 1000 Genomes (1000G) + ifgc + International Genomics of AD Project + IFGC + IFGC phase i + UK10K + Haplotype Reference Consortium (HRC) + TOPMed + International PD Genetics Consortium,Whole Genome Sequencing (WGS) + GWAS + International Genomics of AD Project (IGAP) + Whole Exome Sequencing (WES) + International Parkinson Disease Genomics Consortium (IPDGC) + Array genotyping,,IFGC + IGAP
1.93e-07,0.67,,,13,71 420 424,A,,Nearest gene,IFGC phase I p-value,IFGC phase I OR (95% CI),,discovery + meta + combined + replication,International FTD Genomics Consortium + IFGC phase ii + 1000 Genomes (1000G) + ifgc + International Genomics of AD Project + IFGC + IFGC phase i + UK10K + Haplotype Reference Consortium (HRC) + TOPMed + International PD Genetics Consortium,Whole Genome Sequencing (WGS) + GWAS + International Genomics of AD Project (IGAP) + Whole Exome Sequencing (WES) + International Parkinson Disease Genomics Consortium (IPDGC) + Array genotyping,,IFGC + IGAP
1.93e-07,0.94,,,13,71 420 424,A,,Nearest gene,IFGC phase I p-value,IFGC phase II OR (95% CI),,discovery + meta + combined + replication,International FTD Genomics Consortium + IFGC phase ii + 1000 Genomes (1000G) + ifgc + International Genomics of AD Project + IFGC + IFGC phase i + UK10K + Haplotype Reference Consortium (HRC) + TOPMed + International PD Genetics Consortium,Whole Genome Sequencing (WGS) + GWAS + International Genomics of AD Project (IGAP) + Whole Exome Sequencing (WES) + International Parkinson Disease Genomics Consortium (IPDGC) + Array genotyping,,IFGC + IGAP
1.93e-07,0.8,,,13,71 420 424,A,,Nearest gene,IFGC phase I p-value,Meta-analysis OR (95% CI),,discovery + meta + combined + replication,International FTD Genomics Consortium + IFGC phase ii + 1000 Genomes (1000G) + ifgc + International Genomics of AD Project + IFGC + IFGC phase i + UK10K + Haplotype Reference Consortium (HRC) + TOPMed + International PD Genetics Consortium,Whole Genome Sequencing (WGS) + GWAS + International Genomics of AD Project (IGAP) + Whole Exome Sequencing (WES) + International Parkinson Disease Genomics Consortium (IPDGC) + Array genotyping,,IFGC + IGAP
0.34,0.67,,,13,71 420 424,A,,Nearest gene,IFGC phase II p-value,IFGC phase I OR (95% CI),,discovery + meta + combined + replication,International FTD Genomics Consortium + IFGC phase ii + 1000 Genomes (1000G) + ifgc + International Genomics of AD Project + IFGC + IFGC phase i + UK10K + Haplotype Reference Consortium (HRC) + TOPMed + International PD Genetics Consortium,Whole Genome Sequencing (WGS) + GWAS + International Genomics of AD Project (IGAP) + Whole Exome Sequencing (WES) + International Parkinson Disease Genomics Consortium (IPDGC) + Array genotyping,,IFGC + IGAP
0.34,0.94,,,13,71 420 424,A,,Nearest gene,IFGC phase II p-value,IFGC phase II OR (95% CI),,discovery + meta + combined + replication,International FTD Genomics Consortium + IFGC phase ii + 1000 Genomes (1000G) + ifgc + International Genomics of AD Project + IFGC + IFGC phase i + UK10K + Haplotype Reference Consortium (HRC) + TOPMed + International PD Genetics Consortium,Whole Genome Sequencing (WGS) + GWAS + International Genomics of AD Project (IGAP) + Whole Exome Sequencing (WES) + International Parkinson Disease Genomics Consortium (IPDGC) + Array genotyping,,IFGC + IGAP
0.34,0.8,,,13,71 420 424,A,,Nearest gene,IFGC phase II p-value,Meta-analysis OR (95% CI),,discovery + meta + combined + replication,International FTD Genomics Consortium + IFGC phase ii + 1000 Genomes (1000G) + ifgc + International Genomics of AD Project + IFGC + IFGC phase i + UK10K + Haplotype Reference Consortium (HRC) + TOPMed + International PD Genetics Consortium,Whole Genome Sequencing (WGS) + GWAS + International Genomics of AD Project (IGAP) + Whole Exome Sequencing (WES) + International Parkinson Disease Genomics Consortium (IPDGC) + Array genotyping,,IFGC + IGAP
7.39e-05,0.67,,,13,71 420 424,A,,Nearest gene,Meta-analysis p-value,IFGC phase I OR (95% CI),,discovery + meta + combined + replication,International FTD Genomics Consortium + IFGC phase ii + 1000 Genomes (1000G) + ifgc + International Genomics of AD Project + IFGC + IFGC phase i + UK10K + Haplotype Reference Consortium (HRC) + TOPMed + International PD Genetics Consortium,Whole Genome Sequencing (WGS) + GWAS + International Genomics of AD Project (IGAP) + Whole Exome Sequencing (WES) + International Parkinson Disease Genomics Consortium (IPDGC) + Array genotyping,,IFGC + IGAP
7.39e-05,0.94,,,13,71 420 424,A,,Nearest gene,Meta-analysis p-value,IFGC phase II OR (95% CI),,discovery + meta + combined + replication,International FTD Genomics Consortium + IFGC phase ii + 1000 Genomes (1000G) + ifgc + International Genomics of AD Project + IFGC + IFGC phase i + UK10K + Haplotype Reference Consortium (HRC) + TOPMed + International PD Genetics Consortium,Whole Genome Sequencing (WGS) + GWAS + International Genomics of AD Project (IGAP) + Whole Exome Sequencing (WES) + International Parkinson Disease Genomics Consortium (IPDGC) + Array genotyping,,IFGC + IGAP
7.39e-05,0.8,,,13,71 420 424,A,,Nearest gene,Meta-analysis p-value,Meta-analysis OR (95% CI),,discovery + meta + combined + replication,International FTD Genomics Consortium + IFGC phase ii + 1000 Genomes (1000G) + ifgc + International Genomics of AD Project + IFGC + IFGC phase i + UK10K + Haplotype Reference Consortium (HRC) + TOPMed + International PD Genetics Consortium,Whole Genome Sequencing (WGS) + GWAS + International Genomics of AD Project (IGAP) + Whole Exome Sequencing (WES) + International Parkinson Disease Genomics Consortium (IPDGC) + Array genotyping,,IFGC + IGAP
0.0259,0.81,,,15,51 679 783,A,,Nearest gene,Min Cond FDR,IFGC phase I OR (95% CI),,discovery + meta + combined + replication,International FTD Genomics Consortium + IFGC phase ii + 1000 Genomes (1000G) + ifgc + International Genomics of AD Project + IFGC + IFGC phase i + UK10K + Haplotype Reference Consortium (HRC) + TOPMed + International PD Genetics Consortium,Whole Genome Sequencing (WGS) + GWAS + International Genomics of AD Project (IGAP) + Whole Exome Sequencing (WES) + International Parkinson Disease Genomics Consortium (IPDGC) + Array genotyping,,IFGC + IGAP
0.0259,0.96,,,15,51 679 783,A,,Nearest gene,Min Cond FDR,IFGC phase II OR (95% CI),,discovery + meta + combined + replication,International FTD Genomics Consortium + IFGC phase ii + 1000 Genomes (1000G) + ifgc + International Genomics of AD Project + IFGC + IFGC phase i + UK10K + Haplotype Reference Consortium (HRC) + TOPMed + International PD Genetics Consortium,Whole Genome Sequencing (WGS) + GWAS + International Genomics of AD Project (IGAP) + Whole Exome Sequencing (WES) + International Parkinson Disease Genomics Consortium (IPDGC) + Array genotyping,,IFGC + IGAP
0.0259,0.87,,,15,51 679 783,A,,Nearest gene,Min Cond FDR,Meta-analysis OR (95% CI),,discovery + meta + combined + replication,International FTD Genomics Consortium + IFGC phase ii + 1000 Genomes (1000G) + ifgc + International Genomics of AD Project + IFGC + IFGC phase i + UK10K + Haplotype Reference Consortium (HRC) + TOPMed + International PD Genetics Consortium,Whole Genome Sequencing (WGS) + GWAS + International Genomics of AD Project (IGAP) + Whole Exome Sequencing (WES) + International Parkinson Disease Genomics Consortium (IPDGC) + Array genotyping,,IFGC + IGAP
7.18e-07,0.81,,,15,51 679 783,A,,Nearest gene,IFGC phase I p-value,IFGC phase I OR (95% CI),,discovery + meta + combined + replication,International FTD Genomics Consortium + IFGC phase ii + 1000 Genomes (1000G) + ifgc + International Genomics of AD Project + IFGC + IFGC phase i + UK10K + Haplotype Reference Consortium (HRC) + TOPMed + International PD Genetics Consortium,Whole Genome Sequencing (WGS) + GWAS + International Genomics of AD Project (IGAP) + Whole Exome Sequencing (WES) + International Parkinson Disease Genomics Consortium (IPDGC) + Array genotyping,,IFGC + IGAP
7.18e-07,0.96,,,15,51 679 783,A,,Nearest gene,IFGC phase I p-value,IFGC phase II OR (95% CI),,discovery + meta + combined + replication,International FTD Genomics Consortium + IFGC phase ii + 1000 Genomes (1000G) + ifgc + International Genomics of AD Project + IFGC + IFGC phase i + UK10K + Haplotype Reference Consortium (HRC) + TOPMed + International PD Genetics Consortium,Whole Genome Sequencing (WGS) + GWAS + International Genomics of AD Project (IGAP) + Whole Exome Sequencing (WES) + International Parkinson Disease Genomics Consortium (IPDGC) + Array genotyping,,IFGC + IGAP
7.18e-07,0.87,,,15,51 679 783,A,,Nearest gene,IFGC phase I p-value,Meta-analysis OR (95% CI),,discovery + meta + combined + replication,International FTD Genomics Consortium + IFGC phase ii + 1000 Genomes (1000G) + ifgc + International Genomics of AD Project + IFGC + IFGC phase i + UK10K + Haplotype Reference Consortium (HRC) + TOPMed + International PD Genetics Consortium,Whole Genome Sequencing (WGS) + GWAS + International Genomics of AD Project (IGAP) + Whole Exome Sequencing (WES) + International Parkinson Disease Genomics Consortium (IPDGC) + Array genotyping,,IFGC + IGAP
0.4,0.81,,,15,51 679 783,A,,Nearest gene,IFGC phase II p-value,IFGC phase I OR (95% CI),,discovery + meta + combined + replication,International FTD Genomics Consortium + IFGC phase ii + 1000 Genomes (1000G) + ifgc + International Genomics of AD Project + IFGC + IFGC phase i + UK10K + Haplotype Reference Consortium (HRC) + TOPMed + International PD Genetics Consortium,Whole Genome Sequencing (WGS) + GWAS + International Genomics of AD Project (IGAP) + Whole Exome Sequencing (WES) + International Parkinson Disease Genomics Consortium (IPDGC) + Array genotyping,,IFGC + IGAP
0.4,0.96,,,15,51 679 783,A,,Nearest gene,IFGC phase II p-value,IFGC phase II OR (95% CI),,discovery + meta + combined + replication,International FTD Genomics Consortium + IFGC phase ii + 1000 Genomes (1000G) + ifgc + International Genomics of AD Project + IFGC + IFGC phase i + UK10K + Haplotype Reference Consortium (HRC) + TOPMed + International PD Genetics Consortium,Whole Genome Sequencing (WGS) + GWAS + International Genomics of AD Project (IGAP) + Whole Exome Sequencing (WES) + International Parkinson Disease Genomics Consortium (IPDGC) + Array genotyping,,IFGC + IGAP
0.4,0.87,,,15,51 679 783,A,,Nearest gene,IFGC phase II p-value,Meta-analysis OR (95% CI),,discovery + meta + combined + replication,International FTD Genomics Consortium + IFGC phase ii + 1000 Genomes (1000G) + ifgc + International Genomics of AD Project + IFGC + IFGC phase i + UK10K + Haplotype Reference Consortium (HRC) + TOPMed + International PD Genetics Consortium,Whole Genome Sequencing (WGS) + GWAS + International Genomics of AD Project (IGAP) + Whole Exome Sequencing (WES) + International Parkinson Disease Genomics Consortium (IPDGC) + Array genotyping,,IFGC + IGAP
2.24e-05,0.81,,,15,51 679 783,A,,Nearest gene,Meta-analysis p-value,IFGC phase I OR (95% CI),,discovery + meta + combined + replication,International FTD Genomics Consortium + IFGC phase ii + 1000 Genomes (1000G) + ifgc + International Genomics of AD Project + IFGC + IFGC phase i + UK10K + Haplotype Reference Consortium (HRC) + TOPMed + International PD Genetics Consortium,Whole Genome Sequencing (WGS) + GWAS + International Genomics of AD Project (IGAP) + Whole Exome Sequencing (WES) + International Parkinson Disease Genomics Consortium (IPDGC) + Array genotyping,,IFGC + IGAP
2.24e-05,0.96,,,15,51 679 783,A,,Nearest gene,Meta-analysis p-value,IFGC phase II OR (95% CI),,discovery + meta + combined + replication,International FTD Genomics Consortium + IFGC phase ii + 1000 Genomes (1000G) + ifgc + International Genomics of AD Project + IFGC + IFGC phase i + UK10K + Haplotype Reference Consortium (HRC) + TOPMed + International PD Genetics Consortium,Whole Genome Sequencing (WGS) + GWAS + International Genomics of AD Project (IGAP) + Whole Exome Sequencing (WES) + International Parkinson Disease Genomics Consortium (IPDGC) + Array genotyping,,IFGC + IGAP
2.24e-05,0.87,,,15,51 679 783,A,,Nearest gene,Meta-analysis p-value,Meta-analysis OR (95% CI),,discovery + meta + combined + replication,International FTD Genomics Consortium + IFGC phase ii + 1000 Genomes (1000G) + ifgc + International Genomics of AD Project + IFGC + IFGC phase i + UK10K + Haplotype Reference Consortium (HRC) + TOPMed + International PD Genetics Consortium,Whole Genome Sequencing (WGS) + GWAS + International Genomics of AD Project (IGAP) + Whole Exome Sequencing (WES) + International Parkinson Disease Genomics Consortium (IPDGC) + Array genotyping,,IFGC + IGAP
0.0424,0.71,,,16,73 737 373,T,,Nearest gene,Min Cond FDR,IFGC phase I OR (95% CI),,discovery + meta + combined + replication,International FTD Genomics Consortium + IFGC phase ii + 1000 Genomes (1000G) + ifgc + International Genomics of AD Project + IFGC + IFGC phase i + UK10K + Haplotype Reference Consortium (HRC) + TOPMed + International PD Genetics Consortium,Whole Genome Sequencing (WGS) + GWAS + International Genomics of AD Project (IGAP) + Whole Exome Sequencing (WES) + International Parkinson Disease Genomics Consortium (IPDGC) + Array genotyping,,IFGC + IGAP
0.0424,0.89,,,16,73 737 373,T,,Nearest gene,Min Cond FDR,IFGC phase II OR (95% CI),,discovery + meta + combined + replication,International FTD Genomics Consortium + IFGC phase ii + 1000 Genomes (1000G) + ifgc + International Genomics of AD Project + IFGC + IFGC phase i + UK10K + Haplotype Reference Consortium (HRC) + TOPMed + International PD Genetics Consortium,Whole Genome Sequencing (WGS) + GWAS + International Genomics of AD Project (IGAP) + Whole Exome Sequencing (WES) + International Parkinson Disease Genomics Consortium (IPDGC) + Array genotyping,,IFGC + IGAP
0.0424,0.78,,,16,73 737 373,T,,Nearest gene,Min Cond FDR,Meta-analysis OR (95% CI),,discovery + meta + combined + replication,International FTD Genomics Consortium + IFGC phase ii + 1000 Genomes (1000G) + ifgc + International Genomics of AD Project + IFGC + IFGC phase i + UK10K + Haplotype Reference Consortium (HRC) + TOPMed + International PD Genetics Consortium,Whole Genome Sequencing (WGS) + GWAS + International Genomics of AD Project (IGAP) + Whole Exome Sequencing (WES) + International Parkinson Disease Genomics Consortium (IPDGC) + Array genotyping,,IFGC + IGAP
6.64e-07,0.71,,,16,73 737 373,T,,Nearest gene,IFGC phase I p-value,IFGC phase I OR (95% CI),,discovery + meta + combined + replication,International FTD Genomics Consortium + IFGC phase ii + 1000 Genomes (1000G) + ifgc + International Genomics of AD Project + IFGC + IFGC phase i + UK10K + Haplotype Reference Consortium (HRC) + TOPMed + International PD Genetics Consortium,Whole Genome Sequencing (WGS) + GWAS + International Genomics of AD Project (IGAP) + Whole Exome Sequencing (WES) + International Parkinson Disease Genomics Consortium (IPDGC) + Array genotyping,,IFGC + IGAP
6.64e-07,0.89,,,16,73 737 373,T,,Nearest gene,IFGC phase I p-value,IFGC phase II OR (95% CI),,discovery + meta + combined + replication,International FTD Genomics Consortium + IFGC phase ii + 1000 Genomes (1000G) + ifgc + International Genomics of AD Project + IFGC + IFGC phase i + UK10K + Haplotype Reference Consortium (HRC) + TOPMed + International PD Genetics Consortium,Whole Genome Sequencing (WGS) + GWAS + International Genomics of AD Project (IGAP) + Whole Exome Sequencing (WES) + International Parkinson Disease Genomics Consortium (IPDGC) + Array genotyping,,IFGC + IGAP
6.64e-07,0.78,,,16,73 737 373,T,,Nearest gene,IFGC phase I p-value,Meta-analysis OR (95% CI),,discovery + meta + combined + replication,International FTD Genomics Consortium + IFGC phase ii + 1000 Genomes (1000G) + ifgc + International Genomics of AD Project + IFGC + IFGC phase i + UK10K + Haplotype Reference Consortium (HRC) + TOPMed + International PD Genetics Consortium,Whole Genome Sequencing (WGS) + GWAS + International Genomics of AD Project (IGAP) + Whole Exome Sequencing (WES) + International Parkinson Disease Genomics Consortium (IPDGC) + Array genotyping,,IFGC + IGAP
0.08,0.71,,,16,73 737 373,T,,Nearest gene,IFGC phase II p-value,IFGC phase I OR (95% CI),,discovery + meta + combined + replication,International FTD Genomics Consortium + IFGC phase ii + 1000 Genomes (1000G) + ifgc + International Genomics of AD Project + IFGC + IFGC phase i + UK10K + Haplotype Reference Consortium (HRC) + TOPMed + International PD Genetics Consortium,Whole Genome Sequencing (WGS) + GWAS + International Genomics of AD Project (IGAP) + Whole Exome Sequencing (WES) + International Parkinson Disease Genomics Consortium (IPDGC) + Array genotyping,,IFGC + IGAP
0.08,0.89,,,16,73 737 373,T,,Nearest gene,IFGC phase II p-value,IFGC phase II OR (95% CI),,discovery + meta + combined + replication,International FTD Genomics Consortium + IFGC phase ii + 1000 Genomes (1000G) + ifgc + International Genomics of AD Project + IFGC + IFGC phase i + UK10K + Haplotype Reference Consortium (HRC) + TOPMed + International PD Genetics Consortium,Whole Genome Sequencing (WGS) + GWAS + International Genomics of AD Project (IGAP) + Whole Exome Sequencing (WES) + International Parkinson Disease Genomics Consortium (IPDGC) + Array genotyping,,IFGC + IGAP
0.08,0.78,,,16,73 737 373,T,,Nearest gene,IFGC phase II p-value,Meta-analysis OR (95% CI),,discovery + meta + combined + replication,International FTD Genomics Consortium + IFGC phase ii + 1000 Genomes (1000G) + ifgc + International Genomics of AD Project + IFGC + IFGC phase i + UK10K + Haplotype Reference Consortium (HRC) + TOPMed + International PD Genetics Consortium,Whole Genome Sequencing (WGS) + GWAS + International Genomics of AD Project (IGAP) + Whole Exome Sequencing (WES) + International Parkinson Disease Genomics Consortium (IPDGC) + Array genotyping,,IFGC + IGAP
3.08e-06,0.71,,,16,73 737 373,T,,Nearest gene,Meta-analysis p-value,IFGC phase I OR (95% CI),,discovery + meta + combined + replication,International FTD Genomics Consortium + IFGC phase ii + 1000 Genomes (1000G) + ifgc + International Genomics of AD Project + IFGC + IFGC phase i + UK10K + Haplotype Reference Consortium (HRC) + TOPMed + International PD Genetics Consortium,Whole Genome Sequencing (WGS) + GWAS + International Genomics of AD Project (IGAP) + Whole Exome Sequencing (WES) + International Parkinson Disease Genomics Consortium (IPDGC) + Array genotyping,,IFGC + IGAP
3.08e-06,0.89,,,16,73 737 373,T,,Nearest gene,Meta-analysis p-value,IFGC phase II OR (95% CI),,discovery + meta + combined + replication,International FTD Genomics Consortium + IFGC phase ii + 1000 Genomes (1000G) + ifgc + International Genomics of AD Project + IFGC + IFGC phase i + UK10K + Haplotype Reference Consortium (HRC) + TOPMed + International PD Genetics Consortium,Whole Genome Sequencing (WGS) + GWAS + International Genomics of AD Project (IGAP) + Whole Exome Sequencing (WES) + International Parkinson Disease Genomics Consortium (IPDGC) + Array genotyping,,IFGC + IGAP
3.08e-06,0.78,,,16,73 737 373,T,,Nearest gene,Meta-analysis p-value,Meta-analysis OR (95% CI),,discovery + meta + combined + replication,International FTD Genomics Consortium + IFGC phase ii + 1000 Genomes (1000G) + ifgc + International Genomics of AD Project + IFGC + IFGC phase i + UK10K + Haplotype Reference Consortium (HRC) + TOPMed + International PD Genetics Consortium,Whole Genome Sequencing (WGS) + GWAS + International Genomics of AD Project (IGAP) + Whole Exome Sequencing (WES) + International Parkinson Disease Genomics Consortium (IPDGC) + Array genotyping,,IFGC + IGAP
0.0179,0.82,,,17,44 843 136,T,,Nearest gene,Min Cond FDR,IFGC phase I OR (95% CI),,discovery + meta + combined + replication,International FTD Genomics Consortium + IFGC phase ii + 1000 Genomes (1000G) + ifgc + International Genomics of AD Project + IFGC + IFGC phase i + UK10K + Haplotype Reference Consortium (HRC) + TOPMed + International PD Genetics Consortium,Whole Genome Sequencing (WGS) + GWAS + International Genomics of AD Project (IGAP) + Whole Exome Sequencing (WES) + International Parkinson Disease Genomics Consortium (IPDGC) + Array genotyping,,IFGC + IGAP
0.0179,0.89,,,17,44 843 136,T,,Nearest gene,Min Cond FDR,IFGC phase II OR (95% CI),,discovery + meta + combined + replication,International FTD Genomics Consortium + IFGC phase ii + 1000 Genomes (1000G) + ifgc + International Genomics of AD Project + IFGC + IFGC phase i + UK10K + Haplotype Reference Consortium (HRC) + TOPMed + International PD Genetics Consortium,Whole Genome Sequencing (WGS) + GWAS + International Genomics of AD Project (IGAP) + Whole Exome Sequencing (WES) + International Parkinson Disease Genomics Consortium (IPDGC) + Array genotyping,,IFGC + IGAP
0.0179,0.85,,,17,44 843 136,T,,Nearest gene,Min Cond FDR,Meta-analysis OR (95% CI),,discovery + meta + combined + replication,International FTD Genomics Consortium + IFGC phase ii + 1000 Genomes (1000G) + ifgc + International Genomics of AD Project + IFGC + IFGC phase i + UK10K + Haplotype Reference Consortium (HRC) + TOPMed + International PD Genetics Consortium,Whole Genome Sequencing (WGS) + GWAS + International Genomics of AD Project (IGAP) + Whole Exome Sequencing (WES) + International Parkinson Disease Genomics Consortium (IPDGC) + Array genotyping,,IFGC + IGAP
4.09e-05,0.82,,,17,44 843 136,T,,Nearest gene,IFGC phase I p-value,IFGC phase I OR (95% CI),,discovery + meta + combined + replication,International FTD Genomics Consortium + IFGC phase ii + 1000 Genomes (1000G) + ifgc + International Genomics of AD Project + IFGC + IFGC phase i + UK10K + Haplotype Reference Consortium (HRC) + TOPMed + International PD Genetics Consortium,Whole Genome Sequencing (WGS) + GWAS + International Genomics of AD Project (IGAP) + Whole Exome Sequencing (WES) + International Parkinson Disease Genomics Consortium (IPDGC) + Array genotyping,,IFGC + IGAP
4.09e-05,0.89,,,17,44 843 136,T,,Nearest gene,IFGC phase I p-value,IFGC phase II OR (95% CI),,discovery + meta + combined + replication,International FTD Genomics Consortium + IFGC phase ii + 1000 Genomes (1000G) + ifgc + International Genomics of AD Project + IFGC + IFGC phase i + UK10K + Haplotype Reference Consortium (HRC) + TOPMed + International PD Genetics Consortium,Whole Genome Sequencing (WGS) + GWAS + International Genomics of AD Project (IGAP) + Whole Exome Sequencing (WES) + International Parkinson Disease Genomics Consortium (IPDGC) + Array genotyping,,IFGC + IGAP
4.09e-05,0.85,,,17,44 843 136,T,,Nearest gene,IFGC phase I p-value,Meta-analysis OR (95% CI),,discovery + meta + combined + replication,International FTD Genomics Consortium + IFGC phase ii + 1000 Genomes (1000G) + ifgc + International Genomics of AD Project + IFGC + IFGC phase i + UK10K + Haplotype Reference Consortium (HRC) + TOPMed + International PD Genetics Consortium,Whole Genome Sequencing (WGS) + GWAS + International Genomics of AD Project (IGAP) + Whole Exome Sequencing (WES) + International Parkinson Disease Genomics Consortium (IPDGC) + Array genotyping,,IFGC + IGAP
0.03,0.82,,,17,44 843 136,T,,Nearest gene,IFGC phase II p-value,IFGC phase I OR (95% CI),,discovery + meta + combined + replication,International FTD Genomics Consortium + IFGC phase ii + 1000 Genomes (1000G) + ifgc + International Genomics of AD Project + IFGC + IFGC phase i + UK10K + Haplotype Reference Consortium (HRC) + TOPMed + International PD Genetics Consortium,Whole Genome Sequencing (WGS) + GWAS + International Genomics of AD Project (IGAP) + Whole Exome Sequencing (WES) + International Parkinson Disease Genomics Consortium (IPDGC) + Array genotyping,,IFGC + IGAP
0.03,0.89,,,17,44 843 136,T,,Nearest gene,IFGC phase II p-value,IFGC phase II OR (95% CI),,discovery + meta + combined + replication,International FTD Genomics Consortium + IFGC phase ii + 1000 Genomes (1000G) + ifgc + International Genomics of AD Project + IFGC + IFGC phase i + UK10K + Haplotype Reference Consortium (HRC) + TOPMed + International PD Genetics Consortium,Whole Genome Sequencing (WGS) + GWAS + International Genomics of AD Project (IGAP) + Whole Exome Sequencing (WES) + International Parkinson Disease Genomics Consortium (IPDGC) + Array genotyping,,IFGC + IGAP
0.03,0.85,,,17,44 843 136,T,,Nearest gene,IFGC phase II p-value,Meta-analysis OR (95% CI),,discovery + meta + combined + replication,International FTD Genomics Consortium + IFGC phase ii + 1000 Genomes (1000G) + ifgc + International Genomics of AD Project + IFGC + IFGC phase i + UK10K + Haplotype Reference Consortium (HRC) + TOPMed + International PD Genetics Consortium,Whole Genome Sequencing (WGS) + GWAS + International Genomics of AD Project (IGAP) + Whole Exome Sequencing (WES) + International Parkinson Disease Genomics Consortium (IPDGC) + Array genotyping,,IFGC + IGAP
9.59e-06,0.82,,,17,44 843 136,T,,Nearest gene,Meta-analysis p-value,IFGC phase I OR (95% CI),,discovery + meta + combined + replication,International FTD Genomics Consortium + IFGC phase ii + 1000 Genomes (1000G) + ifgc + International Genomics of AD Project + IFGC + IFGC phase i + UK10K + Haplotype Reference Consortium (HRC) + TOPMed + International PD Genetics Consortium,Whole Genome Sequencing (WGS) + GWAS + International Genomics of AD Project (IGAP) + Whole Exome Sequencing (WES) + International Parkinson Disease Genomics Consortium (IPDGC) + Array genotyping,,IFGC + IGAP
9.59e-06,0.89,,,17,44 843 136,T,,Nearest gene,Meta-analysis p-value,IFGC phase II OR (95% CI),,discovery + meta + combined + replication,International FTD Genomics Consortium + IFGC phase ii + 1000 Genomes (1000G) + ifgc + International Genomics of AD Project + IFGC + IFGC phase i + UK10K + Haplotype Reference Consortium (HRC) + TOPMed + International PD Genetics Consortium,Whole Genome Sequencing (WGS) + GWAS + International Genomics of AD Project (IGAP) + Whole Exome Sequencing (WES) + International Parkinson Disease Genomics Consortium (IPDGC) + Array genotyping,,IFGC + IGAP
9.59e-06,0.85,,,17,44 843 136,T,,Nearest gene,Meta-analysis p-value,Meta-analysis OR (95% CI),,discovery + meta + combined + replication,International FTD Genomics Consortium + IFGC phase ii + 1000 Genomes (1000G) + ifgc + International Genomics of AD Project + IFGC + IFGC phase i + UK10K + Haplotype Reference Consortium (HRC) + TOPMed + International PD Genetics Consortium,Whole Genome Sequencing (WGS) + GWAS + International Genomics of AD Project (IGAP) + Whole Exome Sequencing (WES) + International Parkinson Disease Genomics Consortium (IPDGC) + Array genotyping,,IFGC + IGAP
0.0201,1.22,,,17,43 803 189,A,,Nearest gene,Min Cond FDR,IFGC phase I OR (95% CI),,discovery + meta + combined + replication,International FTD Genomics Consortium + IFGC phase ii + 1000 Genomes (1000G) + ifgc + International Genomics of AD Project + IFGC + IFGC phase i + UK10K + Haplotype Reference Consortium (HRC) + TOPMed + International PD Genetics Consortium,Whole Genome Sequencing (WGS) + GWAS + International Genomics of AD Project (IGAP) + Whole Exome Sequencing (WES) + International Parkinson Disease Genomics Consortium (IPDGC) + Array genotyping,,IFGC + IGAP
0.0201,1.16,,,17,43 803 189,A,,Nearest gene,Min Cond FDR,IFGC phase II OR (95% CI),,discovery + meta + combined + replication,International FTD Genomics Consortium + IFGC phase ii + 1000 Genomes (1000G) + ifgc + International Genomics of AD Project + IFGC + IFGC phase i + UK10K + Haplotype Reference Consortium (HRC) + TOPMed + International PD Genetics Consortium,Whole Genome Sequencing (WGS) + GWAS + International Genomics of AD Project (IGAP) + Whole Exome Sequencing (WES) + International Parkinson Disease Genomics Consortium (IPDGC) + Array genotyping,,IFGC + IGAP
0.0201,1.19,,,17,43 803 189,A,,Nearest gene,Min Cond FDR,Meta-analysis OR (95% CI),,discovery + meta + combined + replication,International FTD Genomics Consortium + IFGC phase ii + 1000 Genomes (1000G) + ifgc + International Genomics of AD Project + IFGC + IFGC phase i + UK10K + Haplotype Reference Consortium (HRC) + TOPMed + International PD Genetics Consortium,Whole Genome Sequencing (WGS) + GWAS + International Genomics of AD Project (IGAP) + Whole Exome Sequencing (WES) + International Parkinson Disease Genomics Consortium (IPDGC) + Array genotyping,,IFGC + IGAP
4.96e-05,1.22,,,17,43 803 189,A,,Nearest gene,IFGC phase I p-value,IFGC phase I OR (95% CI),,discovery + meta + combined + replication,International FTD Genomics Consortium + IFGC phase ii + 1000 Genomes (1000G) + ifgc + International Genomics of AD Project + IFGC + IFGC phase i + UK10K + Haplotype Reference Consortium (HRC) + TOPMed + International PD Genetics Consortium,Whole Genome Sequencing (WGS) + GWAS + International Genomics of AD Project (IGAP) + Whole Exome Sequencing (WES) + International Parkinson Disease Genomics Consortium (IPDGC) + Array genotyping,,IFGC + IGAP
4.96e-05,1.16,,,17,43 803 189,A,,Nearest gene,IFGC phase I p-value,IFGC phase II OR (95% CI),,discovery + meta + combined + replication,International FTD Genomics Consortium + IFGC phase ii + 1000 Genomes (1000G) + ifgc + International Genomics of AD Project + IFGC + IFGC phase i + UK10K + Haplotype Reference Consortium (HRC) + TOPMed + International PD Genetics Consortium,Whole Genome Sequencing (WGS) + GWAS + International Genomics of AD Project (IGAP) + Whole Exome Sequencing (WES) + International Parkinson Disease Genomics Consortium (IPDGC) + Array genotyping,,IFGC + IGAP
4.96e-05,1.19,,,17,43 803 189,A,,Nearest gene,IFGC phase I p-value,Meta-analysis OR (95% CI),,discovery + meta + combined + replication,International FTD Genomics Consortium + IFGC phase ii + 1000 Genomes (1000G) + ifgc + International Genomics of AD Project + IFGC + IFGC phase i + UK10K + Haplotype Reference Consortium (HRC) + TOPMed + International PD Genetics Consortium,Whole Genome Sequencing (WGS) + GWAS + International Genomics of AD Project (IGAP) + Whole Exome Sequencing (WES) + International Parkinson Disease Genomics Consortium (IPDGC) + Array genotyping,,IFGC + IGAP
0.001,1.22,,,17,43 803 189,A,,Nearest gene,IFGC phase II p-value,IFGC phase I OR (95% CI),,discovery + meta + combined + replication,International FTD Genomics Consortium + IFGC phase ii + 1000 Genomes (1000G) + ifgc + International Genomics of AD Project + IFGC + IFGC phase i + UK10K + Haplotype Reference Consortium (HRC) + TOPMed + International PD Genetics Consortium,Whole Genome Sequencing (WGS) + GWAS + International Genomics of AD Project (IGAP) + Whole Exome Sequencing (WES) + International Parkinson Disease Genomics Consortium (IPDGC) + Array genotyping,,IFGC + IGAP
0.001,1.16,,,17,43 803 189,A,,Nearest gene,IFGC phase II p-value,IFGC phase II OR (95% CI),,discovery + meta + combined + replication,International FTD Genomics Consortium + IFGC phase ii + 1000 Genomes (1000G) + ifgc + International Genomics of AD Project + IFGC + IFGC phase i + UK10K + Haplotype Reference Consortium (HRC) + TOPMed + International PD Genetics Consortium,Whole Genome Sequencing (WGS) + GWAS + International Genomics of AD Project (IGAP) + Whole Exome Sequencing (WES) + International Parkinson Disease Genomics Consortium (IPDGC) + Array genotyping,,IFGC + IGAP
0.001,1.19,,,17,43 803 189,A,,Nearest gene,IFGC phase II p-value,Meta-analysis OR (95% CI),,discovery + meta + combined + replication,International FTD Genomics Consortium + IFGC phase ii + 1000 Genomes (1000G) + ifgc + International Genomics of AD Project + IFGC + IFGC phase i + UK10K + Haplotype Reference Consortium (HRC) + TOPMed + International PD Genetics Consortium,Whole Genome Sequencing (WGS) + GWAS + International Genomics of AD Project (IGAP) + Whole Exome Sequencing (WES) + International Parkinson Disease Genomics Consortium (IPDGC) + Array genotyping,,IFGC + IGAP
4.91e-07,1.22,,,17,43 803 189,A,,Nearest gene,Meta-analysis p-value,IFGC phase I OR (95% CI),,discovery + meta + combined + replication,International FTD Genomics Consortium + IFGC phase ii + 1000 Genomes (1000G) + ifgc + International Genomics of AD Project + IFGC + IFGC phase i + UK10K + Haplotype Reference Consortium (HRC) + TOPMed + International PD Genetics Consortium,Whole Genome Sequencing (WGS) + GWAS + International Genomics of AD Project (IGAP) + Whole Exome Sequencing (WES) + International Parkinson Disease Genomics Consortium (IPDGC) + Array genotyping,,IFGC + IGAP
4.91e-07,1.16,,,17,43 803 189,A,,Nearest gene,Meta-analysis p-value,IFGC phase II OR (95% CI),,discovery + meta + combined + replication,International FTD Genomics Consortium + IFGC phase ii + 1000 Genomes (1000G) + ifgc + International Genomics of AD Project + IFGC + IFGC phase i + UK10K + Haplotype Reference Consortium (HRC) + TOPMed + International PD Genetics Consortium,Whole Genome Sequencing (WGS) + GWAS + International Genomics of AD Project (IGAP) + Whole Exome Sequencing (WES) + International Parkinson Disease Genomics Consortium (IPDGC) + Array genotyping,,IFGC + IGAP
4.91e-07,1.19,,,17,43 803 189,A,,Nearest gene,Meta-analysis p-value,Meta-analysis OR (95% CI),,discovery + meta + combined + replication,International FTD Genomics Consortium + IFGC phase ii + 1000 Genomes (1000G) + ifgc + International Genomics of AD Project + IFGC + IFGC phase i + UK10K + Haplotype Reference Consortium (HRC) + TOPMed + International PD Genetics Consortium,Whole Genome Sequencing (WGS) + GWAS + International Genomics of AD Project (IGAP) + Whole Exome Sequencing (WES) + International Parkinson Disease Genomics Consortium (IPDGC) + Array genotyping,,IFGC + IGAP
0.0271,1.24,,,18,56 543 095,A,,Nearest gene,Min Cond FDR,IFGC phase I OR (95% CI),,discovery + meta + combined + replication,International FTD Genomics Consortium + IFGC phase ii + 1000 Genomes (1000G) + ifgc + International Genomics of AD Project + IFGC + IFGC phase i + UK10K + Haplotype Reference Consortium (HRC) + TOPMed + International PD Genetics Consortium,Whole Genome Sequencing (WGS) + GWAS + International Genomics of AD Project (IGAP) + Whole Exome Sequencing (WES) + International Parkinson Disease Genomics Consortium (IPDGC) + Array genotyping,,IFGC + IGAP
0.0271,1.05,,,18,56 543 095,A,,Nearest gene,Min Cond FDR,IFGC phase II OR (95% CI),,discovery + meta + combined + replication,International FTD Genomics Consortium + IFGC phase ii + 1000 Genomes (1000G) + ifgc + International Genomics of AD Project + IFGC + IFGC phase i + UK10K + Haplotype Reference Consortium (HRC) + TOPMed + International PD Genetics Consortium,Whole Genome Sequencing (WGS) + GWAS + International Genomics of AD Project (IGAP) + Whole Exome Sequencing (WES) + International Parkinson Disease Genomics Consortium (IPDGC) + Array genotyping,,IFGC + IGAP
0.0271,1.12,,,18,56 543 095,A,,Nearest gene,Min Cond FDR,Meta-analysis OR (95% CI),,discovery + meta + combined + replication,International FTD Genomics Consortium + IFGC phase ii + 1000 Genomes (1000G) + ifgc + International Genomics of AD Project + IFGC + IFGC phase i + UK10K + Haplotype Reference Consortium (HRC) + TOPMed + International PD Genetics Consortium,Whole Genome Sequencing (WGS) + GWAS + International Genomics of AD Project (IGAP) + Whole Exome Sequencing (WES) + International Parkinson Disease Genomics Consortium (IPDGC) + Array genotyping,,IFGC + IGAP
0.000112,1.24,,,18,56 543 095,A,,Nearest gene,IFGC phase I p-value,IFGC phase I OR (95% CI),,discovery + meta + combined + replication,International FTD Genomics Consortium + IFGC phase ii + 1000 Genomes (1000G) + ifgc + International Genomics of AD Project + IFGC + IFGC phase i + UK10K + Haplotype Reference Consortium (HRC) + TOPMed + International PD Genetics Consortium,Whole Genome Sequencing (WGS) + GWAS + International Genomics of AD Project (IGAP) + Whole Exome Sequencing (WES) + International Parkinson Disease Genomics Consortium (IPDGC) + Array genotyping,,IFGC + IGAP
0.000112,1.05,,,18,56 543 095,A,,Nearest gene,IFGC phase I p-value,IFGC phase II OR (95% CI),,discovery + meta + combined + replication,International FTD Genomics Consortium + IFGC phase ii + 1000 Genomes (1000G) + ifgc + International Genomics of AD Project + IFGC + IFGC phase i + UK10K + Haplotype Reference Consortium (HRC) + TOPMed + International PD Genetics Consortium,Whole Genome Sequencing (WGS) + GWAS + International Genomics of AD Project (IGAP) + Whole Exome Sequencing (WES) + International Parkinson Disease Genomics Consortium (IPDGC) + Array genotyping,,IFGC + IGAP
0.000112,1.12,,,18,56 543 095,A,,Nearest gene,IFGC phase I p-value,Meta-analysis OR (95% CI),,discovery + meta + combined + replication,International FTD Genomics Consortium + IFGC phase ii + 1000 Genomes (1000G) + ifgc + International Genomics of AD Project + IFGC + IFGC phase i + UK10K + Haplotype Reference Consortium (HRC) + TOPMed + International PD Genetics Consortium,Whole Genome Sequencing (WGS) + GWAS + International Genomics of AD Project (IGAP) + Whole Exome Sequencing (WES) + International Parkinson Disease Genomics Consortium (IPDGC) + Array genotyping,,IFGC + IGAP
0.24,1.24,,,18,56 543 095,A,,Nearest gene,IFGC phase II p-value,IFGC phase I OR (95% CI),,discovery + meta + combined + replication,International FTD Genomics Consortium + IFGC phase ii + 1000 Genomes (1000G) + ifgc + International Genomics of AD Project + IFGC + IFGC phase i + UK10K + Haplotype Reference Consortium (HRC) + TOPMed + International PD Genetics Consortium,Whole Genome Sequencing (WGS) + GWAS + International Genomics of AD Project (IGAP) + Whole Exome Sequencing (WES) + International Parkinson Disease Genomics Consortium (IPDGC) + Array genotyping,,IFGC + IGAP
0.24,1.05,,,18,56 543 095,A,,Nearest gene,IFGC phase II p-value,IFGC phase II OR (95% CI),,discovery + meta + combined + replication,International FTD Genomics Consortium + IFGC phase ii + 1000 Genomes (1000G) + ifgc + International Genomics of AD Project + IFGC + IFGC phase i + UK10K + Haplotype Reference Consortium (HRC) + TOPMed + International PD Genetics Consortium,Whole Genome Sequencing (WGS) + GWAS + International Genomics of AD Project (IGAP) + Whole Exome Sequencing (WES) + International Parkinson Disease Genomics Consortium (IPDGC) + Array genotyping,,IFGC + IGAP
0.24,1.12,,,18,56 543 095,A,,Nearest gene,IFGC phase II p-value,Meta-analysis OR (95% CI),,discovery + meta + combined + replication,International FTD Genomics Consortium + IFGC phase ii + 1000 Genomes (1000G) + ifgc + International Genomics of AD Project + IFGC + IFGC phase i + UK10K + Haplotype Reference Consortium (HRC) + TOPMed + International PD Genetics Consortium,Whole Genome Sequencing (WGS) + GWAS + International Genomics of AD Project (IGAP) + Whole Exome Sequencing (WES) + International Parkinson Disease Genomics Consortium (IPDGC) + Array genotyping,,IFGC + IGAP
0.00091,1.24,,,18,56 543 095,A,,Nearest gene,Meta-analysis p-value,IFGC phase I OR (95% CI),,discovery + meta + combined + replication,International FTD Genomics Consortium + IFGC phase ii + 1000 Genomes (1000G) + ifgc + International Genomics of AD Project + IFGC + IFGC phase i + UK10K + Haplotype Reference Consortium (HRC) + TOPMed + International PD Genetics Consortium,Whole Genome Sequencing (WGS) + GWAS + International Genomics of AD Project (IGAP) + Whole Exome Sequencing (WES) + International Parkinson Disease Genomics Consortium (IPDGC) + Array genotyping,,IFGC + IGAP
0.00091,1.05,,,18,56 543 095,A,,Nearest gene,Meta-analysis p-value,IFGC phase II OR (95% CI),,discovery + meta + combined + replication,International FTD Genomics Consortium + IFGC phase ii + 1000 Genomes (1000G) + ifgc + International Genomics of AD Project + IFGC + IFGC phase i + UK10K + Haplotype Reference Consortium (HRC) + TOPMed + International PD Genetics Consortium,Whole Genome Sequencing (WGS) + GWAS + International Genomics of AD Project (IGAP) + Whole Exome Sequencing (WES) + International Parkinson Disease Genomics Consortium (IPDGC) + Array genotyping,,IFGC + IGAP
0.00091,1.12,,,18,56 543 095,A,,Nearest gene,Meta-analysis p-value,Meta-analysis OR (95% CI),,discovery + meta + combined + replication,International FTD Genomics Consortium + IFGC phase ii + 1000 Genomes (1000G) + ifgc + International Genomics of AD Project + IFGC + IFGC phase i + UK10K + Haplotype Reference Consortium (HRC) + TOPMed + International PD Genetics Consortium,Whole Genome Sequencing (WGS) + GWAS + International Genomics of AD Project (IGAP) + Whole Exome Sequencing (WES) + International Parkinson Disease Genomics Consortium (IPDGC) + Array genotyping,,IFGC + IGAP
0.0469,1.31,,,19,45 392 254,T,,Nearest gene,Min Cond FDR,IFGC phase I OR (95% CI),,discovery + meta + combined + replication,International FTD Genomics Consortium + IFGC phase ii + 1000 Genomes (1000G) + ifgc + International Genomics of AD Project + IFGC + IFGC phase i + UK10K + Haplotype Reference Consortium (HRC) + TOPMed + International PD Genetics Consortium,Whole Genome Sequencing (WGS) + GWAS + International Genomics of AD Project (IGAP) + Whole Exome Sequencing (WES) + International Parkinson Disease Genomics Consortium (IPDGC) + Array genotyping,,IFGC + IGAP
0.0469,1.37,,,19,45 392 254,T,,Nearest gene,Min Cond FDR,IFGC phase II OR (95% CI),,discovery + meta + combined + replication,International FTD Genomics Consortium + IFGC phase ii + 1000 Genomes (1000G) + ifgc + International Genomics of AD Project + IFGC + IFGC phase i + UK10K + Haplotype Reference Consortium (HRC) + TOPMed + International PD Genetics Consortium,Whole Genome Sequencing (WGS) + GWAS + International Genomics of AD Project (IGAP) + Whole Exome Sequencing (WES) + International Parkinson Disease Genomics Consortium (IPDGC) + Array genotyping,,IFGC + IGAP
0.0469,1.34,,,19,45 392 254,T,,Nearest gene,Min Cond FDR,Meta-analysis OR (95% CI),,discovery + meta + combined + replication,International FTD Genomics Consortium + IFGC phase ii + 1000 Genomes (1000G) + ifgc + International Genomics of AD Project + IFGC + IFGC phase i + UK10K + Haplotype Reference Consortium (HRC) + TOPMed + International PD Genetics Consortium,Whole Genome Sequencing (WGS) + GWAS + International Genomics of AD Project (IGAP) + Whole Exome Sequencing (WES) + International Parkinson Disease Genomics Consortium (IPDGC) + Array genotyping,,IFGC + IGAP
7.03e-07,1.31,,,19,45 392 254,T,,Nearest gene,IFGC phase I p-value,IFGC phase I OR (95% CI),,discovery + meta + combined + replication,International FTD Genomics Consortium + IFGC phase ii + 1000 Genomes (1000G) + ifgc + International Genomics of AD Project + IFGC + IFGC phase i + UK10K + Haplotype Reference Consortium (HRC) + TOPMed + International PD Genetics Consortium,Whole Genome Sequencing (WGS) + GWAS + International Genomics of AD Project (IGAP) + Whole Exome Sequencing (WES) + International Parkinson Disease Genomics Consortium (IPDGC) + Array genotyping,,IFGC + IGAP
7.03e-07,1.37,,,19,45 392 254,T,,Nearest gene,IFGC phase I p-value,IFGC phase II OR (95% CI),,discovery + meta + combined + replication,International FTD Genomics Consortium + IFGC phase ii + 1000 Genomes (1000G) + ifgc + International Genomics of AD Project + IFGC + IFGC phase i + UK10K + Haplotype Reference Consortium (HRC) + TOPMed + International PD Genetics Consortium,Whole Genome Sequencing (WGS) + GWAS + International Genomics of AD Project (IGAP) + Whole Exome Sequencing (WES) + International Parkinson Disease Genomics Consortium (IPDGC) + Array genotyping,,IFGC + IGAP
7.03e-07,1.34,,,19,45 392 254,T,,Nearest gene,IFGC phase I p-value,Meta-analysis OR (95% CI),,discovery + meta + combined + replication,International FTD Genomics Consortium + IFGC phase ii + 1000 Genomes (1000G) + ifgc + International Genomics of AD Project + IFGC + IFGC phase i + UK10K + Haplotype Reference Consortium (HRC) + TOPMed + International PD Genetics Consortium,Whole Genome Sequencing (WGS) + GWAS + International Genomics of AD Project (IGAP) + Whole Exome Sequencing (WES) + International Parkinson Disease Genomics Consortium (IPDGC) + Array genotyping,,IFGC + IGAP
4.46e-07,1.31,,,19,45 392 254,T,,Nearest gene,IFGC phase II p-value,IFGC phase I OR (95% CI),,discovery + meta + combined + replication,International FTD Genomics Consortium + IFGC phase ii + 1000 Genomes (1000G) + ifgc + International Genomics of AD Project + IFGC + IFGC phase i + UK10K + Haplotype Reference Consortium (HRC) + TOPMed + International PD Genetics Consortium,Whole Genome Sequencing (WGS) + GWAS + International Genomics of AD Project (IGAP) + Whole Exome Sequencing (WES) + International Parkinson Disease Genomics Consortium (IPDGC) + Array genotyping,,IFGC + IGAP
4.46e-07,1.37,,,19,45 392 254,T,,Nearest gene,IFGC phase II p-value,IFGC phase II OR (95% CI),,discovery + meta + combined + replication,International FTD Genomics Consortium + IFGC phase ii + 1000 Genomes (1000G) + ifgc + International Genomics of AD Project + IFGC + IFGC phase i + UK10K + Haplotype Reference Consortium (HRC) + TOPMed + International PD Genetics Consortium,Whole Genome Sequencing (WGS) + GWAS + International Genomics of AD Project (IGAP) + Whole Exome Sequencing (WES) + International Parkinson Disease Genomics Consortium (IPDGC) + Array genotyping,,IFGC + IGAP
4.46e-07,1.34,,,19,45 392 254,T,,Nearest gene,IFGC phase II p-value,Meta-analysis OR (95% CI),,discovery + meta + combined + replication,International FTD Genomics Consortium + IFGC phase ii + 1000 Genomes (1000G) + ifgc + International Genomics of AD Project + IFGC + IFGC phase i + UK10K + Haplotype Reference Consortium (HRC) + TOPMed + International PD Genetics Consortium,Whole Genome Sequencing (WGS) + GWAS + International Genomics of AD Project (IGAP) + Whole Exome Sequencing (WES) + International Parkinson Disease Genomics Consortium (IPDGC) + Array genotyping,,IFGC + IGAP
2.21e-12,1.31,,,19,45 392 254,T,,Nearest gene,Meta-analysis p-value,IFGC phase I OR (95% CI),,discovery + meta + combined + replication,International FTD Genomics Consortium + IFGC phase ii + 1000 Genomes (1000G) + ifgc + International Genomics of AD Project + IFGC + IFGC phase i + UK10K + Haplotype Reference Consortium (HRC) + TOPMed + International PD Genetics Consortium,Whole Genome Sequencing (WGS) + GWAS + International Genomics of AD Project (IGAP) + Whole Exome Sequencing (WES) + International Parkinson Disease Genomics Consortium (IPDGC) + Array genotyping,,IFGC + IGAP
2.21e-12,1.37,,,19,45 392 254,T,,Nearest gene,Meta-analysis p-value,IFGC phase II OR (95% CI),,discovery + meta + combined + replication,International FTD Genomics Consortium + IFGC phase ii + 1000 Genomes (1000G) + ifgc + International Genomics of AD Project + IFGC + IFGC phase i + UK10K + Haplotype Reference Consortium (HRC) + TOPMed + International PD Genetics Consortium,Whole Genome Sequencing (WGS) + GWAS + International Genomics of AD Project (IGAP) + Whole Exome Sequencing (WES) + International Parkinson Disease Genomics Consortium (IPDGC) + Array genotyping,,IFGC + IGAP
2.21e-12,1.34,,,19,45 392 254,T,,Nearest gene,Meta-analysis p-value,Meta-analysis OR (95% CI),,discovery + meta + combined + replication,International FTD Genomics Consortium + IFGC phase ii + 1000 Genomes (1000G) + ifgc + International Genomics of AD Project + IFGC + IFGC phase i + UK10K + Haplotype Reference Consortium (HRC) + TOPMed + International PD Genetics Consortium,Whole Genome Sequencing (WGS) + GWAS + International Genomics of AD Project (IGAP) + Whole Exome Sequencing (WES) + International Parkinson Disease Genomics Consortium (IPDGC) + Array genotyping,,IFGC + IGAP
0.00526,1.18,,,19,45 408 836,T,,Nearest gene,Min Cond FDR,IFGC phase I OR (95% CI),,discovery + meta + combined + replication,International FTD Genomics Consortium + IFGC phase ii + 1000 Genomes (1000G) + ifgc + International Genomics of AD Project + IFGC + IFGC phase i + UK10K + Haplotype Reference Consortium (HRC) + TOPMed + International PD Genetics Consortium,Whole Genome Sequencing (WGS) + GWAS + International Genomics of AD Project (IGAP) + Whole Exome Sequencing (WES) + International Parkinson Disease Genomics Consortium (IPDGC) + Array genotyping,,IFGC + IGAP
0.00526,1.0,,,19,45 408 836,T,,Nearest gene,Min Cond FDR,IFGC phase II OR (95% CI),,discovery + meta + combined + replication,International FTD Genomics Consortium + IFGC phase ii + 1000 Genomes (1000G) + ifgc + International Genomics of AD Project + IFGC + IFGC phase i + UK10K + Haplotype Reference Consortium (HRC) + TOPMed + International PD Genetics Consortium,Whole Genome Sequencing (WGS) + GWAS + International Genomics of AD Project (IGAP) + Whole Exome Sequencing (WES) + International Parkinson Disease Genomics Consortium (IPDGC) + Array genotyping,,IFGC + IGAP
0.00526,1.15,,,19,45 408 836,T,,Nearest gene,Min Cond FDR,Meta-analysis OR (95% CI),,discovery + meta + combined + replication,International FTD Genomics Consortium + IFGC phase ii + 1000 Genomes (1000G) + ifgc + International Genomics of AD Project + IFGC + IFGC phase i + UK10K + Haplotype Reference Consortium (HRC) + TOPMed + International PD Genetics Consortium,Whole Genome Sequencing (WGS) + GWAS + International Genomics of AD Project (IGAP) + Whole Exome Sequencing (WES) + International Parkinson Disease Genomics Consortium (IPDGC) + Array genotyping,,IFGC + IGAP
1.25e-05,1.18,,,19,45 408 836,T,,Nearest gene,IFGC phase I p-value,IFGC phase I OR (95% CI),,discovery + meta + combined + replication,International FTD Genomics Consortium + IFGC phase ii + 1000 Genomes (1000G) + ifgc + International Genomics of AD Project + IFGC + IFGC phase i + UK10K + Haplotype Reference Consortium (HRC) + TOPMed + International PD Genetics Consortium,Whole Genome Sequencing (WGS) + GWAS + International Genomics of AD Project (IGAP) + Whole Exome Sequencing (WES) + International Parkinson Disease Genomics Consortium (IPDGC) + Array genotyping,,IFGC + IGAP
1.25e-05,1.0,,,19,45 408 836,T,,Nearest gene,IFGC phase I p-value,IFGC phase II OR (95% CI),,discovery + meta + combined + replication,International FTD Genomics Consortium + IFGC phase ii + 1000 Genomes (1000G) + ifgc + International Genomics of AD Project + IFGC + IFGC phase i + UK10K + Haplotype Reference Consortium (HRC) + TOPMed + International PD Genetics Consortium,Whole Genome Sequencing (WGS) + GWAS + International Genomics of AD Project (IGAP) + Whole Exome Sequencing (WES) + International Parkinson Disease Genomics Consortium (IPDGC) + Array genotyping,,IFGC + IGAP
1.25e-05,1.15,,,19,45 408 836,T,,Nearest gene,IFGC phase I p-value,Meta-analysis OR (95% CI),,discovery + meta + combined + replication,International FTD Genomics Consortium + IFGC phase ii + 1000 Genomes (1000G) + ifgc + International Genomics of AD Project + IFGC + IFGC phase i + UK10K + Haplotype Reference Consortium (HRC) + TOPMed + International PD Genetics Consortium,Whole Genome Sequencing (WGS) + GWAS + International Genomics of AD Project (IGAP) + Whole Exome Sequencing (WES) + International Parkinson Disease Genomics Consortium (IPDGC) + Array genotyping,,IFGC + IGAP
0.93,1.18,,,19,45 408 836,T,,Nearest gene,IFGC phase II p-value,IFGC phase I OR (95% CI),,discovery + meta + combined + replication,International FTD Genomics Consortium + IFGC phase ii + 1000 Genomes (1000G) + ifgc + International Genomics of AD Project + IFGC + IFGC phase i + UK10K + Haplotype Reference Consortium (HRC) + TOPMed + International PD Genetics Consortium,Whole Genome Sequencing (WGS) + GWAS + International Genomics of AD Project (IGAP) + Whole Exome Sequencing (WES) + International Parkinson Disease Genomics Consortium (IPDGC) + Array genotyping,,IFGC + IGAP
0.93,1.0,,,19,45 408 836,T,,Nearest gene,IFGC phase II p-value,IFGC phase II OR (95% CI),,discovery + meta + combined + replication,International FTD Genomics Consortium + IFGC phase ii + 1000 Genomes (1000G) + ifgc + International Genomics of AD Project + IFGC + IFGC phase i + UK10K + Haplotype Reference Consortium (HRC) + TOPMed + International PD Genetics Consortium,Whole Genome Sequencing (WGS) + GWAS + International Genomics of AD Project (IGAP) + Whole Exome Sequencing (WES) + International Parkinson Disease Genomics Consortium (IPDGC) + Array genotyping,,IFGC + IGAP
0.93,1.15,,,19,45 408 836,T,,Nearest gene,IFGC phase II p-value,Meta-analysis OR (95% CI),,discovery + meta + combined + replication,International FTD Genomics Consortium + IFGC phase ii + 1000 Genomes (1000G) + ifgc + International Genomics of AD Project + IFGC + IFGC phase i + UK10K + Haplotype Reference Consortium (HRC) + TOPMed + International PD Genetics Consortium,Whole Genome Sequencing (WGS) + GWAS + International Genomics of AD Project (IGAP) + Whole Exome Sequencing (WES) + International Parkinson Disease Genomics Consortium (IPDGC) + Array genotyping,,IFGC + IGAP
5.98e-05,1.18,,,19,45 408 836,T,,Nearest gene,Meta-analysis p-value,IFGC phase I OR (95% CI),,discovery + meta + combined + replication,International FTD Genomics Consortium + IFGC phase ii + 1000 Genomes (1000G) + ifgc + International Genomics of AD Project + IFGC + IFGC phase i + UK10K + Haplotype Reference Consortium (HRC) + TOPMed + International PD Genetics Consortium,Whole Genome Sequencing (WGS) + GWAS + International Genomics of AD Project (IGAP) + Whole Exome Sequencing (WES) + International Parkinson Disease Genomics Consortium (IPDGC) + Array genotyping,,IFGC + IGAP
5.98e-05,1.0,,,19,45 408 836,T,,Nearest gene,Meta-analysis p-value,IFGC phase II OR (95% CI),,discovery + meta + combined + replication,International FTD Genomics Consortium + IFGC phase ii + 1000 Genomes (1000G) + ifgc + International Genomics of AD Project + IFGC + IFGC phase i + UK10K + Haplotype Reference Consortium (HRC) + TOPMed + International PD Genetics Consortium,Whole Genome Sequencing (WGS) + GWAS + International Genomics of AD Project (IGAP) + Whole Exome Sequencing (WES) + International Parkinson Disease Genomics Consortium (IPDGC) + Array genotyping,,IFGC + IGAP
5.98e-05,1.15,,,19,45 408 836,T,,Nearest gene,Meta-analysis p-value,Meta-analysis OR (95% CI),,discovery + meta + combined + replication,International FTD Genomics Consortium + IFGC phase ii + 1000 Genomes (1000G) + ifgc + International Genomics of AD Project + IFGC + IFGC phase i + UK10K + Haplotype Reference Consortium (HRC) + TOPMed + International PD Genetics Consortium,Whole Genome Sequencing (WGS) + GWAS + International Genomics of AD Project (IGAP) + Whole Exome Sequencing (WES) + International Parkinson Disease Genomics Consortium (IPDGC) + Array genotyping,,IFGC + IGAP
0.0484,,,rs7664889,4,77 087 704,,,SNP ,Min Conj FDR,,,discovery + meta + combined + replication,International FTD Genomics Consortium + IFGC phase ii + 1000 Genomes (1000G) + ifgc + International Genomics of AD Project + IFGC + IFGC phase i + UK10K + Haplotype Reference Consortium (HRC) + TOPMed + International PD Genetics Consortium,Whole Genome Sequencing (WGS) + GWAS + International Genomics of AD Project (IGAP) + Whole Exome Sequencing (WES) + International Parkinson Disease Genomics Consortium (IPDGC) + Array genotyping,,IFGC + IGAP
0.000175,,,rs7664889,4,77 087 704,,,SNP ,FTD p-value,,,discovery + meta + combined + replication,International FTD Genomics Consortium + IFGC phase ii + 1000 Genomes (1000G) + ifgc + International Genomics of AD Project + IFGC + IFGC phase i + UK10K + Haplotype Reference Consortium (HRC) + TOPMed + International PD Genetics Consortium,Whole Genome Sequencing (WGS) + GWAS + International Genomics of AD Project (IGAP) + Whole Exome Sequencing (WES) + International Parkinson Disease Genomics Consortium (IPDGC) + Array genotyping,,IFGC + IGAP
0.000888,,,rs7664889,4,77 087 704,,,SNP ,Associated phenotype p-value,,,discovery + meta + combined + replication,International FTD Genomics Consortium + IFGC phase ii + 1000 Genomes (1000G) + ifgc + International Genomics of AD Project + IFGC + IFGC phase i + UK10K + Haplotype Reference Consortium (HRC) + TOPMed + International PD Genetics Consortium,Whole Genome Sequencing (WGS) + GWAS + International Genomics of AD Project (IGAP) + Whole Exome Sequencing (WES) + International Parkinson Disease Genomics Consortium (IPDGC) + Array genotyping,,IFGC + IGAP
0.0484,,,rs9268877,6,32 431 147,,,SNP ,Min Conj FDR,,,discovery + meta + combined + replication,International FTD Genomics Consortium + IFGC phase ii + 1000 Genomes (1000G) + ifgc + International Genomics of AD Project + IFGC + IFGC phase i + UK10K + Haplotype Reference Consortium (HRC) + TOPMed + International PD Genetics Consortium,Whole Genome Sequencing (WGS) + GWAS + International Genomics of AD Project (IGAP) + Whole Exome Sequencing (WES) + International Parkinson Disease Genomics Consortium (IPDGC) + Array genotyping,,IFGC + IGAP
1.04e-10,,,rs9268877,6,32 431 147,,,SNP ,FTD p-value,,,discovery + meta + combined + replication,International FTD Genomics Consortium + IFGC phase ii + 1000 Genomes (1000G) + ifgc + International Genomics of AD Project + IFGC + IFGC phase i + UK10K + Haplotype Reference Consortium (HRC) + TOPMed + International PD Genetics Consortium,Whole Genome Sequencing (WGS) + GWAS + International Genomics of AD Project (IGAP) + Whole Exome Sequencing (WES) + International Parkinson Disease Genomics Consortium (IPDGC) + Array genotyping,,IFGC + IGAP
0.000741,,,rs9268877,6,32 431 147,,,SNP ,Associated phenotype p-value,,,discovery + meta + combined + replication,International FTD Genomics Consortium + IFGC phase ii + 1000 Genomes (1000G) + ifgc + International Genomics of AD Project + IFGC + IFGC phase i + UK10K + Haplotype Reference Consortium (HRC) + TOPMed + International PD Genetics Consortium,Whole Genome Sequencing (WGS) + GWAS + International Genomics of AD Project (IGAP) + Whole Exome Sequencing (WES) + International Parkinson Disease Genomics Consortium (IPDGC) + Array genotyping,,IFGC + IGAP
0.0427,,,rs676768,10,116 030 773,,,SNP ,Min Conj FDR,,,discovery + meta + combined + replication,International FTD Genomics Consortium + IFGC phase ii + 1000 Genomes (1000G) + ifgc + International Genomics of AD Project + IFGC + IFGC phase i + UK10K + Haplotype Reference Consortium (HRC) + TOPMed + International PD Genetics Consortium,Whole Genome Sequencing (WGS) + GWAS + International Genomics of AD Project (IGAP) + Whole Exome Sequencing (WES) + International Parkinson Disease Genomics Consortium (IPDGC) + Array genotyping,,IFGC + IGAP
0.000312,,,rs676768,10,116 030 773,,,SNP ,FTD p-value,,,discovery + meta + combined + replication,International FTD Genomics Consortium + IFGC phase ii + 1000 Genomes (1000G) + ifgc + International Genomics of AD Project + IFGC + IFGC phase i + UK10K + Haplotype Reference Consortium (HRC) + TOPMed + International PD Genetics Consortium,Whole Genome Sequencing (WGS) + GWAS + International Genomics of AD Project (IGAP) + Whole Exome Sequencing (WES) + International Parkinson Disease Genomics Consortium (IPDGC) + Array genotyping,,IFGC + IGAP
0.000614,,,rs676768,10,116 030 773,,,SNP ,Associated phenotype p-value,,,discovery + meta + combined + replication,International FTD Genomics Consortium + IFGC phase ii + 1000 Genomes (1000G) + ifgc + International Genomics of AD Project + IFGC + IFGC phase i + UK10K + Haplotype Reference Consortium (HRC) + TOPMed + International PD Genetics Consortium,Whole Genome Sequencing (WGS) + GWAS + International Genomics of AD Project (IGAP) + Whole Exome Sequencing (WES) + International Parkinson Disease Genomics Consortium (IPDGC) + Array genotyping,,IFGC + IGAP
0.0326,,,rs10784359,12,40 445 750,,,SNP ,Min Conj FDR,,,discovery + meta + combined + replication,International FTD Genomics Consortium + IFGC phase ii + 1000 Genomes (1000G) + ifgc + International Genomics of AD Project + IFGC + IFGC phase i + UK10K + Haplotype Reference Consortium (HRC) + TOPMed + International PD Genetics Consortium,Whole Genome Sequencing (WGS) + GWAS + International Genomics of AD Project (IGAP) + Whole Exome Sequencing (WES) + International Parkinson Disease Genomics Consortium (IPDGC) + Array genotyping,,IFGC + IGAP
0.000158,,,rs10784359,12,40 445 750,,,SNP ,FTD p-value,,,discovery + meta + combined + replication,International FTD Genomics Consortium + IFGC phase ii + 1000 Genomes (1000G) + ifgc + International Genomics of AD Project + IFGC + IFGC phase i + UK10K + Haplotype Reference Consortium (HRC) + TOPMed + International PD Genetics Consortium,Whole Genome Sequencing (WGS) + GWAS + International Genomics of AD Project (IGAP) + Whole Exome Sequencing (WES) + International Parkinson Disease Genomics Consortium (IPDGC) + Array genotyping,,IFGC + IGAP
7.47e-05,,,rs10784359,12,40 445 750,,,SNP ,Associated phenotype p-value,,,discovery + meta + combined + replication,International FTD Genomics Consortium + IFGC phase ii + 1000 Genomes (1000G) + ifgc + International Genomics of AD Project + IFGC + IFGC phase i + UK10K + Haplotype Reference Consortium (HRC) + TOPMed + International PD Genetics Consortium,Whole Genome Sequencing (WGS) + GWAS + International Genomics of AD Project (IGAP) + Whole Exome Sequencing (WES) + International Parkinson Disease Genomics Consortium (IPDGC) + Array genotyping,,IFGC + IGAP
0.0355,,,rs2893253,13,107 067 203,,,SNP ,Min Conj FDR,,,discovery + meta + combined + replication,International FTD Genomics Consortium + IFGC phase ii + 1000 Genomes (1000G) + ifgc + International Genomics of AD Project + IFGC + IFGC phase i + UK10K + Haplotype Reference Consortium (HRC) + TOPMed + International PD Genetics Consortium,Whole Genome Sequencing (WGS) + GWAS + International Genomics of AD Project (IGAP) + Whole Exome Sequencing (WES) + International Parkinson Disease Genomics Consortium (IPDGC) + Array genotyping,,IFGC + IGAP
0.000202,,,rs2893253,13,107 067 203,,,SNP ,FTD p-value,,,discovery + meta + combined + replication,International FTD Genomics Consortium + IFGC phase ii + 1000 Genomes (1000G) + ifgc + International Genomics of AD Project + IFGC + IFGC phase i + UK10K + Haplotype Reference Consortium (HRC) + TOPMed + International PD Genetics Consortium,Whole Genome Sequencing (WGS) + GWAS + International Genomics of AD Project (IGAP) + Whole Exome Sequencing (WES) + International Parkinson Disease Genomics Consortium (IPDGC) + Array genotyping,,IFGC + IGAP
0.000111,,,rs2893253,13,107 067 203,,,SNP ,Associated phenotype p-value,,,discovery + meta + combined + replication,International FTD Genomics Consortium + IFGC phase ii + 1000 Genomes (1000G) + ifgc + International Genomics of AD Project + IFGC + IFGC phase i + UK10K + Haplotype Reference Consortium (HRC) + TOPMed + International PD Genetics Consortium,Whole Genome Sequencing (WGS) + GWAS + International Genomics of AD Project (IGAP) + Whole Exome Sequencing (WES) + International Parkinson Disease Genomics Consortium (IPDGC) + Array genotyping,,IFGC + IGAP
0.018,,,rs199528,17,44 843 136,,,SNP ,Min Conj FDR,,,discovery + meta + combined + replication,International FTD Genomics Consortium + IFGC phase ii + 1000 Genomes (1000G) + ifgc + International Genomics of AD Project + IFGC + IFGC phase i + UK10K + Haplotype Reference Consortium (HRC) + TOPMed + International PD Genetics Consortium,Whole Genome Sequencing (WGS) + GWAS + International Genomics of AD Project (IGAP) + Whole Exome Sequencing (WES) + International Parkinson Disease Genomics Consortium (IPDGC) + Array genotyping,,IFGC + IGAP
4.09e-05,,,rs199528,17,44 843 136,,,SNP ,FTD p-value,,,discovery + meta + combined + replication,International FTD Genomics Consortium + IFGC phase ii + 1000 Genomes (1000G) + ifgc + International Genomics of AD Project + IFGC + IFGC phase i + UK10K + Haplotype Reference Consortium (HRC) + TOPMed + International PD Genetics Consortium,Whole Genome Sequencing (WGS) + GWAS + International Genomics of AD Project (IGAP) + Whole Exome Sequencing (WES) + International Parkinson Disease Genomics Consortium (IPDGC) + Array genotyping,,IFGC + IGAP
1e-15,,,rs199528,17,44 843 136,,,SNP ,Associated phenotype p-value,,,discovery + meta + combined + replication,International FTD Genomics Consortium + IFGC phase ii + 1000 Genomes (1000G) + ifgc + International Genomics of AD Project + IFGC + IFGC phase i + UK10K + Haplotype Reference Consortium (HRC) + TOPMed + International PD Genetics Consortium,Whole Genome Sequencing (WGS) + GWAS + International Genomics of AD Project (IGAP) + Whole Exome Sequencing (WES) + International Parkinson Disease Genomics Consortium (IPDGC) + Array genotyping,,IFGC + IGAP
0.0202,,,rs1358071,17,43 803 189,,,SNP ,Min Conj FDR,,,discovery + meta + combined + replication,International FTD Genomics Consortium + IFGC phase ii + 1000 Genomes (1000G) + ifgc + International Genomics of AD Project + IFGC + IFGC phase i + UK10K + Haplotype Reference Consortium (HRC) + TOPMed + International PD Genetics Consortium,Whole Genome Sequencing (WGS) + GWAS + International Genomics of AD Project (IGAP) + Whole Exome Sequencing (WES) + International Parkinson Disease Genomics Consortium (IPDGC) + Array genotyping,,IFGC + IGAP
4.96e-05,,,rs1358071,17,43 803 189,,,SNP ,FTD p-value,,,discovery + meta + combined + replication,International FTD Genomics Consortium + IFGC phase ii + 1000 Genomes (1000G) + ifgc + International Genomics of AD Project + IFGC + IFGC phase i + UK10K + Haplotype Reference Consortium (HRC) + TOPMed + International PD Genetics Consortium,Whole Genome Sequencing (WGS) + GWAS + International Genomics of AD Project (IGAP) + Whole Exome Sequencing (WES) + International Parkinson Disease Genomics Consortium (IPDGC) + Array genotyping,,IFGC + IGAP
8e-15,,,rs1358071,17,43 803 189,,,SNP ,Associated phenotype p-value,,,discovery + meta + combined + replication,International FTD Genomics Consortium + IFGC phase ii + 1000 Genomes (1000G) + ifgc + International Genomics of AD Project + IFGC + IFGC phase i + UK10K + Haplotype Reference Consortium (HRC) + TOPMed + International PD Genetics Consortium,Whole Genome Sequencing (WGS) + GWAS + International Genomics of AD Project (IGAP) + Whole Exome Sequencing (WES) + International Parkinson Disease Genomics Consortium (IPDGC) + Array genotyping,,IFGC + IGAP
0.0273,,,rs12964543,18,56 543 095,,,SNP ,Min Conj FDR,,,discovery + meta + combined + replication,International FTD Genomics Consortium + IFGC phase ii + 1000 Genomes (1000G) + ifgc + International Genomics of AD Project + IFGC + IFGC phase i + UK10K + Haplotype Reference Consortium (HRC) + TOPMed + International PD Genetics Consortium,Whole Genome Sequencing (WGS) + GWAS + International Genomics of AD Project (IGAP) + Whole Exome Sequencing (WES) + International Parkinson Disease Genomics Consortium (IPDGC) + Array genotyping,,IFGC + IGAP
0.000112,,,rs12964543,18,56 543 095,,,SNP ,FTD p-value,,,discovery + meta + combined + replication,International FTD Genomics Consortium + IFGC phase ii + 1000 Genomes (1000G) + ifgc + International Genomics of AD Project + IFGC + IFGC phase i + UK10K + Haplotype Reference Consortium (HRC) + TOPMed + International PD Genetics Consortium,Whole Genome Sequencing (WGS) + GWAS + International Genomics of AD Project (IGAP) + Whole Exome Sequencing (WES) + International Parkinson Disease Genomics Consortium (IPDGC) + Array genotyping,,IFGC + IGAP
0.000308,,,rs12964543,18,56 543 095,,,SNP ,Associated phenotype p-value,,,discovery + meta + combined + replication,International FTD Genomics Consortium + IFGC phase ii + 1000 Genomes (1000G) + ifgc + International Genomics of AD Project + IFGC + IFGC phase i + UK10K + Haplotype Reference Consortium (HRC) + TOPMed + International PD Genetics Consortium,Whole Genome Sequencing (WGS) + GWAS + International Genomics of AD Project (IGAP) + Whole Exome Sequencing (WES) + International Parkinson Disease Genomics Consortium (IPDGC) + Array genotyping,,IFGC + IGAP
0.00522,,,rs405509,19,45 408 836,,,SNP ,Min Conj FDR,,,discovery + meta + combined + replication,International FTD Genomics Consortium + IFGC phase ii + 1000 Genomes (1000G) + ifgc + International Genomics of AD Project + IFGC + IFGC phase i + UK10K + Haplotype Reference Consortium (HRC) + TOPMed + International PD Genetics Consortium,Whole Genome Sequencing (WGS) + GWAS + International Genomics of AD Project (IGAP) + Whole Exome Sequencing (WES) + International Parkinson Disease Genomics Consortium (IPDGC) + Array genotyping,,IFGC + IGAP
1.25e-05,,,rs405509,19,45 408 836,,,SNP ,FTD p-value,,,discovery + meta + combined + replication,International FTD Genomics Consortium + IFGC phase ii + 1000 Genomes (1000G) + ifgc + International Genomics of AD Project + IFGC + IFGC phase i + UK10K + Haplotype Reference Consortium (HRC) + TOPMed + International PD Genetics Consortium,Whole Genome Sequencing (WGS) + GWAS + International Genomics of AD Project (IGAP) + Whole Exome Sequencing (WES) + International Parkinson Disease Genomics Consortium (IPDGC) + Array genotyping,,IFGC + IGAP
0.0,,,rs405509,19,45 408 836,,,SNP ,Associated phenotype p-value,,,discovery + meta + combined + replication,International FTD Genomics Consortium + IFGC phase ii + 1000 Genomes (1000G) + ifgc + International Genomics of AD Project + IFGC + IFGC phase i + UK10K + Haplotype Reference Consortium (HRC) + TOPMed + International PD Genetics Consortium,Whole Genome Sequencing (WGS) + GWAS + International Genomics of AD Project (IGAP) + Whole Exome Sequencing (WES) + International Parkinson Disease Genomics Consortium (IPDGC) + Array genotyping,,IFGC + IGAP
0.0484,,,,4,77 087 704,,,Location; nearest gene,Min Conj FDR,,,discovery + meta + combined + replication,International FTD Genomics Consortium + IFGC phase ii + 1000 Genomes (1000G) + ifgc + International Genomics of AD Project + IFGC + IFGC phase i + UK10K + Haplotype Reference Consortium (HRC) + TOPMed + International PD Genetics Consortium,Whole Genome Sequencing (WGS) + GWAS + International Genomics of AD Project (IGAP) + Whole Exome Sequencing (WES) + International Parkinson Disease Genomics Consortium (IPDGC) + Array genotyping,,IFGC + IGAP
0.000175,,,,4,77 087 704,,,Location; nearest gene,FTD p-value,,,discovery + meta + combined + replication,International FTD Genomics Consortium + IFGC phase ii + 1000 Genomes (1000G) + ifgc + International Genomics of AD Project + IFGC + IFGC phase i + UK10K + Haplotype Reference Consortium (HRC) + TOPMed + International PD Genetics Consortium,Whole Genome Sequencing (WGS) + GWAS + International Genomics of AD Project (IGAP) + Whole Exome Sequencing (WES) + International Parkinson Disease Genomics Consortium (IPDGC) + Array genotyping,,IFGC + IGAP
0.000888,,,,4,77 087 704,,,Location; nearest gene,Associated phenotype p-value,,,discovery + meta + combined + replication,International FTD Genomics Consortium + IFGC phase ii + 1000 Genomes (1000G) + ifgc + International Genomics of AD Project + IFGC + IFGC phase i + UK10K + Haplotype Reference Consortium (HRC) + TOPMed + International PD Genetics Consortium,Whole Genome Sequencing (WGS) + GWAS + International Genomics of AD Project (IGAP) + Whole Exome Sequencing (WES) + International Parkinson Disease Genomics Consortium (IPDGC) + Array genotyping,,IFGC + IGAP
0.0484,,,,6,32 431 147,,,Location; nearest gene,Min Conj FDR,,,discovery + meta + combined + replication,International FTD Genomics Consortium + IFGC phase ii + 1000 Genomes (1000G) + ifgc + International Genomics of AD Project + IFGC + IFGC phase i + UK10K + Haplotype Reference Consortium (HRC) + TOPMed + International PD Genetics Consortium,Whole Genome Sequencing (WGS) + GWAS + International Genomics of AD Project (IGAP) + Whole Exome Sequencing (WES) + International Parkinson Disease Genomics Consortium (IPDGC) + Array genotyping,,IFGC + IGAP
1.04e-10,,,,6,32 431 147,,,Location; nearest gene,FTD p-value,,,discovery + meta + combined + replication,International FTD Genomics Consortium + IFGC phase ii + 1000 Genomes (1000G) + ifgc + International Genomics of AD Project + IFGC + IFGC phase i + UK10K + Haplotype Reference Consortium (HRC) + TOPMed + International PD Genetics Consortium,Whole Genome Sequencing (WGS) + GWAS + International Genomics of AD Project (IGAP) + Whole Exome Sequencing (WES) + International Parkinson Disease Genomics Consortium (IPDGC) + Array genotyping,,IFGC + IGAP
0.000741,,,,6,32 431 147,,,Location; nearest gene,Associated phenotype p-value,,,discovery + meta + combined + replication,International FTD Genomics Consortium + IFGC phase ii + 1000 Genomes (1000G) + ifgc + International Genomics of AD Project + IFGC + IFGC phase i + UK10K + Haplotype Reference Consortium (HRC) + TOPMed + International PD Genetics Consortium,Whole Genome Sequencing (WGS) + GWAS + International Genomics of AD Project (IGAP) + Whole Exome Sequencing (WES) + International Parkinson Disease Genomics Consortium (IPDGC) + Array genotyping,,IFGC + IGAP
0.0427,,,,10,116 030 773,,,Location; nearest gene,Min Conj FDR,,,discovery + meta + combined + replication,International FTD Genomics Consortium + IFGC phase ii + 1000 Genomes (1000G) + ifgc + International Genomics of AD Project + IFGC + IFGC phase i + UK10K + Haplotype Reference Consortium (HRC) + TOPMed + International PD Genetics Consortium,Whole Genome Sequencing (WGS) + GWAS + International Genomics of AD Project (IGAP) + Whole Exome Sequencing (WES) + International Parkinson Disease Genomics Consortium (IPDGC) + Array genotyping,,IFGC + IGAP
0.000312,,,,10,116 030 773,,,Location; nearest gene,FTD p-value,,,discovery + meta + combined + replication,International FTD Genomics Consortium + IFGC phase ii + 1000 Genomes (1000G) + ifgc + International Genomics of AD Project + IFGC + IFGC phase i + UK10K + Haplotype Reference Consortium (HRC) + TOPMed + International PD Genetics Consortium,Whole Genome Sequencing (WGS) + GWAS + International Genomics of AD Project (IGAP) + Whole Exome Sequencing (WES) + International Parkinson Disease Genomics Consortium (IPDGC) + Array genotyping,,IFGC + IGAP
0.000614,,,,10,116 030 773,,,Location; nearest gene,Associated phenotype p-value,,,discovery + meta + combined + replication,International FTD Genomics Consortium + IFGC phase ii + 1000 Genomes (1000G) + ifgc + International Genomics of AD Project + IFGC + IFGC phase i + UK10K + Haplotype Reference Consortium (HRC) + TOPMed + International PD Genetics Consortium,Whole Genome Sequencing (WGS) + GWAS + International Genomics of AD Project (IGAP) + Whole Exome Sequencing (WES) + International Parkinson Disease Genomics Consortium (IPDGC) + Array genotyping,,IFGC + IGAP
0.0326,,,,12,40 445 750,,,Location; nearest gene,Min Conj FDR,,,discovery + meta + combined + replication,International FTD Genomics Consortium + IFGC phase ii + 1000 Genomes (1000G) + ifgc + International Genomics of AD Project + IFGC + IFGC phase i + UK10K + Haplotype Reference Consortium (HRC) + TOPMed + International PD Genetics Consortium,Whole Genome Sequencing (WGS) + GWAS + International Genomics of AD Project (IGAP) + Whole Exome Sequencing (WES) + International Parkinson Disease Genomics Consortium (IPDGC) + Array genotyping,,IFGC + IGAP
0.000158,,,,12,40 445 750,,,Location; nearest gene,FTD p-value,,,discovery + meta + combined + replication,International FTD Genomics Consortium + IFGC phase ii + 1000 Genomes (1000G) + ifgc + International Genomics of AD Project + IFGC + IFGC phase i + UK10K + Haplotype Reference Consortium (HRC) + TOPMed + International PD Genetics Consortium,Whole Genome Sequencing (WGS) + GWAS + International Genomics of AD Project (IGAP) + Whole Exome Sequencing (WES) + International Parkinson Disease Genomics Consortium (IPDGC) + Array genotyping,,IFGC + IGAP
7.47e-05,,,,12,40 445 750,,,Location; nearest gene,Associated phenotype p-value,,,discovery + meta + combined + replication,International FTD Genomics Consortium + IFGC phase ii + 1000 Genomes (1000G) + ifgc + International Genomics of AD Project + IFGC + IFGC phase i + UK10K + Haplotype Reference Consortium (HRC) + TOPMed + International PD Genetics Consortium,Whole Genome Sequencing (WGS) + GWAS + International Genomics of AD Project (IGAP) + Whole Exome Sequencing (WES) + International Parkinson Disease Genomics Consortium (IPDGC) + Array genotyping,,IFGC + IGAP
0.0355,,,,13,107 067 203,,,Location; nearest gene,Min Conj FDR,,,discovery + meta + combined + replication,International FTD Genomics Consortium + IFGC phase ii + 1000 Genomes (1000G) + ifgc + International Genomics of AD Project + IFGC + IFGC phase i + UK10K + Haplotype Reference Consortium (HRC) + TOPMed + International PD Genetics Consortium,Whole Genome Sequencing (WGS) + GWAS + International Genomics of AD Project (IGAP) + Whole Exome Sequencing (WES) + International Parkinson Disease Genomics Consortium (IPDGC) + Array genotyping,,IFGC + IGAP
0.000202,,,,13,107 067 203,,,Location; nearest gene,FTD p-value,,,discovery + meta + combined + replication,International FTD Genomics Consortium + IFGC phase ii + 1000 Genomes (1000G) + ifgc + International Genomics of AD Project + IFGC + IFGC phase i + UK10K + Haplotype Reference Consortium (HRC) + TOPMed + International PD Genetics Consortium,Whole Genome Sequencing (WGS) + GWAS + International Genomics of AD Project (IGAP) + Whole Exome Sequencing (WES) + International Parkinson Disease Genomics Consortium (IPDGC) + Array genotyping,,IFGC + IGAP
0.000111,,,,13,107 067 203,,,Location; nearest gene,Associated phenotype p-value,,,discovery + meta + combined + replication,International FTD Genomics Consortium + IFGC phase ii + 1000 Genomes (1000G) + ifgc + International Genomics of AD Project + IFGC + IFGC phase i + UK10K + Haplotype Reference Consortium (HRC) + TOPMed + International PD Genetics Consortium,Whole Genome Sequencing (WGS) + GWAS + International Genomics of AD Project (IGAP) + Whole Exome Sequencing (WES) + International Parkinson Disease Genomics Consortium (IPDGC) + Array genotyping,,IFGC + IGAP
0.018,,,,17,44 843 136,,,Location; nearest gene,Min Conj FDR,,,discovery + meta + combined + replication,International FTD Genomics Consortium + IFGC phase ii + 1000 Genomes (1000G) + ifgc + International Genomics of AD Project + IFGC + IFGC phase i + UK10K + Haplotype Reference Consortium (HRC) + TOPMed + International PD Genetics Consortium,Whole Genome Sequencing (WGS) + GWAS + International Genomics of AD Project (IGAP) + Whole Exome Sequencing (WES) + International Parkinson Disease Genomics Consortium (IPDGC) + Array genotyping,,IFGC + IGAP
4.09e-05,,,,17,44 843 136,,,Location; nearest gene,FTD p-value,,,discovery + meta + combined + replication,International FTD Genomics Consortium + IFGC phase ii + 1000 Genomes (1000G) + ifgc + International Genomics of AD Project + IFGC + IFGC phase i + UK10K + Haplotype Reference Consortium (HRC) + TOPMed + International PD Genetics Consortium,Whole Genome Sequencing (WGS) + GWAS + International Genomics of AD Project (IGAP) + Whole Exome Sequencing (WES) + International Parkinson Disease Genomics Consortium (IPDGC) + Array genotyping,,IFGC + IGAP
1e-15,,,,17,44 843 136,,,Location; nearest gene,Associated phenotype p-value,,,discovery + meta + combined + replication,International FTD Genomics Consortium + IFGC phase ii + 1000 Genomes (1000G) + ifgc + International Genomics of AD Project + IFGC + IFGC phase i + UK10K + Haplotype Reference Consortium (HRC) + TOPMed + International PD Genetics Consortium,Whole Genome Sequencing (WGS) + GWAS + International Genomics of AD Project (IGAP) + Whole Exome Sequencing (WES) + International Parkinson Disease Genomics Consortium (IPDGC) + Array genotyping,,IFGC + IGAP
0.0202,,,,17,43 803 189,,,Location; nearest gene,Min Conj FDR,,,discovery + meta + combined + replication,International FTD Genomics Consortium + IFGC phase ii + 1000 Genomes (1000G) + ifgc + International Genomics of AD Project + IFGC + IFGC phase i + UK10K + Haplotype Reference Consortium (HRC) + TOPMed + International PD Genetics Consortium,Whole Genome Sequencing (WGS) + GWAS + International Genomics of AD Project (IGAP) + Whole Exome Sequencing (WES) + International Parkinson Disease Genomics Consortium (IPDGC) + Array genotyping,,IFGC + IGAP
4.96e-05,,,,17,43 803 189,,,Location; nearest gene,FTD p-value,,,discovery + meta + combined + replication,International FTD Genomics Consortium + IFGC phase ii + 1000 Genomes (1000G) + ifgc + International Genomics of AD Project + IFGC + IFGC phase i + UK10K + Haplotype Reference Consortium (HRC) + TOPMed + International PD Genetics Consortium,Whole Genome Sequencing (WGS) + GWAS + International Genomics of AD Project (IGAP) + Whole Exome Sequencing (WES) + International Parkinson Disease Genomics Consortium (IPDGC) + Array genotyping,,IFGC + IGAP
8e-15,,,,17,43 803 189,,,Location; nearest gene,Associated phenotype p-value,,,discovery + meta + combined + replication,International FTD Genomics Consortium + IFGC phase ii + 1000 Genomes (1000G) + ifgc + International Genomics of AD Project + IFGC + IFGC phase i + UK10K + Haplotype Reference Consortium (HRC) + TOPMed + International PD Genetics Consortium,Whole Genome Sequencing (WGS) + GWAS + International Genomics of AD Project (IGAP) + Whole Exome Sequencing (WES) + International Parkinson Disease Genomics Consortium (IPDGC) + Array genotyping,,IFGC + IGAP
0.0273,,,,18,56 543 095,,,Location; nearest gene,Min Conj FDR,,,discovery + meta + combined + replication,International FTD Genomics Consortium + IFGC phase ii + 1000 Genomes (1000G) + ifgc + International Genomics of AD Project + IFGC + IFGC phase i + UK10K + Haplotype Reference Consortium (HRC) + TOPMed + International PD Genetics Consortium,Whole Genome Sequencing (WGS) + GWAS + International Genomics of AD Project (IGAP) + Whole Exome Sequencing (WES) + International Parkinson Disease Genomics Consortium (IPDGC) + Array genotyping,,IFGC + IGAP
0.000112,,,,18,56 543 095,,,Location; nearest gene,FTD p-value,,,discovery + meta + combined + replication,International FTD Genomics Consortium + IFGC phase ii + 1000 Genomes (1000G) + ifgc + International Genomics of AD Project + IFGC + IFGC phase i + UK10K + Haplotype Reference Consortium (HRC) + TOPMed + International PD Genetics Consortium,Whole Genome Sequencing (WGS) + GWAS + International Genomics of AD Project (IGAP) + Whole Exome Sequencing (WES) + International Parkinson Disease Genomics Consortium (IPDGC) + Array genotyping,,IFGC + IGAP
0.000308,,,,18,56 543 095,,,Location; nearest gene,Associated phenotype p-value,,,discovery + meta + combined + replication,International FTD Genomics Consortium + IFGC phase ii + 1000 Genomes (1000G) + ifgc + International Genomics of AD Project + IFGC + IFGC phase i + UK10K + Haplotype Reference Consortium (HRC) + TOPMed + International PD Genetics Consortium,Whole Genome Sequencing (WGS) + GWAS + International Genomics of AD Project (IGAP) + Whole Exome Sequencing (WES) + International Parkinson Disease Genomics Consortium (IPDGC) + Array genotyping,,IFGC + IGAP
0.00522,,,,19,45 408 836,,,Location; nearest gene,Min Conj FDR,,,discovery + meta + combined + replication,International FTD Genomics Consortium + IFGC phase ii + 1000 Genomes (1000G) + ifgc + International Genomics of AD Project + IFGC + IFGC phase i + UK10K + Haplotype Reference Consortium (HRC) + TOPMed + International PD Genetics Consortium,Whole Genome Sequencing (WGS) + GWAS + International Genomics of AD Project (IGAP) + Whole Exome Sequencing (WES) + International Parkinson Disease Genomics Consortium (IPDGC) + Array genotyping,,IFGC + IGAP
1.25e-05,,,,19,45 408 836,,,Location; nearest gene,FTD p-value,,,discovery + meta + combined + replication,International FTD Genomics Consortium + IFGC phase ii + 1000 Genomes (1000G) + ifgc + International Genomics of AD Project + IFGC + IFGC phase i + UK10K + Haplotype Reference Consortium (HRC) + TOPMed + International PD Genetics Consortium,Whole Genome Sequencing (WGS) + GWAS + International Genomics of AD Project (IGAP) + Whole Exome Sequencing (WES) + International Parkinson Disease Genomics Consortium (IPDGC) + Array genotyping,,IFGC + IGAP
0.0,,,,19,45 408 836,,,Location; nearest gene,Associated phenotype p-value,,,discovery + meta + combined + replication,International FTD Genomics Consortium + IFGC phase ii + 1000 Genomes (1000G) + ifgc + International Genomics of AD Project + IFGC + IFGC phase i + UK10K + Haplotype Reference Consortium (HRC) + TOPMed + International PD Genetics Consortium,Whole Genome Sequencing (WGS) + GWAS + International Genomics of AD Project (IGAP) + Whole Exome Sequencing (WES) + International Parkinson Disease Genomics Consortium (IPDGC) + Array genotyping,,IFGC + IGAP
0.0484,,,rs7664889,4,77 087 704,,,SNP ,Min Conj FDR,,,discovery + meta + combined + replication,International FTD Genomics Consortium + IFGC phase ii + 1000 Genomes (1000G) + ifgc + International Genomics of AD Project + IFGC + IFGC phase i + UK10K + Haplotype Reference Consortium (HRC) + TOPMed + International PD Genetics Consortium,Whole Genome Sequencing (WGS) + GWAS + International Genomics of AD Project (IGAP) + Whole Exome Sequencing (WES) + International Parkinson Disease Genomics Consortium (IPDGC) + Array genotyping,,IFGC + IGAP
0.000175,,,rs7664889,4,77 087 704,,,SNP ,FTD p-value,,,discovery + meta + combined + replication,International FTD Genomics Consortium + IFGC phase ii + 1000 Genomes (1000G) + ifgc + International Genomics of AD Project + IFGC + IFGC phase i + UK10K + Haplotype Reference Consortium (HRC) + TOPMed + International PD Genetics Consortium,Whole Genome Sequencing (WGS) + GWAS + International Genomics of AD Project (IGAP) + Whole Exome Sequencing (WES) + International Parkinson Disease Genomics Consortium (IPDGC) + Array genotyping,,IFGC + IGAP
0.000888,,,rs7664889,4,77 087 704,,,SNP ,Associated phenotype p-value,,,discovery + meta + combined + replication,International FTD Genomics Consortium + IFGC phase ii + 1000 Genomes (1000G) + ifgc + International Genomics of AD Project + IFGC + IFGC phase i + UK10K + Haplotype Reference Consortium (HRC) + TOPMed + International PD Genetics Consortium,Whole Genome Sequencing (WGS) + GWAS + International Genomics of AD Project (IGAP) + Whole Exome Sequencing (WES) + International Parkinson Disease Genomics Consortium (IPDGC) + Array genotyping,,IFGC + IGAP
0.0484,,,rs9268877,6,32 431 147,,,SNP ,Min Conj FDR,,,discovery + meta + combined + replication,International FTD Genomics Consortium + IFGC phase ii + 1000 Genomes (1000G) + ifgc + International Genomics of AD Project + IFGC + IFGC phase i + UK10K + Haplotype Reference Consortium (HRC) + TOPMed + International PD Genetics Consortium,Whole Genome Sequencing (WGS) + GWAS + International Genomics of AD Project (IGAP) + Whole Exome Sequencing (WES) + International Parkinson Disease Genomics Consortium (IPDGC) + Array genotyping,,IFGC + IGAP
1.04e-10,,,rs9268877,6,32 431 147,,,SNP ,FTD p-value,,,discovery + meta + combined + replication,International FTD Genomics Consortium + IFGC phase ii + 1000 Genomes (1000G) + ifgc + International Genomics of AD Project + IFGC + IFGC phase i + UK10K + Haplotype Reference Consortium (HRC) + TOPMed + International PD Genetics Consortium,Whole Genome Sequencing (WGS) + GWAS + International Genomics of AD Project (IGAP) + Whole Exome Sequencing (WES) + International Parkinson Disease Genomics Consortium (IPDGC) + Array genotyping,,IFGC + IGAP
0.000741,,,rs9268877,6,32 431 147,,,SNP ,Associated phenotype p-value,,,discovery + meta + combined + replication,International FTD Genomics Consortium + IFGC phase ii + 1000 Genomes (1000G) + ifgc + International Genomics of AD Project + IFGC + IFGC phase i + UK10K + Haplotype Reference Consortium (HRC) + TOPMed + International PD Genetics Consortium,Whole Genome Sequencing (WGS) + GWAS + International Genomics of AD Project (IGAP) + Whole Exome Sequencing (WES) + International Parkinson Disease Genomics Consortium (IPDGC) + Array genotyping,,IFGC + IGAP
0.0427,,,rs676768,10,116 030 773,,,SNP ,Min Conj FDR,,,discovery + meta + combined + replication,International FTD Genomics Consortium + IFGC phase ii + 1000 Genomes (1000G) + ifgc + International Genomics of AD Project + IFGC + IFGC phase i + UK10K + Haplotype Reference Consortium (HRC) + TOPMed + International PD Genetics Consortium,Whole Genome Sequencing (WGS) + GWAS + International Genomics of AD Project (IGAP) + Whole Exome Sequencing (WES) + International Parkinson Disease Genomics Consortium (IPDGC) + Array genotyping,,IFGC + IGAP
0.000312,,,rs676768,10,116 030 773,,,SNP ,FTD p-value,,,discovery + meta + combined + replication,International FTD Genomics Consortium + IFGC phase ii + 1000 Genomes (1000G) + ifgc + International Genomics of AD Project + IFGC + IFGC phase i + UK10K + Haplotype Reference Consortium (HRC) + TOPMed + International PD Genetics Consortium,Whole Genome Sequencing (WGS) + GWAS + International Genomics of AD Project (IGAP) + Whole Exome Sequencing (WES) + International Parkinson Disease Genomics Consortium (IPDGC) + Array genotyping,,IFGC + IGAP
0.000614,,,rs676768,10,116 030 773,,,SNP ,Associated phenotype p-value,,,discovery + meta + combined + replication,International FTD Genomics Consortium + IFGC phase ii + 1000 Genomes (1000G) + ifgc + International Genomics of AD Project + IFGC + IFGC phase i + UK10K + Haplotype Reference Consortium (HRC) + TOPMed + International PD Genetics Consortium,Whole Genome Sequencing (WGS) + GWAS + International Genomics of AD Project (IGAP) + Whole Exome Sequencing (WES) + International Parkinson Disease Genomics Consortium (IPDGC) + Array genotyping,,IFGC + IGAP
0.0326,,,rs10784359,12,40 445 750,,,SNP ,Min Conj FDR,,,discovery + meta + combined + replication,International FTD Genomics Consortium + IFGC phase ii + 1000 Genomes (1000G) + ifgc + International Genomics of AD Project + IFGC + IFGC phase i + UK10K + Haplotype Reference Consortium (HRC) + TOPMed + International PD Genetics Consortium,Whole Genome Sequencing (WGS) + GWAS + International Genomics of AD Project (IGAP) + Whole Exome Sequencing (WES) + International Parkinson Disease Genomics Consortium (IPDGC) + Array genotyping,,IFGC + IGAP
0.000158,,,rs10784359,12,40 445 750,,,SNP ,FTD p-value,,,discovery + meta + combined + replication,International FTD Genomics Consortium + IFGC phase ii + 1000 Genomes (1000G) + ifgc + International Genomics of AD Project + IFGC + IFGC phase i + UK10K + Haplotype Reference Consortium (HRC) + TOPMed + International PD Genetics Consortium,Whole Genome Sequencing (WGS) + GWAS + International Genomics of AD Project (IGAP) + Whole Exome Sequencing (WES) + International Parkinson Disease Genomics Consortium (IPDGC) + Array genotyping,,IFGC + IGAP
7.47e-05,,,rs10784359,12,40 445 750,,,SNP ,Associated phenotype p-value,,,discovery + meta + combined + replication,International FTD Genomics Consortium + IFGC phase ii + 1000 Genomes (1000G) + ifgc + International Genomics of AD Project + IFGC + IFGC phase i + UK10K + Haplotype Reference Consortium (HRC) + TOPMed + International PD Genetics Consortium,Whole Genome Sequencing (WGS) + GWAS + International Genomics of AD Project (IGAP) + Whole Exome Sequencing (WES) + International Parkinson Disease Genomics Consortium (IPDGC) + Array genotyping,,IFGC + IGAP
0.0355,,,rs2893253,13,107 067 203,,,SNP ,Min Conj FDR,,,discovery + meta + combined + replication,International FTD Genomics Consortium + IFGC phase ii + 1000 Genomes (1000G) + ifgc + International Genomics of AD Project + IFGC + IFGC phase i + UK10K + Haplotype Reference Consortium (HRC) + TOPMed + International PD Genetics Consortium,Whole Genome Sequencing (WGS) + GWAS + International Genomics of AD Project (IGAP) + Whole Exome Sequencing (WES) + International Parkinson Disease Genomics Consortium (IPDGC) + Array genotyping,,IFGC + IGAP
0.000202,,,rs2893253,13,107 067 203,,,SNP ,FTD p-value,,,discovery + meta + combined + replication,International FTD Genomics Consortium + IFGC phase ii + 1000 Genomes (1000G) + ifgc + International Genomics of AD Project + IFGC + IFGC phase i + UK10K + Haplotype Reference Consortium (HRC) + TOPMed + International PD Genetics Consortium,Whole Genome Sequencing (WGS) + GWAS + International Genomics of AD Project (IGAP) + Whole Exome Sequencing (WES) + International Parkinson Disease Genomics Consortium (IPDGC) + Array genotyping,,IFGC + IGAP
0.000111,,,rs2893253,13,107 067 203,,,SNP ,Associated phenotype p-value,,,discovery + meta + combined + replication,International FTD Genomics Consortium + IFGC phase ii + 1000 Genomes (1000G) + ifgc + International Genomics of AD Project + IFGC + IFGC phase i + UK10K + Haplotype Reference Consortium (HRC) + TOPMed + International PD Genetics Consortium,Whole Genome Sequencing (WGS) + GWAS + International Genomics of AD Project (IGAP) + Whole Exome Sequencing (WES) + International Parkinson Disease Genomics Consortium (IPDGC) + Array genotyping,,IFGC + IGAP
0.018,,,rs199528,17,44 843 136,,,SNP ,Min Conj FDR,,,discovery + meta + combined + replication,International FTD Genomics Consortium + IFGC phase ii + 1000 Genomes (1000G) + ifgc + International Genomics of AD Project + IFGC + IFGC phase i + UK10K + Haplotype Reference Consortium (HRC) + TOPMed + International PD Genetics Consortium,Whole Genome Sequencing (WGS) + GWAS + International Genomics of AD Project (IGAP) + Whole Exome Sequencing (WES) + International Parkinson Disease Genomics Consortium (IPDGC) + Array genotyping,,IFGC + IGAP
4.09e-05,,,rs199528,17,44 843 136,,,SNP ,FTD p-value,,,discovery + meta + combined + replication,International FTD Genomics Consortium + IFGC phase ii + 1000 Genomes (1000G) + ifgc + International Genomics of AD Project + IFGC + IFGC phase i + UK10K + Haplotype Reference Consortium (HRC) + TOPMed + International PD Genetics Consortium,Whole Genome Sequencing (WGS) + GWAS + International Genomics of AD Project (IGAP) + Whole Exome Sequencing (WES) + International Parkinson Disease Genomics Consortium (IPDGC) + Array genotyping,,IFGC + IGAP
1e-15,,,rs199528,17,44 843 136,,,SNP ,Associated phenotype p-value,,,discovery + meta + combined + replication,International FTD Genomics Consortium + IFGC phase ii + 1000 Genomes (1000G) + ifgc + International Genomics of AD Project + IFGC + IFGC phase i + UK10K + Haplotype Reference Consortium (HRC) + TOPMed + International PD Genetics Consortium,Whole Genome Sequencing (WGS) + GWAS + International Genomics of AD Project (IGAP) + Whole Exome Sequencing (WES) + International Parkinson Disease Genomics Consortium (IPDGC) + Array genotyping,,IFGC + IGAP
0.0202,,,rs1358071,17,43 803 189,,,SNP ,Min Conj FDR,,,discovery + meta + combined + replication,International FTD Genomics Consortium + IFGC phase ii + 1000 Genomes (1000G) + ifgc + International Genomics of AD Project + IFGC + IFGC phase i + UK10K + Haplotype Reference Consortium (HRC) + TOPMed + International PD Genetics Consortium,Whole Genome Sequencing (WGS) + GWAS + International Genomics of AD Project (IGAP) + Whole Exome Sequencing (WES) + International Parkinson Disease Genomics Consortium (IPDGC) + Array genotyping,,IFGC + IGAP
4.96e-05,,,rs1358071,17,43 803 189,,,SNP ,FTD p-value,,,discovery + meta + combined + replication,International FTD Genomics Consortium + IFGC phase ii + 1000 Genomes (1000G) + ifgc + International Genomics of AD Project + IFGC + IFGC phase i + UK10K + Haplotype Reference Consortium (HRC) + TOPMed + International PD Genetics Consortium,Whole Genome Sequencing (WGS) + GWAS + International Genomics of AD Project (IGAP) + Whole Exome Sequencing (WES) + International Parkinson Disease Genomics Consortium (IPDGC) + Array genotyping,,IFGC + IGAP
8e-15,,,rs1358071,17,43 803 189,,,SNP ,Associated phenotype p-value,,,discovery + meta + combined + replication,International FTD Genomics Consortium + IFGC phase ii + 1000 Genomes (1000G) + ifgc + International Genomics of AD Project + IFGC + IFGC phase i + UK10K + Haplotype Reference Consortium (HRC) + TOPMed + International PD Genetics Consortium,Whole Genome Sequencing (WGS) + GWAS + International Genomics of AD Project (IGAP) + Whole Exome Sequencing (WES) + International Parkinson Disease Genomics Consortium (IPDGC) + Array genotyping,,IFGC + IGAP
0.0273,,,rs12964543,18,56 543 095,,,SNP ,Min Conj FDR,,,discovery + meta + combined + replication,International FTD Genomics Consortium + IFGC phase ii + 1000 Genomes (1000G) + ifgc + International Genomics of AD Project + IFGC + IFGC phase i + UK10K + Haplotype Reference Consortium (HRC) + TOPMed + International PD Genetics Consortium,Whole Genome Sequencing (WGS) + GWAS + International Genomics of AD Project (IGAP) + Whole Exome Sequencing (WES) + International Parkinson Disease Genomics Consortium (IPDGC) + Array genotyping,,IFGC + IGAP
0.000112,,,rs12964543,18,56 543 095,,,SNP ,FTD p-value,,,discovery + meta + combined + replication,International FTD Genomics Consortium + IFGC phase ii + 1000 Genomes (1000G) + ifgc + International Genomics of AD Project + IFGC + IFGC phase i + UK10K + Haplotype Reference Consortium (HRC) + TOPMed + International PD Genetics Consortium,Whole Genome Sequencing (WGS) + GWAS + International Genomics of AD Project (IGAP) + Whole Exome Sequencing (WES) + International Parkinson Disease Genomics Consortium (IPDGC) + Array genotyping,,IFGC + IGAP
0.000308,,,rs12964543,18,56 543 095,,,SNP ,Associated phenotype p-value,,,discovery + meta + combined + replication,International FTD Genomics Consortium + IFGC phase ii + 1000 Genomes (1000G) + ifgc + International Genomics of AD Project + IFGC + IFGC phase i + UK10K + Haplotype Reference Consortium (HRC) + TOPMed + International PD Genetics Consortium,Whole Genome Sequencing (WGS) + GWAS + International Genomics of AD Project (IGAP) + Whole Exome Sequencing (WES) + International Parkinson Disease Genomics Consortium (IPDGC) + Array genotyping,,IFGC + IGAP
0.00522,,,rs405509,19,45 408 836,,,SNP ,Min Conj FDR,,,discovery + meta + combined + replication,International FTD Genomics Consortium + IFGC phase ii + 1000 Genomes (1000G) + ifgc + International Genomics of AD Project + IFGC + IFGC phase i + UK10K + Haplotype Reference Consortium (HRC) + TOPMed + International PD Genetics Consortium,Whole Genome Sequencing (WGS) + GWAS + International Genomics of AD Project (IGAP) + Whole Exome Sequencing (WES) + International Parkinson Disease Genomics Consortium (IPDGC) + Array genotyping,,IFGC + IGAP
1.25e-05,,,rs405509,19,45 408 836,,,SNP ,FTD p-value,,,discovery + meta + combined + replication,International FTD Genomics Consortium + IFGC phase ii + 1000 Genomes (1000G) + ifgc + International Genomics of AD Project + IFGC + IFGC phase i + UK10K + Haplotype Reference Consortium (HRC) + TOPMed + International PD Genetics Consortium,Whole Genome Sequencing (WGS) + GWAS + International Genomics of AD Project (IGAP) + Whole Exome Sequencing (WES) + International Parkinson Disease Genomics Consortium (IPDGC) + Array genotyping,,IFGC + IGAP
0.0,,,rs405509,19,45 408 836,,,SNP ,Associated phenotype p-value,,,discovery + meta + combined + replication,International FTD Genomics Consortium + IFGC phase ii + 1000 Genomes (1000G) + ifgc + International Genomics of AD Project + IFGC + IFGC phase i + UK10K + Haplotype Reference Consortium (HRC) + TOPMed + International PD Genetics Consortium,Whole Genome Sequencing (WGS) + GWAS + International Genomics of AD Project (IGAP) + Whole Exome Sequencing (WES) + International Parkinson Disease Genomics Consortium (IPDGC) + Array genotyping,,IFGC + IGAP
0.0484,,,,4,77 087 704,,,Location; nearest gene,Min Conj FDR,,,discovery + meta + combined + replication,International FTD Genomics Consortium + IFGC phase ii + 1000 Genomes (1000G) + ifgc + International Genomics of AD Project + IFGC + IFGC phase i + UK10K + Haplotype Reference Consortium (HRC) + TOPMed + International PD Genetics Consortium,Whole Genome Sequencing (WGS) + GWAS + International Genomics of AD Project (IGAP) + Whole Exome Sequencing (WES) + International Parkinson Disease Genomics Consortium (IPDGC) + Array genotyping,,IFGC + IGAP
0.000175,,,,4,77 087 704,,,Location; nearest gene,FTD p-value,,,discovery + meta + combined + replication,International FTD Genomics Consortium + IFGC phase ii + 1000 Genomes (1000G) + ifgc + International Genomics of AD Project + IFGC + IFGC phase i + UK10K + Haplotype Reference Consortium (HRC) + TOPMed + International PD Genetics Consortium,Whole Genome Sequencing (WGS) + GWAS + International Genomics of AD Project (IGAP) + Whole Exome Sequencing (WES) + International Parkinson Disease Genomics Consortium (IPDGC) + Array genotyping,,IFGC + IGAP
0.000888,,,,4,77 087 704,,,Location; nearest gene,Associated phenotype p-value,,,discovery + meta + combined + replication,International FTD Genomics Consortium + IFGC phase ii + 1000 Genomes (1000G) + ifgc + International Genomics of AD Project + IFGC + IFGC phase i + UK10K + Haplotype Reference Consortium (HRC) + TOPMed + International PD Genetics Consortium,Whole Genome Sequencing (WGS) + GWAS + International Genomics of AD Project (IGAP) + Whole Exome Sequencing (WES) + International Parkinson Disease Genomics Consortium (IPDGC) + Array genotyping,,IFGC + IGAP
0.0484,,,,6,32 431 147,,,Location; nearest gene,Min Conj FDR,,,discovery + meta + combined + replication,International FTD Genomics Consortium + IFGC phase ii + 1000 Genomes (1000G) + ifgc + International Genomics of AD Project + IFGC + IFGC phase i + UK10K + Haplotype Reference Consortium (HRC) + TOPMed + International PD Genetics Consortium,Whole Genome Sequencing (WGS) + GWAS + International Genomics of AD Project (IGAP) + Whole Exome Sequencing (WES) + International Parkinson Disease Genomics Consortium (IPDGC) + Array genotyping,,IFGC + IGAP
1.04e-10,,,,6,32 431 147,,,Location; nearest gene,FTD p-value,,,discovery + meta + combined + replication,International FTD Genomics Consortium + IFGC phase ii + 1000 Genomes (1000G) + ifgc + International Genomics of AD Project + IFGC + IFGC phase i + UK10K + Haplotype Reference Consortium (HRC) + TOPMed + International PD Genetics Consortium,Whole Genome Sequencing (WGS) + GWAS + International Genomics of AD Project (IGAP) + Whole Exome Sequencing (WES) + International Parkinson Disease Genomics Consortium (IPDGC) + Array genotyping,,IFGC + IGAP
0.000741,,,,6,32 431 147,,,Location; nearest gene,Associated phenotype p-value,,,discovery + meta + combined + replication,International FTD Genomics Consortium + IFGC phase ii + 1000 Genomes (1000G) + ifgc + International Genomics of AD Project + IFGC + IFGC phase i + UK10K + Haplotype Reference Consortium (HRC) + TOPMed + International PD Genetics Consortium,Whole Genome Sequencing (WGS) + GWAS + International Genomics of AD Project (IGAP) + Whole Exome Sequencing (WES) + International Parkinson Disease Genomics Consortium (IPDGC) + Array genotyping,,IFGC + IGAP
0.0427,,,,10,116 030 773,,,Location; nearest gene,Min Conj FDR,,,discovery + meta + combined + replication,International FTD Genomics Consortium + IFGC phase ii + 1000 Genomes (1000G) + ifgc + International Genomics of AD Project + IFGC + IFGC phase i + UK10K + Haplotype Reference Consortium (HRC) + TOPMed + International PD Genetics Consortium,Whole Genome Sequencing (WGS) + GWAS + International Genomics of AD Project (IGAP) + Whole Exome Sequencing (WES) + International Parkinson Disease Genomics Consortium (IPDGC) + Array genotyping,,IFGC + IGAP
0.000312,,,,10,116 030 773,,,Location; nearest gene,FTD p-value,,,discovery + meta + combined + replication,International FTD Genomics Consortium + IFGC phase ii + 1000 Genomes (1000G) + ifgc + International Genomics of AD Project + IFGC + IFGC phase i + UK10K + Haplotype Reference Consortium (HRC) + TOPMed + International PD Genetics Consortium,Whole Genome Sequencing (WGS) + GWAS + International Genomics of AD Project (IGAP) + Whole Exome Sequencing (WES) + International Parkinson Disease Genomics Consortium (IPDGC) + Array genotyping,,IFGC + IGAP
0.000614,,,,10,116 030 773,,,Location; nearest gene,Associated phenotype p-value,,,discovery + meta + combined + replication,International FTD Genomics Consortium + IFGC phase ii + 1000 Genomes (1000G) + ifgc + International Genomics of AD Project + IFGC + IFGC phase i + UK10K + Haplotype Reference Consortium (HRC) + TOPMed + International PD Genetics Consortium,Whole Genome Sequencing (WGS) + GWAS + International Genomics of AD Project (IGAP) + Whole Exome Sequencing (WES) + International Parkinson Disease Genomics Consortium (IPDGC) + Array genotyping,,IFGC + IGAP
0.0326,,,,12,40 445 750,,,Location; nearest gene,Min Conj FDR,,,discovery + meta + combined + replication,International FTD Genomics Consortium + IFGC phase ii + 1000 Genomes (1000G) + ifgc + International Genomics of AD Project + IFGC + IFGC phase i + UK10K + Haplotype Reference Consortium (HRC) + TOPMed + International PD Genetics Consortium,Whole Genome Sequencing (WGS) + GWAS + International Genomics of AD Project (IGAP) + Whole Exome Sequencing (WES) + International Parkinson Disease Genomics Consortium (IPDGC) + Array genotyping,,IFGC + IGAP
0.000158,,,,12,40 445 750,,,Location; nearest gene,FTD p-value,,,discovery + meta + combined + replication,International FTD Genomics Consortium + IFGC phase ii + 1000 Genomes (1000G) + ifgc + International Genomics of AD Project + IFGC + IFGC phase i + UK10K + Haplotype Reference Consortium (HRC) + TOPMed + International PD Genetics Consortium,Whole Genome Sequencing (WGS) + GWAS + International Genomics of AD Project (IGAP) + Whole Exome Sequencing (WES) + International Parkinson Disease Genomics Consortium (IPDGC) + Array genotyping,,IFGC + IGAP
7.47e-05,,,,12,40 445 750,,,Location; nearest gene,Associated phenotype p-value,,,discovery + meta + combined + replication,International FTD Genomics Consortium + IFGC phase ii + 1000 Genomes (1000G) + ifgc + International Genomics of AD Project + IFGC + IFGC phase i + UK10K + Haplotype Reference Consortium (HRC) + TOPMed + International PD Genetics Consortium,Whole Genome Sequencing (WGS) + GWAS + International Genomics of AD Project (IGAP) + Whole Exome Sequencing (WES) + International Parkinson Disease Genomics Consortium (IPDGC) + Array genotyping,,IFGC + IGAP
0.0355,,,,13,107 067 203,,,Location; nearest gene,Min Conj FDR,,,discovery + meta + combined + replication,International FTD Genomics Consortium + IFGC phase ii + 1000 Genomes (1000G) + ifgc + International Genomics of AD Project + IFGC + IFGC phase i + UK10K + Haplotype Reference Consortium (HRC) + TOPMed + International PD Genetics Consortium,Whole Genome Sequencing (WGS) + GWAS + International Genomics of AD Project (IGAP) + Whole Exome Sequencing (WES) + International Parkinson Disease Genomics Consortium (IPDGC) + Array genotyping,,IFGC + IGAP
0.000202,,,,13,107 067 203,,,Location; nearest gene,FTD p-value,,,discovery + meta + combined + replication,International FTD Genomics Consortium + IFGC phase ii + 1000 Genomes (1000G) + ifgc + International Genomics of AD Project + IFGC + IFGC phase i + UK10K + Haplotype Reference Consortium (HRC) + TOPMed + International PD Genetics Consortium,Whole Genome Sequencing (WGS) + GWAS + International Genomics of AD Project (IGAP) + Whole Exome Sequencing (WES) + International Parkinson Disease Genomics Consortium (IPDGC) + Array genotyping,,IFGC + IGAP
0.000111,,,,13,107 067 203,,,Location; nearest gene,Associated phenotype p-value,,,discovery + meta + combined + replication,International FTD Genomics Consortium + IFGC phase ii + 1000 Genomes (1000G) + ifgc + International Genomics of AD Project + IFGC + IFGC phase i + UK10K + Haplotype Reference Consortium (HRC) + TOPMed + International PD Genetics Consortium,Whole Genome Sequencing (WGS) + GWAS + International Genomics of AD Project (IGAP) + Whole Exome Sequencing (WES) + International Parkinson Disease Genomics Consortium (IPDGC) + Array genotyping,,IFGC + IGAP
0.018,,,,17,44 843 136,,,Location; nearest gene,Min Conj FDR,,,discovery + meta + combined + replication,International FTD Genomics Consortium + IFGC phase ii + 1000 Genomes (1000G) + ifgc + International Genomics of AD Project + IFGC + IFGC phase i + UK10K + Haplotype Reference Consortium (HRC) + TOPMed + International PD Genetics Consortium,Whole Genome Sequencing (WGS) + GWAS + International Genomics of AD Project (IGAP) + Whole Exome Sequencing (WES) + International Parkinson Disease Genomics Consortium (IPDGC) + Array genotyping,,IFGC + IGAP
4.09e-05,,,,17,44 843 136,,,Location; nearest gene,FTD p-value,,,discovery + meta + combined + replication,International FTD Genomics Consortium + IFGC phase ii + 1000 Genomes (1000G) + ifgc + International Genomics of AD Project + IFGC + IFGC phase i + UK10K + Haplotype Reference Consortium (HRC) + TOPMed + International PD Genetics Consortium,Whole Genome Sequencing (WGS) + GWAS + International Genomics of AD Project (IGAP) + Whole Exome Sequencing (WES) + International Parkinson Disease Genomics Consortium (IPDGC) + Array genotyping,,IFGC + IGAP
1e-15,,,,17,44 843 136,,,Location; nearest gene,Associated phenotype p-value,,,discovery + meta + combined + replication,International FTD Genomics Consortium + IFGC phase ii + 1000 Genomes (1000G) + ifgc + International Genomics of AD Project + IFGC + IFGC phase i + UK10K + Haplotype Reference Consortium (HRC) + TOPMed + International PD Genetics Consortium,Whole Genome Sequencing (WGS) + GWAS + International Genomics of AD Project (IGAP) + Whole Exome Sequencing (WES) + International Parkinson Disease Genomics Consortium (IPDGC) + Array genotyping,,IFGC + IGAP
0.0202,,,,17,43 803 189,,,Location; nearest gene,Min Conj FDR,,,discovery + meta + combined + replication,International FTD Genomics Consortium + IFGC phase ii + 1000 Genomes (1000G) + ifgc + International Genomics of AD Project + IFGC + IFGC phase i + UK10K + Haplotype Reference Consortium (HRC) + TOPMed + International PD Genetics Consortium,Whole Genome Sequencing (WGS) + GWAS + International Genomics of AD Project (IGAP) + Whole Exome Sequencing (WES) + International Parkinson Disease Genomics Consortium (IPDGC) + Array genotyping,,IFGC + IGAP
4.96e-05,,,,17,43 803 189,,,Location; nearest gene,FTD p-value,,,discovery + meta + combined + replication,International FTD Genomics Consortium + IFGC phase ii + 1000 Genomes (1000G) + ifgc + International Genomics of AD Project + IFGC + IFGC phase i + UK10K + Haplotype Reference Consortium (HRC) + TOPMed + International PD Genetics Consortium,Whole Genome Sequencing (WGS) + GWAS + International Genomics of AD Project (IGAP) + Whole Exome Sequencing (WES) + International Parkinson Disease Genomics Consortium (IPDGC) + Array genotyping,,IFGC + IGAP
8e-15,,,,17,43 803 189,,,Location; nearest gene,Associated phenotype p-value,,,discovery + meta + combined + replication,International FTD Genomics Consortium + IFGC phase ii + 1000 Genomes (1000G) + ifgc + International Genomics of AD Project + IFGC + IFGC phase i + UK10K + Haplotype Reference Consortium (HRC) + TOPMed + International PD Genetics Consortium,Whole Genome Sequencing (WGS) + GWAS + International Genomics of AD Project (IGAP) + Whole Exome Sequencing (WES) + International Parkinson Disease Genomics Consortium (IPDGC) + Array genotyping,,IFGC + IGAP
0.0273,,,,18,56 543 095,,,Location; nearest gene,Min Conj FDR,,,discovery + meta + combined + replication,International FTD Genomics Consortium + IFGC phase ii + 1000 Genomes (1000G) + ifgc + International Genomics of AD Project + IFGC + IFGC phase i + UK10K + Haplotype Reference Consortium (HRC) + TOPMed + International PD Genetics Consortium,Whole Genome Sequencing (WGS) + GWAS + International Genomics of AD Project (IGAP) + Whole Exome Sequencing (WES) + International Parkinson Disease Genomics Consortium (IPDGC) + Array genotyping,,IFGC + IGAP
0.000112,,,,18,56 543 095,,,Location; nearest gene,FTD p-value,,,discovery + meta + combined + replication,International FTD Genomics Consortium + IFGC phase ii + 1000 Genomes (1000G) + ifgc + International Genomics of AD Project + IFGC + IFGC phase i + UK10K + Haplotype Reference Consortium (HRC) + TOPMed + International PD Genetics Consortium,Whole Genome Sequencing (WGS) + GWAS + International Genomics of AD Project (IGAP) + Whole Exome Sequencing (WES) + International Parkinson Disease Genomics Consortium (IPDGC) + Array genotyping,,IFGC + IGAP
0.000308,,,,18,56 543 095,,,Location; nearest gene,Associated phenotype p-value,,,discovery + meta + combined + replication,International FTD Genomics Consortium + IFGC phase ii + 1000 Genomes (1000G) + ifgc + International Genomics of AD Project + IFGC + IFGC phase i + UK10K + Haplotype Reference Consortium (HRC) + TOPMed + International PD Genetics Consortium,Whole Genome Sequencing (WGS) + GWAS + International Genomics of AD Project (IGAP) + Whole Exome Sequencing (WES) + International Parkinson Disease Genomics Consortium (IPDGC) + Array genotyping,,IFGC + IGAP
0.00522,,,,19,45 408 836,,,Location; nearest gene,Min Conj FDR,,,discovery + meta + combined + replication,International FTD Genomics Consortium + IFGC phase ii + 1000 Genomes (1000G) + ifgc + International Genomics of AD Project + IFGC + IFGC phase i + UK10K + Haplotype Reference Consortium (HRC) + TOPMed + International PD Genetics Consortium,Whole Genome Sequencing (WGS) + GWAS + International Genomics of AD Project (IGAP) + Whole Exome Sequencing (WES) + International Parkinson Disease Genomics Consortium (IPDGC) + Array genotyping,,IFGC + IGAP
1.25e-05,,,,19,45 408 836,,,Location; nearest gene,FTD p-value,,,discovery + meta + combined + replication,International FTD Genomics Consortium + IFGC phase ii + 1000 Genomes (1000G) + ifgc + International Genomics of AD Project + IFGC + IFGC phase i + UK10K + Haplotype Reference Consortium (HRC) + TOPMed + International PD Genetics Consortium,Whole Genome Sequencing (WGS) + GWAS + International Genomics of AD Project (IGAP) + Whole Exome Sequencing (WES) + International Parkinson Disease Genomics Consortium (IPDGC) + Array genotyping,,IFGC + IGAP
0.0,,,,19,45 408 836,,,Location; nearest gene,Associated phenotype p-value,,,discovery + meta + combined + replication,International FTD Genomics Consortium + IFGC phase ii + 1000 Genomes (1000G) + ifgc + International Genomics of AD Project + IFGC + IFGC phase i + UK10K + Haplotype Reference Consortium (HRC) + TOPMed + International PD Genetics Consortium,Whole Genome Sequencing (WGS) + GWAS + International Genomics of AD Project (IGAP) + Whole Exome Sequencing (WES) + International Parkinson Disease Genomics Consortium (IPDGC) + Array genotyping,,IFGC + IGAP
