P-value,Effect,AF,SNP,Chr,Position,RA1,RA2,SNP notes,Effect notes,P-value notes,Population,Stage,Imputation,Study type,Phenotype,Cohort
2.08e-08,0.059,0.042,,,,,,HGVS.,CSFA β 42.Beta (SE),CSFA β 42.P,eas + aa + eur,meta-analysis + meta-analyses,impute2 v2.3.2 + shapeit v2.790 + 1000 genomes project,genotyping + imputation,blood pressure + bmi + type 2 diabetes + ldl cholesterol + alzheimers disease,rm + jqt + rcp + vm-yl + jlh + am + ag + biocard + vmvd + mr + pldj + hz + adrc + jk + afdn + ro + adgc + erp + ma + lm + map-v + jcm + laf + kb + ajs + lms + adni + sk + gl
0.594,0.059,0.042,,,,,,HGVS.,CSFA β 42.Beta (SE),CSF ptau 181.P,eas + aa + eur,meta-analysis + meta-analyses,impute2 v2.3.2 + shapeit v2.790 + 1000 genomes project,genotyping + imputation,blood pressure + bmi + type 2 diabetes + ldl cholesterol + alzheimers disease,rm + jqt + rcp + vm-yl + jlh + am + ag + biocard + vmvd + mr + pldj + hz + adrc + jk + afdn + ro + adgc + erp + ma + lm + map-v + jcm + laf + kb + ajs + lms + adni + sk + gl
0.472,0.059,0.042,,,,,,HGVS.,CSFA β 42.Beta (SE),CSF tau.P,eas + aa + eur,meta-analysis + meta-analyses,impute2 v2.3.2 + shapeit v2.790 + 1000 genomes project,genotyping + imputation,blood pressure + bmi + type 2 diabetes + ldl cholesterol + alzheimers disease,rm + jqt + rcp + vm-yl + jlh + am + ag + biocard + vmvd + mr + pldj + hz + adrc + jk + afdn + ro + adgc + erp + ma + lm + map-v + jcm + laf + kb + ajs + lms + adni + sk + gl
2.08e-08,0.008,0.042,,,,,,HGVS.,CSF ptau 181.Beta (SE),CSFA β 42.P,eas + aa + eur,meta-analysis + meta-analyses,impute2 v2.3.2 + shapeit v2.790 + 1000 genomes project,genotyping + imputation,blood pressure + bmi + type 2 diabetes + ldl cholesterol + alzheimers disease,rm + jqt + rcp + vm-yl + jlh + am + ag + biocard + vmvd + mr + pldj + hz + adrc + jk + afdn + ro + adgc + erp + ma + lm + map-v + jcm + laf + kb + ajs + lms + adni + sk + gl
0.594,0.008,0.042,,,,,,HGVS.,CSF ptau 181.Beta (SE),CSF ptau 181.P,eas + aa + eur,meta-analysis + meta-analyses,impute2 v2.3.2 + shapeit v2.790 + 1000 genomes project,genotyping + imputation,blood pressure + bmi + type 2 diabetes + ldl cholesterol + alzheimers disease,rm + jqt + rcp + vm-yl + jlh + am + ag + biocard + vmvd + mr + pldj + hz + adrc + jk + afdn + ro + adgc + erp + ma + lm + map-v + jcm + laf + kb + ajs + lms + adni + sk + gl
0.472,0.008,0.042,,,,,,HGVS.,CSF ptau 181.Beta (SE),CSF tau.P,eas + aa + eur,meta-analysis + meta-analyses,impute2 v2.3.2 + shapeit v2.790 + 1000 genomes project,genotyping + imputation,blood pressure + bmi + type 2 diabetes + ldl cholesterol + alzheimers disease,rm + jqt + rcp + vm-yl + jlh + am + ag + biocard + vmvd + mr + pldj + hz + adrc + jk + afdn + ro + adgc + erp + ma + lm + map-v + jcm + laf + kb + ajs + lms + adni + sk + gl
2.08e-08,0.011,0.042,,,,,,HGVS.,CSF tau.Beta (SE),CSFA β 42.P,eas + aa + eur,meta-analysis + meta-analyses,impute2 v2.3.2 + shapeit v2.790 + 1000 genomes project,genotyping + imputation,blood pressure + bmi + type 2 diabetes + ldl cholesterol + alzheimers disease,rm + jqt + rcp + vm-yl + jlh + am + ag + biocard + vmvd + mr + pldj + hz + adrc + jk + afdn + ro + adgc + erp + ma + lm + map-v + jcm + laf + kb + ajs + lms + adni + sk + gl
0.594,0.011,0.042,,,,,,HGVS.,CSF tau.Beta (SE),CSF ptau 181.P,eas + aa + eur,meta-analysis + meta-analyses,impute2 v2.3.2 + shapeit v2.790 + 1000 genomes project,genotyping + imputation,blood pressure + bmi + type 2 diabetes + ldl cholesterol + alzheimers disease,rm + jqt + rcp + vm-yl + jlh + am + ag + biocard + vmvd + mr + pldj + hz + adrc + jk + afdn + ro + adgc + erp + ma + lm + map-v + jcm + laf + kb + ajs + lms + adni + sk + gl
0.472,0.011,0.042,,,,,,HGVS.,CSF tau.Beta (SE),CSF tau.P,eas + aa + eur,meta-analysis + meta-analyses,impute2 v2.3.2 + shapeit v2.790 + 1000 genomes project,genotyping + imputation,blood pressure + bmi + type 2 diabetes + ldl cholesterol + alzheimers disease,rm + jqt + rcp + vm-yl + jlh + am + ag + biocard + vmvd + mr + pldj + hz + adrc + jk + afdn + ro + adgc + erp + ma + lm + map-v + jcm + laf + kb + ajs + lms + adni + sk + gl
1.76e-08,0.025,0.302,,,,,,HGVS.,CSFA β 42.Beta (SE),CSFA β 42.P,eas + aa + eur,meta-analysis + meta-analyses,impute2 v2.3.2 + shapeit v2.790 + 1000 genomes project,genotyping + imputation,blood pressure + bmi + type 2 diabetes + ldl cholesterol + alzheimers disease,rm + jqt + rcp + vm-yl + jlh + am + ag + biocard + vmvd + mr + pldj + hz + adrc + jk + afdn + ro + adgc + erp + ma + lm + map-v + jcm + laf + kb + ajs + lms + adni + sk + gl
0.22,0.025,0.302,,,,,,HGVS.,CSFA β 42.Beta (SE),CSF ptau 181.P,eas + aa + eur,meta-analysis + meta-analyses,impute2 v2.3.2 + shapeit v2.790 + 1000 genomes project,genotyping + imputation,blood pressure + bmi + type 2 diabetes + ldl cholesterol + alzheimers disease,rm + jqt + rcp + vm-yl + jlh + am + ag + biocard + vmvd + mr + pldj + hz + adrc + jk + afdn + ro + adgc + erp + ma + lm + map-v + jcm + laf + kb + ajs + lms + adni + sk + gl
0.00919,0.025,0.302,,,,,,HGVS.,CSFA β 42.Beta (SE),CSF tau.P,eas + aa + eur,meta-analysis + meta-analyses,impute2 v2.3.2 + shapeit v2.790 + 1000 genomes project,genotyping + imputation,blood pressure + bmi + type 2 diabetes + ldl cholesterol + alzheimers disease,rm + jqt + rcp + vm-yl + jlh + am + ag + biocard + vmvd + mr + pldj + hz + adrc + jk + afdn + ro + adgc + erp + ma + lm + map-v + jcm + laf + kb + ajs + lms + adni + sk + gl
1.76e-08,0.007,0.302,,,,,,HGVS.,CSF ptau 181.Beta (SE),CSFA β 42.P,eas + aa + eur,meta-analysis + meta-analyses,impute2 v2.3.2 + shapeit v2.790 + 1000 genomes project,genotyping + imputation,blood pressure + bmi + type 2 diabetes + ldl cholesterol + alzheimers disease,rm + jqt + rcp + vm-yl + jlh + am + ag + biocard + vmvd + mr + pldj + hz + adrc + jk + afdn + ro + adgc + erp + ma + lm + map-v + jcm + laf + kb + ajs + lms + adni + sk + gl
0.22,0.007,0.302,,,,,,HGVS.,CSF ptau 181.Beta (SE),CSF ptau 181.P,eas + aa + eur,meta-analysis + meta-analyses,impute2 v2.3.2 + shapeit v2.790 + 1000 genomes project,genotyping + imputation,blood pressure + bmi + type 2 diabetes + ldl cholesterol + alzheimers disease,rm + jqt + rcp + vm-yl + jlh + am + ag + biocard + vmvd + mr + pldj + hz + adrc + jk + afdn + ro + adgc + erp + ma + lm + map-v + jcm + laf + kb + ajs + lms + adni + sk + gl
0.00919,0.007,0.302,,,,,,HGVS.,CSF ptau 181.Beta (SE),CSF tau.P,eas + aa + eur,meta-analysis + meta-analyses,impute2 v2.3.2 + shapeit v2.790 + 1000 genomes project,genotyping + imputation,blood pressure + bmi + type 2 diabetes + ldl cholesterol + alzheimers disease,rm + jqt + rcp + vm-yl + jlh + am + ag + biocard + vmvd + mr + pldj + hz + adrc + jk + afdn + ro + adgc + erp + ma + lm + map-v + jcm + laf + kb + ajs + lms + adni + sk + gl
1.76e-08,0.016,0.302,,,,,,HGVS.,CSF tau.Beta (SE),CSFA β 42.P,eas + aa + eur,meta-analysis + meta-analyses,impute2 v2.3.2 + shapeit v2.790 + 1000 genomes project,genotyping + imputation,blood pressure + bmi + type 2 diabetes + ldl cholesterol + alzheimers disease,rm + jqt + rcp + vm-yl + jlh + am + ag + biocard + vmvd + mr + pldj + hz + adrc + jk + afdn + ro + adgc + erp + ma + lm + map-v + jcm + laf + kb + ajs + lms + adni + sk + gl
0.22,0.016,0.302,,,,,,HGVS.,CSF tau.Beta (SE),CSF ptau 181.P,eas + aa + eur,meta-analysis + meta-analyses,impute2 v2.3.2 + shapeit v2.790 + 1000 genomes project,genotyping + imputation,blood pressure + bmi + type 2 diabetes + ldl cholesterol + alzheimers disease,rm + jqt + rcp + vm-yl + jlh + am + ag + biocard + vmvd + mr + pldj + hz + adrc + jk + afdn + ro + adgc + erp + ma + lm + map-v + jcm + laf + kb + ajs + lms + adni + sk + gl
0.00919,0.016,0.302,,,,,,HGVS.,CSF tau.Beta (SE),CSF tau.P,eas + aa + eur,meta-analysis + meta-analyses,impute2 v2.3.2 + shapeit v2.790 + 1000 genomes project,genotyping + imputation,blood pressure + bmi + type 2 diabetes + ldl cholesterol + alzheimers disease,rm + jqt + rcp + vm-yl + jlh + am + ag + biocard + vmvd + mr + pldj + hz + adrc + jk + afdn + ro + adgc + erp + ma + lm + map-v + jcm + laf + kb + ajs + lms + adni + sk + gl
0.0424,0.016,0.069,,,,,,HGVS.,CSFA β 42.Beta (SE),CSFA β 42.P,eas + aa + eur,meta-analysis + meta-analyses,impute2 v2.3.2 + shapeit v2.790 + 1000 genomes project,genotyping + imputation,blood pressure + bmi + type 2 diabetes + ldl cholesterol + alzheimers disease,rm + jqt + rcp + vm-yl + jlh + am + ag + biocard + vmvd + mr + pldj + hz + adrc + jk + afdn + ro + adgc + erp + ma + lm + map-v + jcm + laf + kb + ajs + lms + adni + sk + gl
5.95e-09,0.016,0.069,,,,,,HGVS.,CSFA β 42.Beta (SE),CSF ptau 181.P,eas + aa + eur,meta-analysis + meta-analyses,impute2 v2.3.2 + shapeit v2.790 + 1000 genomes project,genotyping + imputation,blood pressure + bmi + type 2 diabetes + ldl cholesterol + alzheimers disease,rm + jqt + rcp + vm-yl + jlh + am + ag + biocard + vmvd + mr + pldj + hz + adrc + jk + afdn + ro + adgc + erp + ma + lm + map-v + jcm + laf + kb + ajs + lms + adni + sk + gl
1.1e-05,0.016,0.069,,,,,,HGVS.,CSFA β 42.Beta (SE),CSF tau.P,eas + aa + eur,meta-analysis + meta-analyses,impute2 v2.3.2 + shapeit v2.790 + 1000 genomes project,genotyping + imputation,blood pressure + bmi + type 2 diabetes + ldl cholesterol + alzheimers disease,rm + jqt + rcp + vm-yl + jlh + am + ag + biocard + vmvd + mr + pldj + hz + adrc + jk + afdn + ro + adgc + erp + ma + lm + map-v + jcm + laf + kb + ajs + lms + adni + sk + gl
0.0424,0.061,0.069,,,,,,HGVS.,CSF ptau 181.Beta (SE),CSFA β 42.P,eas + aa + eur,meta-analysis + meta-analyses,impute2 v2.3.2 + shapeit v2.790 + 1000 genomes project,genotyping + imputation,blood pressure + bmi + type 2 diabetes + ldl cholesterol + alzheimers disease,rm + jqt + rcp + vm-yl + jlh + am + ag + biocard + vmvd + mr + pldj + hz + adrc + jk + afdn + ro + adgc + erp + ma + lm + map-v + jcm + laf + kb + ajs + lms + adni + sk + gl
5.95e-09,0.061,0.069,,,,,,HGVS.,CSF ptau 181.Beta (SE),CSF ptau 181.P,eas + aa + eur,meta-analysis + meta-analyses,impute2 v2.3.2 + shapeit v2.790 + 1000 genomes project,genotyping + imputation,blood pressure + bmi + type 2 diabetes + ldl cholesterol + alzheimers disease,rm + jqt + rcp + vm-yl + jlh + am + ag + biocard + vmvd + mr + pldj + hz + adrc + jk + afdn + ro + adgc + erp + ma + lm + map-v + jcm + laf + kb + ajs + lms + adni + sk + gl
1.1e-05,0.061,0.069,,,,,,HGVS.,CSF ptau 181.Beta (SE),CSF tau.P,eas + aa + eur,meta-analysis + meta-analyses,impute2 v2.3.2 + shapeit v2.790 + 1000 genomes project,genotyping + imputation,blood pressure + bmi + type 2 diabetes + ldl cholesterol + alzheimers disease,rm + jqt + rcp + vm-yl + jlh + am + ag + biocard + vmvd + mr + pldj + hz + adrc + jk + afdn + ro + adgc + erp + ma + lm + map-v + jcm + laf + kb + ajs + lms + adni + sk + gl
0.0424,0.05,0.069,,,,,,HGVS.,CSF tau.Beta (SE),CSFA β 42.P,eas + aa + eur,meta-analysis + meta-analyses,impute2 v2.3.2 + shapeit v2.790 + 1000 genomes project,genotyping + imputation,blood pressure + bmi + type 2 diabetes + ldl cholesterol + alzheimers disease,rm + jqt + rcp + vm-yl + jlh + am + ag + biocard + vmvd + mr + pldj + hz + adrc + jk + afdn + ro + adgc + erp + ma + lm + map-v + jcm + laf + kb + ajs + lms + adni + sk + gl
5.95e-09,0.05,0.069,,,,,,HGVS.,CSF tau.Beta (SE),CSF ptau 181.P,eas + aa + eur,meta-analysis + meta-analyses,impute2 v2.3.2 + shapeit v2.790 + 1000 genomes project,genotyping + imputation,blood pressure + bmi + type 2 diabetes + ldl cholesterol + alzheimers disease,rm + jqt + rcp + vm-yl + jlh + am + ag + biocard + vmvd + mr + pldj + hz + adrc + jk + afdn + ro + adgc + erp + ma + lm + map-v + jcm + laf + kb + ajs + lms + adni + sk + gl
1.1e-05,0.05,0.069,,,,,,HGVS.,CSF tau.Beta (SE),CSF tau.P,eas + aa + eur,meta-analysis + meta-analyses,impute2 v2.3.2 + shapeit v2.790 + 1000 genomes project,genotyping + imputation,blood pressure + bmi + type 2 diabetes + ldl cholesterol + alzheimers disease,rm + jqt + rcp + vm-yl + jlh + am + ag + biocard + vmvd + mr + pldj + hz + adrc + jk + afdn + ro + adgc + erp + ma + lm + map-v + jcm + laf + kb + ajs + lms + adni + sk + gl
0.0113,0.016,0.155,,,,,,HGVS.,CSFA β 42.Beta (SE),CSFA β 42.P,eas + aa + eur,meta-analysis + meta-analyses,impute2 v2.3.2 + shapeit v2.790 + 1000 genomes project,genotyping + imputation,blood pressure + bmi + type 2 diabetes + ldl cholesterol + alzheimers disease,rm + jqt + rcp + vm-yl + jlh + am + ag + biocard + vmvd + mr + pldj + hz + adrc + jk + afdn + ro + adgc + erp + ma + lm + map-v + jcm + laf + kb + ajs + lms + adni + sk + gl
5.12e-10,0.016,0.155,,,,,,HGVS.,CSFA β 42.Beta (SE),CSF ptau 181.P,eas + aa + eur,meta-analysis + meta-analyses,impute2 v2.3.2 + shapeit v2.790 + 1000 genomes project,genotyping + imputation,blood pressure + bmi + type 2 diabetes + ldl cholesterol + alzheimers disease,rm + jqt + rcp + vm-yl + jlh + am + ag + biocard + vmvd + mr + pldj + hz + adrc + jk + afdn + ro + adgc + erp + ma + lm + map-v + jcm + laf + kb + ajs + lms + adni + sk + gl
1.37e-05,0.016,0.155,,,,,,HGVS.,CSFA β 42.Beta (SE),CSF tau.P,eas + aa + eur,meta-analysis + meta-analyses,impute2 v2.3.2 + shapeit v2.790 + 1000 genomes project,genotyping + imputation,blood pressure + bmi + type 2 diabetes + ldl cholesterol + alzheimers disease,rm + jqt + rcp + vm-yl + jlh + am + ag + biocard + vmvd + mr + pldj + hz + adrc + jk + afdn + ro + adgc + erp + ma + lm + map-v + jcm + laf + kb + ajs + lms + adni + sk + gl
0.0113,0.05,0.155,,,,,,HGVS.,CSF ptau 181.Beta (SE),CSFA β 42.P,eas + aa + eur,meta-analysis + meta-analyses,impute2 v2.3.2 + shapeit v2.790 + 1000 genomes project,genotyping + imputation,blood pressure + bmi + type 2 diabetes + ldl cholesterol + alzheimers disease,rm + jqt + rcp + vm-yl + jlh + am + ag + biocard + vmvd + mr + pldj + hz + adrc + jk + afdn + ro + adgc + erp + ma + lm + map-v + jcm + laf + kb + ajs + lms + adni + sk + gl
5.12e-10,0.05,0.155,,,,,,HGVS.,CSF ptau 181.Beta (SE),CSF ptau 181.P,eas + aa + eur,meta-analysis + meta-analyses,impute2 v2.3.2 + shapeit v2.790 + 1000 genomes project,genotyping + imputation,blood pressure + bmi + type 2 diabetes + ldl cholesterol + alzheimers disease,rm + jqt + rcp + vm-yl + jlh + am + ag + biocard + vmvd + mr + pldj + hz + adrc + jk + afdn + ro + adgc + erp + ma + lm + map-v + jcm + laf + kb + ajs + lms + adni + sk + gl
1.37e-05,0.05,0.155,,,,,,HGVS.,CSF ptau 181.Beta (SE),CSF tau.P,eas + aa + eur,meta-analysis + meta-analyses,impute2 v2.3.2 + shapeit v2.790 + 1000 genomes project,genotyping + imputation,blood pressure + bmi + type 2 diabetes + ldl cholesterol + alzheimers disease,rm + jqt + rcp + vm-yl + jlh + am + ag + biocard + vmvd + mr + pldj + hz + adrc + jk + afdn + ro + adgc + erp + ma + lm + map-v + jcm + laf + kb + ajs + lms + adni + sk + gl
0.0113,0.038,0.155,,,,,,HGVS.,CSF tau.Beta (SE),CSFA β 42.P,eas + aa + eur,meta-analysis + meta-analyses,impute2 v2.3.2 + shapeit v2.790 + 1000 genomes project,genotyping + imputation,blood pressure + bmi + type 2 diabetes + ldl cholesterol + alzheimers disease,rm + jqt + rcp + vm-yl + jlh + am + ag + biocard + vmvd + mr + pldj + hz + adrc + jk + afdn + ro + adgc + erp + ma + lm + map-v + jcm + laf + kb + ajs + lms + adni + sk + gl
5.12e-10,0.038,0.155,,,,,,HGVS.,CSF tau.Beta (SE),CSF ptau 181.P,eas + aa + eur,meta-analysis + meta-analyses,impute2 v2.3.2 + shapeit v2.790 + 1000 genomes project,genotyping + imputation,blood pressure + bmi + type 2 diabetes + ldl cholesterol + alzheimers disease,rm + jqt + rcp + vm-yl + jlh + am + ag + biocard + vmvd + mr + pldj + hz + adrc + jk + afdn + ro + adgc + erp + ma + lm + map-v + jcm + laf + kb + ajs + lms + adni + sk + gl
1.37e-05,0.038,0.155,,,,,,HGVS.,CSF tau.Beta (SE),CSF tau.P,eas + aa + eur,meta-analysis + meta-analyses,impute2 v2.3.2 + shapeit v2.790 + 1000 genomes project,genotyping + imputation,blood pressure + bmi + type 2 diabetes + ldl cholesterol + alzheimers disease,rm + jqt + rcp + vm-yl + jlh + am + ag + biocard + vmvd + mr + pldj + hz + adrc + jk + afdn + ro + adgc + erp + ma + lm + map-v + jcm + laf + kb + ajs + lms + adni + sk + gl
0.0113,0.016,0.155,,,,,,HGVS.,CSFA β 42.Beta (SE),CSFA β 42.P,eas + aa + eur,meta-analysis + meta-analyses,impute2 v2.3.2 + shapeit v2.790 + 1000 genomes project,genotyping + imputation,blood pressure + bmi + type 2 diabetes + ldl cholesterol + alzheimers disease,rm + jqt + rcp + vm-yl + jlh + am + ag + biocard + vmvd + mr + pldj + hz + adrc + jk + afdn + ro + adgc + erp + ma + lm + map-v + jcm + laf + kb + ajs + lms + adni + sk + gl
5.12e-10,0.016,0.155,,,,,,HGVS.,CSFA β 42.Beta (SE),CSF ptau 181.P,eas + aa + eur,meta-analysis + meta-analyses,impute2 v2.3.2 + shapeit v2.790 + 1000 genomes project,genotyping + imputation,blood pressure + bmi + type 2 diabetes + ldl cholesterol + alzheimers disease,rm + jqt + rcp + vm-yl + jlh + am + ag + biocard + vmvd + mr + pldj + hz + adrc + jk + afdn + ro + adgc + erp + ma + lm + map-v + jcm + laf + kb + ajs + lms + adni + sk + gl
1.37e-05,0.016,0.155,,,,,,HGVS.,CSFA β 42.Beta (SE),CSF tau.P,eas + aa + eur,meta-analysis + meta-analyses,impute2 v2.3.2 + shapeit v2.790 + 1000 genomes project,genotyping + imputation,blood pressure + bmi + type 2 diabetes + ldl cholesterol + alzheimers disease,rm + jqt + rcp + vm-yl + jlh + am + ag + biocard + vmvd + mr + pldj + hz + adrc + jk + afdn + ro + adgc + erp + ma + lm + map-v + jcm + laf + kb + ajs + lms + adni + sk + gl
0.0113,0.05,0.155,,,,,,HGVS.,CSF ptau 181.Beta (SE),CSFA β 42.P,eas + aa + eur,meta-analysis + meta-analyses,impute2 v2.3.2 + shapeit v2.790 + 1000 genomes project,genotyping + imputation,blood pressure + bmi + type 2 diabetes + ldl cholesterol + alzheimers disease,rm + jqt + rcp + vm-yl + jlh + am + ag + biocard + vmvd + mr + pldj + hz + adrc + jk + afdn + ro + adgc + erp + ma + lm + map-v + jcm + laf + kb + ajs + lms + adni + sk + gl
5.12e-10,0.05,0.155,,,,,,HGVS.,CSF ptau 181.Beta (SE),CSF ptau 181.P,eas + aa + eur,meta-analysis + meta-analyses,impute2 v2.3.2 + shapeit v2.790 + 1000 genomes project,genotyping + imputation,blood pressure + bmi + type 2 diabetes + ldl cholesterol + alzheimers disease,rm + jqt + rcp + vm-yl + jlh + am + ag + biocard + vmvd + mr + pldj + hz + adrc + jk + afdn + ro + adgc + erp + ma + lm + map-v + jcm + laf + kb + ajs + lms + adni + sk + gl
1.37e-05,0.05,0.155,,,,,,HGVS.,CSF ptau 181.Beta (SE),CSF tau.P,eas + aa + eur,meta-analysis + meta-analyses,impute2 v2.3.2 + shapeit v2.790 + 1000 genomes project,genotyping + imputation,blood pressure + bmi + type 2 diabetes + ldl cholesterol + alzheimers disease,rm + jqt + rcp + vm-yl + jlh + am + ag + biocard + vmvd + mr + pldj + hz + adrc + jk + afdn + ro + adgc + erp + ma + lm + map-v + jcm + laf + kb + ajs + lms + adni + sk + gl
0.0113,0.038,0.155,,,,,,HGVS.,CSF tau.Beta (SE),CSFA β 42.P,eas + aa + eur,meta-analysis + meta-analyses,impute2 v2.3.2 + shapeit v2.790 + 1000 genomes project,genotyping + imputation,blood pressure + bmi + type 2 diabetes + ldl cholesterol + alzheimers disease,rm + jqt + rcp + vm-yl + jlh + am + ag + biocard + vmvd + mr + pldj + hz + adrc + jk + afdn + ro + adgc + erp + ma + lm + map-v + jcm + laf + kb + ajs + lms + adni + sk + gl
5.12e-10,0.038,0.155,,,,,,HGVS.,CSF tau.Beta (SE),CSF ptau 181.P,eas + aa + eur,meta-analysis + meta-analyses,impute2 v2.3.2 + shapeit v2.790 + 1000 genomes project,genotyping + imputation,blood pressure + bmi + type 2 diabetes + ldl cholesterol + alzheimers disease,rm + jqt + rcp + vm-yl + jlh + am + ag + biocard + vmvd + mr + pldj + hz + adrc + jk + afdn + ro + adgc + erp + ma + lm + map-v + jcm + laf + kb + ajs + lms + adni + sk + gl
1.37e-05,0.038,0.155,,,,,,HGVS.,CSF tau.Beta (SE),CSF tau.P,eas + aa + eur,meta-analysis + meta-analyses,impute2 v2.3.2 + shapeit v2.790 + 1000 genomes project,genotyping + imputation,blood pressure + bmi + type 2 diabetes + ldl cholesterol + alzheimers disease,rm + jqt + rcp + vm-yl + jlh + am + ag + biocard + vmvd + mr + pldj + hz + adrc + jk + afdn + ro + adgc + erp + ma + lm + map-v + jcm + laf + kb + ajs + lms + adni + sk + gl
0.0971,0.007,0.357,,,,,,HGVS.,CSFA β 42.Beta (SE),CSFA β 42.P,eas + aa + eur,meta-analysis + meta-analyses,impute2 v2.3.2 + shapeit v2.790 + 1000 genomes project,genotyping + imputation,blood pressure + bmi + type 2 diabetes + ldl cholesterol + alzheimers disease,rm + jqt + rcp + vm-yl + jlh + am + ag + biocard + vmvd + mr + pldj + hz + adrc + jk + afdn + ro + adgc + erp + ma + lm + map-v + jcm + laf + kb + ajs + lms + adni + sk + gl
7.62e-10,0.007,0.357,,,,,,HGVS.,CSFA β 42.Beta (SE),CSF ptau 181.P,eas + aa + eur,meta-analysis + meta-analyses,impute2 v2.3.2 + shapeit v2.790 + 1000 genomes project,genotyping + imputation,blood pressure + bmi + type 2 diabetes + ldl cholesterol + alzheimers disease,rm + jqt + rcp + vm-yl + jlh + am + ag + biocard + vmvd + mr + pldj + hz + adrc + jk + afdn + ro + adgc + erp + ma + lm + map-v + jcm + laf + kb + ajs + lms + adni + sk + gl
3.07e-11,0.007,0.357,,,,,,HGVS.,CSFA β 42.Beta (SE),CSF tau.P,eas + aa + eur,meta-analysis + meta-analyses,impute2 v2.3.2 + shapeit v2.790 + 1000 genomes project,genotyping + imputation,blood pressure + bmi + type 2 diabetes + ldl cholesterol + alzheimers disease,rm + jqt + rcp + vm-yl + jlh + am + ag + biocard + vmvd + mr + pldj + hz + adrc + jk + afdn + ro + adgc + erp + ma + lm + map-v + jcm + laf + kb + ajs + lms + adni + sk + gl
0.0971,0.035,0.357,,,,,,HGVS.,CSF ptau 181.Beta (SE),CSFA β 42.P,eas + aa + eur,meta-analysis + meta-analyses,impute2 v2.3.2 + shapeit v2.790 + 1000 genomes project,genotyping + imputation,blood pressure + bmi + type 2 diabetes + ldl cholesterol + alzheimers disease,rm + jqt + rcp + vm-yl + jlh + am + ag + biocard + vmvd + mr + pldj + hz + adrc + jk + afdn + ro + adgc + erp + ma + lm + map-v + jcm + laf + kb + ajs + lms + adni + sk + gl
7.62e-10,0.035,0.357,,,,,,HGVS.,CSF ptau 181.Beta (SE),CSF ptau 181.P,eas + aa + eur,meta-analysis + meta-analyses,impute2 v2.3.2 + shapeit v2.790 + 1000 genomes project,genotyping + imputation,blood pressure + bmi + type 2 diabetes + ldl cholesterol + alzheimers disease,rm + jqt + rcp + vm-yl + jlh + am + ag + biocard + vmvd + mr + pldj + hz + adrc + jk + afdn + ro + adgc + erp + ma + lm + map-v + jcm + laf + kb + ajs + lms + adni + sk + gl
3.07e-11,0.035,0.357,,,,,,HGVS.,CSF ptau 181.Beta (SE),CSF tau.P,eas + aa + eur,meta-analysis + meta-analyses,impute2 v2.3.2 + shapeit v2.790 + 1000 genomes project,genotyping + imputation,blood pressure + bmi + type 2 diabetes + ldl cholesterol + alzheimers disease,rm + jqt + rcp + vm-yl + jlh + am + ag + biocard + vmvd + mr + pldj + hz + adrc + jk + afdn + ro + adgc + erp + ma + lm + map-v + jcm + laf + kb + ajs + lms + adni + sk + gl
0.0971,0.04,0.357,,,,,,HGVS.,CSF tau.Beta (SE),CSFA β 42.P,eas + aa + eur,meta-analysis + meta-analyses,impute2 v2.3.2 + shapeit v2.790 + 1000 genomes project,genotyping + imputation,blood pressure + bmi + type 2 diabetes + ldl cholesterol + alzheimers disease,rm + jqt + rcp + vm-yl + jlh + am + ag + biocard + vmvd + mr + pldj + hz + adrc + jk + afdn + ro + adgc + erp + ma + lm + map-v + jcm + laf + kb + ajs + lms + adni + sk + gl
7.62e-10,0.04,0.357,,,,,,HGVS.,CSF tau.Beta (SE),CSF ptau 181.P,eas + aa + eur,meta-analysis + meta-analyses,impute2 v2.3.2 + shapeit v2.790 + 1000 genomes project,genotyping + imputation,blood pressure + bmi + type 2 diabetes + ldl cholesterol + alzheimers disease,rm + jqt + rcp + vm-yl + jlh + am + ag + biocard + vmvd + mr + pldj + hz + adrc + jk + afdn + ro + adgc + erp + ma + lm + map-v + jcm + laf + kb + ajs + lms + adni + sk + gl
3.07e-11,0.04,0.357,,,,,,HGVS.,CSF tau.Beta (SE),CSF tau.P,eas + aa + eur,meta-analysis + meta-analyses,impute2 v2.3.2 + shapeit v2.790 + 1000 genomes project,genotyping + imputation,blood pressure + bmi + type 2 diabetes + ldl cholesterol + alzheimers disease,rm + jqt + rcp + vm-yl + jlh + am + ag + biocard + vmvd + mr + pldj + hz + adrc + jk + afdn + ro + adgc + erp + ma + lm + map-v + jcm + laf + kb + ajs + lms + adni + sk + gl
0.294,0.007,0.125,,,,,,HGVS.,CSFA β 42.Beta (SE),CSFA β 42.P,eas + aa + eur,meta-analysis + meta-analyses,impute2 v2.3.2 + shapeit v2.790 + 1000 genomes project,genotyping + imputation,blood pressure + bmi + type 2 diabetes + ldl cholesterol + alzheimers disease,rm + jqt + rcp + vm-yl + jlh + am + ag + biocard + vmvd + mr + pldj + hz + adrc + jk + afdn + ro + adgc + erp + ma + lm + map-v + jcm + laf + kb + ajs + lms + adni + sk + gl
2.94e-08,0.007,0.125,,,,,,HGVS.,CSFA β 42.Beta (SE),CSF ptau 181.P,eas + aa + eur,meta-analysis + meta-analyses,impute2 v2.3.2 + shapeit v2.790 + 1000 genomes project,genotyping + imputation,blood pressure + bmi + type 2 diabetes + ldl cholesterol + alzheimers disease,rm + jqt + rcp + vm-yl + jlh + am + ag + biocard + vmvd + mr + pldj + hz + adrc + jk + afdn + ro + adgc + erp + ma + lm + map-v + jcm + laf + kb + ajs + lms + adni + sk + gl
1.36e-06,0.007,0.125,,,,,,HGVS.,CSFA β 42.Beta (SE),CSF tau.P,eas + aa + eur,meta-analysis + meta-analyses,impute2 v2.3.2 + shapeit v2.790 + 1000 genomes project,genotyping + imputation,blood pressure + bmi + type 2 diabetes + ldl cholesterol + alzheimers disease,rm + jqt + rcp + vm-yl + jlh + am + ag + biocard + vmvd + mr + pldj + hz + adrc + jk + afdn + ro + adgc + erp + ma + lm + map-v + jcm + laf + kb + ajs + lms + adni + sk + gl
0.294,0.049,0.125,,,,,,HGVS.,CSF ptau 181.Beta (SE),CSFA β 42.P,eas + aa + eur,meta-analysis + meta-analyses,impute2 v2.3.2 + shapeit v2.790 + 1000 genomes project,genotyping + imputation,blood pressure + bmi + type 2 diabetes + ldl cholesterol + alzheimers disease,rm + jqt + rcp + vm-yl + jlh + am + ag + biocard + vmvd + mr + pldj + hz + adrc + jk + afdn + ro + adgc + erp + ma + lm + map-v + jcm + laf + kb + ajs + lms + adni + sk + gl
2.94e-08,0.049,0.125,,,,,,HGVS.,CSF ptau 181.Beta (SE),CSF ptau 181.P,eas + aa + eur,meta-analysis + meta-analyses,impute2 v2.3.2 + shapeit v2.790 + 1000 genomes project,genotyping + imputation,blood pressure + bmi + type 2 diabetes + ldl cholesterol + alzheimers disease,rm + jqt + rcp + vm-yl + jlh + am + ag + biocard + vmvd + mr + pldj + hz + adrc + jk + afdn + ro + adgc + erp + ma + lm + map-v + jcm + laf + kb + ajs + lms + adni + sk + gl
1.36e-06,0.049,0.125,,,,,,HGVS.,CSF ptau 181.Beta (SE),CSF tau.P,eas + aa + eur,meta-analysis + meta-analyses,impute2 v2.3.2 + shapeit v2.790 + 1000 genomes project,genotyping + imputation,blood pressure + bmi + type 2 diabetes + ldl cholesterol + alzheimers disease,rm + jqt + rcp + vm-yl + jlh + am + ag + biocard + vmvd + mr + pldj + hz + adrc + jk + afdn + ro + adgc + erp + ma + lm + map-v + jcm + laf + kb + ajs + lms + adni + sk + gl
0.294,0.044,0.125,,,,,,HGVS.,CSF tau.Beta (SE),CSFA β 42.P,eas + aa + eur,meta-analysis + meta-analyses,impute2 v2.3.2 + shapeit v2.790 + 1000 genomes project,genotyping + imputation,blood pressure + bmi + type 2 diabetes + ldl cholesterol + alzheimers disease,rm + jqt + rcp + vm-yl + jlh + am + ag + biocard + vmvd + mr + pldj + hz + adrc + jk + afdn + ro + adgc + erp + ma + lm + map-v + jcm + laf + kb + ajs + lms + adni + sk + gl
2.94e-08,0.044,0.125,,,,,,HGVS.,CSF tau.Beta (SE),CSF ptau 181.P,eas + aa + eur,meta-analysis + meta-analyses,impute2 v2.3.2 + shapeit v2.790 + 1000 genomes project,genotyping + imputation,blood pressure + bmi + type 2 diabetes + ldl cholesterol + alzheimers disease,rm + jqt + rcp + vm-yl + jlh + am + ag + biocard + vmvd + mr + pldj + hz + adrc + jk + afdn + ro + adgc + erp + ma + lm + map-v + jcm + laf + kb + ajs + lms + adni + sk + gl
1.36e-06,0.044,0.125,,,,,,HGVS.,CSF tau.Beta (SE),CSF tau.P,eas + aa + eur,meta-analysis + meta-analyses,impute2 v2.3.2 + shapeit v2.790 + 1000 genomes project,genotyping + imputation,blood pressure + bmi + type 2 diabetes + ldl cholesterol + alzheimers disease,rm + jqt + rcp + vm-yl + jlh + am + ag + biocard + vmvd + mr + pldj + hz + adrc + jk + afdn + ro + adgc + erp + ma + lm + map-v + jcm + laf + kb + ajs + lms + adni + sk + gl
0.0,0.101,0.191,,,,,,HGVS.,CSFA β 42.Beta (SE),CSFA β 42.P,eas + aa + eur,meta-analysis + meta-analyses,impute2 v2.3.2 + shapeit v2.790 + 1000 genomes project,genotyping + imputation,blood pressure + bmi + type 2 diabetes + ldl cholesterol + alzheimers disease,rm + jqt + rcp + vm-yl + jlh + am + ag + biocard + vmvd + mr + pldj + hz + adrc + jk + afdn + ro + adgc + erp + ma + lm + map-v + jcm + laf + kb + ajs + lms + adni + sk + gl
0.0,0.101,0.191,,,,,,HGVS.,CSFA β 42.Beta (SE),CSF ptau 181.P,eas + aa + eur,meta-analysis + meta-analyses,impute2 v2.3.2 + shapeit v2.790 + 1000 genomes project,genotyping + imputation,blood pressure + bmi + type 2 diabetes + ldl cholesterol + alzheimers disease,rm + jqt + rcp + vm-yl + jlh + am + ag + biocard + vmvd + mr + pldj + hz + adrc + jk + afdn + ro + adgc + erp + ma + lm + map-v + jcm + laf + kb + ajs + lms + adni + sk + gl
0.0,0.101,0.191,,,,,,HGVS.,CSFA β 42.Beta (SE),CSF tau.P,eas + aa + eur,meta-analysis + meta-analyses,impute2 v2.3.2 + shapeit v2.790 + 1000 genomes project,genotyping + imputation,blood pressure + bmi + type 2 diabetes + ldl cholesterol + alzheimers disease,rm + jqt + rcp + vm-yl + jlh + am + ag + biocard + vmvd + mr + pldj + hz + adrc + jk + afdn + ro + adgc + erp + ma + lm + map-v + jcm + laf + kb + ajs + lms + adni + sk + gl
0.0,0.079,0.191,,,,,,HGVS.,CSF ptau 181.Beta (SE),CSFA β 42.P,eas + aa + eur,meta-analysis + meta-analyses,impute2 v2.3.2 + shapeit v2.790 + 1000 genomes project,genotyping + imputation,blood pressure + bmi + type 2 diabetes + ldl cholesterol + alzheimers disease,rm + jqt + rcp + vm-yl + jlh + am + ag + biocard + vmvd + mr + pldj + hz + adrc + jk + afdn + ro + adgc + erp + ma + lm + map-v + jcm + laf + kb + ajs + lms + adni + sk + gl
0.0,0.079,0.191,,,,,,HGVS.,CSF ptau 181.Beta (SE),CSF ptau 181.P,eas + aa + eur,meta-analysis + meta-analyses,impute2 v2.3.2 + shapeit v2.790 + 1000 genomes project,genotyping + imputation,blood pressure + bmi + type 2 diabetes + ldl cholesterol + alzheimers disease,rm + jqt + rcp + vm-yl + jlh + am + ag + biocard + vmvd + mr + pldj + hz + adrc + jk + afdn + ro + adgc + erp + ma + lm + map-v + jcm + laf + kb + ajs + lms + adni + sk + gl
0.0,0.079,0.191,,,,,,HGVS.,CSF ptau 181.Beta (SE),CSF tau.P,eas + aa + eur,meta-analysis + meta-analyses,impute2 v2.3.2 + shapeit v2.790 + 1000 genomes project,genotyping + imputation,blood pressure + bmi + type 2 diabetes + ldl cholesterol + alzheimers disease,rm + jqt + rcp + vm-yl + jlh + am + ag + biocard + vmvd + mr + pldj + hz + adrc + jk + afdn + ro + adgc + erp + ma + lm + map-v + jcm + laf + kb + ajs + lms + adni + sk + gl
0.0,0.078,0.191,,,,,,HGVS.,CSF tau.Beta (SE),CSFA β 42.P,eas + aa + eur,meta-analysis + meta-analyses,impute2 v2.3.2 + shapeit v2.790 + 1000 genomes project,genotyping + imputation,blood pressure + bmi + type 2 diabetes + ldl cholesterol + alzheimers disease,rm + jqt + rcp + vm-yl + jlh + am + ag + biocard + vmvd + mr + pldj + hz + adrc + jk + afdn + ro + adgc + erp + ma + lm + map-v + jcm + laf + kb + ajs + lms + adni + sk + gl
0.0,0.078,0.191,,,,,,HGVS.,CSF tau.Beta (SE),CSF ptau 181.P,eas + aa + eur,meta-analysis + meta-analyses,impute2 v2.3.2 + shapeit v2.790 + 1000 genomes project,genotyping + imputation,blood pressure + bmi + type 2 diabetes + ldl cholesterol + alzheimers disease,rm + jqt + rcp + vm-yl + jlh + am + ag + biocard + vmvd + mr + pldj + hz + adrc + jk + afdn + ro + adgc + erp + ma + lm + map-v + jcm + laf + kb + ajs + lms + adni + sk + gl
0.0,0.078,0.191,,,,,,HGVS.,CSF tau.Beta (SE),CSF tau.P,eas + aa + eur,meta-analysis + meta-analyses,impute2 v2.3.2 + shapeit v2.790 + 1000 genomes project,genotyping + imputation,blood pressure + bmi + type 2 diabetes + ldl cholesterol + alzheimers disease,rm + jqt + rcp + vm-yl + jlh + am + ag + biocard + vmvd + mr + pldj + hz + adrc + jk + afdn + ro + adgc + erp + ma + lm + map-v + jcm + laf + kb + ajs + lms + adni + sk + gl
2.08e-08,0.059,0.042,rs185031519,,,,,SNP[effect allele].,CSFA β 42.Beta (SE),CSFA β 42.P,eas + aa + eur,meta-analysis + meta-analyses,impute2 v2.3.2 + shapeit v2.790 + 1000 genomes project,genotyping + imputation,blood pressure + bmi + type 2 diabetes + ldl cholesterol + alzheimers disease,rm + jqt + rcp + vm-yl + jlh + am + ag + biocard + vmvd + mr + pldj + hz + adrc + jk + afdn + ro + adgc + erp + ma + lm + map-v + jcm + laf + kb + ajs + lms + adni + sk + gl
0.594,0.059,0.042,rs185031519,,,,,SNP[effect allele].,CSFA β 42.Beta (SE),CSF ptau 181.P,eas + aa + eur,meta-analysis + meta-analyses,impute2 v2.3.2 + shapeit v2.790 + 1000 genomes project,genotyping + imputation,blood pressure + bmi + type 2 diabetes + ldl cholesterol + alzheimers disease,rm + jqt + rcp + vm-yl + jlh + am + ag + biocard + vmvd + mr + pldj + hz + adrc + jk + afdn + ro + adgc + erp + ma + lm + map-v + jcm + laf + kb + ajs + lms + adni + sk + gl
0.472,0.059,0.042,rs185031519,,,,,SNP[effect allele].,CSFA β 42.Beta (SE),CSF tau.P,eas + aa + eur,meta-analysis + meta-analyses,impute2 v2.3.2 + shapeit v2.790 + 1000 genomes project,genotyping + imputation,blood pressure + bmi + type 2 diabetes + ldl cholesterol + alzheimers disease,rm + jqt + rcp + vm-yl + jlh + am + ag + biocard + vmvd + mr + pldj + hz + adrc + jk + afdn + ro + adgc + erp + ma + lm + map-v + jcm + laf + kb + ajs + lms + adni + sk + gl
2.08e-08,0.008,0.042,rs185031519,,,,,SNP[effect allele].,CSF ptau 181.Beta (SE),CSFA β 42.P,eas + aa + eur,meta-analysis + meta-analyses,impute2 v2.3.2 + shapeit v2.790 + 1000 genomes project,genotyping + imputation,blood pressure + bmi + type 2 diabetes + ldl cholesterol + alzheimers disease,rm + jqt + rcp + vm-yl + jlh + am + ag + biocard + vmvd + mr + pldj + hz + adrc + jk + afdn + ro + adgc + erp + ma + lm + map-v + jcm + laf + kb + ajs + lms + adni + sk + gl
0.594,0.008,0.042,rs185031519,,,,,SNP[effect allele].,CSF ptau 181.Beta (SE),CSF ptau 181.P,eas + aa + eur,meta-analysis + meta-analyses,impute2 v2.3.2 + shapeit v2.790 + 1000 genomes project,genotyping + imputation,blood pressure + bmi + type 2 diabetes + ldl cholesterol + alzheimers disease,rm + jqt + rcp + vm-yl + jlh + am + ag + biocard + vmvd + mr + pldj + hz + adrc + jk + afdn + ro + adgc + erp + ma + lm + map-v + jcm + laf + kb + ajs + lms + adni + sk + gl
0.472,0.008,0.042,rs185031519,,,,,SNP[effect allele].,CSF ptau 181.Beta (SE),CSF tau.P,eas + aa + eur,meta-analysis + meta-analyses,impute2 v2.3.2 + shapeit v2.790 + 1000 genomes project,genotyping + imputation,blood pressure + bmi + type 2 diabetes + ldl cholesterol + alzheimers disease,rm + jqt + rcp + vm-yl + jlh + am + ag + biocard + vmvd + mr + pldj + hz + adrc + jk + afdn + ro + adgc + erp + ma + lm + map-v + jcm + laf + kb + ajs + lms + adni + sk + gl
2.08e-08,0.011,0.042,rs185031519,,,,,SNP[effect allele].,CSF tau.Beta (SE),CSFA β 42.P,eas + aa + eur,meta-analysis + meta-analyses,impute2 v2.3.2 + shapeit v2.790 + 1000 genomes project,genotyping + imputation,blood pressure + bmi + type 2 diabetes + ldl cholesterol + alzheimers disease,rm + jqt + rcp + vm-yl + jlh + am + ag + biocard + vmvd + mr + pldj + hz + adrc + jk + afdn + ro + adgc + erp + ma + lm + map-v + jcm + laf + kb + ajs + lms + adni + sk + gl
0.594,0.011,0.042,rs185031519,,,,,SNP[effect allele].,CSF tau.Beta (SE),CSF ptau 181.P,eas + aa + eur,meta-analysis + meta-analyses,impute2 v2.3.2 + shapeit v2.790 + 1000 genomes project,genotyping + imputation,blood pressure + bmi + type 2 diabetes + ldl cholesterol + alzheimers disease,rm + jqt + rcp + vm-yl + jlh + am + ag + biocard + vmvd + mr + pldj + hz + adrc + jk + afdn + ro + adgc + erp + ma + lm + map-v + jcm + laf + kb + ajs + lms + adni + sk + gl
0.472,0.011,0.042,rs185031519,,,,,SNP[effect allele].,CSF tau.Beta (SE),CSF tau.P,eas + aa + eur,meta-analysis + meta-analyses,impute2 v2.3.2 + shapeit v2.790 + 1000 genomes project,genotyping + imputation,blood pressure + bmi + type 2 diabetes + ldl cholesterol + alzheimers disease,rm + jqt + rcp + vm-yl + jlh + am + ag + biocard + vmvd + mr + pldj + hz + adrc + jk + afdn + ro + adgc + erp + ma + lm + map-v + jcm + laf + kb + ajs + lms + adni + sk + gl
1.76e-08,0.025,0.302,rs316341,,,,,SNP[effect allele].,CSFA β 42.Beta (SE),CSFA β 42.P,eas + aa + eur,meta-analysis + meta-analyses,impute2 v2.3.2 + shapeit v2.790 + 1000 genomes project,genotyping + imputation,blood pressure + bmi + type 2 diabetes + ldl cholesterol + alzheimers disease,rm + jqt + rcp + vm-yl + jlh + am + ag + biocard + vmvd + mr + pldj + hz + adrc + jk + afdn + ro + adgc + erp + ma + lm + map-v + jcm + laf + kb + ajs + lms + adni + sk + gl
0.22,0.025,0.302,rs316341,,,,,SNP[effect allele].,CSFA β 42.Beta (SE),CSF ptau 181.P,eas + aa + eur,meta-analysis + meta-analyses,impute2 v2.3.2 + shapeit v2.790 + 1000 genomes project,genotyping + imputation,blood pressure + bmi + type 2 diabetes + ldl cholesterol + alzheimers disease,rm + jqt + rcp + vm-yl + jlh + am + ag + biocard + vmvd + mr + pldj + hz + adrc + jk + afdn + ro + adgc + erp + ma + lm + map-v + jcm + laf + kb + ajs + lms + adni + sk + gl
0.00919,0.025,0.302,rs316341,,,,,SNP[effect allele].,CSFA β 42.Beta (SE),CSF tau.P,eas + aa + eur,meta-analysis + meta-analyses,impute2 v2.3.2 + shapeit v2.790 + 1000 genomes project,genotyping + imputation,blood pressure + bmi + type 2 diabetes + ldl cholesterol + alzheimers disease,rm + jqt + rcp + vm-yl + jlh + am + ag + biocard + vmvd + mr + pldj + hz + adrc + jk + afdn + ro + adgc + erp + ma + lm + map-v + jcm + laf + kb + ajs + lms + adni + sk + gl
1.76e-08,0.007,0.302,rs316341,,,,,SNP[effect allele].,CSF ptau 181.Beta (SE),CSFA β 42.P,eas + aa + eur,meta-analysis + meta-analyses,impute2 v2.3.2 + shapeit v2.790 + 1000 genomes project,genotyping + imputation,blood pressure + bmi + type 2 diabetes + ldl cholesterol + alzheimers disease,rm + jqt + rcp + vm-yl + jlh + am + ag + biocard + vmvd + mr + pldj + hz + adrc + jk + afdn + ro + adgc + erp + ma + lm + map-v + jcm + laf + kb + ajs + lms + adni + sk + gl
0.22,0.007,0.302,rs316341,,,,,SNP[effect allele].,CSF ptau 181.Beta (SE),CSF ptau 181.P,eas + aa + eur,meta-analysis + meta-analyses,impute2 v2.3.2 + shapeit v2.790 + 1000 genomes project,genotyping + imputation,blood pressure + bmi + type 2 diabetes + ldl cholesterol + alzheimers disease,rm + jqt + rcp + vm-yl + jlh + am + ag + biocard + vmvd + mr + pldj + hz + adrc + jk + afdn + ro + adgc + erp + ma + lm + map-v + jcm + laf + kb + ajs + lms + adni + sk + gl
0.00919,0.007,0.302,rs316341,,,,,SNP[effect allele].,CSF ptau 181.Beta (SE),CSF tau.P,eas + aa + eur,meta-analysis + meta-analyses,impute2 v2.3.2 + shapeit v2.790 + 1000 genomes project,genotyping + imputation,blood pressure + bmi + type 2 diabetes + ldl cholesterol + alzheimers disease,rm + jqt + rcp + vm-yl + jlh + am + ag + biocard + vmvd + mr + pldj + hz + adrc + jk + afdn + ro + adgc + erp + ma + lm + map-v + jcm + laf + kb + ajs + lms + adni + sk + gl
1.76e-08,0.016,0.302,rs316341,,,,,SNP[effect allele].,CSF tau.Beta (SE),CSFA β 42.P,eas + aa + eur,meta-analysis + meta-analyses,impute2 v2.3.2 + shapeit v2.790 + 1000 genomes project,genotyping + imputation,blood pressure + bmi + type 2 diabetes + ldl cholesterol + alzheimers disease,rm + jqt + rcp + vm-yl + jlh + am + ag + biocard + vmvd + mr + pldj + hz + adrc + jk + afdn + ro + adgc + erp + ma + lm + map-v + jcm + laf + kb + ajs + lms + adni + sk + gl
0.22,0.016,0.302,rs316341,,,,,SNP[effect allele].,CSF tau.Beta (SE),CSF ptau 181.P,eas + aa + eur,meta-analysis + meta-analyses,impute2 v2.3.2 + shapeit v2.790 + 1000 genomes project,genotyping + imputation,blood pressure + bmi + type 2 diabetes + ldl cholesterol + alzheimers disease,rm + jqt + rcp + vm-yl + jlh + am + ag + biocard + vmvd + mr + pldj + hz + adrc + jk + afdn + ro + adgc + erp + ma + lm + map-v + jcm + laf + kb + ajs + lms + adni + sk + gl
0.00919,0.016,0.302,rs316341,,,,,SNP[effect allele].,CSF tau.Beta (SE),CSF tau.P,eas + aa + eur,meta-analysis + meta-analyses,impute2 v2.3.2 + shapeit v2.790 + 1000 genomes project,genotyping + imputation,blood pressure + bmi + type 2 diabetes + ldl cholesterol + alzheimers disease,rm + jqt + rcp + vm-yl + jlh + am + ag + biocard + vmvd + mr + pldj + hz + adrc + jk + afdn + ro + adgc + erp + ma + lm + map-v + jcm + laf + kb + ajs + lms + adni + sk + gl
0.0424,0.016,0.069,rs9527039,,,,,SNP[effect allele].,CSFA β 42.Beta (SE),CSFA β 42.P,eas + aa + eur,meta-analysis + meta-analyses,impute2 v2.3.2 + shapeit v2.790 + 1000 genomes project,genotyping + imputation,blood pressure + bmi + type 2 diabetes + ldl cholesterol + alzheimers disease,rm + jqt + rcp + vm-yl + jlh + am + ag + biocard + vmvd + mr + pldj + hz + adrc + jk + afdn + ro + adgc + erp + ma + lm + map-v + jcm + laf + kb + ajs + lms + adni + sk + gl
5.95e-09,0.016,0.069,rs9527039,,,,,SNP[effect allele].,CSFA β 42.Beta (SE),CSF ptau 181.P,eas + aa + eur,meta-analysis + meta-analyses,impute2 v2.3.2 + shapeit v2.790 + 1000 genomes project,genotyping + imputation,blood pressure + bmi + type 2 diabetes + ldl cholesterol + alzheimers disease,rm + jqt + rcp + vm-yl + jlh + am + ag + biocard + vmvd + mr + pldj + hz + adrc + jk + afdn + ro + adgc + erp + ma + lm + map-v + jcm + laf + kb + ajs + lms + adni + sk + gl
1.1e-05,0.016,0.069,rs9527039,,,,,SNP[effect allele].,CSFA β 42.Beta (SE),CSF tau.P,eas + aa + eur,meta-analysis + meta-analyses,impute2 v2.3.2 + shapeit v2.790 + 1000 genomes project,genotyping + imputation,blood pressure + bmi + type 2 diabetes + ldl cholesterol + alzheimers disease,rm + jqt + rcp + vm-yl + jlh + am + ag + biocard + vmvd + mr + pldj + hz + adrc + jk + afdn + ro + adgc + erp + ma + lm + map-v + jcm + laf + kb + ajs + lms + adni + sk + gl
0.0424,0.061,0.069,rs9527039,,,,,SNP[effect allele].,CSF ptau 181.Beta (SE),CSFA β 42.P,eas + aa + eur,meta-analysis + meta-analyses,impute2 v2.3.2 + shapeit v2.790 + 1000 genomes project,genotyping + imputation,blood pressure + bmi + type 2 diabetes + ldl cholesterol + alzheimers disease,rm + jqt + rcp + vm-yl + jlh + am + ag + biocard + vmvd + mr + pldj + hz + adrc + jk + afdn + ro + adgc + erp + ma + lm + map-v + jcm + laf + kb + ajs + lms + adni + sk + gl
5.95e-09,0.061,0.069,rs9527039,,,,,SNP[effect allele].,CSF ptau 181.Beta (SE),CSF ptau 181.P,eas + aa + eur,meta-analysis + meta-analyses,impute2 v2.3.2 + shapeit v2.790 + 1000 genomes project,genotyping + imputation,blood pressure + bmi + type 2 diabetes + ldl cholesterol + alzheimers disease,rm + jqt + rcp + vm-yl + jlh + am + ag + biocard + vmvd + mr + pldj + hz + adrc + jk + afdn + ro + adgc + erp + ma + lm + map-v + jcm + laf + kb + ajs + lms + adni + sk + gl
1.1e-05,0.061,0.069,rs9527039,,,,,SNP[effect allele].,CSF ptau 181.Beta (SE),CSF tau.P,eas + aa + eur,meta-analysis + meta-analyses,impute2 v2.3.2 + shapeit v2.790 + 1000 genomes project,genotyping + imputation,blood pressure + bmi + type 2 diabetes + ldl cholesterol + alzheimers disease,rm + jqt + rcp + vm-yl + jlh + am + ag + biocard + vmvd + mr + pldj + hz + adrc + jk + afdn + ro + adgc + erp + ma + lm + map-v + jcm + laf + kb + ajs + lms + adni + sk + gl
0.0424,0.05,0.069,rs9527039,,,,,SNP[effect allele].,CSF tau.Beta (SE),CSFA β 42.P,eas + aa + eur,meta-analysis + meta-analyses,impute2 v2.3.2 + shapeit v2.790 + 1000 genomes project,genotyping + imputation,blood pressure + bmi + type 2 diabetes + ldl cholesterol + alzheimers disease,rm + jqt + rcp + vm-yl + jlh + am + ag + biocard + vmvd + mr + pldj + hz + adrc + jk + afdn + ro + adgc + erp + ma + lm + map-v + jcm + laf + kb + ajs + lms + adni + sk + gl
5.95e-09,0.05,0.069,rs9527039,,,,,SNP[effect allele].,CSF tau.Beta (SE),CSF ptau 181.P,eas + aa + eur,meta-analysis + meta-analyses,impute2 v2.3.2 + shapeit v2.790 + 1000 genomes project,genotyping + imputation,blood pressure + bmi + type 2 diabetes + ldl cholesterol + alzheimers disease,rm + jqt + rcp + vm-yl + jlh + am + ag + biocard + vmvd + mr + pldj + hz + adrc + jk + afdn + ro + adgc + erp + ma + lm + map-v + jcm + laf + kb + ajs + lms + adni + sk + gl
1.1e-05,0.05,0.069,rs9527039,,,,,SNP[effect allele].,CSF tau.Beta (SE),CSF tau.P,eas + aa + eur,meta-analysis + meta-analyses,impute2 v2.3.2 + shapeit v2.790 + 1000 genomes project,genotyping + imputation,blood pressure + bmi + type 2 diabetes + ldl cholesterol + alzheimers disease,rm + jqt + rcp + vm-yl + jlh + am + ag + biocard + vmvd + mr + pldj + hz + adrc + jk + afdn + ro + adgc + erp + ma + lm + map-v + jcm + laf + kb + ajs + lms + adni + sk + gl
0.0113,0.016,0.155,rs12961169,,,,,SNP[effect allele].,CSFA β 42.Beta (SE),CSFA β 42.P,eas + aa + eur,meta-analysis + meta-analyses,impute2 v2.3.2 + shapeit v2.790 + 1000 genomes project,genotyping + imputation,blood pressure + bmi + type 2 diabetes + ldl cholesterol + alzheimers disease,rm + jqt + rcp + vm-yl + jlh + am + ag + biocard + vmvd + mr + pldj + hz + adrc + jk + afdn + ro + adgc + erp + ma + lm + map-v + jcm + laf + kb + ajs + lms + adni + sk + gl
5.12e-10,0.016,0.155,rs12961169,,,,,SNP[effect allele].,CSFA β 42.Beta (SE),CSF ptau 181.P,eas + aa + eur,meta-analysis + meta-analyses,impute2 v2.3.2 + shapeit v2.790 + 1000 genomes project,genotyping + imputation,blood pressure + bmi + type 2 diabetes + ldl cholesterol + alzheimers disease,rm + jqt + rcp + vm-yl + jlh + am + ag + biocard + vmvd + mr + pldj + hz + adrc + jk + afdn + ro + adgc + erp + ma + lm + map-v + jcm + laf + kb + ajs + lms + adni + sk + gl
1.37e-05,0.016,0.155,rs12961169,,,,,SNP[effect allele].,CSFA β 42.Beta (SE),CSF tau.P,eas + aa + eur,meta-analysis + meta-analyses,impute2 v2.3.2 + shapeit v2.790 + 1000 genomes project,genotyping + imputation,blood pressure + bmi + type 2 diabetes + ldl cholesterol + alzheimers disease,rm + jqt + rcp + vm-yl + jlh + am + ag + biocard + vmvd + mr + pldj + hz + adrc + jk + afdn + ro + adgc + erp + ma + lm + map-v + jcm + laf + kb + ajs + lms + adni + sk + gl
0.0113,0.05,0.155,rs12961169,,,,,SNP[effect allele].,CSF ptau 181.Beta (SE),CSFA β 42.P,eas + aa + eur,meta-analysis + meta-analyses,impute2 v2.3.2 + shapeit v2.790 + 1000 genomes project,genotyping + imputation,blood pressure + bmi + type 2 diabetes + ldl cholesterol + alzheimers disease,rm + jqt + rcp + vm-yl + jlh + am + ag + biocard + vmvd + mr + pldj + hz + adrc + jk + afdn + ro + adgc + erp + ma + lm + map-v + jcm + laf + kb + ajs + lms + adni + sk + gl
5.12e-10,0.05,0.155,rs12961169,,,,,SNP[effect allele].,CSF ptau 181.Beta (SE),CSF ptau 181.P,eas + aa + eur,meta-analysis + meta-analyses,impute2 v2.3.2 + shapeit v2.790 + 1000 genomes project,genotyping + imputation,blood pressure + bmi + type 2 diabetes + ldl cholesterol + alzheimers disease,rm + jqt + rcp + vm-yl + jlh + am + ag + biocard + vmvd + mr + pldj + hz + adrc + jk + afdn + ro + adgc + erp + ma + lm + map-v + jcm + laf + kb + ajs + lms + adni + sk + gl
1.37e-05,0.05,0.155,rs12961169,,,,,SNP[effect allele].,CSF ptau 181.Beta (SE),CSF tau.P,eas + aa + eur,meta-analysis + meta-analyses,impute2 v2.3.2 + shapeit v2.790 + 1000 genomes project,genotyping + imputation,blood pressure + bmi + type 2 diabetes + ldl cholesterol + alzheimers disease,rm + jqt + rcp + vm-yl + jlh + am + ag + biocard + vmvd + mr + pldj + hz + adrc + jk + afdn + ro + adgc + erp + ma + lm + map-v + jcm + laf + kb + ajs + lms + adni + sk + gl
0.0113,0.038,0.155,rs12961169,,,,,SNP[effect allele].,CSF tau.Beta (SE),CSFA β 42.P,eas + aa + eur,meta-analysis + meta-analyses,impute2 v2.3.2 + shapeit v2.790 + 1000 genomes project,genotyping + imputation,blood pressure + bmi + type 2 diabetes + ldl cholesterol + alzheimers disease,rm + jqt + rcp + vm-yl + jlh + am + ag + biocard + vmvd + mr + pldj + hz + adrc + jk + afdn + ro + adgc + erp + ma + lm + map-v + jcm + laf + kb + ajs + lms + adni + sk + gl
5.12e-10,0.038,0.155,rs12961169,,,,,SNP[effect allele].,CSF tau.Beta (SE),CSF ptau 181.P,eas + aa + eur,meta-analysis + meta-analyses,impute2 v2.3.2 + shapeit v2.790 + 1000 genomes project,genotyping + imputation,blood pressure + bmi + type 2 diabetes + ldl cholesterol + alzheimers disease,rm + jqt + rcp + vm-yl + jlh + am + ag + biocard + vmvd + mr + pldj + hz + adrc + jk + afdn + ro + adgc + erp + ma + lm + map-v + jcm + laf + kb + ajs + lms + adni + sk + gl
1.37e-05,0.038,0.155,rs12961169,,,,,SNP[effect allele].,CSF tau.Beta (SE),CSF tau.P,eas + aa + eur,meta-analysis + meta-analyses,impute2 v2.3.2 + shapeit v2.790 + 1000 genomes project,genotyping + imputation,blood pressure + bmi + type 2 diabetes + ldl cholesterol + alzheimers disease,rm + jqt + rcp + vm-yl + jlh + am + ag + biocard + vmvd + mr + pldj + hz + adrc + jk + afdn + ro + adgc + erp + ma + lm + map-v + jcm + laf + kb + ajs + lms + adni + sk + gl
0.0113,0.016,0.155,rs12961169,,,,,SNP[effect allele].,CSFA β 42.Beta (SE),CSFA β 42.P,eas + aa + eur,meta-analysis + meta-analyses,impute2 v2.3.2 + shapeit v2.790 + 1000 genomes project,genotyping + imputation,blood pressure + bmi + type 2 diabetes + ldl cholesterol + alzheimers disease,rm + jqt + rcp + vm-yl + jlh + am + ag + biocard + vmvd + mr + pldj + hz + adrc + jk + afdn + ro + adgc + erp + ma + lm + map-v + jcm + laf + kb + ajs + lms + adni + sk + gl
5.12e-10,0.016,0.155,rs12961169,,,,,SNP[effect allele].,CSFA β 42.Beta (SE),CSF ptau 181.P,eas + aa + eur,meta-analysis + meta-analyses,impute2 v2.3.2 + shapeit v2.790 + 1000 genomes project,genotyping + imputation,blood pressure + bmi + type 2 diabetes + ldl cholesterol + alzheimers disease,rm + jqt + rcp + vm-yl + jlh + am + ag + biocard + vmvd + mr + pldj + hz + adrc + jk + afdn + ro + adgc + erp + ma + lm + map-v + jcm + laf + kb + ajs + lms + adni + sk + gl
1.37e-05,0.016,0.155,rs12961169,,,,,SNP[effect allele].,CSFA β 42.Beta (SE),CSF tau.P,eas + aa + eur,meta-analysis + meta-analyses,impute2 v2.3.2 + shapeit v2.790 + 1000 genomes project,genotyping + imputation,blood pressure + bmi + type 2 diabetes + ldl cholesterol + alzheimers disease,rm + jqt + rcp + vm-yl + jlh + am + ag + biocard + vmvd + mr + pldj + hz + adrc + jk + afdn + ro + adgc + erp + ma + lm + map-v + jcm + laf + kb + ajs + lms + adni + sk + gl
0.0113,0.05,0.155,rs12961169,,,,,SNP[effect allele].,CSF ptau 181.Beta (SE),CSFA β 42.P,eas + aa + eur,meta-analysis + meta-analyses,impute2 v2.3.2 + shapeit v2.790 + 1000 genomes project,genotyping + imputation,blood pressure + bmi + type 2 diabetes + ldl cholesterol + alzheimers disease,rm + jqt + rcp + vm-yl + jlh + am + ag + biocard + vmvd + mr + pldj + hz + adrc + jk + afdn + ro + adgc + erp + ma + lm + map-v + jcm + laf + kb + ajs + lms + adni + sk + gl
5.12e-10,0.05,0.155,rs12961169,,,,,SNP[effect allele].,CSF ptau 181.Beta (SE),CSF ptau 181.P,eas + aa + eur,meta-analysis + meta-analyses,impute2 v2.3.2 + shapeit v2.790 + 1000 genomes project,genotyping + imputation,blood pressure + bmi + type 2 diabetes + ldl cholesterol + alzheimers disease,rm + jqt + rcp + vm-yl + jlh + am + ag + biocard + vmvd + mr + pldj + hz + adrc + jk + afdn + ro + adgc + erp + ma + lm + map-v + jcm + laf + kb + ajs + lms + adni + sk + gl
1.37e-05,0.05,0.155,rs12961169,,,,,SNP[effect allele].,CSF ptau 181.Beta (SE),CSF tau.P,eas + aa + eur,meta-analysis + meta-analyses,impute2 v2.3.2 + shapeit v2.790 + 1000 genomes project,genotyping + imputation,blood pressure + bmi + type 2 diabetes + ldl cholesterol + alzheimers disease,rm + jqt + rcp + vm-yl + jlh + am + ag + biocard + vmvd + mr + pldj + hz + adrc + jk + afdn + ro + adgc + erp + ma + lm + map-v + jcm + laf + kb + ajs + lms + adni + sk + gl
0.0113,0.038,0.155,rs12961169,,,,,SNP[effect allele].,CSF tau.Beta (SE),CSFA β 42.P,eas + aa + eur,meta-analysis + meta-analyses,impute2 v2.3.2 + shapeit v2.790 + 1000 genomes project,genotyping + imputation,blood pressure + bmi + type 2 diabetes + ldl cholesterol + alzheimers disease,rm + jqt + rcp + vm-yl + jlh + am + ag + biocard + vmvd + mr + pldj + hz + adrc + jk + afdn + ro + adgc + erp + ma + lm + map-v + jcm + laf + kb + ajs + lms + adni + sk + gl
5.12e-10,0.038,0.155,rs12961169,,,,,SNP[effect allele].,CSF tau.Beta (SE),CSF ptau 181.P,eas + aa + eur,meta-analysis + meta-analyses,impute2 v2.3.2 + shapeit v2.790 + 1000 genomes project,genotyping + imputation,blood pressure + bmi + type 2 diabetes + ldl cholesterol + alzheimers disease,rm + jqt + rcp + vm-yl + jlh + am + ag + biocard + vmvd + mr + pldj + hz + adrc + jk + afdn + ro + adgc + erp + ma + lm + map-v + jcm + laf + kb + ajs + lms + adni + sk + gl
1.37e-05,0.038,0.155,rs12961169,,,,,SNP[effect allele].,CSF tau.Beta (SE),CSF tau.P,eas + aa + eur,meta-analysis + meta-analyses,impute2 v2.3.2 + shapeit v2.790 + 1000 genomes project,genotyping + imputation,blood pressure + bmi + type 2 diabetes + ldl cholesterol + alzheimers disease,rm + jqt + rcp + vm-yl + jlh + am + ag + biocard + vmvd + mr + pldj + hz + adrc + jk + afdn + ro + adgc + erp + ma + lm + map-v + jcm + laf + kb + ajs + lms + adni + sk + gl
0.0971,0.007,0.357,rs35055419,,,,,SNP[effect allele].,CSFA β 42.Beta (SE),CSFA β 42.P,eas + aa + eur,meta-analysis + meta-analyses,impute2 v2.3.2 + shapeit v2.790 + 1000 genomes project,genotyping + imputation,blood pressure + bmi + type 2 diabetes + ldl cholesterol + alzheimers disease,rm + jqt + rcp + vm-yl + jlh + am + ag + biocard + vmvd + mr + pldj + hz + adrc + jk + afdn + ro + adgc + erp + ma + lm + map-v + jcm + laf + kb + ajs + lms + adni + sk + gl
7.62e-10,0.007,0.357,rs35055419,,,,,SNP[effect allele].,CSFA β 42.Beta (SE),CSF ptau 181.P,eas + aa + eur,meta-analysis + meta-analyses,impute2 v2.3.2 + shapeit v2.790 + 1000 genomes project,genotyping + imputation,blood pressure + bmi + type 2 diabetes + ldl cholesterol + alzheimers disease,rm + jqt + rcp + vm-yl + jlh + am + ag + biocard + vmvd + mr + pldj + hz + adrc + jk + afdn + ro + adgc + erp + ma + lm + map-v + jcm + laf + kb + ajs + lms + adni + sk + gl
3.07e-11,0.007,0.357,rs35055419,,,,,SNP[effect allele].,CSFA β 42.Beta (SE),CSF tau.P,eas + aa + eur,meta-analysis + meta-analyses,impute2 v2.3.2 + shapeit v2.790 + 1000 genomes project,genotyping + imputation,blood pressure + bmi + type 2 diabetes + ldl cholesterol + alzheimers disease,rm + jqt + rcp + vm-yl + jlh + am + ag + biocard + vmvd + mr + pldj + hz + adrc + jk + afdn + ro + adgc + erp + ma + lm + map-v + jcm + laf + kb + ajs + lms + adni + sk + gl
0.0971,0.035,0.357,rs35055419,,,,,SNP[effect allele].,CSF ptau 181.Beta (SE),CSFA β 42.P,eas + aa + eur,meta-analysis + meta-analyses,impute2 v2.3.2 + shapeit v2.790 + 1000 genomes project,genotyping + imputation,blood pressure + bmi + type 2 diabetes + ldl cholesterol + alzheimers disease,rm + jqt + rcp + vm-yl + jlh + am + ag + biocard + vmvd + mr + pldj + hz + adrc + jk + afdn + ro + adgc + erp + ma + lm + map-v + jcm + laf + kb + ajs + lms + adni + sk + gl
7.62e-10,0.035,0.357,rs35055419,,,,,SNP[effect allele].,CSF ptau 181.Beta (SE),CSF ptau 181.P,eas + aa + eur,meta-analysis + meta-analyses,impute2 v2.3.2 + shapeit v2.790 + 1000 genomes project,genotyping + imputation,blood pressure + bmi + type 2 diabetes + ldl cholesterol + alzheimers disease,rm + jqt + rcp + vm-yl + jlh + am + ag + biocard + vmvd + mr + pldj + hz + adrc + jk + afdn + ro + adgc + erp + ma + lm + map-v + jcm + laf + kb + ajs + lms + adni + sk + gl
3.07e-11,0.035,0.357,rs35055419,,,,,SNP[effect allele].,CSF ptau 181.Beta (SE),CSF tau.P,eas + aa + eur,meta-analysis + meta-analyses,impute2 v2.3.2 + shapeit v2.790 + 1000 genomes project,genotyping + imputation,blood pressure + bmi + type 2 diabetes + ldl cholesterol + alzheimers disease,rm + jqt + rcp + vm-yl + jlh + am + ag + biocard + vmvd + mr + pldj + hz + adrc + jk + afdn + ro + adgc + erp + ma + lm + map-v + jcm + laf + kb + ajs + lms + adni + sk + gl
0.0971,0.04,0.357,rs35055419,,,,,SNP[effect allele].,CSF tau.Beta (SE),CSFA β 42.P,eas + aa + eur,meta-analysis + meta-analyses,impute2 v2.3.2 + shapeit v2.790 + 1000 genomes project,genotyping + imputation,blood pressure + bmi + type 2 diabetes + ldl cholesterol + alzheimers disease,rm + jqt + rcp + vm-yl + jlh + am + ag + biocard + vmvd + mr + pldj + hz + adrc + jk + afdn + ro + adgc + erp + ma + lm + map-v + jcm + laf + kb + ajs + lms + adni + sk + gl
7.62e-10,0.04,0.357,rs35055419,,,,,SNP[effect allele].,CSF tau.Beta (SE),CSF ptau 181.P,eas + aa + eur,meta-analysis + meta-analyses,impute2 v2.3.2 + shapeit v2.790 + 1000 genomes project,genotyping + imputation,blood pressure + bmi + type 2 diabetes + ldl cholesterol + alzheimers disease,rm + jqt + rcp + vm-yl + jlh + am + ag + biocard + vmvd + mr + pldj + hz + adrc + jk + afdn + ro + adgc + erp + ma + lm + map-v + jcm + laf + kb + ajs + lms + adni + sk + gl
3.07e-11,0.04,0.357,rs35055419,,,,,SNP[effect allele].,CSF tau.Beta (SE),CSF tau.P,eas + aa + eur,meta-analysis + meta-analyses,impute2 v2.3.2 + shapeit v2.790 + 1000 genomes project,genotyping + imputation,blood pressure + bmi + type 2 diabetes + ldl cholesterol + alzheimers disease,rm + jqt + rcp + vm-yl + jlh + am + ag + biocard + vmvd + mr + pldj + hz + adrc + jk + afdn + ro + adgc + erp + ma + lm + map-v + jcm + laf + kb + ajs + lms + adni + sk + gl
0.294,0.007,0.125,rs514716,,,,,SNP[effect allele].,CSFA β 42.Beta (SE),CSFA β 42.P,eas + aa + eur,meta-analysis + meta-analyses,impute2 v2.3.2 + shapeit v2.790 + 1000 genomes project,genotyping + imputation,blood pressure + bmi + type 2 diabetes + ldl cholesterol + alzheimers disease,rm + jqt + rcp + vm-yl + jlh + am + ag + biocard + vmvd + mr + pldj + hz + adrc + jk + afdn + ro + adgc + erp + ma + lm + map-v + jcm + laf + kb + ajs + lms + adni + sk + gl
2.94e-08,0.007,0.125,rs514716,,,,,SNP[effect allele].,CSFA β 42.Beta (SE),CSF ptau 181.P,eas + aa + eur,meta-analysis + meta-analyses,impute2 v2.3.2 + shapeit v2.790 + 1000 genomes project,genotyping + imputation,blood pressure + bmi + type 2 diabetes + ldl cholesterol + alzheimers disease,rm + jqt + rcp + vm-yl + jlh + am + ag + biocard + vmvd + mr + pldj + hz + adrc + jk + afdn + ro + adgc + erp + ma + lm + map-v + jcm + laf + kb + ajs + lms + adni + sk + gl
1.36e-06,0.007,0.125,rs514716,,,,,SNP[effect allele].,CSFA β 42.Beta (SE),CSF tau.P,eas + aa + eur,meta-analysis + meta-analyses,impute2 v2.3.2 + shapeit v2.790 + 1000 genomes project,genotyping + imputation,blood pressure + bmi + type 2 diabetes + ldl cholesterol + alzheimers disease,rm + jqt + rcp + vm-yl + jlh + am + ag + biocard + vmvd + mr + pldj + hz + adrc + jk + afdn + ro + adgc + erp + ma + lm + map-v + jcm + laf + kb + ajs + lms + adni + sk + gl
0.294,0.049,0.125,rs514716,,,,,SNP[effect allele].,CSF ptau 181.Beta (SE),CSFA β 42.P,eas + aa + eur,meta-analysis + meta-analyses,impute2 v2.3.2 + shapeit v2.790 + 1000 genomes project,genotyping + imputation,blood pressure + bmi + type 2 diabetes + ldl cholesterol + alzheimers disease,rm + jqt + rcp + vm-yl + jlh + am + ag + biocard + vmvd + mr + pldj + hz + adrc + jk + afdn + ro + adgc + erp + ma + lm + map-v + jcm + laf + kb + ajs + lms + adni + sk + gl
2.94e-08,0.049,0.125,rs514716,,,,,SNP[effect allele].,CSF ptau 181.Beta (SE),CSF ptau 181.P,eas + aa + eur,meta-analysis + meta-analyses,impute2 v2.3.2 + shapeit v2.790 + 1000 genomes project,genotyping + imputation,blood pressure + bmi + type 2 diabetes + ldl cholesterol + alzheimers disease,rm + jqt + rcp + vm-yl + jlh + am + ag + biocard + vmvd + mr + pldj + hz + adrc + jk + afdn + ro + adgc + erp + ma + lm + map-v + jcm + laf + kb + ajs + lms + adni + sk + gl
1.36e-06,0.049,0.125,rs514716,,,,,SNP[effect allele].,CSF ptau 181.Beta (SE),CSF tau.P,eas + aa + eur,meta-analysis + meta-analyses,impute2 v2.3.2 + shapeit v2.790 + 1000 genomes project,genotyping + imputation,blood pressure + bmi + type 2 diabetes + ldl cholesterol + alzheimers disease,rm + jqt + rcp + vm-yl + jlh + am + ag + biocard + vmvd + mr + pldj + hz + adrc + jk + afdn + ro + adgc + erp + ma + lm + map-v + jcm + laf + kb + ajs + lms + adni + sk + gl
0.294,0.044,0.125,rs514716,,,,,SNP[effect allele].,CSF tau.Beta (SE),CSFA β 42.P,eas + aa + eur,meta-analysis + meta-analyses,impute2 v2.3.2 + shapeit v2.790 + 1000 genomes project,genotyping + imputation,blood pressure + bmi + type 2 diabetes + ldl cholesterol + alzheimers disease,rm + jqt + rcp + vm-yl + jlh + am + ag + biocard + vmvd + mr + pldj + hz + adrc + jk + afdn + ro + adgc + erp + ma + lm + map-v + jcm + laf + kb + ajs + lms + adni + sk + gl
2.94e-08,0.044,0.125,rs514716,,,,,SNP[effect allele].,CSF tau.Beta (SE),CSF ptau 181.P,eas + aa + eur,meta-analysis + meta-analyses,impute2 v2.3.2 + shapeit v2.790 + 1000 genomes project,genotyping + imputation,blood pressure + bmi + type 2 diabetes + ldl cholesterol + alzheimers disease,rm + jqt + rcp + vm-yl + jlh + am + ag + biocard + vmvd + mr + pldj + hz + adrc + jk + afdn + ro + adgc + erp + ma + lm + map-v + jcm + laf + kb + ajs + lms + adni + sk + gl
1.36e-06,0.044,0.125,rs514716,,,,,SNP[effect allele].,CSF tau.Beta (SE),CSF tau.P,eas + aa + eur,meta-analysis + meta-analyses,impute2 v2.3.2 + shapeit v2.790 + 1000 genomes project,genotyping + imputation,blood pressure + bmi + type 2 diabetes + ldl cholesterol + alzheimers disease,rm + jqt + rcp + vm-yl + jlh + am + ag + biocard + vmvd + mr + pldj + hz + adrc + jk + afdn + ro + adgc + erp + ma + lm + map-v + jcm + laf + kb + ajs + lms + adni + sk + gl
0.0,0.101,0.191,rs769449,,,,,SNP[effect allele].,CSFA β 42.Beta (SE),CSFA β 42.P,eas + aa + eur,meta-analysis + meta-analyses,impute2 v2.3.2 + shapeit v2.790 + 1000 genomes project,genotyping + imputation,blood pressure + bmi + type 2 diabetes + ldl cholesterol + alzheimers disease,rm + jqt + rcp + vm-yl + jlh + am + ag + biocard + vmvd + mr + pldj + hz + adrc + jk + afdn + ro + adgc + erp + ma + lm + map-v + jcm + laf + kb + ajs + lms + adni + sk + gl
0.0,0.101,0.191,rs769449,,,,,SNP[effect allele].,CSFA β 42.Beta (SE),CSF ptau 181.P,eas + aa + eur,meta-analysis + meta-analyses,impute2 v2.3.2 + shapeit v2.790 + 1000 genomes project,genotyping + imputation,blood pressure + bmi + type 2 diabetes + ldl cholesterol + alzheimers disease,rm + jqt + rcp + vm-yl + jlh + am + ag + biocard + vmvd + mr + pldj + hz + adrc + jk + afdn + ro + adgc + erp + ma + lm + map-v + jcm + laf + kb + ajs + lms + adni + sk + gl
0.0,0.101,0.191,rs769449,,,,,SNP[effect allele].,CSFA β 42.Beta (SE),CSF tau.P,eas + aa + eur,meta-analysis + meta-analyses,impute2 v2.3.2 + shapeit v2.790 + 1000 genomes project,genotyping + imputation,blood pressure + bmi + type 2 diabetes + ldl cholesterol + alzheimers disease,rm + jqt + rcp + vm-yl + jlh + am + ag + biocard + vmvd + mr + pldj + hz + adrc + jk + afdn + ro + adgc + erp + ma + lm + map-v + jcm + laf + kb + ajs + lms + adni + sk + gl
0.0,0.079,0.191,rs769449,,,,,SNP[effect allele].,CSF ptau 181.Beta (SE),CSFA β 42.P,eas + aa + eur,meta-analysis + meta-analyses,impute2 v2.3.2 + shapeit v2.790 + 1000 genomes project,genotyping + imputation,blood pressure + bmi + type 2 diabetes + ldl cholesterol + alzheimers disease,rm + jqt + rcp + vm-yl + jlh + am + ag + biocard + vmvd + mr + pldj + hz + adrc + jk + afdn + ro + adgc + erp + ma + lm + map-v + jcm + laf + kb + ajs + lms + adni + sk + gl
0.0,0.079,0.191,rs769449,,,,,SNP[effect allele].,CSF ptau 181.Beta (SE),CSF ptau 181.P,eas + aa + eur,meta-analysis + meta-analyses,impute2 v2.3.2 + shapeit v2.790 + 1000 genomes project,genotyping + imputation,blood pressure + bmi + type 2 diabetes + ldl cholesterol + alzheimers disease,rm + jqt + rcp + vm-yl + jlh + am + ag + biocard + vmvd + mr + pldj + hz + adrc + jk + afdn + ro + adgc + erp + ma + lm + map-v + jcm + laf + kb + ajs + lms + adni + sk + gl
0.0,0.079,0.191,rs769449,,,,,SNP[effect allele].,CSF ptau 181.Beta (SE),CSF tau.P,eas + aa + eur,meta-analysis + meta-analyses,impute2 v2.3.2 + shapeit v2.790 + 1000 genomes project,genotyping + imputation,blood pressure + bmi + type 2 diabetes + ldl cholesterol + alzheimers disease,rm + jqt + rcp + vm-yl + jlh + am + ag + biocard + vmvd + mr + pldj + hz + adrc + jk + afdn + ro + adgc + erp + ma + lm + map-v + jcm + laf + kb + ajs + lms + adni + sk + gl
0.0,0.078,0.191,rs769449,,,,,SNP[effect allele].,CSF tau.Beta (SE),CSFA β 42.P,eas + aa + eur,meta-analysis + meta-analyses,impute2 v2.3.2 + shapeit v2.790 + 1000 genomes project,genotyping + imputation,blood pressure + bmi + type 2 diabetes + ldl cholesterol + alzheimers disease,rm + jqt + rcp + vm-yl + jlh + am + ag + biocard + vmvd + mr + pldj + hz + adrc + jk + afdn + ro + adgc + erp + ma + lm + map-v + jcm + laf + kb + ajs + lms + adni + sk + gl
0.0,0.078,0.191,rs769449,,,,,SNP[effect allele].,CSF tau.Beta (SE),CSF ptau 181.P,eas + aa + eur,meta-analysis + meta-analyses,impute2 v2.3.2 + shapeit v2.790 + 1000 genomes project,genotyping + imputation,blood pressure + bmi + type 2 diabetes + ldl cholesterol + alzheimers disease,rm + jqt + rcp + vm-yl + jlh + am + ag + biocard + vmvd + mr + pldj + hz + adrc + jk + afdn + ro + adgc + erp + ma + lm + map-v + jcm + laf + kb + ajs + lms + adni + sk + gl
0.0,0.078,0.191,rs769449,,,,,SNP[effect allele].,CSF tau.Beta (SE),CSF tau.P,eas + aa + eur,meta-analysis + meta-analyses,impute2 v2.3.2 + shapeit v2.790 + 1000 genomes project,genotyping + imputation,blood pressure + bmi + type 2 diabetes + ldl cholesterol + alzheimers disease,rm + jqt + rcp + vm-yl + jlh + am + ag + biocard + vmvd + mr + pldj + hz + adrc + jk + afdn + ro + adgc + erp + ma + lm + map-v + jcm + laf + kb + ajs + lms + adni + sk + gl
2.08e-08,0.059,0.042,rs185031519,,,,,,CSF levels n = 3146.β,CSF levels n = 3146.P,eas + aa + eur,meta-analysis + meta-analyses,impute2 v2.3.2 + shapeit v2.790 + 1000 genomes project,genotyping + imputation,blood pressure + bmi + type 2 diabetes + ldl cholesterol + alzheimers disease,rm + jqt + rcp + vm-yl + jlh + am + ag + biocard + vmvd + mr + pldj + hz + adrc + jk + afdn + ro + adgc + erp + ma + lm + map-v + jcm + laf + kb + ajs + lms + adni + sk + gl
0.0343,0.059,0.042,rs185031519,,,,,,CSF levels n = 3146.β,"AD risk [48] n = 74,026.P",eas + aa + eur,meta-analysis + meta-analyses,impute2 v2.3.2 + shapeit v2.790 + 1000 genomes project,genotyping + imputation,blood pressure + bmi + type 2 diabetes + ldl cholesterol + alzheimers disease,rm + jqt + rcp + vm-yl + jlh + am + ag + biocard + vmvd + mr + pldj + hz + adrc + jk + afdn + ro + adgc + erp + ma + lm + map-v + jcm + laf + kb + ajs + lms + adni + sk + gl
0.0192,0.059,0.042,rs185031519,,,,,,CSF levels n = 3146.β,Progression n = 1530.P,eas + aa + eur,meta-analysis + meta-analyses,impute2 v2.3.2 + shapeit v2.790 + 1000 genomes project,genotyping + imputation,blood pressure + bmi + type 2 diabetes + ldl cholesterol + alzheimers disease,rm + jqt + rcp + vm-yl + jlh + am + ag + biocard + vmvd + mr + pldj + hz + adrc + jk + afdn + ro + adgc + erp + ma + lm + map-v + jcm + laf + kb + ajs + lms + adni + sk + gl
0.615,0.059,0.042,rs185031519,,,,,,CSF levels n = 3146.β,"AAO n = 39,855.P",eas + aa + eur,meta-analysis + meta-analyses,impute2 v2.3.2 + shapeit v2.790 + 1000 genomes project,genotyping + imputation,blood pressure + bmi + type 2 diabetes + ldl cholesterol + alzheimers disease,rm + jqt + rcp + vm-yl + jlh + am + ag + biocard + vmvd + mr + pldj + hz + adrc + jk + afdn + ro + adgc + erp + ma + lm + map-v + jcm + laf + kb + ajs + lms + adni + sk + gl
1.76e-08,0.025,0.301,rs316341,,,,,,CSF levels n = 3146.β,CSF levels n = 3146.P,eas + aa + eur,meta-analysis + meta-analyses,impute2 v2.3.2 + shapeit v2.790 + 1000 genomes project,genotyping + imputation,blood pressure + bmi + type 2 diabetes + ldl cholesterol + alzheimers disease,rm + jqt + rcp + vm-yl + jlh + am + ag + biocard + vmvd + mr + pldj + hz + adrc + jk + afdn + ro + adgc + erp + ma + lm + map-v + jcm + laf + kb + ajs + lms + adni + sk + gl
,0.025,0.301,rs316341,,,,,,CSF levels n = 3146.β,"AD risk [48] n = 74,026.P",eas + aa + eur,meta-analysis + meta-analyses,impute2 v2.3.2 + shapeit v2.790 + 1000 genomes project,genotyping + imputation,blood pressure + bmi + type 2 diabetes + ldl cholesterol + alzheimers disease,rm + jqt + rcp + vm-yl + jlh + am + ag + biocard + vmvd + mr + pldj + hz + adrc + jk + afdn + ro + adgc + erp + ma + lm + map-v + jcm + laf + kb + ajs + lms + adni + sk + gl
0.277,0.025,0.301,rs316341,,,,,,CSF levels n = 3146.β,Progression n = 1530.P,eas + aa + eur,meta-analysis + meta-analyses,impute2 v2.3.2 + shapeit v2.790 + 1000 genomes project,genotyping + imputation,blood pressure + bmi + type 2 diabetes + ldl cholesterol + alzheimers disease,rm + jqt + rcp + vm-yl + jlh + am + ag + biocard + vmvd + mr + pldj + hz + adrc + jk + afdn + ro + adgc + erp + ma + lm + map-v + jcm + laf + kb + ajs + lms + adni + sk + gl
0.00462,0.025,0.301,rs316341,,,,,,CSF levels n = 3146.β,"AAO n = 39,855.P",eas + aa + eur,meta-analysis + meta-analyses,impute2 v2.3.2 + shapeit v2.790 + 1000 genomes project,genotyping + imputation,blood pressure + bmi + type 2 diabetes + ldl cholesterol + alzheimers disease,rm + jqt + rcp + vm-yl + jlh + am + ag + biocard + vmvd + mr + pldj + hz + adrc + jk + afdn + ro + adgc + erp + ma + lm + map-v + jcm + laf + kb + ajs + lms + adni + sk + gl
0.0,0.101,0.184,rs769449,,,,,,CSF levels n = 3146.β,CSF levels n = 3146.P,eas + aa + eur,meta-analysis + meta-analyses,impute2 v2.3.2 + shapeit v2.790 + 1000 genomes project,genotyping + imputation,blood pressure + bmi + type 2 diabetes + ldl cholesterol + alzheimers disease,rm + jqt + rcp + vm-yl + jlh + am + ag + biocard + vmvd + mr + pldj + hz + adrc + jk + afdn + ro + adgc + erp + ma + lm + map-v + jcm + laf + kb + ajs + lms + adni + sk + gl
0.0,0.101,0.184,rs769449,,,,,,CSF levels n = 3146.β,"AD risk [48] n = 74,026.P",eas + aa + eur,meta-analysis + meta-analyses,impute2 v2.3.2 + shapeit v2.790 + 1000 genomes project,genotyping + imputation,blood pressure + bmi + type 2 diabetes + ldl cholesterol + alzheimers disease,rm + jqt + rcp + vm-yl + jlh + am + ag + biocard + vmvd + mr + pldj + hz + adrc + jk + afdn + ro + adgc + erp + ma + lm + map-v + jcm + laf + kb + ajs + lms + adni + sk + gl
0.0842,0.101,0.184,rs769449,,,,,,CSF levels n = 3146.β,Progression n = 1530.P,eas + aa + eur,meta-analysis + meta-analyses,impute2 v2.3.2 + shapeit v2.790 + 1000 genomes project,genotyping + imputation,blood pressure + bmi + type 2 diabetes + ldl cholesterol + alzheimers disease,rm + jqt + rcp + vm-yl + jlh + am + ag + biocard + vmvd + mr + pldj + hz + adrc + jk + afdn + ro + adgc + erp + ma + lm + map-v + jcm + laf + kb + ajs + lms + adni + sk + gl
0.0,0.101,0.184,rs769449,,,,,,CSF levels n = 3146.β,"AAO n = 39,855.P",eas + aa + eur,meta-analysis + meta-analyses,impute2 v2.3.2 + shapeit v2.790 + 1000 genomes project,genotyping + imputation,blood pressure + bmi + type 2 diabetes + ldl cholesterol + alzheimers disease,rm + jqt + rcp + vm-yl + jlh + am + ag + biocard + vmvd + mr + pldj + hz + adrc + jk + afdn + ro + adgc + erp + ma + lm + map-v + jcm + laf + kb + ajs + lms + adni + sk + gl
7.62e-10,0.035,0.357,rs35055419,,,,,,CSF levels n = 3146.β,CSF levels n = 3146.P,eas + aa + eur,meta-analysis + meta-analyses,impute2 v2.3.2 + shapeit v2.790 + 1000 genomes project,genotyping + imputation,blood pressure + bmi + type 2 diabetes + ldl cholesterol + alzheimers disease,rm + jqt + rcp + vm-yl + jlh + am + ag + biocard + vmvd + mr + pldj + hz + adrc + jk + afdn + ro + adgc + erp + ma + lm + map-v + jcm + laf + kb + ajs + lms + adni + sk + gl
0.00908,0.035,0.357,rs35055419,,,,,,CSF levels n = 3146.β,"AD risk [48] n = 74,026.P",eas + aa + eur,meta-analysis + meta-analyses,impute2 v2.3.2 + shapeit v2.790 + 1000 genomes project,genotyping + imputation,blood pressure + bmi + type 2 diabetes + ldl cholesterol + alzheimers disease,rm + jqt + rcp + vm-yl + jlh + am + ag + biocard + vmvd + mr + pldj + hz + adrc + jk + afdn + ro + adgc + erp + ma + lm + map-v + jcm + laf + kb + ajs + lms + adni + sk + gl
0.525,0.035,0.357,rs35055419,,,,,,CSF levels n = 3146.β,Progression n = 1530.P,eas + aa + eur,meta-analysis + meta-analyses,impute2 v2.3.2 + shapeit v2.790 + 1000 genomes project,genotyping + imputation,blood pressure + bmi + type 2 diabetes + ldl cholesterol + alzheimers disease,rm + jqt + rcp + vm-yl + jlh + am + ag + biocard + vmvd + mr + pldj + hz + adrc + jk + afdn + ro + adgc + erp + ma + lm + map-v + jcm + laf + kb + ajs + lms + adni + sk + gl
,0.035,0.357,rs35055419,,,,,,CSF levels n = 3146.β,"AAO n = 39,855.P",eas + aa + eur,meta-analysis + meta-analyses,impute2 v2.3.2 + shapeit v2.790 + 1000 genomes project,genotyping + imputation,blood pressure + bmi + type 2 diabetes + ldl cholesterol + alzheimers disease,rm + jqt + rcp + vm-yl + jlh + am + ag + biocard + vmvd + mr + pldj + hz + adrc + jk + afdn + ro + adgc + erp + ma + lm + map-v + jcm + laf + kb + ajs + lms + adni + sk + gl
2.94e-08,0.049,0.125,rs514716,,,,,,CSF levels n = 3146.β,CSF levels n = 3146.P,eas + aa + eur,meta-analysis + meta-analyses,impute2 v2.3.2 + shapeit v2.790 + 1000 genomes project,genotyping + imputation,blood pressure + bmi + type 2 diabetes + ldl cholesterol + alzheimers disease,rm + jqt + rcp + vm-yl + jlh + am + ag + biocard + vmvd + mr + pldj + hz + adrc + jk + afdn + ro + adgc + erp + ma + lm + map-v + jcm + laf + kb + ajs + lms + adni + sk + gl
0.0505,0.049,0.125,rs514716,,,,,,CSF levels n = 3146.β,"AD risk [48] n = 74,026.P",eas + aa + eur,meta-analysis + meta-analyses,impute2 v2.3.2 + shapeit v2.790 + 1000 genomes project,genotyping + imputation,blood pressure + bmi + type 2 diabetes + ldl cholesterol + alzheimers disease,rm + jqt + rcp + vm-yl + jlh + am + ag + biocard + vmvd + mr + pldj + hz + adrc + jk + afdn + ro + adgc + erp + ma + lm + map-v + jcm + laf + kb + ajs + lms + adni + sk + gl
0.666,0.049,0.125,rs514716,,,,,,CSF levels n = 3146.β,Progression n = 1530.P,eas + aa + eur,meta-analysis + meta-analyses,impute2 v2.3.2 + shapeit v2.790 + 1000 genomes project,genotyping + imputation,blood pressure + bmi + type 2 diabetes + ldl cholesterol + alzheimers disease,rm + jqt + rcp + vm-yl + jlh + am + ag + biocard + vmvd + mr + pldj + hz + adrc + jk + afdn + ro + adgc + erp + ma + lm + map-v + jcm + laf + kb + ajs + lms + adni + sk + gl
0.0145,0.049,0.125,rs514716,,,,,,CSF levels n = 3146.β,"AAO n = 39,855.P",eas + aa + eur,meta-analysis + meta-analyses,impute2 v2.3.2 + shapeit v2.790 + 1000 genomes project,genotyping + imputation,blood pressure + bmi + type 2 diabetes + ldl cholesterol + alzheimers disease,rm + jqt + rcp + vm-yl + jlh + am + ag + biocard + vmvd + mr + pldj + hz + adrc + jk + afdn + ro + adgc + erp + ma + lm + map-v + jcm + laf + kb + ajs + lms + adni + sk + gl
5.95e-09,0.061,0.069,rs9527039,,,,,,CSF levels n = 3146.β,CSF levels n = 3146.P,eas + aa + eur,meta-analysis + meta-analyses,impute2 v2.3.2 + shapeit v2.790 + 1000 genomes project,genotyping + imputation,blood pressure + bmi + type 2 diabetes + ldl cholesterol + alzheimers disease,rm + jqt + rcp + vm-yl + jlh + am + ag + biocard + vmvd + mr + pldj + hz + adrc + jk + afdn + ro + adgc + erp + ma + lm + map-v + jcm + laf + kb + ajs + lms + adni + sk + gl
0.822,0.061,0.069,rs9527039,,,,,,CSF levels n = 3146.β,"AD risk [48] n = 74,026.P",eas + aa + eur,meta-analysis + meta-analyses,impute2 v2.3.2 + shapeit v2.790 + 1000 genomes project,genotyping + imputation,blood pressure + bmi + type 2 diabetes + ldl cholesterol + alzheimers disease,rm + jqt + rcp + vm-yl + jlh + am + ag + biocard + vmvd + mr + pldj + hz + adrc + jk + afdn + ro + adgc + erp + ma + lm + map-v + jcm + laf + kb + ajs + lms + adni + sk + gl
0.425,0.061,0.069,rs9527039,,,,,,CSF levels n = 3146.β,Progression n = 1530.P,eas + aa + eur,meta-analysis + meta-analyses,impute2 v2.3.2 + shapeit v2.790 + 1000 genomes project,genotyping + imputation,blood pressure + bmi + type 2 diabetes + ldl cholesterol + alzheimers disease,rm + jqt + rcp + vm-yl + jlh + am + ag + biocard + vmvd + mr + pldj + hz + adrc + jk + afdn + ro + adgc + erp + ma + lm + map-v + jcm + laf + kb + ajs + lms + adni + sk + gl
0.403,0.061,0.069,rs9527039,,,,,,CSF levels n = 3146.β,"AAO n = 39,855.P",eas + aa + eur,meta-analysis + meta-analyses,impute2 v2.3.2 + shapeit v2.790 + 1000 genomes project,genotyping + imputation,blood pressure + bmi + type 2 diabetes + ldl cholesterol + alzheimers disease,rm + jqt + rcp + vm-yl + jlh + am + ag + biocard + vmvd + mr + pldj + hz + adrc + jk + afdn + ro + adgc + erp + ma + lm + map-v + jcm + laf + kb + ajs + lms + adni + sk + gl
5.12e-10,0.05,0.155,rs12961169,,,,,,CSF levels n = 3146.β,CSF levels n = 3146.P,eas + aa + eur,meta-analysis + meta-analyses,impute2 v2.3.2 + shapeit v2.790 + 1000 genomes project,genotyping + imputation,blood pressure + bmi + type 2 diabetes + ldl cholesterol + alzheimers disease,rm + jqt + rcp + vm-yl + jlh + am + ag + biocard + vmvd + mr + pldj + hz + adrc + jk + afdn + ro + adgc + erp + ma + lm + map-v + jcm + laf + kb + ajs + lms + adni + sk + gl
0.193,0.05,0.155,rs12961169,,,,,,CSF levels n = 3146.β,"AD risk [48] n = 74,026.P",eas + aa + eur,meta-analysis + meta-analyses,impute2 v2.3.2 + shapeit v2.790 + 1000 genomes project,genotyping + imputation,blood pressure + bmi + type 2 diabetes + ldl cholesterol + alzheimers disease,rm + jqt + rcp + vm-yl + jlh + am + ag + biocard + vmvd + mr + pldj + hz + adrc + jk + afdn + ro + adgc + erp + ma + lm + map-v + jcm + laf + kb + ajs + lms + adni + sk + gl
0.0934,0.05,0.155,rs12961169,,,,,,CSF levels n = 3146.β,Progression n = 1530.P,eas + aa + eur,meta-analysis + meta-analyses,impute2 v2.3.2 + shapeit v2.790 + 1000 genomes project,genotyping + imputation,blood pressure + bmi + type 2 diabetes + ldl cholesterol + alzheimers disease,rm + jqt + rcp + vm-yl + jlh + am + ag + biocard + vmvd + mr + pldj + hz + adrc + jk + afdn + ro + adgc + erp + ma + lm + map-v + jcm + laf + kb + ajs + lms + adni + sk + gl
0.249,0.05,0.155,rs12961169,,,,,,CSF levels n = 3146.β,"AAO n = 39,855.P",eas + aa + eur,meta-analysis + meta-analyses,impute2 v2.3.2 + shapeit v2.790 + 1000 genomes project,genotyping + imputation,blood pressure + bmi + type 2 diabetes + ldl cholesterol + alzheimers disease,rm + jqt + rcp + vm-yl + jlh + am + ag + biocard + vmvd + mr + pldj + hz + adrc + jk + afdn + ro + adgc + erp + ma + lm + map-v + jcm + laf + kb + ajs + lms + adni + sk + gl
0.0,0.079,0.184,rs769449,,,,,,CSF levels n = 3146.β,CSF levels n = 3146.P,eas + aa + eur,meta-analysis + meta-analyses,impute2 v2.3.2 + shapeit v2.790 + 1000 genomes project,genotyping + imputation,blood pressure + bmi + type 2 diabetes + ldl cholesterol + alzheimers disease,rm + jqt + rcp + vm-yl + jlh + am + ag + biocard + vmvd + mr + pldj + hz + adrc + jk + afdn + ro + adgc + erp + ma + lm + map-v + jcm + laf + kb + ajs + lms + adni + sk + gl
0.0,0.079,0.184,rs769449,,,,,,CSF levels n = 3146.β,"AD risk [48] n = 74,026.P",eas + aa + eur,meta-analysis + meta-analyses,impute2 v2.3.2 + shapeit v2.790 + 1000 genomes project,genotyping + imputation,blood pressure + bmi + type 2 diabetes + ldl cholesterol + alzheimers disease,rm + jqt + rcp + vm-yl + jlh + am + ag + biocard + vmvd + mr + pldj + hz + adrc + jk + afdn + ro + adgc + erp + ma + lm + map-v + jcm + laf + kb + ajs + lms + adni + sk + gl
0.0842,0.079,0.184,rs769449,,,,,,CSF levels n = 3146.β,Progression n = 1530.P,eas + aa + eur,meta-analysis + meta-analyses,impute2 v2.3.2 + shapeit v2.790 + 1000 genomes project,genotyping + imputation,blood pressure + bmi + type 2 diabetes + ldl cholesterol + alzheimers disease,rm + jqt + rcp + vm-yl + jlh + am + ag + biocard + vmvd + mr + pldj + hz + adrc + jk + afdn + ro + adgc + erp + ma + lm + map-v + jcm + laf + kb + ajs + lms + adni + sk + gl
0.0,0.079,0.184,rs769449,,,,,,CSF levels n = 3146.β,"AAO n = 39,855.P",eas + aa + eur,meta-analysis + meta-analyses,impute2 v2.3.2 + shapeit v2.790 + 1000 genomes project,genotyping + imputation,blood pressure + bmi + type 2 diabetes + ldl cholesterol + alzheimers disease,rm + jqt + rcp + vm-yl + jlh + am + ag + biocard + vmvd + mr + pldj + hz + adrc + jk + afdn + ro + adgc + erp + ma + lm + map-v + jcm + laf + kb + ajs + lms + adni + sk + gl
2.08e-08,1.105,0.042,rs185031519,,,,,,"AD risk [48] n = 74,026.OR",CSF levels n = 3146.P,eas + aa + eur,meta-analysis + meta-analyses,impute2 v2.3.2 + shapeit v2.790 + 1000 genomes project,genotyping + imputation,blood pressure + bmi + type 2 diabetes + ldl cholesterol + alzheimers disease,rm + jqt + rcp + vm-yl + jlh + am + ag + biocard + vmvd + mr + pldj + hz + adrc + jk + afdn + ro + adgc + erp + ma + lm + map-v + jcm + laf + kb + ajs + lms + adni + sk + gl
0.0343,1.105,0.042,rs185031519,,,,,,"AD risk [48] n = 74,026.OR","AD risk [48] n = 74,026.P",eas + aa + eur,meta-analysis + meta-analyses,impute2 v2.3.2 + shapeit v2.790 + 1000 genomes project,genotyping + imputation,blood pressure + bmi + type 2 diabetes + ldl cholesterol + alzheimers disease,rm + jqt + rcp + vm-yl + jlh + am + ag + biocard + vmvd + mr + pldj + hz + adrc + jk + afdn + ro + adgc + erp + ma + lm + map-v + jcm + laf + kb + ajs + lms + adni + sk + gl
0.0192,1.105,0.042,rs185031519,,,,,,"AD risk [48] n = 74,026.OR",Progression n = 1530.P,eas + aa + eur,meta-analysis + meta-analyses,impute2 v2.3.2 + shapeit v2.790 + 1000 genomes project,genotyping + imputation,blood pressure + bmi + type 2 diabetes + ldl cholesterol + alzheimers disease,rm + jqt + rcp + vm-yl + jlh + am + ag + biocard + vmvd + mr + pldj + hz + adrc + jk + afdn + ro + adgc + erp + ma + lm + map-v + jcm + laf + kb + ajs + lms + adni + sk + gl
0.615,1.105,0.042,rs185031519,,,,,,"AD risk [48] n = 74,026.OR","AAO n = 39,855.P",eas + aa + eur,meta-analysis + meta-analyses,impute2 v2.3.2 + shapeit v2.790 + 1000 genomes project,genotyping + imputation,blood pressure + bmi + type 2 diabetes + ldl cholesterol + alzheimers disease,rm + jqt + rcp + vm-yl + jlh + am + ag + biocard + vmvd + mr + pldj + hz + adrc + jk + afdn + ro + adgc + erp + ma + lm + map-v + jcm + laf + kb + ajs + lms + adni + sk + gl
1.76e-08,1.025,0.301,rs316341,,,,,,"AD risk [48] n = 74,026.OR",CSF levels n = 3146.P,eas + aa + eur,meta-analysis + meta-analyses,impute2 v2.3.2 + shapeit v2.790 + 1000 genomes project,genotyping + imputation,blood pressure + bmi + type 2 diabetes + ldl cholesterol + alzheimers disease,rm + jqt + rcp + vm-yl + jlh + am + ag + biocard + vmvd + mr + pldj + hz + adrc + jk + afdn + ro + adgc + erp + ma + lm + map-v + jcm + laf + kb + ajs + lms + adni + sk + gl
,1.025,0.301,rs316341,,,,,,"AD risk [48] n = 74,026.OR","AD risk [48] n = 74,026.P",eas + aa + eur,meta-analysis + meta-analyses,impute2 v2.3.2 + shapeit v2.790 + 1000 genomes project,genotyping + imputation,blood pressure + bmi + type 2 diabetes + ldl cholesterol + alzheimers disease,rm + jqt + rcp + vm-yl + jlh + am + ag + biocard + vmvd + mr + pldj + hz + adrc + jk + afdn + ro + adgc + erp + ma + lm + map-v + jcm + laf + kb + ajs + lms + adni + sk + gl
0.277,1.025,0.301,rs316341,,,,,,"AD risk [48] n = 74,026.OR",Progression n = 1530.P,eas + aa + eur,meta-analysis + meta-analyses,impute2 v2.3.2 + shapeit v2.790 + 1000 genomes project,genotyping + imputation,blood pressure + bmi + type 2 diabetes + ldl cholesterol + alzheimers disease,rm + jqt + rcp + vm-yl + jlh + am + ag + biocard + vmvd + mr + pldj + hz + adrc + jk + afdn + ro + adgc + erp + ma + lm + map-v + jcm + laf + kb + ajs + lms + adni + sk + gl
0.00462,1.025,0.301,rs316341,,,,,,"AD risk [48] n = 74,026.OR","AAO n = 39,855.P",eas + aa + eur,meta-analysis + meta-analyses,impute2 v2.3.2 + shapeit v2.790 + 1000 genomes project,genotyping + imputation,blood pressure + bmi + type 2 diabetes + ldl cholesterol + alzheimers disease,rm + jqt + rcp + vm-yl + jlh + am + ag + biocard + vmvd + mr + pldj + hz + adrc + jk + afdn + ro + adgc + erp + ma + lm + map-v + jcm + laf + kb + ajs + lms + adni + sk + gl
0.0,3.522,0.184,rs769449,,,,,,"AD risk [48] n = 74,026.OR",CSF levels n = 3146.P,eas + aa + eur,meta-analysis + meta-analyses,impute2 v2.3.2 + shapeit v2.790 + 1000 genomes project,genotyping + imputation,blood pressure + bmi + type 2 diabetes + ldl cholesterol + alzheimers disease,rm + jqt + rcp + vm-yl + jlh + am + ag + biocard + vmvd + mr + pldj + hz + adrc + jk + afdn + ro + adgc + erp + ma + lm + map-v + jcm + laf + kb + ajs + lms + adni + sk + gl
0.0,3.522,0.184,rs769449,,,,,,"AD risk [48] n = 74,026.OR","AD risk [48] n = 74,026.P",eas + aa + eur,meta-analysis + meta-analyses,impute2 v2.3.2 + shapeit v2.790 + 1000 genomes project,genotyping + imputation,blood pressure + bmi + type 2 diabetes + ldl cholesterol + alzheimers disease,rm + jqt + rcp + vm-yl + jlh + am + ag + biocard + vmvd + mr + pldj + hz + adrc + jk + afdn + ro + adgc + erp + ma + lm + map-v + jcm + laf + kb + ajs + lms + adni + sk + gl
0.0842,3.522,0.184,rs769449,,,,,,"AD risk [48] n = 74,026.OR",Progression n = 1530.P,eas + aa + eur,meta-analysis + meta-analyses,impute2 v2.3.2 + shapeit v2.790 + 1000 genomes project,genotyping + imputation,blood pressure + bmi + type 2 diabetes + ldl cholesterol + alzheimers disease,rm + jqt + rcp + vm-yl + jlh + am + ag + biocard + vmvd + mr + pldj + hz + adrc + jk + afdn + ro + adgc + erp + ma + lm + map-v + jcm + laf + kb + ajs + lms + adni + sk + gl
0.0,3.522,0.184,rs769449,,,,,,"AD risk [48] n = 74,026.OR","AAO n = 39,855.P",eas + aa + eur,meta-analysis + meta-analyses,impute2 v2.3.2 + shapeit v2.790 + 1000 genomes project,genotyping + imputation,blood pressure + bmi + type 2 diabetes + ldl cholesterol + alzheimers disease,rm + jqt + rcp + vm-yl + jlh + am + ag + biocard + vmvd + mr + pldj + hz + adrc + jk + afdn + ro + adgc + erp + ma + lm + map-v + jcm + laf + kb + ajs + lms + adni + sk + gl
7.62e-10,1.044,0.357,rs35055419,,,,,,"AD risk [48] n = 74,026.OR",CSF levels n = 3146.P,eas + aa + eur,meta-analysis + meta-analyses,impute2 v2.3.2 + shapeit v2.790 + 1000 genomes project,genotyping + imputation,blood pressure + bmi + type 2 diabetes + ldl cholesterol + alzheimers disease,rm + jqt + rcp + vm-yl + jlh + am + ag + biocard + vmvd + mr + pldj + hz + adrc + jk + afdn + ro + adgc + erp + ma + lm + map-v + jcm + laf + kb + ajs + lms + adni + sk + gl
0.00908,1.044,0.357,rs35055419,,,,,,"AD risk [48] n = 74,026.OR","AD risk [48] n = 74,026.P",eas + aa + eur,meta-analysis + meta-analyses,impute2 v2.3.2 + shapeit v2.790 + 1000 genomes project,genotyping + imputation,blood pressure + bmi + type 2 diabetes + ldl cholesterol + alzheimers disease,rm + jqt + rcp + vm-yl + jlh + am + ag + biocard + vmvd + mr + pldj + hz + adrc + jk + afdn + ro + adgc + erp + ma + lm + map-v + jcm + laf + kb + ajs + lms + adni + sk + gl
0.525,1.044,0.357,rs35055419,,,,,,"AD risk [48] n = 74,026.OR",Progression n = 1530.P,eas + aa + eur,meta-analysis + meta-analyses,impute2 v2.3.2 + shapeit v2.790 + 1000 genomes project,genotyping + imputation,blood pressure + bmi + type 2 diabetes + ldl cholesterol + alzheimers disease,rm + jqt + rcp + vm-yl + jlh + am + ag + biocard + vmvd + mr + pldj + hz + adrc + jk + afdn + ro + adgc + erp + ma + lm + map-v + jcm + laf + kb + ajs + lms + adni + sk + gl
,1.044,0.357,rs35055419,,,,,,"AD risk [48] n = 74,026.OR","AAO n = 39,855.P",eas + aa + eur,meta-analysis + meta-analyses,impute2 v2.3.2 + shapeit v2.790 + 1000 genomes project,genotyping + imputation,blood pressure + bmi + type 2 diabetes + ldl cholesterol + alzheimers disease,rm + jqt + rcp + vm-yl + jlh + am + ag + biocard + vmvd + mr + pldj + hz + adrc + jk + afdn + ro + adgc + erp + ma + lm + map-v + jcm + laf + kb + ajs + lms + adni + sk + gl
2.94e-08,0.954,0.125,rs514716,,,,,,"AD risk [48] n = 74,026.OR",CSF levels n = 3146.P,eas + aa + eur,meta-analysis + meta-analyses,impute2 v2.3.2 + shapeit v2.790 + 1000 genomes project,genotyping + imputation,blood pressure + bmi + type 2 diabetes + ldl cholesterol + alzheimers disease,rm + jqt + rcp + vm-yl + jlh + am + ag + biocard + vmvd + mr + pldj + hz + adrc + jk + afdn + ro + adgc + erp + ma + lm + map-v + jcm + laf + kb + ajs + lms + adni + sk + gl
0.0505,0.954,0.125,rs514716,,,,,,"AD risk [48] n = 74,026.OR","AD risk [48] n = 74,026.P",eas + aa + eur,meta-analysis + meta-analyses,impute2 v2.3.2 + shapeit v2.790 + 1000 genomes project,genotyping + imputation,blood pressure + bmi + type 2 diabetes + ldl cholesterol + alzheimers disease,rm + jqt + rcp + vm-yl + jlh + am + ag + biocard + vmvd + mr + pldj + hz + adrc + jk + afdn + ro + adgc + erp + ma + lm + map-v + jcm + laf + kb + ajs + lms + adni + sk + gl
0.666,0.954,0.125,rs514716,,,,,,"AD risk [48] n = 74,026.OR",Progression n = 1530.P,eas + aa + eur,meta-analysis + meta-analyses,impute2 v2.3.2 + shapeit v2.790 + 1000 genomes project,genotyping + imputation,blood pressure + bmi + type 2 diabetes + ldl cholesterol + alzheimers disease,rm + jqt + rcp + vm-yl + jlh + am + ag + biocard + vmvd + mr + pldj + hz + adrc + jk + afdn + ro + adgc + erp + ma + lm + map-v + jcm + laf + kb + ajs + lms + adni + sk + gl
0.0145,0.954,0.125,rs514716,,,,,,"AD risk [48] n = 74,026.OR","AAO n = 39,855.P",eas + aa + eur,meta-analysis + meta-analyses,impute2 v2.3.2 + shapeit v2.790 + 1000 genomes project,genotyping + imputation,blood pressure + bmi + type 2 diabetes + ldl cholesterol + alzheimers disease,rm + jqt + rcp + vm-yl + jlh + am + ag + biocard + vmvd + mr + pldj + hz + adrc + jk + afdn + ro + adgc + erp + ma + lm + map-v + jcm + laf + kb + ajs + lms + adni + sk + gl
5.95e-09,0.993,0.069,rs9527039,,,,,,"AD risk [48] n = 74,026.OR",CSF levels n = 3146.P,eas + aa + eur,meta-analysis + meta-analyses,impute2 v2.3.2 + shapeit v2.790 + 1000 genomes project,genotyping + imputation,blood pressure + bmi + type 2 diabetes + ldl cholesterol + alzheimers disease,rm + jqt + rcp + vm-yl + jlh + am + ag + biocard + vmvd + mr + pldj + hz + adrc + jk + afdn + ro + adgc + erp + ma + lm + map-v + jcm + laf + kb + ajs + lms + adni + sk + gl
0.822,0.993,0.069,rs9527039,,,,,,"AD risk [48] n = 74,026.OR","AD risk [48] n = 74,026.P",eas + aa + eur,meta-analysis + meta-analyses,impute2 v2.3.2 + shapeit v2.790 + 1000 genomes project,genotyping + imputation,blood pressure + bmi + type 2 diabetes + ldl cholesterol + alzheimers disease,rm + jqt + rcp + vm-yl + jlh + am + ag + biocard + vmvd + mr + pldj + hz + adrc + jk + afdn + ro + adgc + erp + ma + lm + map-v + jcm + laf + kb + ajs + lms + adni + sk + gl
0.425,0.993,0.069,rs9527039,,,,,,"AD risk [48] n = 74,026.OR",Progression n = 1530.P,eas + aa + eur,meta-analysis + meta-analyses,impute2 v2.3.2 + shapeit v2.790 + 1000 genomes project,genotyping + imputation,blood pressure + bmi + type 2 diabetes + ldl cholesterol + alzheimers disease,rm + jqt + rcp + vm-yl + jlh + am + ag + biocard + vmvd + mr + pldj + hz + adrc + jk + afdn + ro + adgc + erp + ma + lm + map-v + jcm + laf + kb + ajs + lms + adni + sk + gl
0.403,0.993,0.069,rs9527039,,,,,,"AD risk [48] n = 74,026.OR","AAO n = 39,855.P",eas + aa + eur,meta-analysis + meta-analyses,impute2 v2.3.2 + shapeit v2.790 + 1000 genomes project,genotyping + imputation,blood pressure + bmi + type 2 diabetes + ldl cholesterol + alzheimers disease,rm + jqt + rcp + vm-yl + jlh + am + ag + biocard + vmvd + mr + pldj + hz + adrc + jk + afdn + ro + adgc + erp + ma + lm + map-v + jcm + laf + kb + ajs + lms + adni + sk + gl
5.12e-10,1.033,0.155,rs12961169,,,,,,"AD risk [48] n = 74,026.OR",CSF levels n = 3146.P,eas + aa + eur,meta-analysis + meta-analyses,impute2 v2.3.2 + shapeit v2.790 + 1000 genomes project,genotyping + imputation,blood pressure + bmi + type 2 diabetes + ldl cholesterol + alzheimers disease,rm + jqt + rcp + vm-yl + jlh + am + ag + biocard + vmvd + mr + pldj + hz + adrc + jk + afdn + ro + adgc + erp + ma + lm + map-v + jcm + laf + kb + ajs + lms + adni + sk + gl
0.193,1.033,0.155,rs12961169,,,,,,"AD risk [48] n = 74,026.OR","AD risk [48] n = 74,026.P",eas + aa + eur,meta-analysis + meta-analyses,impute2 v2.3.2 + shapeit v2.790 + 1000 genomes project,genotyping + imputation,blood pressure + bmi + type 2 diabetes + ldl cholesterol + alzheimers disease,rm + jqt + rcp + vm-yl + jlh + am + ag + biocard + vmvd + mr + pldj + hz + adrc + jk + afdn + ro + adgc + erp + ma + lm + map-v + jcm + laf + kb + ajs + lms + adni + sk + gl
0.0934,1.033,0.155,rs12961169,,,,,,"AD risk [48] n = 74,026.OR",Progression n = 1530.P,eas + aa + eur,meta-analysis + meta-analyses,impute2 v2.3.2 + shapeit v2.790 + 1000 genomes project,genotyping + imputation,blood pressure + bmi + type 2 diabetes + ldl cholesterol + alzheimers disease,rm + jqt + rcp + vm-yl + jlh + am + ag + biocard + vmvd + mr + pldj + hz + adrc + jk + afdn + ro + adgc + erp + ma + lm + map-v + jcm + laf + kb + ajs + lms + adni + sk + gl
0.249,1.033,0.155,rs12961169,,,,,,"AD risk [48] n = 74,026.OR","AAO n = 39,855.P",eas + aa + eur,meta-analysis + meta-analyses,impute2 v2.3.2 + shapeit v2.790 + 1000 genomes project,genotyping + imputation,blood pressure + bmi + type 2 diabetes + ldl cholesterol + alzheimers disease,rm + jqt + rcp + vm-yl + jlh + am + ag + biocard + vmvd + mr + pldj + hz + adrc + jk + afdn + ro + adgc + erp + ma + lm + map-v + jcm + laf + kb + ajs + lms + adni + sk + gl
0.0,3.522,0.184,rs769449,,,,,,"AD risk [48] n = 74,026.OR",CSF levels n = 3146.P,eas + aa + eur,meta-analysis + meta-analyses,impute2 v2.3.2 + shapeit v2.790 + 1000 genomes project,genotyping + imputation,blood pressure + bmi + type 2 diabetes + ldl cholesterol + alzheimers disease,rm + jqt + rcp + vm-yl + jlh + am + ag + biocard + vmvd + mr + pldj + hz + adrc + jk + afdn + ro + adgc + erp + ma + lm + map-v + jcm + laf + kb + ajs + lms + adni + sk + gl
0.0,3.522,0.184,rs769449,,,,,,"AD risk [48] n = 74,026.OR","AD risk [48] n = 74,026.P",eas + aa + eur,meta-analysis + meta-analyses,impute2 v2.3.2 + shapeit v2.790 + 1000 genomes project,genotyping + imputation,blood pressure + bmi + type 2 diabetes + ldl cholesterol + alzheimers disease,rm + jqt + rcp + vm-yl + jlh + am + ag + biocard + vmvd + mr + pldj + hz + adrc + jk + afdn + ro + adgc + erp + ma + lm + map-v + jcm + laf + kb + ajs + lms + adni + sk + gl
0.0842,3.522,0.184,rs769449,,,,,,"AD risk [48] n = 74,026.OR",Progression n = 1530.P,eas + aa + eur,meta-analysis + meta-analyses,impute2 v2.3.2 + shapeit v2.790 + 1000 genomes project,genotyping + imputation,blood pressure + bmi + type 2 diabetes + ldl cholesterol + alzheimers disease,rm + jqt + rcp + vm-yl + jlh + am + ag + biocard + vmvd + mr + pldj + hz + adrc + jk + afdn + ro + adgc + erp + ma + lm + map-v + jcm + laf + kb + ajs + lms + adni + sk + gl
0.0,3.522,0.184,rs769449,,,,,,"AD risk [48] n = 74,026.OR","AAO n = 39,855.P",eas + aa + eur,meta-analysis + meta-analyses,impute2 v2.3.2 + shapeit v2.790 + 1000 genomes project,genotyping + imputation,blood pressure + bmi + type 2 diabetes + ldl cholesterol + alzheimers disease,rm + jqt + rcp + vm-yl + jlh + am + ag + biocard + vmvd + mr + pldj + hz + adrc + jk + afdn + ro + adgc + erp + ma + lm + map-v + jcm + laf + kb + ajs + lms + adni + sk + gl
2.08e-08,0.277,0.042,rs185031519,,,,,,Progression n = 1530.β,CSF levels n = 3146.P,eas + aa + eur,meta-analysis + meta-analyses,impute2 v2.3.2 + shapeit v2.790 + 1000 genomes project,genotyping + imputation,blood pressure + bmi + type 2 diabetes + ldl cholesterol + alzheimers disease,rm + jqt + rcp + vm-yl + jlh + am + ag + biocard + vmvd + mr + pldj + hz + adrc + jk + afdn + ro + adgc + erp + ma + lm + map-v + jcm + laf + kb + ajs + lms + adni + sk + gl
0.0343,0.277,0.042,rs185031519,,,,,,Progression n = 1530.β,"AD risk [48] n = 74,026.P",eas + aa + eur,meta-analysis + meta-analyses,impute2 v2.3.2 + shapeit v2.790 + 1000 genomes project,genotyping + imputation,blood pressure + bmi + type 2 diabetes + ldl cholesterol + alzheimers disease,rm + jqt + rcp + vm-yl + jlh + am + ag + biocard + vmvd + mr + pldj + hz + adrc + jk + afdn + ro + adgc + erp + ma + lm + map-v + jcm + laf + kb + ajs + lms + adni + sk + gl
0.0192,0.277,0.042,rs185031519,,,,,,Progression n = 1530.β,Progression n = 1530.P,eas + aa + eur,meta-analysis + meta-analyses,impute2 v2.3.2 + shapeit v2.790 + 1000 genomes project,genotyping + imputation,blood pressure + bmi + type 2 diabetes + ldl cholesterol + alzheimers disease,rm + jqt + rcp + vm-yl + jlh + am + ag + biocard + vmvd + mr + pldj + hz + adrc + jk + afdn + ro + adgc + erp + ma + lm + map-v + jcm + laf + kb + ajs + lms + adni + sk + gl
0.615,0.277,0.042,rs185031519,,,,,,Progression n = 1530.β,"AAO n = 39,855.P",eas + aa + eur,meta-analysis + meta-analyses,impute2 v2.3.2 + shapeit v2.790 + 1000 genomes project,genotyping + imputation,blood pressure + bmi + type 2 diabetes + ldl cholesterol + alzheimers disease,rm + jqt + rcp + vm-yl + jlh + am + ag + biocard + vmvd + mr + pldj + hz + adrc + jk + afdn + ro + adgc + erp + ma + lm + map-v + jcm + laf + kb + ajs + lms + adni + sk + gl
1.76e-08,0.048,0.301,rs316341,,,,,,Progression n = 1530.β,CSF levels n = 3146.P,eas + aa + eur,meta-analysis + meta-analyses,impute2 v2.3.2 + shapeit v2.790 + 1000 genomes project,genotyping + imputation,blood pressure + bmi + type 2 diabetes + ldl cholesterol + alzheimers disease,rm + jqt + rcp + vm-yl + jlh + am + ag + biocard + vmvd + mr + pldj + hz + adrc + jk + afdn + ro + adgc + erp + ma + lm + map-v + jcm + laf + kb + ajs + lms + adni + sk + gl
,0.048,0.301,rs316341,,,,,,Progression n = 1530.β,"AD risk [48] n = 74,026.P",eas + aa + eur,meta-analysis + meta-analyses,impute2 v2.3.2 + shapeit v2.790 + 1000 genomes project,genotyping + imputation,blood pressure + bmi + type 2 diabetes + ldl cholesterol + alzheimers disease,rm + jqt + rcp + vm-yl + jlh + am + ag + biocard + vmvd + mr + pldj + hz + adrc + jk + afdn + ro + adgc + erp + ma + lm + map-v + jcm + laf + kb + ajs + lms + adni + sk + gl
0.277,0.048,0.301,rs316341,,,,,,Progression n = 1530.β,Progression n = 1530.P,eas + aa + eur,meta-analysis + meta-analyses,impute2 v2.3.2 + shapeit v2.790 + 1000 genomes project,genotyping + imputation,blood pressure + bmi + type 2 diabetes + ldl cholesterol + alzheimers disease,rm + jqt + rcp + vm-yl + jlh + am + ag + biocard + vmvd + mr + pldj + hz + adrc + jk + afdn + ro + adgc + erp + ma + lm + map-v + jcm + laf + kb + ajs + lms + adni + sk + gl
0.00462,0.048,0.301,rs316341,,,,,,Progression n = 1530.β,"AAO n = 39,855.P",eas + aa + eur,meta-analysis + meta-analyses,impute2 v2.3.2 + shapeit v2.790 + 1000 genomes project,genotyping + imputation,blood pressure + bmi + type 2 diabetes + ldl cholesterol + alzheimers disease,rm + jqt + rcp + vm-yl + jlh + am + ag + biocard + vmvd + mr + pldj + hz + adrc + jk + afdn + ro + adgc + erp + ma + lm + map-v + jcm + laf + kb + ajs + lms + adni + sk + gl
0.0,0.078,0.184,rs769449,,,,,,Progression n = 1530.β,CSF levels n = 3146.P,eas + aa + eur,meta-analysis + meta-analyses,impute2 v2.3.2 + shapeit v2.790 + 1000 genomes project,genotyping + imputation,blood pressure + bmi + type 2 diabetes + ldl cholesterol + alzheimers disease,rm + jqt + rcp + vm-yl + jlh + am + ag + biocard + vmvd + mr + pldj + hz + adrc + jk + afdn + ro + adgc + erp + ma + lm + map-v + jcm + laf + kb + ajs + lms + adni + sk + gl
0.0,0.078,0.184,rs769449,,,,,,Progression n = 1530.β,"AD risk [48] n = 74,026.P",eas + aa + eur,meta-analysis + meta-analyses,impute2 v2.3.2 + shapeit v2.790 + 1000 genomes project,genotyping + imputation,blood pressure + bmi + type 2 diabetes + ldl cholesterol + alzheimers disease,rm + jqt + rcp + vm-yl + jlh + am + ag + biocard + vmvd + mr + pldj + hz + adrc + jk + afdn + ro + adgc + erp + ma + lm + map-v + jcm + laf + kb + ajs + lms + adni + sk + gl
0.0842,0.078,0.184,rs769449,,,,,,Progression n = 1530.β,Progression n = 1530.P,eas + aa + eur,meta-analysis + meta-analyses,impute2 v2.3.2 + shapeit v2.790 + 1000 genomes project,genotyping + imputation,blood pressure + bmi + type 2 diabetes + ldl cholesterol + alzheimers disease,rm + jqt + rcp + vm-yl + jlh + am + ag + biocard + vmvd + mr + pldj + hz + adrc + jk + afdn + ro + adgc + erp + ma + lm + map-v + jcm + laf + kb + ajs + lms + adni + sk + gl
0.0,0.078,0.184,rs769449,,,,,,Progression n = 1530.β,"AAO n = 39,855.P",eas + aa + eur,meta-analysis + meta-analyses,impute2 v2.3.2 + shapeit v2.790 + 1000 genomes project,genotyping + imputation,blood pressure + bmi + type 2 diabetes + ldl cholesterol + alzheimers disease,rm + jqt + rcp + vm-yl + jlh + am + ag + biocard + vmvd + mr + pldj + hz + adrc + jk + afdn + ro + adgc + erp + ma + lm + map-v + jcm + laf + kb + ajs + lms + adni + sk + gl
7.62e-10,0.027,0.357,rs35055419,,,,,,Progression n = 1530.β,CSF levels n = 3146.P,eas + aa + eur,meta-analysis + meta-analyses,impute2 v2.3.2 + shapeit v2.790 + 1000 genomes project,genotyping + imputation,blood pressure + bmi + type 2 diabetes + ldl cholesterol + alzheimers disease,rm + jqt + rcp + vm-yl + jlh + am + ag + biocard + vmvd + mr + pldj + hz + adrc + jk + afdn + ro + adgc + erp + ma + lm + map-v + jcm + laf + kb + ajs + lms + adni + sk + gl
0.00908,0.027,0.357,rs35055419,,,,,,Progression n = 1530.β,"AD risk [48] n = 74,026.P",eas + aa + eur,meta-analysis + meta-analyses,impute2 v2.3.2 + shapeit v2.790 + 1000 genomes project,genotyping + imputation,blood pressure + bmi + type 2 diabetes + ldl cholesterol + alzheimers disease,rm + jqt + rcp + vm-yl + jlh + am + ag + biocard + vmvd + mr + pldj + hz + adrc + jk + afdn + ro + adgc + erp + ma + lm + map-v + jcm + laf + kb + ajs + lms + adni + sk + gl
0.525,0.027,0.357,rs35055419,,,,,,Progression n = 1530.β,Progression n = 1530.P,eas + aa + eur,meta-analysis + meta-analyses,impute2 v2.3.2 + shapeit v2.790 + 1000 genomes project,genotyping + imputation,blood pressure + bmi + type 2 diabetes + ldl cholesterol + alzheimers disease,rm + jqt + rcp + vm-yl + jlh + am + ag + biocard + vmvd + mr + pldj + hz + adrc + jk + afdn + ro + adgc + erp + ma + lm + map-v + jcm + laf + kb + ajs + lms + adni + sk + gl
,0.027,0.357,rs35055419,,,,,,Progression n = 1530.β,"AAO n = 39,855.P",eas + aa + eur,meta-analysis + meta-analyses,impute2 v2.3.2 + shapeit v2.790 + 1000 genomes project,genotyping + imputation,blood pressure + bmi + type 2 diabetes + ldl cholesterol + alzheimers disease,rm + jqt + rcp + vm-yl + jlh + am + ag + biocard + vmvd + mr + pldj + hz + adrc + jk + afdn + ro + adgc + erp + ma + lm + map-v + jcm + laf + kb + ajs + lms + adni + sk + gl
2.94e-08,0.029,0.125,rs514716,,,,,,Progression n = 1530.β,CSF levels n = 3146.P,eas + aa + eur,meta-analysis + meta-analyses,impute2 v2.3.2 + shapeit v2.790 + 1000 genomes project,genotyping + imputation,blood pressure + bmi + type 2 diabetes + ldl cholesterol + alzheimers disease,rm + jqt + rcp + vm-yl + jlh + am + ag + biocard + vmvd + mr + pldj + hz + adrc + jk + afdn + ro + adgc + erp + ma + lm + map-v + jcm + laf + kb + ajs + lms + adni + sk + gl
0.0505,0.029,0.125,rs514716,,,,,,Progression n = 1530.β,"AD risk [48] n = 74,026.P",eas + aa + eur,meta-analysis + meta-analyses,impute2 v2.3.2 + shapeit v2.790 + 1000 genomes project,genotyping + imputation,blood pressure + bmi + type 2 diabetes + ldl cholesterol + alzheimers disease,rm + jqt + rcp + vm-yl + jlh + am + ag + biocard + vmvd + mr + pldj + hz + adrc + jk + afdn + ro + adgc + erp + ma + lm + map-v + jcm + laf + kb + ajs + lms + adni + sk + gl
0.666,0.029,0.125,rs514716,,,,,,Progression n = 1530.β,Progression n = 1530.P,eas + aa + eur,meta-analysis + meta-analyses,impute2 v2.3.2 + shapeit v2.790 + 1000 genomes project,genotyping + imputation,blood pressure + bmi + type 2 diabetes + ldl cholesterol + alzheimers disease,rm + jqt + rcp + vm-yl + jlh + am + ag + biocard + vmvd + mr + pldj + hz + adrc + jk + afdn + ro + adgc + erp + ma + lm + map-v + jcm + laf + kb + ajs + lms + adni + sk + gl
0.0145,0.029,0.125,rs514716,,,,,,Progression n = 1530.β,"AAO n = 39,855.P",eas + aa + eur,meta-analysis + meta-analyses,impute2 v2.3.2 + shapeit v2.790 + 1000 genomes project,genotyping + imputation,blood pressure + bmi + type 2 diabetes + ldl cholesterol + alzheimers disease,rm + jqt + rcp + vm-yl + jlh + am + ag + biocard + vmvd + mr + pldj + hz + adrc + jk + afdn + ro + adgc + erp + ma + lm + map-v + jcm + laf + kb + ajs + lms + adni + sk + gl
5.95e-09,0.069,0.069,rs9527039,,,,,,Progression n = 1530.β,CSF levels n = 3146.P,eas + aa + eur,meta-analysis + meta-analyses,impute2 v2.3.2 + shapeit v2.790 + 1000 genomes project,genotyping + imputation,blood pressure + bmi + type 2 diabetes + ldl cholesterol + alzheimers disease,rm + jqt + rcp + vm-yl + jlh + am + ag + biocard + vmvd + mr + pldj + hz + adrc + jk + afdn + ro + adgc + erp + ma + lm + map-v + jcm + laf + kb + ajs + lms + adni + sk + gl
0.822,0.069,0.069,rs9527039,,,,,,Progression n = 1530.β,"AD risk [48] n = 74,026.P",eas + aa + eur,meta-analysis + meta-analyses,impute2 v2.3.2 + shapeit v2.790 + 1000 genomes project,genotyping + imputation,blood pressure + bmi + type 2 diabetes + ldl cholesterol + alzheimers disease,rm + jqt + rcp + vm-yl + jlh + am + ag + biocard + vmvd + mr + pldj + hz + adrc + jk + afdn + ro + adgc + erp + ma + lm + map-v + jcm + laf + kb + ajs + lms + adni + sk + gl
0.425,0.069,0.069,rs9527039,,,,,,Progression n = 1530.β,Progression n = 1530.P,eas + aa + eur,meta-analysis + meta-analyses,impute2 v2.3.2 + shapeit v2.790 + 1000 genomes project,genotyping + imputation,blood pressure + bmi + type 2 diabetes + ldl cholesterol + alzheimers disease,rm + jqt + rcp + vm-yl + jlh + am + ag + biocard + vmvd + mr + pldj + hz + adrc + jk + afdn + ro + adgc + erp + ma + lm + map-v + jcm + laf + kb + ajs + lms + adni + sk + gl
0.403,0.069,0.069,rs9527039,,,,,,Progression n = 1530.β,"AAO n = 39,855.P",eas + aa + eur,meta-analysis + meta-analyses,impute2 v2.3.2 + shapeit v2.790 + 1000 genomes project,genotyping + imputation,blood pressure + bmi + type 2 diabetes + ldl cholesterol + alzheimers disease,rm + jqt + rcp + vm-yl + jlh + am + ag + biocard + vmvd + mr + pldj + hz + adrc + jk + afdn + ro + adgc + erp + ma + lm + map-v + jcm + laf + kb + ajs + lms + adni + sk + gl
5.12e-10,0.119,0.155,rs12961169,,,,,,Progression n = 1530.β,CSF levels n = 3146.P,eas + aa + eur,meta-analysis + meta-analyses,impute2 v2.3.2 + shapeit v2.790 + 1000 genomes project,genotyping + imputation,blood pressure + bmi + type 2 diabetes + ldl cholesterol + alzheimers disease,rm + jqt + rcp + vm-yl + jlh + am + ag + biocard + vmvd + mr + pldj + hz + adrc + jk + afdn + ro + adgc + erp + ma + lm + map-v + jcm + laf + kb + ajs + lms + adni + sk + gl
0.193,0.119,0.155,rs12961169,,,,,,Progression n = 1530.β,"AD risk [48] n = 74,026.P",eas + aa + eur,meta-analysis + meta-analyses,impute2 v2.3.2 + shapeit v2.790 + 1000 genomes project,genotyping + imputation,blood pressure + bmi + type 2 diabetes + ldl cholesterol + alzheimers disease,rm + jqt + rcp + vm-yl + jlh + am + ag + biocard + vmvd + mr + pldj + hz + adrc + jk + afdn + ro + adgc + erp + ma + lm + map-v + jcm + laf + kb + ajs + lms + adni + sk + gl
0.0934,0.119,0.155,rs12961169,,,,,,Progression n = 1530.β,Progression n = 1530.P,eas + aa + eur,meta-analysis + meta-analyses,impute2 v2.3.2 + shapeit v2.790 + 1000 genomes project,genotyping + imputation,blood pressure + bmi + type 2 diabetes + ldl cholesterol + alzheimers disease,rm + jqt + rcp + vm-yl + jlh + am + ag + biocard + vmvd + mr + pldj + hz + adrc + jk + afdn + ro + adgc + erp + ma + lm + map-v + jcm + laf + kb + ajs + lms + adni + sk + gl
0.249,0.119,0.155,rs12961169,,,,,,Progression n = 1530.β,"AAO n = 39,855.P",eas + aa + eur,meta-analysis + meta-analyses,impute2 v2.3.2 + shapeit v2.790 + 1000 genomes project,genotyping + imputation,blood pressure + bmi + type 2 diabetes + ldl cholesterol + alzheimers disease,rm + jqt + rcp + vm-yl + jlh + am + ag + biocard + vmvd + mr + pldj + hz + adrc + jk + afdn + ro + adgc + erp + ma + lm + map-v + jcm + laf + kb + ajs + lms + adni + sk + gl
0.0,0.078,0.184,rs769449,,,,,,Progression n = 1530.β,CSF levels n = 3146.P,eas + aa + eur,meta-analysis + meta-analyses,impute2 v2.3.2 + shapeit v2.790 + 1000 genomes project,genotyping + imputation,blood pressure + bmi + type 2 diabetes + ldl cholesterol + alzheimers disease,rm + jqt + rcp + vm-yl + jlh + am + ag + biocard + vmvd + mr + pldj + hz + adrc + jk + afdn + ro + adgc + erp + ma + lm + map-v + jcm + laf + kb + ajs + lms + adni + sk + gl
0.0,0.078,0.184,rs769449,,,,,,Progression n = 1530.β,"AD risk [48] n = 74,026.P",eas + aa + eur,meta-analysis + meta-analyses,impute2 v2.3.2 + shapeit v2.790 + 1000 genomes project,genotyping + imputation,blood pressure + bmi + type 2 diabetes + ldl cholesterol + alzheimers disease,rm + jqt + rcp + vm-yl + jlh + am + ag + biocard + vmvd + mr + pldj + hz + adrc + jk + afdn + ro + adgc + erp + ma + lm + map-v + jcm + laf + kb + ajs + lms + adni + sk + gl
0.0842,0.078,0.184,rs769449,,,,,,Progression n = 1530.β,Progression n = 1530.P,eas + aa + eur,meta-analysis + meta-analyses,impute2 v2.3.2 + shapeit v2.790 + 1000 genomes project,genotyping + imputation,blood pressure + bmi + type 2 diabetes + ldl cholesterol + alzheimers disease,rm + jqt + rcp + vm-yl + jlh + am + ag + biocard + vmvd + mr + pldj + hz + adrc + jk + afdn + ro + adgc + erp + ma + lm + map-v + jcm + laf + kb + ajs + lms + adni + sk + gl
0.0,0.078,0.184,rs769449,,,,,,Progression n = 1530.β,"AAO n = 39,855.P",eas + aa + eur,meta-analysis + meta-analyses,impute2 v2.3.2 + shapeit v2.790 + 1000 genomes project,genotyping + imputation,blood pressure + bmi + type 2 diabetes + ldl cholesterol + alzheimers disease,rm + jqt + rcp + vm-yl + jlh + am + ag + biocard + vmvd + mr + pldj + hz + adrc + jk + afdn + ro + adgc + erp + ma + lm + map-v + jcm + laf + kb + ajs + lms + adni + sk + gl
2.08e-08,0.032,0.042,rs185031519,,,,,,"AAO n = 39,855.β",CSF levels n = 3146.P,eas + aa + eur,meta-analysis + meta-analyses,impute2 v2.3.2 + shapeit v2.790 + 1000 genomes project,genotyping + imputation,blood pressure + bmi + type 2 diabetes + ldl cholesterol + alzheimers disease,rm + jqt + rcp + vm-yl + jlh + am + ag + biocard + vmvd + mr + pldj + hz + adrc + jk + afdn + ro + adgc + erp + ma + lm + map-v + jcm + laf + kb + ajs + lms + adni + sk + gl
0.0343,0.032,0.042,rs185031519,,,,,,"AAO n = 39,855.β","AD risk [48] n = 74,026.P",eas + aa + eur,meta-analysis + meta-analyses,impute2 v2.3.2 + shapeit v2.790 + 1000 genomes project,genotyping + imputation,blood pressure + bmi + type 2 diabetes + ldl cholesterol + alzheimers disease,rm + jqt + rcp + vm-yl + jlh + am + ag + biocard + vmvd + mr + pldj + hz + adrc + jk + afdn + ro + adgc + erp + ma + lm + map-v + jcm + laf + kb + ajs + lms + adni + sk + gl
0.0192,0.032,0.042,rs185031519,,,,,,"AAO n = 39,855.β",Progression n = 1530.P,eas + aa + eur,meta-analysis + meta-analyses,impute2 v2.3.2 + shapeit v2.790 + 1000 genomes project,genotyping + imputation,blood pressure + bmi + type 2 diabetes + ldl cholesterol + alzheimers disease,rm + jqt + rcp + vm-yl + jlh + am + ag + biocard + vmvd + mr + pldj + hz + adrc + jk + afdn + ro + adgc + erp + ma + lm + map-v + jcm + laf + kb + ajs + lms + adni + sk + gl
0.615,0.032,0.042,rs185031519,,,,,,"AAO n = 39,855.β","AAO n = 39,855.P",eas + aa + eur,meta-analysis + meta-analyses,impute2 v2.3.2 + shapeit v2.790 + 1000 genomes project,genotyping + imputation,blood pressure + bmi + type 2 diabetes + ldl cholesterol + alzheimers disease,rm + jqt + rcp + vm-yl + jlh + am + ag + biocard + vmvd + mr + pldj + hz + adrc + jk + afdn + ro + adgc + erp + ma + lm + map-v + jcm + laf + kb + ajs + lms + adni + sk + gl
1.76e-08,0.043,0.301,rs316341,,,,,,"AAO n = 39,855.β",CSF levels n = 3146.P,eas + aa + eur,meta-analysis + meta-analyses,impute2 v2.3.2 + shapeit v2.790 + 1000 genomes project,genotyping + imputation,blood pressure + bmi + type 2 diabetes + ldl cholesterol + alzheimers disease,rm + jqt + rcp + vm-yl + jlh + am + ag + biocard + vmvd + mr + pldj + hz + adrc + jk + afdn + ro + adgc + erp + ma + lm + map-v + jcm + laf + kb + ajs + lms + adni + sk + gl
,0.043,0.301,rs316341,,,,,,"AAO n = 39,855.β","AD risk [48] n = 74,026.P",eas + aa + eur,meta-analysis + meta-analyses,impute2 v2.3.2 + shapeit v2.790 + 1000 genomes project,genotyping + imputation,blood pressure + bmi + type 2 diabetes + ldl cholesterol + alzheimers disease,rm + jqt + rcp + vm-yl + jlh + am + ag + biocard + vmvd + mr + pldj + hz + adrc + jk + afdn + ro + adgc + erp + ma + lm + map-v + jcm + laf + kb + ajs + lms + adni + sk + gl
0.277,0.043,0.301,rs316341,,,,,,"AAO n = 39,855.β",Progression n = 1530.P,eas + aa + eur,meta-analysis + meta-analyses,impute2 v2.3.2 + shapeit v2.790 + 1000 genomes project,genotyping + imputation,blood pressure + bmi + type 2 diabetes + ldl cholesterol + alzheimers disease,rm + jqt + rcp + vm-yl + jlh + am + ag + biocard + vmvd + mr + pldj + hz + adrc + jk + afdn + ro + adgc + erp + ma + lm + map-v + jcm + laf + kb + ajs + lms + adni + sk + gl
0.00462,0.043,0.301,rs316341,,,,,,"AAO n = 39,855.β","AAO n = 39,855.P",eas + aa + eur,meta-analysis + meta-analyses,impute2 v2.3.2 + shapeit v2.790 + 1000 genomes project,genotyping + imputation,blood pressure + bmi + type 2 diabetes + ldl cholesterol + alzheimers disease,rm + jqt + rcp + vm-yl + jlh + am + ag + biocard + vmvd + mr + pldj + hz + adrc + jk + afdn + ro + adgc + erp + ma + lm + map-v + jcm + laf + kb + ajs + lms + adni + sk + gl
0.0,0.72,0.184,rs769449,,,,,,"AAO n = 39,855.β",CSF levels n = 3146.P,eas + aa + eur,meta-analysis + meta-analyses,impute2 v2.3.2 + shapeit v2.790 + 1000 genomes project,genotyping + imputation,blood pressure + bmi + type 2 diabetes + ldl cholesterol + alzheimers disease,rm + jqt + rcp + vm-yl + jlh + am + ag + biocard + vmvd + mr + pldj + hz + adrc + jk + afdn + ro + adgc + erp + ma + lm + map-v + jcm + laf + kb + ajs + lms + adni + sk + gl
0.0,0.72,0.184,rs769449,,,,,,"AAO n = 39,855.β","AD risk [48] n = 74,026.P",eas + aa + eur,meta-analysis + meta-analyses,impute2 v2.3.2 + shapeit v2.790 + 1000 genomes project,genotyping + imputation,blood pressure + bmi + type 2 diabetes + ldl cholesterol + alzheimers disease,rm + jqt + rcp + vm-yl + jlh + am + ag + biocard + vmvd + mr + pldj + hz + adrc + jk + afdn + ro + adgc + erp + ma + lm + map-v + jcm + laf + kb + ajs + lms + adni + sk + gl
0.0842,0.72,0.184,rs769449,,,,,,"AAO n = 39,855.β",Progression n = 1530.P,eas + aa + eur,meta-analysis + meta-analyses,impute2 v2.3.2 + shapeit v2.790 + 1000 genomes project,genotyping + imputation,blood pressure + bmi + type 2 diabetes + ldl cholesterol + alzheimers disease,rm + jqt + rcp + vm-yl + jlh + am + ag + biocard + vmvd + mr + pldj + hz + adrc + jk + afdn + ro + adgc + erp + ma + lm + map-v + jcm + laf + kb + ajs + lms + adni + sk + gl
0.0,0.72,0.184,rs769449,,,,,,"AAO n = 39,855.β","AAO n = 39,855.P",eas + aa + eur,meta-analysis + meta-analyses,impute2 v2.3.2 + shapeit v2.790 + 1000 genomes project,genotyping + imputation,blood pressure + bmi + type 2 diabetes + ldl cholesterol + alzheimers disease,rm + jqt + rcp + vm-yl + jlh + am + ag + biocard + vmvd + mr + pldj + hz + adrc + jk + afdn + ro + adgc + erp + ma + lm + map-v + jcm + laf + kb + ajs + lms + adni + sk + gl
7.62e-10,0.037,0.357,rs35055419,,,,,,"AAO n = 39,855.β",CSF levels n = 3146.P,eas + aa + eur,meta-analysis + meta-analyses,impute2 v2.3.2 + shapeit v2.790 + 1000 genomes project,genotyping + imputation,blood pressure + bmi + type 2 diabetes + ldl cholesterol + alzheimers disease,rm + jqt + rcp + vm-yl + jlh + am + ag + biocard + vmvd + mr + pldj + hz + adrc + jk + afdn + ro + adgc + erp + ma + lm + map-v + jcm + laf + kb + ajs + lms + adni + sk + gl
0.00908,0.037,0.357,rs35055419,,,,,,"AAO n = 39,855.β","AD risk [48] n = 74,026.P",eas + aa + eur,meta-analysis + meta-analyses,impute2 v2.3.2 + shapeit v2.790 + 1000 genomes project,genotyping + imputation,blood pressure + bmi + type 2 diabetes + ldl cholesterol + alzheimers disease,rm + jqt + rcp + vm-yl + jlh + am + ag + biocard + vmvd + mr + pldj + hz + adrc + jk + afdn + ro + adgc + erp + ma + lm + map-v + jcm + laf + kb + ajs + lms + adni + sk + gl
0.525,0.037,0.357,rs35055419,,,,,,"AAO n = 39,855.β",Progression n = 1530.P,eas + aa + eur,meta-analysis + meta-analyses,impute2 v2.3.2 + shapeit v2.790 + 1000 genomes project,genotyping + imputation,blood pressure + bmi + type 2 diabetes + ldl cholesterol + alzheimers disease,rm + jqt + rcp + vm-yl + jlh + am + ag + biocard + vmvd + mr + pldj + hz + adrc + jk + afdn + ro + adgc + erp + ma + lm + map-v + jcm + laf + kb + ajs + lms + adni + sk + gl
,0.037,0.357,rs35055419,,,,,,"AAO n = 39,855.β","AAO n = 39,855.P",eas + aa + eur,meta-analysis + meta-analyses,impute2 v2.3.2 + shapeit v2.790 + 1000 genomes project,genotyping + imputation,blood pressure + bmi + type 2 diabetes + ldl cholesterol + alzheimers disease,rm + jqt + rcp + vm-yl + jlh + am + ag + biocard + vmvd + mr + pldj + hz + adrc + jk + afdn + ro + adgc + erp + ma + lm + map-v + jcm + laf + kb + ajs + lms + adni + sk + gl
2.94e-08,0.045,0.125,rs514716,,,,,,"AAO n = 39,855.β",CSF levels n = 3146.P,eas + aa + eur,meta-analysis + meta-analyses,impute2 v2.3.2 + shapeit v2.790 + 1000 genomes project,genotyping + imputation,blood pressure + bmi + type 2 diabetes + ldl cholesterol + alzheimers disease,rm + jqt + rcp + vm-yl + jlh + am + ag + biocard + vmvd + mr + pldj + hz + adrc + jk + afdn + ro + adgc + erp + ma + lm + map-v + jcm + laf + kb + ajs + lms + adni + sk + gl
0.0505,0.045,0.125,rs514716,,,,,,"AAO n = 39,855.β","AD risk [48] n = 74,026.P",eas + aa + eur,meta-analysis + meta-analyses,impute2 v2.3.2 + shapeit v2.790 + 1000 genomes project,genotyping + imputation,blood pressure + bmi + type 2 diabetes + ldl cholesterol + alzheimers disease,rm + jqt + rcp + vm-yl + jlh + am + ag + biocard + vmvd + mr + pldj + hz + adrc + jk + afdn + ro + adgc + erp + ma + lm + map-v + jcm + laf + kb + ajs + lms + adni + sk + gl
0.666,0.045,0.125,rs514716,,,,,,"AAO n = 39,855.β",Progression n = 1530.P,eas + aa + eur,meta-analysis + meta-analyses,impute2 v2.3.2 + shapeit v2.790 + 1000 genomes project,genotyping + imputation,blood pressure + bmi + type 2 diabetes + ldl cholesterol + alzheimers disease,rm + jqt + rcp + vm-yl + jlh + am + ag + biocard + vmvd + mr + pldj + hz + adrc + jk + afdn + ro + adgc + erp + ma + lm + map-v + jcm + laf + kb + ajs + lms + adni + sk + gl
0.0145,0.045,0.125,rs514716,,,,,,"AAO n = 39,855.β","AAO n = 39,855.P",eas + aa + eur,meta-analysis + meta-analyses,impute2 v2.3.2 + shapeit v2.790 + 1000 genomes project,genotyping + imputation,blood pressure + bmi + type 2 diabetes + ldl cholesterol + alzheimers disease,rm + jqt + rcp + vm-yl + jlh + am + ag + biocard + vmvd + mr + pldj + hz + adrc + jk + afdn + ro + adgc + erp + ma + lm + map-v + jcm + laf + kb + ajs + lms + adni + sk + gl
5.95e-09,0.02,0.069,rs9527039,,,,,,"AAO n = 39,855.β",CSF levels n = 3146.P,eas + aa + eur,meta-analysis + meta-analyses,impute2 v2.3.2 + shapeit v2.790 + 1000 genomes project,genotyping + imputation,blood pressure + bmi + type 2 diabetes + ldl cholesterol + alzheimers disease,rm + jqt + rcp + vm-yl + jlh + am + ag + biocard + vmvd + mr + pldj + hz + adrc + jk + afdn + ro + adgc + erp + ma + lm + map-v + jcm + laf + kb + ajs + lms + adni + sk + gl
0.822,0.02,0.069,rs9527039,,,,,,"AAO n = 39,855.β","AD risk [48] n = 74,026.P",eas + aa + eur,meta-analysis + meta-analyses,impute2 v2.3.2 + shapeit v2.790 + 1000 genomes project,genotyping + imputation,blood pressure + bmi + type 2 diabetes + ldl cholesterol + alzheimers disease,rm + jqt + rcp + vm-yl + jlh + am + ag + biocard + vmvd + mr + pldj + hz + adrc + jk + afdn + ro + adgc + erp + ma + lm + map-v + jcm + laf + kb + ajs + lms + adni + sk + gl
0.425,0.02,0.069,rs9527039,,,,,,"AAO n = 39,855.β",Progression n = 1530.P,eas + aa + eur,meta-analysis + meta-analyses,impute2 v2.3.2 + shapeit v2.790 + 1000 genomes project,genotyping + imputation,blood pressure + bmi + type 2 diabetes + ldl cholesterol + alzheimers disease,rm + jqt + rcp + vm-yl + jlh + am + ag + biocard + vmvd + mr + pldj + hz + adrc + jk + afdn + ro + adgc + erp + ma + lm + map-v + jcm + laf + kb + ajs + lms + adni + sk + gl
0.403,0.02,0.069,rs9527039,,,,,,"AAO n = 39,855.β","AAO n = 39,855.P",eas + aa + eur,meta-analysis + meta-analyses,impute2 v2.3.2 + shapeit v2.790 + 1000 genomes project,genotyping + imputation,blood pressure + bmi + type 2 diabetes + ldl cholesterol + alzheimers disease,rm + jqt + rcp + vm-yl + jlh + am + ag + biocard + vmvd + mr + pldj + hz + adrc + jk + afdn + ro + adgc + erp + ma + lm + map-v + jcm + laf + kb + ajs + lms + adni + sk + gl
5.12e-10,0.042,0.155,rs12961169,,,,,,"AAO n = 39,855.β",CSF levels n = 3146.P,eas + aa + eur,meta-analysis + meta-analyses,impute2 v2.3.2 + shapeit v2.790 + 1000 genomes project,genotyping + imputation,blood pressure + bmi + type 2 diabetes + ldl cholesterol + alzheimers disease,rm + jqt + rcp + vm-yl + jlh + am + ag + biocard + vmvd + mr + pldj + hz + adrc + jk + afdn + ro + adgc + erp + ma + lm + map-v + jcm + laf + kb + ajs + lms + adni + sk + gl
0.193,0.042,0.155,rs12961169,,,,,,"AAO n = 39,855.β","AD risk [48] n = 74,026.P",eas + aa + eur,meta-analysis + meta-analyses,impute2 v2.3.2 + shapeit v2.790 + 1000 genomes project,genotyping + imputation,blood pressure + bmi + type 2 diabetes + ldl cholesterol + alzheimers disease,rm + jqt + rcp + vm-yl + jlh + am + ag + biocard + vmvd + mr + pldj + hz + adrc + jk + afdn + ro + adgc + erp + ma + lm + map-v + jcm + laf + kb + ajs + lms + adni + sk + gl
0.0934,0.042,0.155,rs12961169,,,,,,"AAO n = 39,855.β",Progression n = 1530.P,eas + aa + eur,meta-analysis + meta-analyses,impute2 v2.3.2 + shapeit v2.790 + 1000 genomes project,genotyping + imputation,blood pressure + bmi + type 2 diabetes + ldl cholesterol + alzheimers disease,rm + jqt + rcp + vm-yl + jlh + am + ag + biocard + vmvd + mr + pldj + hz + adrc + jk + afdn + ro + adgc + erp + ma + lm + map-v + jcm + laf + kb + ajs + lms + adni + sk + gl
0.249,0.042,0.155,rs12961169,,,,,,"AAO n = 39,855.β","AAO n = 39,855.P",eas + aa + eur,meta-analysis + meta-analyses,impute2 v2.3.2 + shapeit v2.790 + 1000 genomes project,genotyping + imputation,blood pressure + bmi + type 2 diabetes + ldl cholesterol + alzheimers disease,rm + jqt + rcp + vm-yl + jlh + am + ag + biocard + vmvd + mr + pldj + hz + adrc + jk + afdn + ro + adgc + erp + ma + lm + map-v + jcm + laf + kb + ajs + lms + adni + sk + gl
0.0,0.72,0.184,rs769449,,,,,,"AAO n = 39,855.β",CSF levels n = 3146.P,eas + aa + eur,meta-analysis + meta-analyses,impute2 v2.3.2 + shapeit v2.790 + 1000 genomes project,genotyping + imputation,blood pressure + bmi + type 2 diabetes + ldl cholesterol + alzheimers disease,rm + jqt + rcp + vm-yl + jlh + am + ag + biocard + vmvd + mr + pldj + hz + adrc + jk + afdn + ro + adgc + erp + ma + lm + map-v + jcm + laf + kb + ajs + lms + adni + sk + gl
0.0,0.72,0.184,rs769449,,,,,,"AAO n = 39,855.β","AD risk [48] n = 74,026.P",eas + aa + eur,meta-analysis + meta-analyses,impute2 v2.3.2 + shapeit v2.790 + 1000 genomes project,genotyping + imputation,blood pressure + bmi + type 2 diabetes + ldl cholesterol + alzheimers disease,rm + jqt + rcp + vm-yl + jlh + am + ag + biocard + vmvd + mr + pldj + hz + adrc + jk + afdn + ro + adgc + erp + ma + lm + map-v + jcm + laf + kb + ajs + lms + adni + sk + gl
0.0842,0.72,0.184,rs769449,,,,,,"AAO n = 39,855.β",Progression n = 1530.P,eas + aa + eur,meta-analysis + meta-analyses,impute2 v2.3.2 + shapeit v2.790 + 1000 genomes project,genotyping + imputation,blood pressure + bmi + type 2 diabetes + ldl cholesterol + alzheimers disease,rm + jqt + rcp + vm-yl + jlh + am + ag + biocard + vmvd + mr + pldj + hz + adrc + jk + afdn + ro + adgc + erp + ma + lm + map-v + jcm + laf + kb + ajs + lms + adni + sk + gl
0.0,0.72,0.184,rs769449,,,,,,"AAO n = 39,855.β","AAO n = 39,855.P",eas + aa + eur,meta-analysis + meta-analyses,impute2 v2.3.2 + shapeit v2.790 + 1000 genomes project,genotyping + imputation,blood pressure + bmi + type 2 diabetes + ldl cholesterol + alzheimers disease,rm + jqt + rcp + vm-yl + jlh + am + ag + biocard + vmvd + mr + pldj + hz + adrc + jk + afdn + ro + adgc + erp + ma + lm + map-v + jcm + laf + kb + ajs + lms + adni + sk + gl
,,,,,,,,,,CSF levels n = 3146 | Unnamed: 4_level_1 | P,eas + aa + eur,meta-analysis + meta-analyses,impute2 v2.3.2 + shapeit v2.790 + 1000 genomes project,genotyping + imputation,blood pressure + bmi + type 2 diabetes + ldl cholesterol + alzheimers disease,rm + jqt + rcp + vm-yl + jlh + am + ag + biocard + vmvd + mr + pldj + hz + adrc + jk + afdn + ro + adgc + erp + ma + lm + map-v + jcm + laf + kb + ajs + lms + adni + sk + gl
2.08e-08,,0.042,rs185031519,,,,,,,CSF levels n = 3146 | Unnamed: 4_level_1 | P,eas + aa + eur,meta-analysis + meta-analyses,impute2 v2.3.2 + shapeit v2.790 + 1000 genomes project,genotyping + imputation,blood pressure + bmi + type 2 diabetes + ldl cholesterol + alzheimers disease,rm + jqt + rcp + vm-yl + jlh + am + ag + biocard + vmvd + mr + pldj + hz + adrc + jk + afdn + ro + adgc + erp + ma + lm + map-v + jcm + laf + kb + ajs + lms + adni + sk + gl
1.76e-08,,0.301,rs316341,,,,,,,CSF levels n = 3146 | Unnamed: 4_level_1 | P,eas + aa + eur,meta-analysis + meta-analyses,impute2 v2.3.2 + shapeit v2.790 + 1000 genomes project,genotyping + imputation,blood pressure + bmi + type 2 diabetes + ldl cholesterol + alzheimers disease,rm + jqt + rcp + vm-yl + jlh + am + ag + biocard + vmvd + mr + pldj + hz + adrc + jk + afdn + ro + adgc + erp + ma + lm + map-v + jcm + laf + kb + ajs + lms + adni + sk + gl
0.0,,0.184,rs769449,,,,,,,CSF levels n = 3146 | Unnamed: 4_level_1 | P,eas + aa + eur,meta-analysis + meta-analyses,impute2 v2.3.2 + shapeit v2.790 + 1000 genomes project,genotyping + imputation,blood pressure + bmi + type 2 diabetes + ldl cholesterol + alzheimers disease,rm + jqt + rcp + vm-yl + jlh + am + ag + biocard + vmvd + mr + pldj + hz + adrc + jk + afdn + ro + adgc + erp + ma + lm + map-v + jcm + laf + kb + ajs + lms + adni + sk + gl
,,,,,,,,,,CSF levels n = 3146 | Unnamed: 4_level_1 | P,eas + aa + eur,meta-analysis + meta-analyses,impute2 v2.3.2 + shapeit v2.790 + 1000 genomes project,genotyping + imputation,blood pressure + bmi + type 2 diabetes + ldl cholesterol + alzheimers disease,rm + jqt + rcp + vm-yl + jlh + am + ag + biocard + vmvd + mr + pldj + hz + adrc + jk + afdn + ro + adgc + erp + ma + lm + map-v + jcm + laf + kb + ajs + lms + adni + sk + gl
7.62e-10,,0.357,rs35055419,,,,,,,CSF levels n = 3146 | Unnamed: 4_level_1 | P,eas + aa + eur,meta-analysis + meta-analyses,impute2 v2.3.2 + shapeit v2.790 + 1000 genomes project,genotyping + imputation,blood pressure + bmi + type 2 diabetes + ldl cholesterol + alzheimers disease,rm + jqt + rcp + vm-yl + jlh + am + ag + biocard + vmvd + mr + pldj + hz + adrc + jk + afdn + ro + adgc + erp + ma + lm + map-v + jcm + laf + kb + ajs + lms + adni + sk + gl
2.94e-08,,0.125,rs514716,,,,,,,CSF levels n = 3146 | Unnamed: 4_level_1 | P,eas + aa + eur,meta-analysis + meta-analyses,impute2 v2.3.2 + shapeit v2.790 + 1000 genomes project,genotyping + imputation,blood pressure + bmi + type 2 diabetes + ldl cholesterol + alzheimers disease,rm + jqt + rcp + vm-yl + jlh + am + ag + biocard + vmvd + mr + pldj + hz + adrc + jk + afdn + ro + adgc + erp + ma + lm + map-v + jcm + laf + kb + ajs + lms + adni + sk + gl
5.95e-09,,0.069,rs9527039,,,,,,,CSF levels n = 3146 | Unnamed: 4_level_1 | P,eas + aa + eur,meta-analysis + meta-analyses,impute2 v2.3.2 + shapeit v2.790 + 1000 genomes project,genotyping + imputation,blood pressure + bmi + type 2 diabetes + ldl cholesterol + alzheimers disease,rm + jqt + rcp + vm-yl + jlh + am + ag + biocard + vmvd + mr + pldj + hz + adrc + jk + afdn + ro + adgc + erp + ma + lm + map-v + jcm + laf + kb + ajs + lms + adni + sk + gl
5.12e-10,,0.155,rs12961169,,,,,,,CSF levels n = 3146 | Unnamed: 4_level_1 | P,eas + aa + eur,meta-analysis + meta-analyses,impute2 v2.3.2 + shapeit v2.790 + 1000 genomes project,genotyping + imputation,blood pressure + bmi + type 2 diabetes + ldl cholesterol + alzheimers disease,rm + jqt + rcp + vm-yl + jlh + am + ag + biocard + vmvd + mr + pldj + hz + adrc + jk + afdn + ro + adgc + erp + ma + lm + map-v + jcm + laf + kb + ajs + lms + adni + sk + gl
0.0,,0.184,rs769449,,,,,,,CSF levels n = 3146 | Unnamed: 4_level_1 | P,eas + aa + eur,meta-analysis + meta-analyses,impute2 v2.3.2 + shapeit v2.790 + 1000 genomes project,genotyping + imputation,blood pressure + bmi + type 2 diabetes + ldl cholesterol + alzheimers disease,rm + jqt + rcp + vm-yl + jlh + am + ag + biocard + vmvd + mr + pldj + hz + adrc + jk + afdn + ro + adgc + erp + ma + lm + map-v + jcm + laf + kb + ajs + lms + adni + sk + gl
,,,,,,,,,,"AD risk [48] n = 74,026 | Unnamed: 6_level_1 | P",eas + aa + eur,meta-analysis + meta-analyses,impute2 v2.3.2 + shapeit v2.790 + 1000 genomes project,genotyping + imputation,blood pressure + bmi + type 2 diabetes + ldl cholesterol + alzheimers disease,rm + jqt + rcp + vm-yl + jlh + am + ag + biocard + vmvd + mr + pldj + hz + adrc + jk + afdn + ro + adgc + erp + ma + lm + map-v + jcm + laf + kb + ajs + lms + adni + sk + gl
,,0.042,rs185031519,,,,,,,"AD risk [48] n = 74,026 | Unnamed: 6_level_1 | P",eas + aa + eur,meta-analysis + meta-analyses,impute2 v2.3.2 + shapeit v2.790 + 1000 genomes project,genotyping + imputation,blood pressure + bmi + type 2 diabetes + ldl cholesterol + alzheimers disease,rm + jqt + rcp + vm-yl + jlh + am + ag + biocard + vmvd + mr + pldj + hz + adrc + jk + afdn + ro + adgc + erp + ma + lm + map-v + jcm + laf + kb + ajs + lms + adni + sk + gl
,,0.301,rs316341,,,,,,,"AD risk [48] n = 74,026 | Unnamed: 6_level_1 | P",eas + aa + eur,meta-analysis + meta-analyses,impute2 v2.3.2 + shapeit v2.790 + 1000 genomes project,genotyping + imputation,blood pressure + bmi + type 2 diabetes + ldl cholesterol + alzheimers disease,rm + jqt + rcp + vm-yl + jlh + am + ag + biocard + vmvd + mr + pldj + hz + adrc + jk + afdn + ro + adgc + erp + ma + lm + map-v + jcm + laf + kb + ajs + lms + adni + sk + gl
0.0,,0.184,rs769449,,,,,,,"AD risk [48] n = 74,026 | Unnamed: 6_level_1 | P",eas + aa + eur,meta-analysis + meta-analyses,impute2 v2.3.2 + shapeit v2.790 + 1000 genomes project,genotyping + imputation,blood pressure + bmi + type 2 diabetes + ldl cholesterol + alzheimers disease,rm + jqt + rcp + vm-yl + jlh + am + ag + biocard + vmvd + mr + pldj + hz + adrc + jk + afdn + ro + adgc + erp + ma + lm + map-v + jcm + laf + kb + ajs + lms + adni + sk + gl
,,,,,,,,,,"AD risk [48] n = 74,026 | Unnamed: 6_level_1 | P",eas + aa + eur,meta-analysis + meta-analyses,impute2 v2.3.2 + shapeit v2.790 + 1000 genomes project,genotyping + imputation,blood pressure + bmi + type 2 diabetes + ldl cholesterol + alzheimers disease,rm + jqt + rcp + vm-yl + jlh + am + ag + biocard + vmvd + mr + pldj + hz + adrc + jk + afdn + ro + adgc + erp + ma + lm + map-v + jcm + laf + kb + ajs + lms + adni + sk + gl
0.00908,,0.357,rs35055419,,,,,,,"AD risk [48] n = 74,026 | Unnamed: 6_level_1 | P",eas + aa + eur,meta-analysis + meta-analyses,impute2 v2.3.2 + shapeit v2.790 + 1000 genomes project,genotyping + imputation,blood pressure + bmi + type 2 diabetes + ldl cholesterol + alzheimers disease,rm + jqt + rcp + vm-yl + jlh + am + ag + biocard + vmvd + mr + pldj + hz + adrc + jk + afdn + ro + adgc + erp + ma + lm + map-v + jcm + laf + kb + ajs + lms + adni + sk + gl
0.0505,,0.125,rs514716,,,,,,,"AD risk [48] n = 74,026 | Unnamed: 6_level_1 | P",eas + aa + eur,meta-analysis + meta-analyses,impute2 v2.3.2 + shapeit v2.790 + 1000 genomes project,genotyping + imputation,blood pressure + bmi + type 2 diabetes + ldl cholesterol + alzheimers disease,rm + jqt + rcp + vm-yl + jlh + am + ag + biocard + vmvd + mr + pldj + hz + adrc + jk + afdn + ro + adgc + erp + ma + lm + map-v + jcm + laf + kb + ajs + lms + adni + sk + gl
0.822,,0.069,rs9527039,,,,,,,"AD risk [48] n = 74,026 | Unnamed: 6_level_1 | P",eas + aa + eur,meta-analysis + meta-analyses,impute2 v2.3.2 + shapeit v2.790 + 1000 genomes project,genotyping + imputation,blood pressure + bmi + type 2 diabetes + ldl cholesterol + alzheimers disease,rm + jqt + rcp + vm-yl + jlh + am + ag + biocard + vmvd + mr + pldj + hz + adrc + jk + afdn + ro + adgc + erp + ma + lm + map-v + jcm + laf + kb + ajs + lms + adni + sk + gl
0.193,,0.155,rs12961169,,,,,,,"AD risk [48] n = 74,026 | Unnamed: 6_level_1 | P",eas + aa + eur,meta-analysis + meta-analyses,impute2 v2.3.2 + shapeit v2.790 + 1000 genomes project,genotyping + imputation,blood pressure + bmi + type 2 diabetes + ldl cholesterol + alzheimers disease,rm + jqt + rcp + vm-yl + jlh + am + ag + biocard + vmvd + mr + pldj + hz + adrc + jk + afdn + ro + adgc + erp + ma + lm + map-v + jcm + laf + kb + ajs + lms + adni + sk + gl
0.0,,0.184,rs769449,,,,,,,"AD risk [48] n = 74,026 | Unnamed: 6_level_1 | P",eas + aa + eur,meta-analysis + meta-analyses,impute2 v2.3.2 + shapeit v2.790 + 1000 genomes project,genotyping + imputation,blood pressure + bmi + type 2 diabetes + ldl cholesterol + alzheimers disease,rm + jqt + rcp + vm-yl + jlh + am + ag + biocard + vmvd + mr + pldj + hz + adrc + jk + afdn + ro + adgc + erp + ma + lm + map-v + jcm + laf + kb + ajs + lms + adni + sk + gl
,,,,,,,,,,Progression n = 1530 | Unnamed: 8_level_1 | P,eas + aa + eur,meta-analysis + meta-analyses,impute2 v2.3.2 + shapeit v2.790 + 1000 genomes project,genotyping + imputation,blood pressure + bmi + type 2 diabetes + ldl cholesterol + alzheimers disease,rm + jqt + rcp + vm-yl + jlh + am + ag + biocard + vmvd + mr + pldj + hz + adrc + jk + afdn + ro + adgc + erp + ma + lm + map-v + jcm + laf + kb + ajs + lms + adni + sk + gl
0.0192,,0.042,rs185031519,,,,,,,Progression n = 1530 | Unnamed: 8_level_1 | P,eas + aa + eur,meta-analysis + meta-analyses,impute2 v2.3.2 + shapeit v2.790 + 1000 genomes project,genotyping + imputation,blood pressure + bmi + type 2 diabetes + ldl cholesterol + alzheimers disease,rm + jqt + rcp + vm-yl + jlh + am + ag + biocard + vmvd + mr + pldj + hz + adrc + jk + afdn + ro + adgc + erp + ma + lm + map-v + jcm + laf + kb + ajs + lms + adni + sk + gl
0.277,,0.301,rs316341,,,,,,,Progression n = 1530 | Unnamed: 8_level_1 | P,eas + aa + eur,meta-analysis + meta-analyses,impute2 v2.3.2 + shapeit v2.790 + 1000 genomes project,genotyping + imputation,blood pressure + bmi + type 2 diabetes + ldl cholesterol + alzheimers disease,rm + jqt + rcp + vm-yl + jlh + am + ag + biocard + vmvd + mr + pldj + hz + adrc + jk + afdn + ro + adgc + erp + ma + lm + map-v + jcm + laf + kb + ajs + lms + adni + sk + gl
0.0842,,0.184,rs769449,,,,,,,Progression n = 1530 | Unnamed: 8_level_1 | P,eas + aa + eur,meta-analysis + meta-analyses,impute2 v2.3.2 + shapeit v2.790 + 1000 genomes project,genotyping + imputation,blood pressure + bmi + type 2 diabetes + ldl cholesterol + alzheimers disease,rm + jqt + rcp + vm-yl + jlh + am + ag + biocard + vmvd + mr + pldj + hz + adrc + jk + afdn + ro + adgc + erp + ma + lm + map-v + jcm + laf + kb + ajs + lms + adni + sk + gl
,,,,,,,,,,Progression n = 1530 | Unnamed: 8_level_1 | P,eas + aa + eur,meta-analysis + meta-analyses,impute2 v2.3.2 + shapeit v2.790 + 1000 genomes project,genotyping + imputation,blood pressure + bmi + type 2 diabetes + ldl cholesterol + alzheimers disease,rm + jqt + rcp + vm-yl + jlh + am + ag + biocard + vmvd + mr + pldj + hz + adrc + jk + afdn + ro + adgc + erp + ma + lm + map-v + jcm + laf + kb + ajs + lms + adni + sk + gl
0.525,,0.357,rs35055419,,,,,,,Progression n = 1530 | Unnamed: 8_level_1 | P,eas + aa + eur,meta-analysis + meta-analyses,impute2 v2.3.2 + shapeit v2.790 + 1000 genomes project,genotyping + imputation,blood pressure + bmi + type 2 diabetes + ldl cholesterol + alzheimers disease,rm + jqt + rcp + vm-yl + jlh + am + ag + biocard + vmvd + mr + pldj + hz + adrc + jk + afdn + ro + adgc + erp + ma + lm + map-v + jcm + laf + kb + ajs + lms + adni + sk + gl
0.666,,0.125,rs514716,,,,,,,Progression n = 1530 | Unnamed: 8_level_1 | P,eas + aa + eur,meta-analysis + meta-analyses,impute2 v2.3.2 + shapeit v2.790 + 1000 genomes project,genotyping + imputation,blood pressure + bmi + type 2 diabetes + ldl cholesterol + alzheimers disease,rm + jqt + rcp + vm-yl + jlh + am + ag + biocard + vmvd + mr + pldj + hz + adrc + jk + afdn + ro + adgc + erp + ma + lm + map-v + jcm + laf + kb + ajs + lms + adni + sk + gl
0.425,,0.069,rs9527039,,,,,,,Progression n = 1530 | Unnamed: 8_level_1 | P,eas + aa + eur,meta-analysis + meta-analyses,impute2 v2.3.2 + shapeit v2.790 + 1000 genomes project,genotyping + imputation,blood pressure + bmi + type 2 diabetes + ldl cholesterol + alzheimers disease,rm + jqt + rcp + vm-yl + jlh + am + ag + biocard + vmvd + mr + pldj + hz + adrc + jk + afdn + ro + adgc + erp + ma + lm + map-v + jcm + laf + kb + ajs + lms + adni + sk + gl
0.0934,,0.155,rs12961169,,,,,,,Progression n = 1530 | Unnamed: 8_level_1 | P,eas + aa + eur,meta-analysis + meta-analyses,impute2 v2.3.2 + shapeit v2.790 + 1000 genomes project,genotyping + imputation,blood pressure + bmi + type 2 diabetes + ldl cholesterol + alzheimers disease,rm + jqt + rcp + vm-yl + jlh + am + ag + biocard + vmvd + mr + pldj + hz + adrc + jk + afdn + ro + adgc + erp + ma + lm + map-v + jcm + laf + kb + ajs + lms + adni + sk + gl
0.0842,,0.184,rs769449,,,,,,,Progression n = 1530 | Unnamed: 8_level_1 | P,eas + aa + eur,meta-analysis + meta-analyses,impute2 v2.3.2 + shapeit v2.790 + 1000 genomes project,genotyping + imputation,blood pressure + bmi + type 2 diabetes + ldl cholesterol + alzheimers disease,rm + jqt + rcp + vm-yl + jlh + am + ag + biocard + vmvd + mr + pldj + hz + adrc + jk + afdn + ro + adgc + erp + ma + lm + map-v + jcm + laf + kb + ajs + lms + adni + sk + gl
,,,,,,,,,,"AAO n = 39,855 | Unnamed: 10_level_1 | P",eas + aa + eur,meta-analysis + meta-analyses,impute2 v2.3.2 + shapeit v2.790 + 1000 genomes project,genotyping + imputation,blood pressure + bmi + type 2 diabetes + ldl cholesterol + alzheimers disease,rm + jqt + rcp + vm-yl + jlh + am + ag + biocard + vmvd + mr + pldj + hz + adrc + jk + afdn + ro + adgc + erp + ma + lm + map-v + jcm + laf + kb + ajs + lms + adni + sk + gl
0.615,,0.042,rs185031519,,,,,,,"AAO n = 39,855 | Unnamed: 10_level_1 | P",eas + aa + eur,meta-analysis + meta-analyses,impute2 v2.3.2 + shapeit v2.790 + 1000 genomes project,genotyping + imputation,blood pressure + bmi + type 2 diabetes + ldl cholesterol + alzheimers disease,rm + jqt + rcp + vm-yl + jlh + am + ag + biocard + vmvd + mr + pldj + hz + adrc + jk + afdn + ro + adgc + erp + ma + lm + map-v + jcm + laf + kb + ajs + lms + adni + sk + gl
0.00462,,0.301,rs316341,,,,,,,"AAO n = 39,855 | Unnamed: 10_level_1 | P",eas + aa + eur,meta-analysis + meta-analyses,impute2 v2.3.2 + shapeit v2.790 + 1000 genomes project,genotyping + imputation,blood pressure + bmi + type 2 diabetes + ldl cholesterol + alzheimers disease,rm + jqt + rcp + vm-yl + jlh + am + ag + biocard + vmvd + mr + pldj + hz + adrc + jk + afdn + ro + adgc + erp + ma + lm + map-v + jcm + laf + kb + ajs + lms + adni + sk + gl
0.0,,0.184,rs769449,,,,,,,"AAO n = 39,855 | Unnamed: 10_level_1 | P",eas + aa + eur,meta-analysis + meta-analyses,impute2 v2.3.2 + shapeit v2.790 + 1000 genomes project,genotyping + imputation,blood pressure + bmi + type 2 diabetes + ldl cholesterol + alzheimers disease,rm + jqt + rcp + vm-yl + jlh + am + ag + biocard + vmvd + mr + pldj + hz + adrc + jk + afdn + ro + adgc + erp + ma + lm + map-v + jcm + laf + kb + ajs + lms + adni + sk + gl
,,,,,,,,,,"AAO n = 39,855 | Unnamed: 10_level_1 | P",eas + aa + eur,meta-analysis + meta-analyses,impute2 v2.3.2 + shapeit v2.790 + 1000 genomes project,genotyping + imputation,blood pressure + bmi + type 2 diabetes + ldl cholesterol + alzheimers disease,rm + jqt + rcp + vm-yl + jlh + am + ag + biocard + vmvd + mr + pldj + hz + adrc + jk + afdn + ro + adgc + erp + ma + lm + map-v + jcm + laf + kb + ajs + lms + adni + sk + gl
,,0.357,rs35055419,,,,,,,"AAO n = 39,855 | Unnamed: 10_level_1 | P",eas + aa + eur,meta-analysis + meta-analyses,impute2 v2.3.2 + shapeit v2.790 + 1000 genomes project,genotyping + imputation,blood pressure + bmi + type 2 diabetes + ldl cholesterol + alzheimers disease,rm + jqt + rcp + vm-yl + jlh + am + ag + biocard + vmvd + mr + pldj + hz + adrc + jk + afdn + ro + adgc + erp + ma + lm + map-v + jcm + laf + kb + ajs + lms + adni + sk + gl
0.0145,,0.125,rs514716,,,,,,,"AAO n = 39,855 | Unnamed: 10_level_1 | P",eas + aa + eur,meta-analysis + meta-analyses,impute2 v2.3.2 + shapeit v2.790 + 1000 genomes project,genotyping + imputation,blood pressure + bmi + type 2 diabetes + ldl cholesterol + alzheimers disease,rm + jqt + rcp + vm-yl + jlh + am + ag + biocard + vmvd + mr + pldj + hz + adrc + jk + afdn + ro + adgc + erp + ma + lm + map-v + jcm + laf + kb + ajs + lms + adni + sk + gl
0.403,,0.069,rs9527039,,,,,,,"AAO n = 39,855 | Unnamed: 10_level_1 | P",eas + aa + eur,meta-analysis + meta-analyses,impute2 v2.3.2 + shapeit v2.790 + 1000 genomes project,genotyping + imputation,blood pressure + bmi + type 2 diabetes + ldl cholesterol + alzheimers disease,rm + jqt + rcp + vm-yl + jlh + am + ag + biocard + vmvd + mr + pldj + hz + adrc + jk + afdn + ro + adgc + erp + ma + lm + map-v + jcm + laf + kb + ajs + lms + adni + sk + gl
0.249,,0.155,rs12961169,,,,,,,"AAO n = 39,855 | Unnamed: 10_level_1 | P",eas + aa + eur,meta-analysis + meta-analyses,impute2 v2.3.2 + shapeit v2.790 + 1000 genomes project,genotyping + imputation,blood pressure + bmi + type 2 diabetes + ldl cholesterol + alzheimers disease,rm + jqt + rcp + vm-yl + jlh + am + ag + biocard + vmvd + mr + pldj + hz + adrc + jk + afdn + ro + adgc + erp + ma + lm + map-v + jcm + laf + kb + ajs + lms + adni + sk + gl
0.0,,0.184,rs769449,,,,,,,"AAO n = 39,855 | Unnamed: 10_level_1 | P",eas + aa + eur,meta-analysis + meta-analyses,impute2 v2.3.2 + shapeit v2.790 + 1000 genomes project,genotyping + imputation,blood pressure + bmi + type 2 diabetes + ldl cholesterol + alzheimers disease,rm + jqt + rcp + vm-yl + jlh + am + ag + biocard + vmvd + mr + pldj + hz + adrc + jk + afdn + ro + adgc + erp + ma + lm + map-v + jcm + laf + kb + ajs + lms + adni + sk + gl
,,,,,,,,HGVS | HGVS,CSFAβ42 | Beta (SE),CSFAβ42 | P,eas + aa + eur,meta-analysis + meta-analyses,impute2 v2.3.2 + shapeit v2.790 + 1000 genomes project,genotyping + imputation,blood pressure + bmi + type 2 diabetes + ldl cholesterol + alzheimers disease,rm + jqt + rcp + vm-yl + jlh + am + ag + biocard + vmvd + mr + pldj + hz + adrc + jk + afdn + ro + adgc + erp + ma + lm + map-v + jcm + laf + kb + ajs + lms + adni + sk + gl
,,,,,,,,HGVS | HGVS,CSFAβ42 | Beta (SE),CSF ptau181 | P,eas + aa + eur,meta-analysis + meta-analyses,impute2 v2.3.2 + shapeit v2.790 + 1000 genomes project,genotyping + imputation,blood pressure + bmi + type 2 diabetes + ldl cholesterol + alzheimers disease,rm + jqt + rcp + vm-yl + jlh + am + ag + biocard + vmvd + mr + pldj + hz + adrc + jk + afdn + ro + adgc + erp + ma + lm + map-v + jcm + laf + kb + ajs + lms + adni + sk + gl
,,,,,,,,HGVS | HGVS,CSFAβ42 | Beta (SE),CSF tau | P,eas + aa + eur,meta-analysis + meta-analyses,impute2 v2.3.2 + shapeit v2.790 + 1000 genomes project,genotyping + imputation,blood pressure + bmi + type 2 diabetes + ldl cholesterol + alzheimers disease,rm + jqt + rcp + vm-yl + jlh + am + ag + biocard + vmvd + mr + pldj + hz + adrc + jk + afdn + ro + adgc + erp + ma + lm + map-v + jcm + laf + kb + ajs + lms + adni + sk + gl
,,,,,,,,HGVS | HGVS,CSF ptau181 | Beta (SE),CSFAβ42 | P,eas + aa + eur,meta-analysis + meta-analyses,impute2 v2.3.2 + shapeit v2.790 + 1000 genomes project,genotyping + imputation,blood pressure + bmi + type 2 diabetes + ldl cholesterol + alzheimers disease,rm + jqt + rcp + vm-yl + jlh + am + ag + biocard + vmvd + mr + pldj + hz + adrc + jk + afdn + ro + adgc + erp + ma + lm + map-v + jcm + laf + kb + ajs + lms + adni + sk + gl
,,,,,,,,HGVS | HGVS,CSF ptau181 | Beta (SE),CSF ptau181 | P,eas + aa + eur,meta-analysis + meta-analyses,impute2 v2.3.2 + shapeit v2.790 + 1000 genomes project,genotyping + imputation,blood pressure + bmi + type 2 diabetes + ldl cholesterol + alzheimers disease,rm + jqt + rcp + vm-yl + jlh + am + ag + biocard + vmvd + mr + pldj + hz + adrc + jk + afdn + ro + adgc + erp + ma + lm + map-v + jcm + laf + kb + ajs + lms + adni + sk + gl
,,,,,,,,HGVS | HGVS,CSF ptau181 | Beta (SE),CSF tau | P,eas + aa + eur,meta-analysis + meta-analyses,impute2 v2.3.2 + shapeit v2.790 + 1000 genomes project,genotyping + imputation,blood pressure + bmi + type 2 diabetes + ldl cholesterol + alzheimers disease,rm + jqt + rcp + vm-yl + jlh + am + ag + biocard + vmvd + mr + pldj + hz + adrc + jk + afdn + ro + adgc + erp + ma + lm + map-v + jcm + laf + kb + ajs + lms + adni + sk + gl
,,,,,,,,HGVS | HGVS,CSF tau | Beta (SE),CSFAβ42 | P,eas + aa + eur,meta-analysis + meta-analyses,impute2 v2.3.2 + shapeit v2.790 + 1000 genomes project,genotyping + imputation,blood pressure + bmi + type 2 diabetes + ldl cholesterol + alzheimers disease,rm + jqt + rcp + vm-yl + jlh + am + ag + biocard + vmvd + mr + pldj + hz + adrc + jk + afdn + ro + adgc + erp + ma + lm + map-v + jcm + laf + kb + ajs + lms + adni + sk + gl
,,,,,,,,HGVS | HGVS,CSF tau | Beta (SE),CSF ptau181 | P,eas + aa + eur,meta-analysis + meta-analyses,impute2 v2.3.2 + shapeit v2.790 + 1000 genomes project,genotyping + imputation,blood pressure + bmi + type 2 diabetes + ldl cholesterol + alzheimers disease,rm + jqt + rcp + vm-yl + jlh + am + ag + biocard + vmvd + mr + pldj + hz + adrc + jk + afdn + ro + adgc + erp + ma + lm + map-v + jcm + laf + kb + ajs + lms + adni + sk + gl
,,,,,,,,HGVS | HGVS,CSF tau | Beta (SE),CSF tau | P,eas + aa + eur,meta-analysis + meta-analyses,impute2 v2.3.2 + shapeit v2.790 + 1000 genomes project,genotyping + imputation,blood pressure + bmi + type 2 diabetes + ldl cholesterol + alzheimers disease,rm + jqt + rcp + vm-yl + jlh + am + ag + biocard + vmvd + mr + pldj + hz + adrc + jk + afdn + ro + adgc + erp + ma + lm + map-v + jcm + laf + kb + ajs + lms + adni + sk + gl
2.08e-08,-0.059,0.042,,,,,,HGVS | HGVS,CSFAβ42 | Beta (SE),CSFAβ42 | P,eas + aa + eur,meta-analysis + meta-analyses,impute2 v2.3.2 + shapeit v2.790 + 1000 genomes project,genotyping + imputation,blood pressure + bmi + type 2 diabetes + ldl cholesterol + alzheimers disease,rm + jqt + rcp + vm-yl + jlh + am + ag + biocard + vmvd + mr + pldj + hz + adrc + jk + afdn + ro + adgc + erp + ma + lm + map-v + jcm + laf + kb + ajs + lms + adni + sk + gl
0.594,-0.059,0.042,,,,,,HGVS | HGVS,CSFAβ42 | Beta (SE),CSF ptau181 | P,eas + aa + eur,meta-analysis + meta-analyses,impute2 v2.3.2 + shapeit v2.790 + 1000 genomes project,genotyping + imputation,blood pressure + bmi + type 2 diabetes + ldl cholesterol + alzheimers disease,rm + jqt + rcp + vm-yl + jlh + am + ag + biocard + vmvd + mr + pldj + hz + adrc + jk + afdn + ro + adgc + erp + ma + lm + map-v + jcm + laf + kb + ajs + lms + adni + sk + gl
0.472,-0.059,0.042,,,,,,HGVS | HGVS,CSFAβ42 | Beta (SE),CSF tau | P,eas + aa + eur,meta-analysis + meta-analyses,impute2 v2.3.2 + shapeit v2.790 + 1000 genomes project,genotyping + imputation,blood pressure + bmi + type 2 diabetes + ldl cholesterol + alzheimers disease,rm + jqt + rcp + vm-yl + jlh + am + ag + biocard + vmvd + mr + pldj + hz + adrc + jk + afdn + ro + adgc + erp + ma + lm + map-v + jcm + laf + kb + ajs + lms + adni + sk + gl
2.08e-08,0.008,0.042,,,,,,HGVS | HGVS,CSF ptau181 | Beta (SE),CSFAβ42 | P,eas + aa + eur,meta-analysis + meta-analyses,impute2 v2.3.2 + shapeit v2.790 + 1000 genomes project,genotyping + imputation,blood pressure + bmi + type 2 diabetes + ldl cholesterol + alzheimers disease,rm + jqt + rcp + vm-yl + jlh + am + ag + biocard + vmvd + mr + pldj + hz + adrc + jk + afdn + ro + adgc + erp + ma + lm + map-v + jcm + laf + kb + ajs + lms + adni + sk + gl
0.594,0.008,0.042,,,,,,HGVS | HGVS,CSF ptau181 | Beta (SE),CSF ptau181 | P,eas + aa + eur,meta-analysis + meta-analyses,impute2 v2.3.2 + shapeit v2.790 + 1000 genomes project,genotyping + imputation,blood pressure + bmi + type 2 diabetes + ldl cholesterol + alzheimers disease,rm + jqt + rcp + vm-yl + jlh + am + ag + biocard + vmvd + mr + pldj + hz + adrc + jk + afdn + ro + adgc + erp + ma + lm + map-v + jcm + laf + kb + ajs + lms + adni + sk + gl
0.472,0.008,0.042,,,,,,HGVS | HGVS,CSF ptau181 | Beta (SE),CSF tau | P,eas + aa + eur,meta-analysis + meta-analyses,impute2 v2.3.2 + shapeit v2.790 + 1000 genomes project,genotyping + imputation,blood pressure + bmi + type 2 diabetes + ldl cholesterol + alzheimers disease,rm + jqt + rcp + vm-yl + jlh + am + ag + biocard + vmvd + mr + pldj + hz + adrc + jk + afdn + ro + adgc + erp + ma + lm + map-v + jcm + laf + kb + ajs + lms + adni + sk + gl
2.08e-08,0.011,0.042,,,,,,HGVS | HGVS,CSF tau | Beta (SE),CSFAβ42 | P,eas + aa + eur,meta-analysis + meta-analyses,impute2 v2.3.2 + shapeit v2.790 + 1000 genomes project,genotyping + imputation,blood pressure + bmi + type 2 diabetes + ldl cholesterol + alzheimers disease,rm + jqt + rcp + vm-yl + jlh + am + ag + biocard + vmvd + mr + pldj + hz + adrc + jk + afdn + ro + adgc + erp + ma + lm + map-v + jcm + laf + kb + ajs + lms + adni + sk + gl
0.594,0.011,0.042,,,,,,HGVS | HGVS,CSF tau | Beta (SE),CSF ptau181 | P,eas + aa + eur,meta-analysis + meta-analyses,impute2 v2.3.2 + shapeit v2.790 + 1000 genomes project,genotyping + imputation,blood pressure + bmi + type 2 diabetes + ldl cholesterol + alzheimers disease,rm + jqt + rcp + vm-yl + jlh + am + ag + biocard + vmvd + mr + pldj + hz + adrc + jk + afdn + ro + adgc + erp + ma + lm + map-v + jcm + laf + kb + ajs + lms + adni + sk + gl
0.472,0.011,0.042,,,,,,HGVS | HGVS,CSF tau | Beta (SE),CSF tau | P,eas + aa + eur,meta-analysis + meta-analyses,impute2 v2.3.2 + shapeit v2.790 + 1000 genomes project,genotyping + imputation,blood pressure + bmi + type 2 diabetes + ldl cholesterol + alzheimers disease,rm + jqt + rcp + vm-yl + jlh + am + ag + biocard + vmvd + mr + pldj + hz + adrc + jk + afdn + ro + adgc + erp + ma + lm + map-v + jcm + laf + kb + ajs + lms + adni + sk + gl
1.76e-08,-0.025,0.302,,,,,,HGVS | HGVS,CSFAβ42 | Beta (SE),CSFAβ42 | P,eas + aa + eur,meta-analysis + meta-analyses,impute2 v2.3.2 + shapeit v2.790 + 1000 genomes project,genotyping + imputation,blood pressure + bmi + type 2 diabetes + ldl cholesterol + alzheimers disease,rm + jqt + rcp + vm-yl + jlh + am + ag + biocard + vmvd + mr + pldj + hz + adrc + jk + afdn + ro + adgc + erp + ma + lm + map-v + jcm + laf + kb + ajs + lms + adni + sk + gl
0.22,-0.025,0.302,,,,,,HGVS | HGVS,CSFAβ42 | Beta (SE),CSF ptau181 | P,eas + aa + eur,meta-analysis + meta-analyses,impute2 v2.3.2 + shapeit v2.790 + 1000 genomes project,genotyping + imputation,blood pressure + bmi + type 2 diabetes + ldl cholesterol + alzheimers disease,rm + jqt + rcp + vm-yl + jlh + am + ag + biocard + vmvd + mr + pldj + hz + adrc + jk + afdn + ro + adgc + erp + ma + lm + map-v + jcm + laf + kb + ajs + lms + adni + sk + gl
0.00919,-0.025,0.302,,,,,,HGVS | HGVS,CSFAβ42 | Beta (SE),CSF tau | P,eas + aa + eur,meta-analysis + meta-analyses,impute2 v2.3.2 + shapeit v2.790 + 1000 genomes project,genotyping + imputation,blood pressure + bmi + type 2 diabetes + ldl cholesterol + alzheimers disease,rm + jqt + rcp + vm-yl + jlh + am + ag + biocard + vmvd + mr + pldj + hz + adrc + jk + afdn + ro + adgc + erp + ma + lm + map-v + jcm + laf + kb + ajs + lms + adni + sk + gl
1.76e-08,0.007,0.302,,,,,,HGVS | HGVS,CSF ptau181 | Beta (SE),CSFAβ42 | P,eas + aa + eur,meta-analysis + meta-analyses,impute2 v2.3.2 + shapeit v2.790 + 1000 genomes project,genotyping + imputation,blood pressure + bmi + type 2 diabetes + ldl cholesterol + alzheimers disease,rm + jqt + rcp + vm-yl + jlh + am + ag + biocard + vmvd + mr + pldj + hz + adrc + jk + afdn + ro + adgc + erp + ma + lm + map-v + jcm + laf + kb + ajs + lms + adni + sk + gl
0.22,0.007,0.302,,,,,,HGVS | HGVS,CSF ptau181 | Beta (SE),CSF ptau181 | P,eas + aa + eur,meta-analysis + meta-analyses,impute2 v2.3.2 + shapeit v2.790 + 1000 genomes project,genotyping + imputation,blood pressure + bmi + type 2 diabetes + ldl cholesterol + alzheimers disease,rm + jqt + rcp + vm-yl + jlh + am + ag + biocard + vmvd + mr + pldj + hz + adrc + jk + afdn + ro + adgc + erp + ma + lm + map-v + jcm + laf + kb + ajs + lms + adni + sk + gl
0.00919,0.007,0.302,,,,,,HGVS | HGVS,CSF ptau181 | Beta (SE),CSF tau | P,eas + aa + eur,meta-analysis + meta-analyses,impute2 v2.3.2 + shapeit v2.790 + 1000 genomes project,genotyping + imputation,blood pressure + bmi + type 2 diabetes + ldl cholesterol + alzheimers disease,rm + jqt + rcp + vm-yl + jlh + am + ag + biocard + vmvd + mr + pldj + hz + adrc + jk + afdn + ro + adgc + erp + ma + lm + map-v + jcm + laf + kb + ajs + lms + adni + sk + gl
1.76e-08,0.016,0.302,,,,,,HGVS | HGVS,CSF tau | Beta (SE),CSFAβ42 | P,eas + aa + eur,meta-analysis + meta-analyses,impute2 v2.3.2 + shapeit v2.790 + 1000 genomes project,genotyping + imputation,blood pressure + bmi + type 2 diabetes + ldl cholesterol + alzheimers disease,rm + jqt + rcp + vm-yl + jlh + am + ag + biocard + vmvd + mr + pldj + hz + adrc + jk + afdn + ro + adgc + erp + ma + lm + map-v + jcm + laf + kb + ajs + lms + adni + sk + gl
0.22,0.016,0.302,,,,,,HGVS | HGVS,CSF tau | Beta (SE),CSF ptau181 | P,eas + aa + eur,meta-analysis + meta-analyses,impute2 v2.3.2 + shapeit v2.790 + 1000 genomes project,genotyping + imputation,blood pressure + bmi + type 2 diabetes + ldl cholesterol + alzheimers disease,rm + jqt + rcp + vm-yl + jlh + am + ag + biocard + vmvd + mr + pldj + hz + adrc + jk + afdn + ro + adgc + erp + ma + lm + map-v + jcm + laf + kb + ajs + lms + adni + sk + gl
0.00919,0.016,0.302,,,,,,HGVS | HGVS,CSF tau | Beta (SE),CSF tau | P,eas + aa + eur,meta-analysis + meta-analyses,impute2 v2.3.2 + shapeit v2.790 + 1000 genomes project,genotyping + imputation,blood pressure + bmi + type 2 diabetes + ldl cholesterol + alzheimers disease,rm + jqt + rcp + vm-yl + jlh + am + ag + biocard + vmvd + mr + pldj + hz + adrc + jk + afdn + ro + adgc + erp + ma + lm + map-v + jcm + laf + kb + ajs + lms + adni + sk + gl
0.0424,0.016,0.069,,,,,,HGVS | HGVS,CSFAβ42 | Beta (SE),CSFAβ42 | P,eas + aa + eur,meta-analysis + meta-analyses,impute2 v2.3.2 + shapeit v2.790 + 1000 genomes project,genotyping + imputation,blood pressure + bmi + type 2 diabetes + ldl cholesterol + alzheimers disease,rm + jqt + rcp + vm-yl + jlh + am + ag + biocard + vmvd + mr + pldj + hz + adrc + jk + afdn + ro + adgc + erp + ma + lm + map-v + jcm + laf + kb + ajs + lms + adni + sk + gl
5.95e-09,0.016,0.069,,,,,,HGVS | HGVS,CSFAβ42 | Beta (SE),CSF ptau181 | P,eas + aa + eur,meta-analysis + meta-analyses,impute2 v2.3.2 + shapeit v2.790 + 1000 genomes project,genotyping + imputation,blood pressure + bmi + type 2 diabetes + ldl cholesterol + alzheimers disease,rm + jqt + rcp + vm-yl + jlh + am + ag + biocard + vmvd + mr + pldj + hz + adrc + jk + afdn + ro + adgc + erp + ma + lm + map-v + jcm + laf + kb + ajs + lms + adni + sk + gl
1.1e-05,0.016,0.069,,,,,,HGVS | HGVS,CSFAβ42 | Beta (SE),CSF tau | P,eas + aa + eur,meta-analysis + meta-analyses,impute2 v2.3.2 + shapeit v2.790 + 1000 genomes project,genotyping + imputation,blood pressure + bmi + type 2 diabetes + ldl cholesterol + alzheimers disease,rm + jqt + rcp + vm-yl + jlh + am + ag + biocard + vmvd + mr + pldj + hz + adrc + jk + afdn + ro + adgc + erp + ma + lm + map-v + jcm + laf + kb + ajs + lms + adni + sk + gl
0.0424,-0.061,0.069,,,,,,HGVS | HGVS,CSF ptau181 | Beta (SE),CSFAβ42 | P,eas + aa + eur,meta-analysis + meta-analyses,impute2 v2.3.2 + shapeit v2.790 + 1000 genomes project,genotyping + imputation,blood pressure + bmi + type 2 diabetes + ldl cholesterol + alzheimers disease,rm + jqt + rcp + vm-yl + jlh + am + ag + biocard + vmvd + mr + pldj + hz + adrc + jk + afdn + ro + adgc + erp + ma + lm + map-v + jcm + laf + kb + ajs + lms + adni + sk + gl
5.95e-09,-0.061,0.069,,,,,,HGVS | HGVS,CSF ptau181 | Beta (SE),CSF ptau181 | P,eas + aa + eur,meta-analysis + meta-analyses,impute2 v2.3.2 + shapeit v2.790 + 1000 genomes project,genotyping + imputation,blood pressure + bmi + type 2 diabetes + ldl cholesterol + alzheimers disease,rm + jqt + rcp + vm-yl + jlh + am + ag + biocard + vmvd + mr + pldj + hz + adrc + jk + afdn + ro + adgc + erp + ma + lm + map-v + jcm + laf + kb + ajs + lms + adni + sk + gl
1.1e-05,-0.061,0.069,,,,,,HGVS | HGVS,CSF ptau181 | Beta (SE),CSF tau | P,eas + aa + eur,meta-analysis + meta-analyses,impute2 v2.3.2 + shapeit v2.790 + 1000 genomes project,genotyping + imputation,blood pressure + bmi + type 2 diabetes + ldl cholesterol + alzheimers disease,rm + jqt + rcp + vm-yl + jlh + am + ag + biocard + vmvd + mr + pldj + hz + adrc + jk + afdn + ro + adgc + erp + ma + lm + map-v + jcm + laf + kb + ajs + lms + adni + sk + gl
0.0424,-0.05,0.069,,,,,,HGVS | HGVS,CSF tau | Beta (SE),CSFAβ42 | P,eas + aa + eur,meta-analysis + meta-analyses,impute2 v2.3.2 + shapeit v2.790 + 1000 genomes project,genotyping + imputation,blood pressure + bmi + type 2 diabetes + ldl cholesterol + alzheimers disease,rm + jqt + rcp + vm-yl + jlh + am + ag + biocard + vmvd + mr + pldj + hz + adrc + jk + afdn + ro + adgc + erp + ma + lm + map-v + jcm + laf + kb + ajs + lms + adni + sk + gl
5.95e-09,-0.05,0.069,,,,,,HGVS | HGVS,CSF tau | Beta (SE),CSF ptau181 | P,eas + aa + eur,meta-analysis + meta-analyses,impute2 v2.3.2 + shapeit v2.790 + 1000 genomes project,genotyping + imputation,blood pressure + bmi + type 2 diabetes + ldl cholesterol + alzheimers disease,rm + jqt + rcp + vm-yl + jlh + am + ag + biocard + vmvd + mr + pldj + hz + adrc + jk + afdn + ro + adgc + erp + ma + lm + map-v + jcm + laf + kb + ajs + lms + adni + sk + gl
1.1e-05,-0.05,0.069,,,,,,HGVS | HGVS,CSF tau | Beta (SE),CSF tau | P,eas + aa + eur,meta-analysis + meta-analyses,impute2 v2.3.2 + shapeit v2.790 + 1000 genomes project,genotyping + imputation,blood pressure + bmi + type 2 diabetes + ldl cholesterol + alzheimers disease,rm + jqt + rcp + vm-yl + jlh + am + ag + biocard + vmvd + mr + pldj + hz + adrc + jk + afdn + ro + adgc + erp + ma + lm + map-v + jcm + laf + kb + ajs + lms + adni + sk + gl
0.0113,-0.016,0.155,,,,,,HGVS | HGVS,CSFAβ42 | Beta (SE),CSFAβ42 | P,eas + aa + eur,meta-analysis + meta-analyses,impute2 v2.3.2 + shapeit v2.790 + 1000 genomes project,genotyping + imputation,blood pressure + bmi + type 2 diabetes + ldl cholesterol + alzheimers disease,rm + jqt + rcp + vm-yl + jlh + am + ag + biocard + vmvd + mr + pldj + hz + adrc + jk + afdn + ro + adgc + erp + ma + lm + map-v + jcm + laf + kb + ajs + lms + adni + sk + gl
5.12e-10,-0.016,0.155,,,,,,HGVS | HGVS,CSFAβ42 | Beta (SE),CSF ptau181 | P,eas + aa + eur,meta-analysis + meta-analyses,impute2 v2.3.2 + shapeit v2.790 + 1000 genomes project,genotyping + imputation,blood pressure + bmi + type 2 diabetes + ldl cholesterol + alzheimers disease,rm + jqt + rcp + vm-yl + jlh + am + ag + biocard + vmvd + mr + pldj + hz + adrc + jk + afdn + ro + adgc + erp + ma + lm + map-v + jcm + laf + kb + ajs + lms + adni + sk + gl
1.37e-05,-0.016,0.155,,,,,,HGVS | HGVS,CSFAβ42 | Beta (SE),CSF tau | P,eas + aa + eur,meta-analysis + meta-analyses,impute2 v2.3.2 + shapeit v2.790 + 1000 genomes project,genotyping + imputation,blood pressure + bmi + type 2 diabetes + ldl cholesterol + alzheimers disease,rm + jqt + rcp + vm-yl + jlh + am + ag + biocard + vmvd + mr + pldj + hz + adrc + jk + afdn + ro + adgc + erp + ma + lm + map-v + jcm + laf + kb + ajs + lms + adni + sk + gl
0.0113,0.05,0.155,,,,,,HGVS | HGVS,CSF ptau181 | Beta (SE),CSFAβ42 | P,eas + aa + eur,meta-analysis + meta-analyses,impute2 v2.3.2 + shapeit v2.790 + 1000 genomes project,genotyping + imputation,blood pressure + bmi + type 2 diabetes + ldl cholesterol + alzheimers disease,rm + jqt + rcp + vm-yl + jlh + am + ag + biocard + vmvd + mr + pldj + hz + adrc + jk + afdn + ro + adgc + erp + ma + lm + map-v + jcm + laf + kb + ajs + lms + adni + sk + gl
5.12e-10,0.05,0.155,,,,,,HGVS | HGVS,CSF ptau181 | Beta (SE),CSF ptau181 | P,eas + aa + eur,meta-analysis + meta-analyses,impute2 v2.3.2 + shapeit v2.790 + 1000 genomes project,genotyping + imputation,blood pressure + bmi + type 2 diabetes + ldl cholesterol + alzheimers disease,rm + jqt + rcp + vm-yl + jlh + am + ag + biocard + vmvd + mr + pldj + hz + adrc + jk + afdn + ro + adgc + erp + ma + lm + map-v + jcm + laf + kb + ajs + lms + adni + sk + gl
1.37e-05,0.05,0.155,,,,,,HGVS | HGVS,CSF ptau181 | Beta (SE),CSF tau | P,eas + aa + eur,meta-analysis + meta-analyses,impute2 v2.3.2 + shapeit v2.790 + 1000 genomes project,genotyping + imputation,blood pressure + bmi + type 2 diabetes + ldl cholesterol + alzheimers disease,rm + jqt + rcp + vm-yl + jlh + am + ag + biocard + vmvd + mr + pldj + hz + adrc + jk + afdn + ro + adgc + erp + ma + lm + map-v + jcm + laf + kb + ajs + lms + adni + sk + gl
0.0113,0.038,0.155,,,,,,HGVS | HGVS,CSF tau | Beta (SE),CSFAβ42 | P,eas + aa + eur,meta-analysis + meta-analyses,impute2 v2.3.2 + shapeit v2.790 + 1000 genomes project,genotyping + imputation,blood pressure + bmi + type 2 diabetes + ldl cholesterol + alzheimers disease,rm + jqt + rcp + vm-yl + jlh + am + ag + biocard + vmvd + mr + pldj + hz + adrc + jk + afdn + ro + adgc + erp + ma + lm + map-v + jcm + laf + kb + ajs + lms + adni + sk + gl
5.12e-10,0.038,0.155,,,,,,HGVS | HGVS,CSF tau | Beta (SE),CSF ptau181 | P,eas + aa + eur,meta-analysis + meta-analyses,impute2 v2.3.2 + shapeit v2.790 + 1000 genomes project,genotyping + imputation,blood pressure + bmi + type 2 diabetes + ldl cholesterol + alzheimers disease,rm + jqt + rcp + vm-yl + jlh + am + ag + biocard + vmvd + mr + pldj + hz + adrc + jk + afdn + ro + adgc + erp + ma + lm + map-v + jcm + laf + kb + ajs + lms + adni + sk + gl
1.37e-05,0.038,0.155,,,,,,HGVS | HGVS,CSF tau | Beta (SE),CSF tau | P,eas + aa + eur,meta-analysis + meta-analyses,impute2 v2.3.2 + shapeit v2.790 + 1000 genomes project,genotyping + imputation,blood pressure + bmi + type 2 diabetes + ldl cholesterol + alzheimers disease,rm + jqt + rcp + vm-yl + jlh + am + ag + biocard + vmvd + mr + pldj + hz + adrc + jk + afdn + ro + adgc + erp + ma + lm + map-v + jcm + laf + kb + ajs + lms + adni + sk + gl
0.0113,-0.016,0.155,,,,,,HGVS | HGVS,CSFAβ42 | Beta (SE),CSFAβ42 | P,eas + aa + eur,meta-analysis + meta-analyses,impute2 v2.3.2 + shapeit v2.790 + 1000 genomes project,genotyping + imputation,blood pressure + bmi + type 2 diabetes + ldl cholesterol + alzheimers disease,rm + jqt + rcp + vm-yl + jlh + am + ag + biocard + vmvd + mr + pldj + hz + adrc + jk + afdn + ro + adgc + erp + ma + lm + map-v + jcm + laf + kb + ajs + lms + adni + sk + gl
5.12e-10,-0.016,0.155,,,,,,HGVS | HGVS,CSFAβ42 | Beta (SE),CSF ptau181 | P,eas + aa + eur,meta-analysis + meta-analyses,impute2 v2.3.2 + shapeit v2.790 + 1000 genomes project,genotyping + imputation,blood pressure + bmi + type 2 diabetes + ldl cholesterol + alzheimers disease,rm + jqt + rcp + vm-yl + jlh + am + ag + biocard + vmvd + mr + pldj + hz + adrc + jk + afdn + ro + adgc + erp + ma + lm + map-v + jcm + laf + kb + ajs + lms + adni + sk + gl
1.37e-05,-0.016,0.155,,,,,,HGVS | HGVS,CSFAβ42 | Beta (SE),CSF tau | P,eas + aa + eur,meta-analysis + meta-analyses,impute2 v2.3.2 + shapeit v2.790 + 1000 genomes project,genotyping + imputation,blood pressure + bmi + type 2 diabetes + ldl cholesterol + alzheimers disease,rm + jqt + rcp + vm-yl + jlh + am + ag + biocard + vmvd + mr + pldj + hz + adrc + jk + afdn + ro + adgc + erp + ma + lm + map-v + jcm + laf + kb + ajs + lms + adni + sk + gl
0.0113,0.05,0.155,,,,,,HGVS | HGVS,CSF ptau181 | Beta (SE),CSFAβ42 | P,eas + aa + eur,meta-analysis + meta-analyses,impute2 v2.3.2 + shapeit v2.790 + 1000 genomes project,genotyping + imputation,blood pressure + bmi + type 2 diabetes + ldl cholesterol + alzheimers disease,rm + jqt + rcp + vm-yl + jlh + am + ag + biocard + vmvd + mr + pldj + hz + adrc + jk + afdn + ro + adgc + erp + ma + lm + map-v + jcm + laf + kb + ajs + lms + adni + sk + gl
5.12e-10,0.05,0.155,,,,,,HGVS | HGVS,CSF ptau181 | Beta (SE),CSF ptau181 | P,eas + aa + eur,meta-analysis + meta-analyses,impute2 v2.3.2 + shapeit v2.790 + 1000 genomes project,genotyping + imputation,blood pressure + bmi + type 2 diabetes + ldl cholesterol + alzheimers disease,rm + jqt + rcp + vm-yl + jlh + am + ag + biocard + vmvd + mr + pldj + hz + adrc + jk + afdn + ro + adgc + erp + ma + lm + map-v + jcm + laf + kb + ajs + lms + adni + sk + gl
1.37e-05,0.05,0.155,,,,,,HGVS | HGVS,CSF ptau181 | Beta (SE),CSF tau | P,eas + aa + eur,meta-analysis + meta-analyses,impute2 v2.3.2 + shapeit v2.790 + 1000 genomes project,genotyping + imputation,blood pressure + bmi + type 2 diabetes + ldl cholesterol + alzheimers disease,rm + jqt + rcp + vm-yl + jlh + am + ag + biocard + vmvd + mr + pldj + hz + adrc + jk + afdn + ro + adgc + erp + ma + lm + map-v + jcm + laf + kb + ajs + lms + adni + sk + gl
0.0113,0.038,0.155,,,,,,HGVS | HGVS,CSF tau | Beta (SE),CSFAβ42 | P,eas + aa + eur,meta-analysis + meta-analyses,impute2 v2.3.2 + shapeit v2.790 + 1000 genomes project,genotyping + imputation,blood pressure + bmi + type 2 diabetes + ldl cholesterol + alzheimers disease,rm + jqt + rcp + vm-yl + jlh + am + ag + biocard + vmvd + mr + pldj + hz + adrc + jk + afdn + ro + adgc + erp + ma + lm + map-v + jcm + laf + kb + ajs + lms + adni + sk + gl
5.12e-10,0.038,0.155,,,,,,HGVS | HGVS,CSF tau | Beta (SE),CSF ptau181 | P,eas + aa + eur,meta-analysis + meta-analyses,impute2 v2.3.2 + shapeit v2.790 + 1000 genomes project,genotyping + imputation,blood pressure + bmi + type 2 diabetes + ldl cholesterol + alzheimers disease,rm + jqt + rcp + vm-yl + jlh + am + ag + biocard + vmvd + mr + pldj + hz + adrc + jk + afdn + ro + adgc + erp + ma + lm + map-v + jcm + laf + kb + ajs + lms + adni + sk + gl
1.37e-05,0.038,0.155,,,,,,HGVS | HGVS,CSF tau | Beta (SE),CSF tau | P,eas + aa + eur,meta-analysis + meta-analyses,impute2 v2.3.2 + shapeit v2.790 + 1000 genomes project,genotyping + imputation,blood pressure + bmi + type 2 diabetes + ldl cholesterol + alzheimers disease,rm + jqt + rcp + vm-yl + jlh + am + ag + biocard + vmvd + mr + pldj + hz + adrc + jk + afdn + ro + adgc + erp + ma + lm + map-v + jcm + laf + kb + ajs + lms + adni + sk + gl
0.0971,-0.007,0.357,,,,,,HGVS | HGVS,CSFAβ42 | Beta (SE),CSFAβ42 | P,eas + aa + eur,meta-analysis + meta-analyses,impute2 v2.3.2 + shapeit v2.790 + 1000 genomes project,genotyping + imputation,blood pressure + bmi + type 2 diabetes + ldl cholesterol + alzheimers disease,rm + jqt + rcp + vm-yl + jlh + am + ag + biocard + vmvd + mr + pldj + hz + adrc + jk + afdn + ro + adgc + erp + ma + lm + map-v + jcm + laf + kb + ajs + lms + adni + sk + gl
7.62e-10,-0.007,0.357,,,,,,HGVS | HGVS,CSFAβ42 | Beta (SE),CSF ptau181 | P,eas + aa + eur,meta-analysis + meta-analyses,impute2 v2.3.2 + shapeit v2.790 + 1000 genomes project,genotyping + imputation,blood pressure + bmi + type 2 diabetes + ldl cholesterol + alzheimers disease,rm + jqt + rcp + vm-yl + jlh + am + ag + biocard + vmvd + mr + pldj + hz + adrc + jk + afdn + ro + adgc + erp + ma + lm + map-v + jcm + laf + kb + ajs + lms + adni + sk + gl
3.07e-11,-0.007,0.357,,,,,,HGVS | HGVS,CSFAβ42 | Beta (SE),CSF tau | P,eas + aa + eur,meta-analysis + meta-analyses,impute2 v2.3.2 + shapeit v2.790 + 1000 genomes project,genotyping + imputation,blood pressure + bmi + type 2 diabetes + ldl cholesterol + alzheimers disease,rm + jqt + rcp + vm-yl + jlh + am + ag + biocard + vmvd + mr + pldj + hz + adrc + jk + afdn + ro + adgc + erp + ma + lm + map-v + jcm + laf + kb + ajs + lms + adni + sk + gl
0.0971,0.035,0.357,,,,,,HGVS | HGVS,CSF ptau181 | Beta (SE),CSFAβ42 | P,eas + aa + eur,meta-analysis + meta-analyses,impute2 v2.3.2 + shapeit v2.790 + 1000 genomes project,genotyping + imputation,blood pressure + bmi + type 2 diabetes + ldl cholesterol + alzheimers disease,rm + jqt + rcp + vm-yl + jlh + am + ag + biocard + vmvd + mr + pldj + hz + adrc + jk + afdn + ro + adgc + erp + ma + lm + map-v + jcm + laf + kb + ajs + lms + adni + sk + gl
7.62e-10,0.035,0.357,,,,,,HGVS | HGVS,CSF ptau181 | Beta (SE),CSF ptau181 | P,eas + aa + eur,meta-analysis + meta-analyses,impute2 v2.3.2 + shapeit v2.790 + 1000 genomes project,genotyping + imputation,blood pressure + bmi + type 2 diabetes + ldl cholesterol + alzheimers disease,rm + jqt + rcp + vm-yl + jlh + am + ag + biocard + vmvd + mr + pldj + hz + adrc + jk + afdn + ro + adgc + erp + ma + lm + map-v + jcm + laf + kb + ajs + lms + adni + sk + gl
3.07e-11,0.035,0.357,,,,,,HGVS | HGVS,CSF ptau181 | Beta (SE),CSF tau | P,eas + aa + eur,meta-analysis + meta-analyses,impute2 v2.3.2 + shapeit v2.790 + 1000 genomes project,genotyping + imputation,blood pressure + bmi + type 2 diabetes + ldl cholesterol + alzheimers disease,rm + jqt + rcp + vm-yl + jlh + am + ag + biocard + vmvd + mr + pldj + hz + adrc + jk + afdn + ro + adgc + erp + ma + lm + map-v + jcm + laf + kb + ajs + lms + adni + sk + gl
0.0971,0.04,0.357,,,,,,HGVS | HGVS,CSF tau | Beta (SE),CSFAβ42 | P,eas + aa + eur,meta-analysis + meta-analyses,impute2 v2.3.2 + shapeit v2.790 + 1000 genomes project,genotyping + imputation,blood pressure + bmi + type 2 diabetes + ldl cholesterol + alzheimers disease,rm + jqt + rcp + vm-yl + jlh + am + ag + biocard + vmvd + mr + pldj + hz + adrc + jk + afdn + ro + adgc + erp + ma + lm + map-v + jcm + laf + kb + ajs + lms + adni + sk + gl
7.62e-10,0.04,0.357,,,,,,HGVS | HGVS,CSF tau | Beta (SE),CSF ptau181 | P,eas + aa + eur,meta-analysis + meta-analyses,impute2 v2.3.2 + shapeit v2.790 + 1000 genomes project,genotyping + imputation,blood pressure + bmi + type 2 diabetes + ldl cholesterol + alzheimers disease,rm + jqt + rcp + vm-yl + jlh + am + ag + biocard + vmvd + mr + pldj + hz + adrc + jk + afdn + ro + adgc + erp + ma + lm + map-v + jcm + laf + kb + ajs + lms + adni + sk + gl
3.07e-11,0.04,0.357,,,,,,HGVS | HGVS,CSF tau | Beta (SE),CSF tau | P,eas + aa + eur,meta-analysis + meta-analyses,impute2 v2.3.2 + shapeit v2.790 + 1000 genomes project,genotyping + imputation,blood pressure + bmi + type 2 diabetes + ldl cholesterol + alzheimers disease,rm + jqt + rcp + vm-yl + jlh + am + ag + biocard + vmvd + mr + pldj + hz + adrc + jk + afdn + ro + adgc + erp + ma + lm + map-v + jcm + laf + kb + ajs + lms + adni + sk + gl
0.294,0.007,0.125,,,,,,HGVS | HGVS,CSFAβ42 | Beta (SE),CSFAβ42 | P,eas + aa + eur,meta-analysis + meta-analyses,impute2 v2.3.2 + shapeit v2.790 + 1000 genomes project,genotyping + imputation,blood pressure + bmi + type 2 diabetes + ldl cholesterol + alzheimers disease,rm + jqt + rcp + vm-yl + jlh + am + ag + biocard + vmvd + mr + pldj + hz + adrc + jk + afdn + ro + adgc + erp + ma + lm + map-v + jcm + laf + kb + ajs + lms + adni + sk + gl
2.94e-08,0.007,0.125,,,,,,HGVS | HGVS,CSFAβ42 | Beta (SE),CSF ptau181 | P,eas + aa + eur,meta-analysis + meta-analyses,impute2 v2.3.2 + shapeit v2.790 + 1000 genomes project,genotyping + imputation,blood pressure + bmi + type 2 diabetes + ldl cholesterol + alzheimers disease,rm + jqt + rcp + vm-yl + jlh + am + ag + biocard + vmvd + mr + pldj + hz + adrc + jk + afdn + ro + adgc + erp + ma + lm + map-v + jcm + laf + kb + ajs + lms + adni + sk + gl
1.36e-06,0.007,0.125,,,,,,HGVS | HGVS,CSFAβ42 | Beta (SE),CSF tau | P,eas + aa + eur,meta-analysis + meta-analyses,impute2 v2.3.2 + shapeit v2.790 + 1000 genomes project,genotyping + imputation,blood pressure + bmi + type 2 diabetes + ldl cholesterol + alzheimers disease,rm + jqt + rcp + vm-yl + jlh + am + ag + biocard + vmvd + mr + pldj + hz + adrc + jk + afdn + ro + adgc + erp + ma + lm + map-v + jcm + laf + kb + ajs + lms + adni + sk + gl
0.294,-0.049,0.125,,,,,,HGVS | HGVS,CSF ptau181 | Beta (SE),CSFAβ42 | P,eas + aa + eur,meta-analysis + meta-analyses,impute2 v2.3.2 + shapeit v2.790 + 1000 genomes project,genotyping + imputation,blood pressure + bmi + type 2 diabetes + ldl cholesterol + alzheimers disease,rm + jqt + rcp + vm-yl + jlh + am + ag + biocard + vmvd + mr + pldj + hz + adrc + jk + afdn + ro + adgc + erp + ma + lm + map-v + jcm + laf + kb + ajs + lms + adni + sk + gl
2.94e-08,-0.049,0.125,,,,,,HGVS | HGVS,CSF ptau181 | Beta (SE),CSF ptau181 | P,eas + aa + eur,meta-analysis + meta-analyses,impute2 v2.3.2 + shapeit v2.790 + 1000 genomes project,genotyping + imputation,blood pressure + bmi + type 2 diabetes + ldl cholesterol + alzheimers disease,rm + jqt + rcp + vm-yl + jlh + am + ag + biocard + vmvd + mr + pldj + hz + adrc + jk + afdn + ro + adgc + erp + ma + lm + map-v + jcm + laf + kb + ajs + lms + adni + sk + gl
1.36e-06,-0.049,0.125,,,,,,HGVS | HGVS,CSF ptau181 | Beta (SE),CSF tau | P,eas + aa + eur,meta-analysis + meta-analyses,impute2 v2.3.2 + shapeit v2.790 + 1000 genomes project,genotyping + imputation,blood pressure + bmi + type 2 diabetes + ldl cholesterol + alzheimers disease,rm + jqt + rcp + vm-yl + jlh + am + ag + biocard + vmvd + mr + pldj + hz + adrc + jk + afdn + ro + adgc + erp + ma + lm + map-v + jcm + laf + kb + ajs + lms + adni + sk + gl
0.294,-0.044,0.125,,,,,,HGVS | HGVS,CSF tau | Beta (SE),CSFAβ42 | P,eas + aa + eur,meta-analysis + meta-analyses,impute2 v2.3.2 + shapeit v2.790 + 1000 genomes project,genotyping + imputation,blood pressure + bmi + type 2 diabetes + ldl cholesterol + alzheimers disease,rm + jqt + rcp + vm-yl + jlh + am + ag + biocard + vmvd + mr + pldj + hz + adrc + jk + afdn + ro + adgc + erp + ma + lm + map-v + jcm + laf + kb + ajs + lms + adni + sk + gl
2.94e-08,-0.044,0.125,,,,,,HGVS | HGVS,CSF tau | Beta (SE),CSF ptau181 | P,eas + aa + eur,meta-analysis + meta-analyses,impute2 v2.3.2 + shapeit v2.790 + 1000 genomes project,genotyping + imputation,blood pressure + bmi + type 2 diabetes + ldl cholesterol + alzheimers disease,rm + jqt + rcp + vm-yl + jlh + am + ag + biocard + vmvd + mr + pldj + hz + adrc + jk + afdn + ro + adgc + erp + ma + lm + map-v + jcm + laf + kb + ajs + lms + adni + sk + gl
1.36e-06,-0.044,0.125,,,,,,HGVS | HGVS,CSF tau | Beta (SE),CSF tau | P,eas + aa + eur,meta-analysis + meta-analyses,impute2 v2.3.2 + shapeit v2.790 + 1000 genomes project,genotyping + imputation,blood pressure + bmi + type 2 diabetes + ldl cholesterol + alzheimers disease,rm + jqt + rcp + vm-yl + jlh + am + ag + biocard + vmvd + mr + pldj + hz + adrc + jk + afdn + ro + adgc + erp + ma + lm + map-v + jcm + laf + kb + ajs + lms + adni + sk + gl
0.0,-0.101,0.191,,,,,,HGVS | HGVS,CSFAβ42 | Beta (SE),CSFAβ42 | P,eas + aa + eur,meta-analysis + meta-analyses,impute2 v2.3.2 + shapeit v2.790 + 1000 genomes project,genotyping + imputation,blood pressure + bmi + type 2 diabetes + ldl cholesterol + alzheimers disease,rm + jqt + rcp + vm-yl + jlh + am + ag + biocard + vmvd + mr + pldj + hz + adrc + jk + afdn + ro + adgc + erp + ma + lm + map-v + jcm + laf + kb + ajs + lms + adni + sk + gl
0.0,-0.101,0.191,,,,,,HGVS | HGVS,CSFAβ42 | Beta (SE),CSF ptau181 | P,eas + aa + eur,meta-analysis + meta-analyses,impute2 v2.3.2 + shapeit v2.790 + 1000 genomes project,genotyping + imputation,blood pressure + bmi + type 2 diabetes + ldl cholesterol + alzheimers disease,rm + jqt + rcp + vm-yl + jlh + am + ag + biocard + vmvd + mr + pldj + hz + adrc + jk + afdn + ro + adgc + erp + ma + lm + map-v + jcm + laf + kb + ajs + lms + adni + sk + gl
0.0,-0.101,0.191,,,,,,HGVS | HGVS,CSFAβ42 | Beta (SE),CSF tau | P,eas + aa + eur,meta-analysis + meta-analyses,impute2 v2.3.2 + shapeit v2.790 + 1000 genomes project,genotyping + imputation,blood pressure + bmi + type 2 diabetes + ldl cholesterol + alzheimers disease,rm + jqt + rcp + vm-yl + jlh + am + ag + biocard + vmvd + mr + pldj + hz + adrc + jk + afdn + ro + adgc + erp + ma + lm + map-v + jcm + laf + kb + ajs + lms + adni + sk + gl
0.0,0.079,0.191,,,,,,HGVS | HGVS,CSF ptau181 | Beta (SE),CSFAβ42 | P,eas + aa + eur,meta-analysis + meta-analyses,impute2 v2.3.2 + shapeit v2.790 + 1000 genomes project,genotyping + imputation,blood pressure + bmi + type 2 diabetes + ldl cholesterol + alzheimers disease,rm + jqt + rcp + vm-yl + jlh + am + ag + biocard + vmvd + mr + pldj + hz + adrc + jk + afdn + ro + adgc + erp + ma + lm + map-v + jcm + laf + kb + ajs + lms + adni + sk + gl
0.0,0.079,0.191,,,,,,HGVS | HGVS,CSF ptau181 | Beta (SE),CSF ptau181 | P,eas + aa + eur,meta-analysis + meta-analyses,impute2 v2.3.2 + shapeit v2.790 + 1000 genomes project,genotyping + imputation,blood pressure + bmi + type 2 diabetes + ldl cholesterol + alzheimers disease,rm + jqt + rcp + vm-yl + jlh + am + ag + biocard + vmvd + mr + pldj + hz + adrc + jk + afdn + ro + adgc + erp + ma + lm + map-v + jcm + laf + kb + ajs + lms + adni + sk + gl
0.0,0.079,0.191,,,,,,HGVS | HGVS,CSF ptau181 | Beta (SE),CSF tau | P,eas + aa + eur,meta-analysis + meta-analyses,impute2 v2.3.2 + shapeit v2.790 + 1000 genomes project,genotyping + imputation,blood pressure + bmi + type 2 diabetes + ldl cholesterol + alzheimers disease,rm + jqt + rcp + vm-yl + jlh + am + ag + biocard + vmvd + mr + pldj + hz + adrc + jk + afdn + ro + adgc + erp + ma + lm + map-v + jcm + laf + kb + ajs + lms + adni + sk + gl
0.0,0.078,0.191,,,,,,HGVS | HGVS,CSF tau | Beta (SE),CSFAβ42 | P,eas + aa + eur,meta-analysis + meta-analyses,impute2 v2.3.2 + shapeit v2.790 + 1000 genomes project,genotyping + imputation,blood pressure + bmi + type 2 diabetes + ldl cholesterol + alzheimers disease,rm + jqt + rcp + vm-yl + jlh + am + ag + biocard + vmvd + mr + pldj + hz + adrc + jk + afdn + ro + adgc + erp + ma + lm + map-v + jcm + laf + kb + ajs + lms + adni + sk + gl
0.0,0.078,0.191,,,,,,HGVS | HGVS,CSF tau | Beta (SE),CSF ptau181 | P,eas + aa + eur,meta-analysis + meta-analyses,impute2 v2.3.2 + shapeit v2.790 + 1000 genomes project,genotyping + imputation,blood pressure + bmi + type 2 diabetes + ldl cholesterol + alzheimers disease,rm + jqt + rcp + vm-yl + jlh + am + ag + biocard + vmvd + mr + pldj + hz + adrc + jk + afdn + ro + adgc + erp + ma + lm + map-v + jcm + laf + kb + ajs + lms + adni + sk + gl
0.0,0.078,0.191,,,,,,HGVS | HGVS,CSF tau | Beta (SE),CSF tau | P,eas + aa + eur,meta-analysis + meta-analyses,impute2 v2.3.2 + shapeit v2.790 + 1000 genomes project,genotyping + imputation,blood pressure + bmi + type 2 diabetes + ldl cholesterol + alzheimers disease,rm + jqt + rcp + vm-yl + jlh + am + ag + biocard + vmvd + mr + pldj + hz + adrc + jk + afdn + ro + adgc + erp + ma + lm + map-v + jcm + laf + kb + ajs + lms + adni + sk + gl
,,,,,,,,SNP[effect allele] | SNP[effect allele],CSFAβ42 | Beta (SE),CSFAβ42 | P,eas + aa + eur,meta-analysis + meta-analyses,impute2 v2.3.2 + shapeit v2.790 + 1000 genomes project,genotyping + imputation,blood pressure + bmi + type 2 diabetes + ldl cholesterol + alzheimers disease,rm + jqt + rcp + vm-yl + jlh + am + ag + biocard + vmvd + mr + pldj + hz + adrc + jk + afdn + ro + adgc + erp + ma + lm + map-v + jcm + laf + kb + ajs + lms + adni + sk + gl
,,,,,,,,SNP[effect allele] | SNP[effect allele],CSFAβ42 | Beta (SE),CSF ptau181 | P,eas + aa + eur,meta-analysis + meta-analyses,impute2 v2.3.2 + shapeit v2.790 + 1000 genomes project,genotyping + imputation,blood pressure + bmi + type 2 diabetes + ldl cholesterol + alzheimers disease,rm + jqt + rcp + vm-yl + jlh + am + ag + biocard + vmvd + mr + pldj + hz + adrc + jk + afdn + ro + adgc + erp + ma + lm + map-v + jcm + laf + kb + ajs + lms + adni + sk + gl
,,,,,,,,SNP[effect allele] | SNP[effect allele],CSFAβ42 | Beta (SE),CSF tau | P,eas + aa + eur,meta-analysis + meta-analyses,impute2 v2.3.2 + shapeit v2.790 + 1000 genomes project,genotyping + imputation,blood pressure + bmi + type 2 diabetes + ldl cholesterol + alzheimers disease,rm + jqt + rcp + vm-yl + jlh + am + ag + biocard + vmvd + mr + pldj + hz + adrc + jk + afdn + ro + adgc + erp + ma + lm + map-v + jcm + laf + kb + ajs + lms + adni + sk + gl
,,,,,,,,SNP[effect allele] | SNP[effect allele],CSF ptau181 | Beta (SE),CSFAβ42 | P,eas + aa + eur,meta-analysis + meta-analyses,impute2 v2.3.2 + shapeit v2.790 + 1000 genomes project,genotyping + imputation,blood pressure + bmi + type 2 diabetes + ldl cholesterol + alzheimers disease,rm + jqt + rcp + vm-yl + jlh + am + ag + biocard + vmvd + mr + pldj + hz + adrc + jk + afdn + ro + adgc + erp + ma + lm + map-v + jcm + laf + kb + ajs + lms + adni + sk + gl
,,,,,,,,SNP[effect allele] | SNP[effect allele],CSF ptau181 | Beta (SE),CSF ptau181 | P,eas + aa + eur,meta-analysis + meta-analyses,impute2 v2.3.2 + shapeit v2.790 + 1000 genomes project,genotyping + imputation,blood pressure + bmi + type 2 diabetes + ldl cholesterol + alzheimers disease,rm + jqt + rcp + vm-yl + jlh + am + ag + biocard + vmvd + mr + pldj + hz + adrc + jk + afdn + ro + adgc + erp + ma + lm + map-v + jcm + laf + kb + ajs + lms + adni + sk + gl
,,,,,,,,SNP[effect allele] | SNP[effect allele],CSF ptau181 | Beta (SE),CSF tau | P,eas + aa + eur,meta-analysis + meta-analyses,impute2 v2.3.2 + shapeit v2.790 + 1000 genomes project,genotyping + imputation,blood pressure + bmi + type 2 diabetes + ldl cholesterol + alzheimers disease,rm + jqt + rcp + vm-yl + jlh + am + ag + biocard + vmvd + mr + pldj + hz + adrc + jk + afdn + ro + adgc + erp + ma + lm + map-v + jcm + laf + kb + ajs + lms + adni + sk + gl
,,,,,,,,SNP[effect allele] | SNP[effect allele],CSF tau | Beta (SE),CSFAβ42 | P,eas + aa + eur,meta-analysis + meta-analyses,impute2 v2.3.2 + shapeit v2.790 + 1000 genomes project,genotyping + imputation,blood pressure + bmi + type 2 diabetes + ldl cholesterol + alzheimers disease,rm + jqt + rcp + vm-yl + jlh + am + ag + biocard + vmvd + mr + pldj + hz + adrc + jk + afdn + ro + adgc + erp + ma + lm + map-v + jcm + laf + kb + ajs + lms + adni + sk + gl
,,,,,,,,SNP[effect allele] | SNP[effect allele],CSF tau | Beta (SE),CSF ptau181 | P,eas + aa + eur,meta-analysis + meta-analyses,impute2 v2.3.2 + shapeit v2.790 + 1000 genomes project,genotyping + imputation,blood pressure + bmi + type 2 diabetes + ldl cholesterol + alzheimers disease,rm + jqt + rcp + vm-yl + jlh + am + ag + biocard + vmvd + mr + pldj + hz + adrc + jk + afdn + ro + adgc + erp + ma + lm + map-v + jcm + laf + kb + ajs + lms + adni + sk + gl
,,,,,,,,SNP[effect allele] | SNP[effect allele],CSF tau | Beta (SE),CSF tau | P,eas + aa + eur,meta-analysis + meta-analyses,impute2 v2.3.2 + shapeit v2.790 + 1000 genomes project,genotyping + imputation,blood pressure + bmi + type 2 diabetes + ldl cholesterol + alzheimers disease,rm + jqt + rcp + vm-yl + jlh + am + ag + biocard + vmvd + mr + pldj + hz + adrc + jk + afdn + ro + adgc + erp + ma + lm + map-v + jcm + laf + kb + ajs + lms + adni + sk + gl
2.08e-08,-0.059,0.042,rs185031519,,,,,SNP[effect allele] | SNP[effect allele],CSFAβ42 | Beta (SE),CSFAβ42 | P,eas + aa + eur,meta-analysis + meta-analyses,impute2 v2.3.2 + shapeit v2.790 + 1000 genomes project,genotyping + imputation,blood pressure + bmi + type 2 diabetes + ldl cholesterol + alzheimers disease,rm + jqt + rcp + vm-yl + jlh + am + ag + biocard + vmvd + mr + pldj + hz + adrc + jk + afdn + ro + adgc + erp + ma + lm + map-v + jcm + laf + kb + ajs + lms + adni + sk + gl
0.594,-0.059,0.042,rs185031519,,,,,SNP[effect allele] | SNP[effect allele],CSFAβ42 | Beta (SE),CSF ptau181 | P,eas + aa + eur,meta-analysis + meta-analyses,impute2 v2.3.2 + shapeit v2.790 + 1000 genomes project,genotyping + imputation,blood pressure + bmi + type 2 diabetes + ldl cholesterol + alzheimers disease,rm + jqt + rcp + vm-yl + jlh + am + ag + biocard + vmvd + mr + pldj + hz + adrc + jk + afdn + ro + adgc + erp + ma + lm + map-v + jcm + laf + kb + ajs + lms + adni + sk + gl
0.472,-0.059,0.042,rs185031519,,,,,SNP[effect allele] | SNP[effect allele],CSFAβ42 | Beta (SE),CSF tau | P,eas + aa + eur,meta-analysis + meta-analyses,impute2 v2.3.2 + shapeit v2.790 + 1000 genomes project,genotyping + imputation,blood pressure + bmi + type 2 diabetes + ldl cholesterol + alzheimers disease,rm + jqt + rcp + vm-yl + jlh + am + ag + biocard + vmvd + mr + pldj + hz + adrc + jk + afdn + ro + adgc + erp + ma + lm + map-v + jcm + laf + kb + ajs + lms + adni + sk + gl
2.08e-08,0.008,0.042,rs185031519,,,,,SNP[effect allele] | SNP[effect allele],CSF ptau181 | Beta (SE),CSFAβ42 | P,eas + aa + eur,meta-analysis + meta-analyses,impute2 v2.3.2 + shapeit v2.790 + 1000 genomes project,genotyping + imputation,blood pressure + bmi + type 2 diabetes + ldl cholesterol + alzheimers disease,rm + jqt + rcp + vm-yl + jlh + am + ag + biocard + vmvd + mr + pldj + hz + adrc + jk + afdn + ro + adgc + erp + ma + lm + map-v + jcm + laf + kb + ajs + lms + adni + sk + gl
0.594,0.008,0.042,rs185031519,,,,,SNP[effect allele] | SNP[effect allele],CSF ptau181 | Beta (SE),CSF ptau181 | P,eas + aa + eur,meta-analysis + meta-analyses,impute2 v2.3.2 + shapeit v2.790 + 1000 genomes project,genotyping + imputation,blood pressure + bmi + type 2 diabetes + ldl cholesterol + alzheimers disease,rm + jqt + rcp + vm-yl + jlh + am + ag + biocard + vmvd + mr + pldj + hz + adrc + jk + afdn + ro + adgc + erp + ma + lm + map-v + jcm + laf + kb + ajs + lms + adni + sk + gl
0.472,0.008,0.042,rs185031519,,,,,SNP[effect allele] | SNP[effect allele],CSF ptau181 | Beta (SE),CSF tau | P,eas + aa + eur,meta-analysis + meta-analyses,impute2 v2.3.2 + shapeit v2.790 + 1000 genomes project,genotyping + imputation,blood pressure + bmi + type 2 diabetes + ldl cholesterol + alzheimers disease,rm + jqt + rcp + vm-yl + jlh + am + ag + biocard + vmvd + mr + pldj + hz + adrc + jk + afdn + ro + adgc + erp + ma + lm + map-v + jcm + laf + kb + ajs + lms + adni + sk + gl
2.08e-08,0.011,0.042,rs185031519,,,,,SNP[effect allele] | SNP[effect allele],CSF tau | Beta (SE),CSFAβ42 | P,eas + aa + eur,meta-analysis + meta-analyses,impute2 v2.3.2 + shapeit v2.790 + 1000 genomes project,genotyping + imputation,blood pressure + bmi + type 2 diabetes + ldl cholesterol + alzheimers disease,rm + jqt + rcp + vm-yl + jlh + am + ag + biocard + vmvd + mr + pldj + hz + adrc + jk + afdn + ro + adgc + erp + ma + lm + map-v + jcm + laf + kb + ajs + lms + adni + sk + gl
0.594,0.011,0.042,rs185031519,,,,,SNP[effect allele] | SNP[effect allele],CSF tau | Beta (SE),CSF ptau181 | P,eas + aa + eur,meta-analysis + meta-analyses,impute2 v2.3.2 + shapeit v2.790 + 1000 genomes project,genotyping + imputation,blood pressure + bmi + type 2 diabetes + ldl cholesterol + alzheimers disease,rm + jqt + rcp + vm-yl + jlh + am + ag + biocard + vmvd + mr + pldj + hz + adrc + jk + afdn + ro + adgc + erp + ma + lm + map-v + jcm + laf + kb + ajs + lms + adni + sk + gl
0.472,0.011,0.042,rs185031519,,,,,SNP[effect allele] | SNP[effect allele],CSF tau | Beta (SE),CSF tau | P,eas + aa + eur,meta-analysis + meta-analyses,impute2 v2.3.2 + shapeit v2.790 + 1000 genomes project,genotyping + imputation,blood pressure + bmi + type 2 diabetes + ldl cholesterol + alzheimers disease,rm + jqt + rcp + vm-yl + jlh + am + ag + biocard + vmvd + mr + pldj + hz + adrc + jk + afdn + ro + adgc + erp + ma + lm + map-v + jcm + laf + kb + ajs + lms + adni + sk + gl
1.76e-08,-0.025,0.302,rs316341,,,,,SNP[effect allele] | SNP[effect allele],CSFAβ42 | Beta (SE),CSFAβ42 | P,eas + aa + eur,meta-analysis + meta-analyses,impute2 v2.3.2 + shapeit v2.790 + 1000 genomes project,genotyping + imputation,blood pressure + bmi + type 2 diabetes + ldl cholesterol + alzheimers disease,rm + jqt + rcp + vm-yl + jlh + am + ag + biocard + vmvd + mr + pldj + hz + adrc + jk + afdn + ro + adgc + erp + ma + lm + map-v + jcm + laf + kb + ajs + lms + adni + sk + gl
0.22,-0.025,0.302,rs316341,,,,,SNP[effect allele] | SNP[effect allele],CSFAβ42 | Beta (SE),CSF ptau181 | P,eas + aa + eur,meta-analysis + meta-analyses,impute2 v2.3.2 + shapeit v2.790 + 1000 genomes project,genotyping + imputation,blood pressure + bmi + type 2 diabetes + ldl cholesterol + alzheimers disease,rm + jqt + rcp + vm-yl + jlh + am + ag + biocard + vmvd + mr + pldj + hz + adrc + jk + afdn + ro + adgc + erp + ma + lm + map-v + jcm + laf + kb + ajs + lms + adni + sk + gl
0.00919,-0.025,0.302,rs316341,,,,,SNP[effect allele] | SNP[effect allele],CSFAβ42 | Beta (SE),CSF tau | P,eas + aa + eur,meta-analysis + meta-analyses,impute2 v2.3.2 + shapeit v2.790 + 1000 genomes project,genotyping + imputation,blood pressure + bmi + type 2 diabetes + ldl cholesterol + alzheimers disease,rm + jqt + rcp + vm-yl + jlh + am + ag + biocard + vmvd + mr + pldj + hz + adrc + jk + afdn + ro + adgc + erp + ma + lm + map-v + jcm + laf + kb + ajs + lms + adni + sk + gl
1.76e-08,0.007,0.302,rs316341,,,,,SNP[effect allele] | SNP[effect allele],CSF ptau181 | Beta (SE),CSFAβ42 | P,eas + aa + eur,meta-analysis + meta-analyses,impute2 v2.3.2 + shapeit v2.790 + 1000 genomes project,genotyping + imputation,blood pressure + bmi + type 2 diabetes + ldl cholesterol + alzheimers disease,rm + jqt + rcp + vm-yl + jlh + am + ag + biocard + vmvd + mr + pldj + hz + adrc + jk + afdn + ro + adgc + erp + ma + lm + map-v + jcm + laf + kb + ajs + lms + adni + sk + gl
0.22,0.007,0.302,rs316341,,,,,SNP[effect allele] | SNP[effect allele],CSF ptau181 | Beta (SE),CSF ptau181 | P,eas + aa + eur,meta-analysis + meta-analyses,impute2 v2.3.2 + shapeit v2.790 + 1000 genomes project,genotyping + imputation,blood pressure + bmi + type 2 diabetes + ldl cholesterol + alzheimers disease,rm + jqt + rcp + vm-yl + jlh + am + ag + biocard + vmvd + mr + pldj + hz + adrc + jk + afdn + ro + adgc + erp + ma + lm + map-v + jcm + laf + kb + ajs + lms + adni + sk + gl
0.00919,0.007,0.302,rs316341,,,,,SNP[effect allele] | SNP[effect allele],CSF ptau181 | Beta (SE),CSF tau | P,eas + aa + eur,meta-analysis + meta-analyses,impute2 v2.3.2 + shapeit v2.790 + 1000 genomes project,genotyping + imputation,blood pressure + bmi + type 2 diabetes + ldl cholesterol + alzheimers disease,rm + jqt + rcp + vm-yl + jlh + am + ag + biocard + vmvd + mr + pldj + hz + adrc + jk + afdn + ro + adgc + erp + ma + lm + map-v + jcm + laf + kb + ajs + lms + adni + sk + gl
1.76e-08,0.016,0.302,rs316341,,,,,SNP[effect allele] | SNP[effect allele],CSF tau | Beta (SE),CSFAβ42 | P,eas + aa + eur,meta-analysis + meta-analyses,impute2 v2.3.2 + shapeit v2.790 + 1000 genomes project,genotyping + imputation,blood pressure + bmi + type 2 diabetes + ldl cholesterol + alzheimers disease,rm + jqt + rcp + vm-yl + jlh + am + ag + biocard + vmvd + mr + pldj + hz + adrc + jk + afdn + ro + adgc + erp + ma + lm + map-v + jcm + laf + kb + ajs + lms + adni + sk + gl
0.22,0.016,0.302,rs316341,,,,,SNP[effect allele] | SNP[effect allele],CSF tau | Beta (SE),CSF ptau181 | P,eas + aa + eur,meta-analysis + meta-analyses,impute2 v2.3.2 + shapeit v2.790 + 1000 genomes project,genotyping + imputation,blood pressure + bmi + type 2 diabetes + ldl cholesterol + alzheimers disease,rm + jqt + rcp + vm-yl + jlh + am + ag + biocard + vmvd + mr + pldj + hz + adrc + jk + afdn + ro + adgc + erp + ma + lm + map-v + jcm + laf + kb + ajs + lms + adni + sk + gl
0.00919,0.016,0.302,rs316341,,,,,SNP[effect allele] | SNP[effect allele],CSF tau | Beta (SE),CSF tau | P,eas + aa + eur,meta-analysis + meta-analyses,impute2 v2.3.2 + shapeit v2.790 + 1000 genomes project,genotyping + imputation,blood pressure + bmi + type 2 diabetes + ldl cholesterol + alzheimers disease,rm + jqt + rcp + vm-yl + jlh + am + ag + biocard + vmvd + mr + pldj + hz + adrc + jk + afdn + ro + adgc + erp + ma + lm + map-v + jcm + laf + kb + ajs + lms + adni + sk + gl
0.0424,0.016,0.069,rs9527039,,,,,SNP[effect allele] | SNP[effect allele],CSFAβ42 | Beta (SE),CSFAβ42 | P,eas + aa + eur,meta-analysis + meta-analyses,impute2 v2.3.2 + shapeit v2.790 + 1000 genomes project,genotyping + imputation,blood pressure + bmi + type 2 diabetes + ldl cholesterol + alzheimers disease,rm + jqt + rcp + vm-yl + jlh + am + ag + biocard + vmvd + mr + pldj + hz + adrc + jk + afdn + ro + adgc + erp + ma + lm + map-v + jcm + laf + kb + ajs + lms + adni + sk + gl
5.95e-09,0.016,0.069,rs9527039,,,,,SNP[effect allele] | SNP[effect allele],CSFAβ42 | Beta (SE),CSF ptau181 | P,eas + aa + eur,meta-analysis + meta-analyses,impute2 v2.3.2 + shapeit v2.790 + 1000 genomes project,genotyping + imputation,blood pressure + bmi + type 2 diabetes + ldl cholesterol + alzheimers disease,rm + jqt + rcp + vm-yl + jlh + am + ag + biocard + vmvd + mr + pldj + hz + adrc + jk + afdn + ro + adgc + erp + ma + lm + map-v + jcm + laf + kb + ajs + lms + adni + sk + gl
1.1e-05,0.016,0.069,rs9527039,,,,,SNP[effect allele] | SNP[effect allele],CSFAβ42 | Beta (SE),CSF tau | P,eas + aa + eur,meta-analysis + meta-analyses,impute2 v2.3.2 + shapeit v2.790 + 1000 genomes project,genotyping + imputation,blood pressure + bmi + type 2 diabetes + ldl cholesterol + alzheimers disease,rm + jqt + rcp + vm-yl + jlh + am + ag + biocard + vmvd + mr + pldj + hz + adrc + jk + afdn + ro + adgc + erp + ma + lm + map-v + jcm + laf + kb + ajs + lms + adni + sk + gl
0.0424,-0.061,0.069,rs9527039,,,,,SNP[effect allele] | SNP[effect allele],CSF ptau181 | Beta (SE),CSFAβ42 | P,eas + aa + eur,meta-analysis + meta-analyses,impute2 v2.3.2 + shapeit v2.790 + 1000 genomes project,genotyping + imputation,blood pressure + bmi + type 2 diabetes + ldl cholesterol + alzheimers disease,rm + jqt + rcp + vm-yl + jlh + am + ag + biocard + vmvd + mr + pldj + hz + adrc + jk + afdn + ro + adgc + erp + ma + lm + map-v + jcm + laf + kb + ajs + lms + adni + sk + gl
5.95e-09,-0.061,0.069,rs9527039,,,,,SNP[effect allele] | SNP[effect allele],CSF ptau181 | Beta (SE),CSF ptau181 | P,eas + aa + eur,meta-analysis + meta-analyses,impute2 v2.3.2 + shapeit v2.790 + 1000 genomes project,genotyping + imputation,blood pressure + bmi + type 2 diabetes + ldl cholesterol + alzheimers disease,rm + jqt + rcp + vm-yl + jlh + am + ag + biocard + vmvd + mr + pldj + hz + adrc + jk + afdn + ro + adgc + erp + ma + lm + map-v + jcm + laf + kb + ajs + lms + adni + sk + gl
1.1e-05,-0.061,0.069,rs9527039,,,,,SNP[effect allele] | SNP[effect allele],CSF ptau181 | Beta (SE),CSF tau | P,eas + aa + eur,meta-analysis + meta-analyses,impute2 v2.3.2 + shapeit v2.790 + 1000 genomes project,genotyping + imputation,blood pressure + bmi + type 2 diabetes + ldl cholesterol + alzheimers disease,rm + jqt + rcp + vm-yl + jlh + am + ag + biocard + vmvd + mr + pldj + hz + adrc + jk + afdn + ro + adgc + erp + ma + lm + map-v + jcm + laf + kb + ajs + lms + adni + sk + gl
0.0424,-0.05,0.069,rs9527039,,,,,SNP[effect allele] | SNP[effect allele],CSF tau | Beta (SE),CSFAβ42 | P,eas + aa + eur,meta-analysis + meta-analyses,impute2 v2.3.2 + shapeit v2.790 + 1000 genomes project,genotyping + imputation,blood pressure + bmi + type 2 diabetes + ldl cholesterol + alzheimers disease,rm + jqt + rcp + vm-yl + jlh + am + ag + biocard + vmvd + mr + pldj + hz + adrc + jk + afdn + ro + adgc + erp + ma + lm + map-v + jcm + laf + kb + ajs + lms + adni + sk + gl
5.95e-09,-0.05,0.069,rs9527039,,,,,SNP[effect allele] | SNP[effect allele],CSF tau | Beta (SE),CSF ptau181 | P,eas + aa + eur,meta-analysis + meta-analyses,impute2 v2.3.2 + shapeit v2.790 + 1000 genomes project,genotyping + imputation,blood pressure + bmi + type 2 diabetes + ldl cholesterol + alzheimers disease,rm + jqt + rcp + vm-yl + jlh + am + ag + biocard + vmvd + mr + pldj + hz + adrc + jk + afdn + ro + adgc + erp + ma + lm + map-v + jcm + laf + kb + ajs + lms + adni + sk + gl
1.1e-05,-0.05,0.069,rs9527039,,,,,SNP[effect allele] | SNP[effect allele],CSF tau | Beta (SE),CSF tau | P,eas + aa + eur,meta-analysis + meta-analyses,impute2 v2.3.2 + shapeit v2.790 + 1000 genomes project,genotyping + imputation,blood pressure + bmi + type 2 diabetes + ldl cholesterol + alzheimers disease,rm + jqt + rcp + vm-yl + jlh + am + ag + biocard + vmvd + mr + pldj + hz + adrc + jk + afdn + ro + adgc + erp + ma + lm + map-v + jcm + laf + kb + ajs + lms + adni + sk + gl
0.0113,-0.016,0.155,rs12961169,,,,,SNP[effect allele] | SNP[effect allele],CSFAβ42 | Beta (SE),CSFAβ42 | P,eas + aa + eur,meta-analysis + meta-analyses,impute2 v2.3.2 + shapeit v2.790 + 1000 genomes project,genotyping + imputation,blood pressure + bmi + type 2 diabetes + ldl cholesterol + alzheimers disease,rm + jqt + rcp + vm-yl + jlh + am + ag + biocard + vmvd + mr + pldj + hz + adrc + jk + afdn + ro + adgc + erp + ma + lm + map-v + jcm + laf + kb + ajs + lms + adni + sk + gl
5.12e-10,-0.016,0.155,rs12961169,,,,,SNP[effect allele] | SNP[effect allele],CSFAβ42 | Beta (SE),CSF ptau181 | P,eas + aa + eur,meta-analysis + meta-analyses,impute2 v2.3.2 + shapeit v2.790 + 1000 genomes project,genotyping + imputation,blood pressure + bmi + type 2 diabetes + ldl cholesterol + alzheimers disease,rm + jqt + rcp + vm-yl + jlh + am + ag + biocard + vmvd + mr + pldj + hz + adrc + jk + afdn + ro + adgc + erp + ma + lm + map-v + jcm + laf + kb + ajs + lms + adni + sk + gl
1.37e-05,-0.016,0.155,rs12961169,,,,,SNP[effect allele] | SNP[effect allele],CSFAβ42 | Beta (SE),CSF tau | P,eas + aa + eur,meta-analysis + meta-analyses,impute2 v2.3.2 + shapeit v2.790 + 1000 genomes project,genotyping + imputation,blood pressure + bmi + type 2 diabetes + ldl cholesterol + alzheimers disease,rm + jqt + rcp + vm-yl + jlh + am + ag + biocard + vmvd + mr + pldj + hz + adrc + jk + afdn + ro + adgc + erp + ma + lm + map-v + jcm + laf + kb + ajs + lms + adni + sk + gl
0.0113,0.05,0.155,rs12961169,,,,,SNP[effect allele] | SNP[effect allele],CSF ptau181 | Beta (SE),CSFAβ42 | P,eas + aa + eur,meta-analysis + meta-analyses,impute2 v2.3.2 + shapeit v2.790 + 1000 genomes project,genotyping + imputation,blood pressure + bmi + type 2 diabetes + ldl cholesterol + alzheimers disease,rm + jqt + rcp + vm-yl + jlh + am + ag + biocard + vmvd + mr + pldj + hz + adrc + jk + afdn + ro + adgc + erp + ma + lm + map-v + jcm + laf + kb + ajs + lms + adni + sk + gl
5.12e-10,0.05,0.155,rs12961169,,,,,SNP[effect allele] | SNP[effect allele],CSF ptau181 | Beta (SE),CSF ptau181 | P,eas + aa + eur,meta-analysis + meta-analyses,impute2 v2.3.2 + shapeit v2.790 + 1000 genomes project,genotyping + imputation,blood pressure + bmi + type 2 diabetes + ldl cholesterol + alzheimers disease,rm + jqt + rcp + vm-yl + jlh + am + ag + biocard + vmvd + mr + pldj + hz + adrc + jk + afdn + ro + adgc + erp + ma + lm + map-v + jcm + laf + kb + ajs + lms + adni + sk + gl
1.37e-05,0.05,0.155,rs12961169,,,,,SNP[effect allele] | SNP[effect allele],CSF ptau181 | Beta (SE),CSF tau | P,eas + aa + eur,meta-analysis + meta-analyses,impute2 v2.3.2 + shapeit v2.790 + 1000 genomes project,genotyping + imputation,blood pressure + bmi + type 2 diabetes + ldl cholesterol + alzheimers disease,rm + jqt + rcp + vm-yl + jlh + am + ag + biocard + vmvd + mr + pldj + hz + adrc + jk + afdn + ro + adgc + erp + ma + lm + map-v + jcm + laf + kb + ajs + lms + adni + sk + gl
0.0113,0.038,0.155,rs12961169,,,,,SNP[effect allele] | SNP[effect allele],CSF tau | Beta (SE),CSFAβ42 | P,eas + aa + eur,meta-analysis + meta-analyses,impute2 v2.3.2 + shapeit v2.790 + 1000 genomes project,genotyping + imputation,blood pressure + bmi + type 2 diabetes + ldl cholesterol + alzheimers disease,rm + jqt + rcp + vm-yl + jlh + am + ag + biocard + vmvd + mr + pldj + hz + adrc + jk + afdn + ro + adgc + erp + ma + lm + map-v + jcm + laf + kb + ajs + lms + adni + sk + gl
5.12e-10,0.038,0.155,rs12961169,,,,,SNP[effect allele] | SNP[effect allele],CSF tau | Beta (SE),CSF ptau181 | P,eas + aa + eur,meta-analysis + meta-analyses,impute2 v2.3.2 + shapeit v2.790 + 1000 genomes project,genotyping + imputation,blood pressure + bmi + type 2 diabetes + ldl cholesterol + alzheimers disease,rm + jqt + rcp + vm-yl + jlh + am + ag + biocard + vmvd + mr + pldj + hz + adrc + jk + afdn + ro + adgc + erp + ma + lm + map-v + jcm + laf + kb + ajs + lms + adni + sk + gl
1.37e-05,0.038,0.155,rs12961169,,,,,SNP[effect allele] | SNP[effect allele],CSF tau | Beta (SE),CSF tau | P,eas + aa + eur,meta-analysis + meta-analyses,impute2 v2.3.2 + shapeit v2.790 + 1000 genomes project,genotyping + imputation,blood pressure + bmi + type 2 diabetes + ldl cholesterol + alzheimers disease,rm + jqt + rcp + vm-yl + jlh + am + ag + biocard + vmvd + mr + pldj + hz + adrc + jk + afdn + ro + adgc + erp + ma + lm + map-v + jcm + laf + kb + ajs + lms + adni + sk + gl
0.0113,-0.016,0.155,rs12961169,,,,,SNP[effect allele] | SNP[effect allele],CSFAβ42 | Beta (SE),CSFAβ42 | P,eas + aa + eur,meta-analysis + meta-analyses,impute2 v2.3.2 + shapeit v2.790 + 1000 genomes project,genotyping + imputation,blood pressure + bmi + type 2 diabetes + ldl cholesterol + alzheimers disease,rm + jqt + rcp + vm-yl + jlh + am + ag + biocard + vmvd + mr + pldj + hz + adrc + jk + afdn + ro + adgc + erp + ma + lm + map-v + jcm + laf + kb + ajs + lms + adni + sk + gl
5.12e-10,-0.016,0.155,rs12961169,,,,,SNP[effect allele] | SNP[effect allele],CSFAβ42 | Beta (SE),CSF ptau181 | P,eas + aa + eur,meta-analysis + meta-analyses,impute2 v2.3.2 + shapeit v2.790 + 1000 genomes project,genotyping + imputation,blood pressure + bmi + type 2 diabetes + ldl cholesterol + alzheimers disease,rm + jqt + rcp + vm-yl + jlh + am + ag + biocard + vmvd + mr + pldj + hz + adrc + jk + afdn + ro + adgc + erp + ma + lm + map-v + jcm + laf + kb + ajs + lms + adni + sk + gl
1.37e-05,-0.016,0.155,rs12961169,,,,,SNP[effect allele] | SNP[effect allele],CSFAβ42 | Beta (SE),CSF tau | P,eas + aa + eur,meta-analysis + meta-analyses,impute2 v2.3.2 + shapeit v2.790 + 1000 genomes project,genotyping + imputation,blood pressure + bmi + type 2 diabetes + ldl cholesterol + alzheimers disease,rm + jqt + rcp + vm-yl + jlh + am + ag + biocard + vmvd + mr + pldj + hz + adrc + jk + afdn + ro + adgc + erp + ma + lm + map-v + jcm + laf + kb + ajs + lms + adni + sk + gl
0.0113,0.05,0.155,rs12961169,,,,,SNP[effect allele] | SNP[effect allele],CSF ptau181 | Beta (SE),CSFAβ42 | P,eas + aa + eur,meta-analysis + meta-analyses,impute2 v2.3.2 + shapeit v2.790 + 1000 genomes project,genotyping + imputation,blood pressure + bmi + type 2 diabetes + ldl cholesterol + alzheimers disease,rm + jqt + rcp + vm-yl + jlh + am + ag + biocard + vmvd + mr + pldj + hz + adrc + jk + afdn + ro + adgc + erp + ma + lm + map-v + jcm + laf + kb + ajs + lms + adni + sk + gl
5.12e-10,0.05,0.155,rs12961169,,,,,SNP[effect allele] | SNP[effect allele],CSF ptau181 | Beta (SE),CSF ptau181 | P,eas + aa + eur,meta-analysis + meta-analyses,impute2 v2.3.2 + shapeit v2.790 + 1000 genomes project,genotyping + imputation,blood pressure + bmi + type 2 diabetes + ldl cholesterol + alzheimers disease,rm + jqt + rcp + vm-yl + jlh + am + ag + biocard + vmvd + mr + pldj + hz + adrc + jk + afdn + ro + adgc + erp + ma + lm + map-v + jcm + laf + kb + ajs + lms + adni + sk + gl
1.37e-05,0.05,0.155,rs12961169,,,,,SNP[effect allele] | SNP[effect allele],CSF ptau181 | Beta (SE),CSF tau | P,eas + aa + eur,meta-analysis + meta-analyses,impute2 v2.3.2 + shapeit v2.790 + 1000 genomes project,genotyping + imputation,blood pressure + bmi + type 2 diabetes + ldl cholesterol + alzheimers disease,rm + jqt + rcp + vm-yl + jlh + am + ag + biocard + vmvd + mr + pldj + hz + adrc + jk + afdn + ro + adgc + erp + ma + lm + map-v + jcm + laf + kb + ajs + lms + adni + sk + gl
0.0113,0.038,0.155,rs12961169,,,,,SNP[effect allele] | SNP[effect allele],CSF tau | Beta (SE),CSFAβ42 | P,eas + aa + eur,meta-analysis + meta-analyses,impute2 v2.3.2 + shapeit v2.790 + 1000 genomes project,genotyping + imputation,blood pressure + bmi + type 2 diabetes + ldl cholesterol + alzheimers disease,rm + jqt + rcp + vm-yl + jlh + am + ag + biocard + vmvd + mr + pldj + hz + adrc + jk + afdn + ro + adgc + erp + ma + lm + map-v + jcm + laf + kb + ajs + lms + adni + sk + gl
5.12e-10,0.038,0.155,rs12961169,,,,,SNP[effect allele] | SNP[effect allele],CSF tau | Beta (SE),CSF ptau181 | P,eas + aa + eur,meta-analysis + meta-analyses,impute2 v2.3.2 + shapeit v2.790 + 1000 genomes project,genotyping + imputation,blood pressure + bmi + type 2 diabetes + ldl cholesterol + alzheimers disease,rm + jqt + rcp + vm-yl + jlh + am + ag + biocard + vmvd + mr + pldj + hz + adrc + jk + afdn + ro + adgc + erp + ma + lm + map-v + jcm + laf + kb + ajs + lms + adni + sk + gl
1.37e-05,0.038,0.155,rs12961169,,,,,SNP[effect allele] | SNP[effect allele],CSF tau | Beta (SE),CSF tau | P,eas + aa + eur,meta-analysis + meta-analyses,impute2 v2.3.2 + shapeit v2.790 + 1000 genomes project,genotyping + imputation,blood pressure + bmi + type 2 diabetes + ldl cholesterol + alzheimers disease,rm + jqt + rcp + vm-yl + jlh + am + ag + biocard + vmvd + mr + pldj + hz + adrc + jk + afdn + ro + adgc + erp + ma + lm + map-v + jcm + laf + kb + ajs + lms + adni + sk + gl
0.0971,-0.007,0.357,rs35055419,,,,,SNP[effect allele] | SNP[effect allele],CSFAβ42 | Beta (SE),CSFAβ42 | P,eas + aa + eur,meta-analysis + meta-analyses,impute2 v2.3.2 + shapeit v2.790 + 1000 genomes project,genotyping + imputation,blood pressure + bmi + type 2 diabetes + ldl cholesterol + alzheimers disease,rm + jqt + rcp + vm-yl + jlh + am + ag + biocard + vmvd + mr + pldj + hz + adrc + jk + afdn + ro + adgc + erp + ma + lm + map-v + jcm + laf + kb + ajs + lms + adni + sk + gl
7.62e-10,-0.007,0.357,rs35055419,,,,,SNP[effect allele] | SNP[effect allele],CSFAβ42 | Beta (SE),CSF ptau181 | P,eas + aa + eur,meta-analysis + meta-analyses,impute2 v2.3.2 + shapeit v2.790 + 1000 genomes project,genotyping + imputation,blood pressure + bmi + type 2 diabetes + ldl cholesterol + alzheimers disease,rm + jqt + rcp + vm-yl + jlh + am + ag + biocard + vmvd + mr + pldj + hz + adrc + jk + afdn + ro + adgc + erp + ma + lm + map-v + jcm + laf + kb + ajs + lms + adni + sk + gl
3.07e-11,-0.007,0.357,rs35055419,,,,,SNP[effect allele] | SNP[effect allele],CSFAβ42 | Beta (SE),CSF tau | P,eas + aa + eur,meta-analysis + meta-analyses,impute2 v2.3.2 + shapeit v2.790 + 1000 genomes project,genotyping + imputation,blood pressure + bmi + type 2 diabetes + ldl cholesterol + alzheimers disease,rm + jqt + rcp + vm-yl + jlh + am + ag + biocard + vmvd + mr + pldj + hz + adrc + jk + afdn + ro + adgc + erp + ma + lm + map-v + jcm + laf + kb + ajs + lms + adni + sk + gl
0.0971,0.035,0.357,rs35055419,,,,,SNP[effect allele] | SNP[effect allele],CSF ptau181 | Beta (SE),CSFAβ42 | P,eas + aa + eur,meta-analysis + meta-analyses,impute2 v2.3.2 + shapeit v2.790 + 1000 genomes project,genotyping + imputation,blood pressure + bmi + type 2 diabetes + ldl cholesterol + alzheimers disease,rm + jqt + rcp + vm-yl + jlh + am + ag + biocard + vmvd + mr + pldj + hz + adrc + jk + afdn + ro + adgc + erp + ma + lm + map-v + jcm + laf + kb + ajs + lms + adni + sk + gl
7.62e-10,0.035,0.357,rs35055419,,,,,SNP[effect allele] | SNP[effect allele],CSF ptau181 | Beta (SE),CSF ptau181 | P,eas + aa + eur,meta-analysis + meta-analyses,impute2 v2.3.2 + shapeit v2.790 + 1000 genomes project,genotyping + imputation,blood pressure + bmi + type 2 diabetes + ldl cholesterol + alzheimers disease,rm + jqt + rcp + vm-yl + jlh + am + ag + biocard + vmvd + mr + pldj + hz + adrc + jk + afdn + ro + adgc + erp + ma + lm + map-v + jcm + laf + kb + ajs + lms + adni + sk + gl
3.07e-11,0.035,0.357,rs35055419,,,,,SNP[effect allele] | SNP[effect allele],CSF ptau181 | Beta (SE),CSF tau | P,eas + aa + eur,meta-analysis + meta-analyses,impute2 v2.3.2 + shapeit v2.790 + 1000 genomes project,genotyping + imputation,blood pressure + bmi + type 2 diabetes + ldl cholesterol + alzheimers disease,rm + jqt + rcp + vm-yl + jlh + am + ag + biocard + vmvd + mr + pldj + hz + adrc + jk + afdn + ro + adgc + erp + ma + lm + map-v + jcm + laf + kb + ajs + lms + adni + sk + gl
0.0971,0.04,0.357,rs35055419,,,,,SNP[effect allele] | SNP[effect allele],CSF tau | Beta (SE),CSFAβ42 | P,eas + aa + eur,meta-analysis + meta-analyses,impute2 v2.3.2 + shapeit v2.790 + 1000 genomes project,genotyping + imputation,blood pressure + bmi + type 2 diabetes + ldl cholesterol + alzheimers disease,rm + jqt + rcp + vm-yl + jlh + am + ag + biocard + vmvd + mr + pldj + hz + adrc + jk + afdn + ro + adgc + erp + ma + lm + map-v + jcm + laf + kb + ajs + lms + adni + sk + gl
7.62e-10,0.04,0.357,rs35055419,,,,,SNP[effect allele] | SNP[effect allele],CSF tau | Beta (SE),CSF ptau181 | P,eas + aa + eur,meta-analysis + meta-analyses,impute2 v2.3.2 + shapeit v2.790 + 1000 genomes project,genotyping + imputation,blood pressure + bmi + type 2 diabetes + ldl cholesterol + alzheimers disease,rm + jqt + rcp + vm-yl + jlh + am + ag + biocard + vmvd + mr + pldj + hz + adrc + jk + afdn + ro + adgc + erp + ma + lm + map-v + jcm + laf + kb + ajs + lms + adni + sk + gl
3.07e-11,0.04,0.357,rs35055419,,,,,SNP[effect allele] | SNP[effect allele],CSF tau | Beta (SE),CSF tau | P,eas + aa + eur,meta-analysis + meta-analyses,impute2 v2.3.2 + shapeit v2.790 + 1000 genomes project,genotyping + imputation,blood pressure + bmi + type 2 diabetes + ldl cholesterol + alzheimers disease,rm + jqt + rcp + vm-yl + jlh + am + ag + biocard + vmvd + mr + pldj + hz + adrc + jk + afdn + ro + adgc + erp + ma + lm + map-v + jcm + laf + kb + ajs + lms + adni + sk + gl
0.294,0.007,0.125,rs514716,,,,,SNP[effect allele] | SNP[effect allele],CSFAβ42 | Beta (SE),CSFAβ42 | P,eas + aa + eur,meta-analysis + meta-analyses,impute2 v2.3.2 + shapeit v2.790 + 1000 genomes project,genotyping + imputation,blood pressure + bmi + type 2 diabetes + ldl cholesterol + alzheimers disease,rm + jqt + rcp + vm-yl + jlh + am + ag + biocard + vmvd + mr + pldj + hz + adrc + jk + afdn + ro + adgc + erp + ma + lm + map-v + jcm + laf + kb + ajs + lms + adni + sk + gl
2.94e-08,0.007,0.125,rs514716,,,,,SNP[effect allele] | SNP[effect allele],CSFAβ42 | Beta (SE),CSF ptau181 | P,eas + aa + eur,meta-analysis + meta-analyses,impute2 v2.3.2 + shapeit v2.790 + 1000 genomes project,genotyping + imputation,blood pressure + bmi + type 2 diabetes + ldl cholesterol + alzheimers disease,rm + jqt + rcp + vm-yl + jlh + am + ag + biocard + vmvd + mr + pldj + hz + adrc + jk + afdn + ro + adgc + erp + ma + lm + map-v + jcm + laf + kb + ajs + lms + adni + sk + gl
1.36e-06,0.007,0.125,rs514716,,,,,SNP[effect allele] | SNP[effect allele],CSFAβ42 | Beta (SE),CSF tau | P,eas + aa + eur,meta-analysis + meta-analyses,impute2 v2.3.2 + shapeit v2.790 + 1000 genomes project,genotyping + imputation,blood pressure + bmi + type 2 diabetes + ldl cholesterol + alzheimers disease,rm + jqt + rcp + vm-yl + jlh + am + ag + biocard + vmvd + mr + pldj + hz + adrc + jk + afdn + ro + adgc + erp + ma + lm + map-v + jcm + laf + kb + ajs + lms + adni + sk + gl
0.294,-0.049,0.125,rs514716,,,,,SNP[effect allele] | SNP[effect allele],CSF ptau181 | Beta (SE),CSFAβ42 | P,eas + aa + eur,meta-analysis + meta-analyses,impute2 v2.3.2 + shapeit v2.790 + 1000 genomes project,genotyping + imputation,blood pressure + bmi + type 2 diabetes + ldl cholesterol + alzheimers disease,rm + jqt + rcp + vm-yl + jlh + am + ag + biocard + vmvd + mr + pldj + hz + adrc + jk + afdn + ro + adgc + erp + ma + lm + map-v + jcm + laf + kb + ajs + lms + adni + sk + gl
2.94e-08,-0.049,0.125,rs514716,,,,,SNP[effect allele] | SNP[effect allele],CSF ptau181 | Beta (SE),CSF ptau181 | P,eas + aa + eur,meta-analysis + meta-analyses,impute2 v2.3.2 + shapeit v2.790 + 1000 genomes project,genotyping + imputation,blood pressure + bmi + type 2 diabetes + ldl cholesterol + alzheimers disease,rm + jqt + rcp + vm-yl + jlh + am + ag + biocard + vmvd + mr + pldj + hz + adrc + jk + afdn + ro + adgc + erp + ma + lm + map-v + jcm + laf + kb + ajs + lms + adni + sk + gl
1.36e-06,-0.049,0.125,rs514716,,,,,SNP[effect allele] | SNP[effect allele],CSF ptau181 | Beta (SE),CSF tau | P,eas + aa + eur,meta-analysis + meta-analyses,impute2 v2.3.2 + shapeit v2.790 + 1000 genomes project,genotyping + imputation,blood pressure + bmi + type 2 diabetes + ldl cholesterol + alzheimers disease,rm + jqt + rcp + vm-yl + jlh + am + ag + biocard + vmvd + mr + pldj + hz + adrc + jk + afdn + ro + adgc + erp + ma + lm + map-v + jcm + laf + kb + ajs + lms + adni + sk + gl
0.294,-0.044,0.125,rs514716,,,,,SNP[effect allele] | SNP[effect allele],CSF tau | Beta (SE),CSFAβ42 | P,eas + aa + eur,meta-analysis + meta-analyses,impute2 v2.3.2 + shapeit v2.790 + 1000 genomes project,genotyping + imputation,blood pressure + bmi + type 2 diabetes + ldl cholesterol + alzheimers disease,rm + jqt + rcp + vm-yl + jlh + am + ag + biocard + vmvd + mr + pldj + hz + adrc + jk + afdn + ro + adgc + erp + ma + lm + map-v + jcm + laf + kb + ajs + lms + adni + sk + gl
2.94e-08,-0.044,0.125,rs514716,,,,,SNP[effect allele] | SNP[effect allele],CSF tau | Beta (SE),CSF ptau181 | P,eas + aa + eur,meta-analysis + meta-analyses,impute2 v2.3.2 + shapeit v2.790 + 1000 genomes project,genotyping + imputation,blood pressure + bmi + type 2 diabetes + ldl cholesterol + alzheimers disease,rm + jqt + rcp + vm-yl + jlh + am + ag + biocard + vmvd + mr + pldj + hz + adrc + jk + afdn + ro + adgc + erp + ma + lm + map-v + jcm + laf + kb + ajs + lms + adni + sk + gl
1.36e-06,-0.044,0.125,rs514716,,,,,SNP[effect allele] | SNP[effect allele],CSF tau | Beta (SE),CSF tau | P,eas + aa + eur,meta-analysis + meta-analyses,impute2 v2.3.2 + shapeit v2.790 + 1000 genomes project,genotyping + imputation,blood pressure + bmi + type 2 diabetes + ldl cholesterol + alzheimers disease,rm + jqt + rcp + vm-yl + jlh + am + ag + biocard + vmvd + mr + pldj + hz + adrc + jk + afdn + ro + adgc + erp + ma + lm + map-v + jcm + laf + kb + ajs + lms + adni + sk + gl
0.0,-0.101,0.191,rs769449,,,,,SNP[effect allele] | SNP[effect allele],CSFAβ42 | Beta (SE),CSFAβ42 | P,eas + aa + eur,meta-analysis + meta-analyses,impute2 v2.3.2 + shapeit v2.790 + 1000 genomes project,genotyping + imputation,blood pressure + bmi + type 2 diabetes + ldl cholesterol + alzheimers disease,rm + jqt + rcp + vm-yl + jlh + am + ag + biocard + vmvd + mr + pldj + hz + adrc + jk + afdn + ro + adgc + erp + ma + lm + map-v + jcm + laf + kb + ajs + lms + adni + sk + gl
0.0,-0.101,0.191,rs769449,,,,,SNP[effect allele] | SNP[effect allele],CSFAβ42 | Beta (SE),CSF ptau181 | P,eas + aa + eur,meta-analysis + meta-analyses,impute2 v2.3.2 + shapeit v2.790 + 1000 genomes project,genotyping + imputation,blood pressure + bmi + type 2 diabetes + ldl cholesterol + alzheimers disease,rm + jqt + rcp + vm-yl + jlh + am + ag + biocard + vmvd + mr + pldj + hz + adrc + jk + afdn + ro + adgc + erp + ma + lm + map-v + jcm + laf + kb + ajs + lms + adni + sk + gl
0.0,-0.101,0.191,rs769449,,,,,SNP[effect allele] | SNP[effect allele],CSFAβ42 | Beta (SE),CSF tau | P,eas + aa + eur,meta-analysis + meta-analyses,impute2 v2.3.2 + shapeit v2.790 + 1000 genomes project,genotyping + imputation,blood pressure + bmi + type 2 diabetes + ldl cholesterol + alzheimers disease,rm + jqt + rcp + vm-yl + jlh + am + ag + biocard + vmvd + mr + pldj + hz + adrc + jk + afdn + ro + adgc + erp + ma + lm + map-v + jcm + laf + kb + ajs + lms + adni + sk + gl
0.0,0.079,0.191,rs769449,,,,,SNP[effect allele] | SNP[effect allele],CSF ptau181 | Beta (SE),CSFAβ42 | P,eas + aa + eur,meta-analysis + meta-analyses,impute2 v2.3.2 + shapeit v2.790 + 1000 genomes project,genotyping + imputation,blood pressure + bmi + type 2 diabetes + ldl cholesterol + alzheimers disease,rm + jqt + rcp + vm-yl + jlh + am + ag + biocard + vmvd + mr + pldj + hz + adrc + jk + afdn + ro + adgc + erp + ma + lm + map-v + jcm + laf + kb + ajs + lms + adni + sk + gl
0.0,0.079,0.191,rs769449,,,,,SNP[effect allele] | SNP[effect allele],CSF ptau181 | Beta (SE),CSF ptau181 | P,eas + aa + eur,meta-analysis + meta-analyses,impute2 v2.3.2 + shapeit v2.790 + 1000 genomes project,genotyping + imputation,blood pressure + bmi + type 2 diabetes + ldl cholesterol + alzheimers disease,rm + jqt + rcp + vm-yl + jlh + am + ag + biocard + vmvd + mr + pldj + hz + adrc + jk + afdn + ro + adgc + erp + ma + lm + map-v + jcm + laf + kb + ajs + lms + adni + sk + gl
0.0,0.079,0.191,rs769449,,,,,SNP[effect allele] | SNP[effect allele],CSF ptau181 | Beta (SE),CSF tau | P,eas + aa + eur,meta-analysis + meta-analyses,impute2 v2.3.2 + shapeit v2.790 + 1000 genomes project,genotyping + imputation,blood pressure + bmi + type 2 diabetes + ldl cholesterol + alzheimers disease,rm + jqt + rcp + vm-yl + jlh + am + ag + biocard + vmvd + mr + pldj + hz + adrc + jk + afdn + ro + adgc + erp + ma + lm + map-v + jcm + laf + kb + ajs + lms + adni + sk + gl
0.0,0.078,0.191,rs769449,,,,,SNP[effect allele] | SNP[effect allele],CSF tau | Beta (SE),CSFAβ42 | P,eas + aa + eur,meta-analysis + meta-analyses,impute2 v2.3.2 + shapeit v2.790 + 1000 genomes project,genotyping + imputation,blood pressure + bmi + type 2 diabetes + ldl cholesterol + alzheimers disease,rm + jqt + rcp + vm-yl + jlh + am + ag + biocard + vmvd + mr + pldj + hz + adrc + jk + afdn + ro + adgc + erp + ma + lm + map-v + jcm + laf + kb + ajs + lms + adni + sk + gl
0.0,0.078,0.191,rs769449,,,,,SNP[effect allele] | SNP[effect allele],CSF tau | Beta (SE),CSF ptau181 | P,eas + aa + eur,meta-analysis + meta-analyses,impute2 v2.3.2 + shapeit v2.790 + 1000 genomes project,genotyping + imputation,blood pressure + bmi + type 2 diabetes + ldl cholesterol + alzheimers disease,rm + jqt + rcp + vm-yl + jlh + am + ag + biocard + vmvd + mr + pldj + hz + adrc + jk + afdn + ro + adgc + erp + ma + lm + map-v + jcm + laf + kb + ajs + lms + adni + sk + gl
0.0,0.078,0.191,rs769449,,,,,SNP[effect allele] | SNP[effect allele],CSF tau | Beta (SE),CSF tau | P,eas + aa + eur,meta-analysis + meta-analyses,impute2 v2.3.2 + shapeit v2.790 + 1000 genomes project,genotyping + imputation,blood pressure + bmi + type 2 diabetes + ldl cholesterol + alzheimers disease,rm + jqt + rcp + vm-yl + jlh + am + ag + biocard + vmvd + mr + pldj + hz + adrc + jk + afdn + ro + adgc + erp + ma + lm + map-v + jcm + laf + kb + ajs + lms + adni + sk + gl
