P-value,Effect,AF,SNP,Chr,Position,RA1,RA2,P-value notes,Effect notes,Population,Stage,Imputation,Study type,Phenotype,Cohort
,,,,,,,,Common variant Pa,,tsi + eur + ibs + gbr + eas + fin,meta + discovery + combined + replication,haplotype reference consortium (hrc) + 1000 genomes (1000g),genotyping + wes + sequencing + wgs,,uk biobank + dbgap + adgc + eadi + charge + niagads + gerad perades
,20.0,,,,,,,Common variant Pa,,tsi + eur + ibs + gbr + eas + fin,meta + discovery + combined + replication,haplotype reference consortium (hrc) + 1000 genomes (1000g),genotyping + wes + sequencing + wgs,,uk biobank + dbgap + adgc + eadi + charge + niagads + gerad perades
,10.0,,,,,,,Common variant Pa,,tsi + eur + ibs + gbr + eas + fin,meta + discovery + combined + replication,haplotype reference consortium (hrc) + 1000 genomes (1000g),genotyping + wes + sequencing + wgs,,uk biobank + dbgap + adgc + eadi + charge + niagads + gerad perades
,39.0,,,,,,,Common variant Pa,,tsi + eur + ibs + gbr + eas + fin,meta + discovery + combined + replication,haplotype reference consortium (hrc) + 1000 genomes (1000g),genotyping + wes + sequencing + wgs,,uk biobank + dbgap + adgc + eadi + charge + niagads + gerad perades
,12.0,,,,,,,Common variant Pa,,tsi + eur + ibs + gbr + eas + fin,meta + discovery + combined + replication,haplotype reference consortium (hrc) + 1000 genomes (1000g),genotyping + wes + sequencing + wgs,,uk biobank + dbgap + adgc + eadi + charge + niagads + gerad perades
,17.0,,,,,,,Common variant Pa,,tsi + eur + ibs + gbr + eas + fin,meta + discovery + combined + replication,haplotype reference consortium (hrc) + 1000 genomes (1000g),genotyping + wes + sequencing + wgs,,uk biobank + dbgap + adgc + eadi + charge + niagads + gerad perades
,35.0,,,,,,,Common variant Pa,,tsi + eur + ibs + gbr + eas + fin,meta + discovery + combined + replication,haplotype reference consortium (hrc) + 1000 genomes (1000g),genotyping + wes + sequencing + wgs,,uk biobank + dbgap + adgc + eadi + charge + niagads + gerad perades
,18.0,,,,,,,Common variant Pa,,tsi + eur + ibs + gbr + eas + fin,meta + discovery + combined + replication,haplotype reference consortium (hrc) + 1000 genomes (1000g),genotyping + wes + sequencing + wgs,,uk biobank + dbgap + adgc + eadi + charge + niagads + gerad perades
,10.0,,,,,,,Common variant Pa,,tsi + eur + ibs + gbr + eas + fin,meta + discovery + combined + replication,haplotype reference consortium (hrc) + 1000 genomes (1000g),genotyping + wes + sequencing + wgs,,uk biobank + dbgap + adgc + eadi + charge + niagads + gerad perades
,382.0,,,,,,,Common variant Pa,,tsi + eur + ibs + gbr + eas + fin,meta + discovery + combined + replication,haplotype reference consortium (hrc) + 1000 genomes (1000g),genotyping + wes + sequencing + wgs,,uk biobank + dbgap + adgc + eadi + charge + niagads + gerad perades
,,,,,,,,Common variant q value,,tsi + eur + ibs + gbr + eas + fin,meta + discovery + combined + replication,haplotype reference consortium (hrc) + 1000 genomes (1000g),genotyping + wes + sequencing + wgs,,uk biobank + dbgap + adgc + eadi + charge + niagads + gerad perades
0.00095,20.0,,,,,,,Common variant q value,,tsi + eur + ibs + gbr + eas + fin,meta + discovery + combined + replication,haplotype reference consortium (hrc) + 1000 genomes (1000g),genotyping + wes + sequencing + wgs,,uk biobank + dbgap + adgc + eadi + charge + niagads + gerad perades
0.0014,10.0,,,,,,,Common variant q value,,tsi + eur + ibs + gbr + eas + fin,meta + discovery + combined + replication,haplotype reference consortium (hrc) + 1000 genomes (1000g),genotyping + wes + sequencing + wgs,,uk biobank + dbgap + adgc + eadi + charge + niagads + gerad perades
0.0025,39.0,,,,,,,Common variant q value,,tsi + eur + ibs + gbr + eas + fin,meta + discovery + combined + replication,haplotype reference consortium (hrc) + 1000 genomes (1000g),genotyping + wes + sequencing + wgs,,uk biobank + dbgap + adgc + eadi + charge + niagads + gerad perades
0.0058,12.0,,,,,,,Common variant q value,,tsi + eur + ibs + gbr + eas + fin,meta + discovery + combined + replication,haplotype reference consortium (hrc) + 1000 genomes (1000g),genotyping + wes + sequencing + wgs,,uk biobank + dbgap + adgc + eadi + charge + niagads + gerad perades
0.0067,17.0,,,,,,,Common variant q value,,tsi + eur + ibs + gbr + eas + fin,meta + discovery + combined + replication,haplotype reference consortium (hrc) + 1000 genomes (1000g),genotyping + wes + sequencing + wgs,,uk biobank + dbgap + adgc + eadi + charge + niagads + gerad perades
0.0067,35.0,,,,,,,Common variant q value,,tsi + eur + ibs + gbr + eas + fin,meta + discovery + combined + replication,haplotype reference consortium (hrc) + 1000 genomes (1000g),genotyping + wes + sequencing + wgs,,uk biobank + dbgap + adgc + eadi + charge + niagads + gerad perades
0.015,18.0,,,,,,,Common variant q value,,tsi + eur + ibs + gbr + eas + fin,meta + discovery + combined + replication,haplotype reference consortium (hrc) + 1000 genomes (1000g),genotyping + wes + sequencing + wgs,,uk biobank + dbgap + adgc + eadi + charge + niagads + gerad perades
0.026,10.0,,,,,,,Common variant q value,,tsi + eur + ibs + gbr + eas + fin,meta + discovery + combined + replication,haplotype reference consortium (hrc) + 1000 genomes (1000g),genotyping + wes + sequencing + wgs,,uk biobank + dbgap + adgc + eadi + charge + niagads + gerad perades
0.046,382.0,,,,,,,Common variant q value,,tsi + eur + ibs + gbr + eas + fin,meta + discovery + combined + replication,haplotype reference consortium (hrc) + 1000 genomes (1000g),genotyping + wes + sequencing + wgs,,uk biobank + dbgap + adgc + eadi + charge + niagads + gerad perades
,,,,,,,,Rare variant Pa,,tsi + eur + ibs + gbr + eas + fin,meta + discovery + combined + replication,haplotype reference consortium (hrc) + 1000 genomes (1000g),genotyping + wes + sequencing + wgs,,uk biobank + dbgap + adgc + eadi + charge + niagads + gerad perades
0.067,20.0,,,,,,,Rare variant Pa,,tsi + eur + ibs + gbr + eas + fin,meta + discovery + combined + replication,haplotype reference consortium (hrc) + 1000 genomes (1000g),genotyping + wes + sequencing + wgs,,uk biobank + dbgap + adgc + eadi + charge + niagads + gerad perades
0.049,10.0,,,,,,,Rare variant Pa,,tsi + eur + ibs + gbr + eas + fin,meta + discovery + combined + replication,haplotype reference consortium (hrc) + 1000 genomes (1000g),genotyping + wes + sequencing + wgs,,uk biobank + dbgap + adgc + eadi + charge + niagads + gerad perades
0.017,39.0,,,,,,,Rare variant Pa,,tsi + eur + ibs + gbr + eas + fin,meta + discovery + combined + replication,haplotype reference consortium (hrc) + 1000 genomes (1000g),genotyping + wes + sequencing + wgs,,uk biobank + dbgap + adgc + eadi + charge + niagads + gerad perades
0.056,12.0,,,,,,,Rare variant Pa,,tsi + eur + ibs + gbr + eas + fin,meta + discovery + combined + replication,haplotype reference consortium (hrc) + 1000 genomes (1000g),genotyping + wes + sequencing + wgs,,uk biobank + dbgap + adgc + eadi + charge + niagads + gerad perades
0.03,17.0,,,,,,,Rare variant Pa,,tsi + eur + ibs + gbr + eas + fin,meta + discovery + combined + replication,haplotype reference consortium (hrc) + 1000 genomes (1000g),genotyping + wes + sequencing + wgs,,uk biobank + dbgap + adgc + eadi + charge + niagads + gerad perades
0.12,35.0,,,,,,,Rare variant Pa,,tsi + eur + ibs + gbr + eas + fin,meta + discovery + combined + replication,haplotype reference consortium (hrc) + 1000 genomes (1000g),genotyping + wes + sequencing + wgs,,uk biobank + dbgap + adgc + eadi + charge + niagads + gerad perades
0.18,18.0,,,,,,,Rare variant Pa,,tsi + eur + ibs + gbr + eas + fin,meta + discovery + combined + replication,haplotype reference consortium (hrc) + 1000 genomes (1000g),genotyping + wes + sequencing + wgs,,uk biobank + dbgap + adgc + eadi + charge + niagads + gerad perades
0.77,10.0,,,,,,,Rare variant Pa,,tsi + eur + ibs + gbr + eas + fin,meta + discovery + combined + replication,haplotype reference consortium (hrc) + 1000 genomes (1000g),genotyping + wes + sequencing + wgs,,uk biobank + dbgap + adgc + eadi + charge + niagads + gerad perades
0.2,382.0,,,,,,,Rare variant Pa,,tsi + eur + ibs + gbr + eas + fin,meta + discovery + combined + replication,haplotype reference consortium (hrc) + 1000 genomes (1000g),genotyping + wes + sequencing + wgs,,uk biobank + dbgap + adgc + eadi + charge + niagads + gerad perades
,,,,,,,,Rare variant q value,,tsi + eur + ibs + gbr + eas + fin,meta + discovery + combined + replication,haplotype reference consortium (hrc) + 1000 genomes (1000g),genotyping + wes + sequencing + wgs,,uk biobank + dbgap + adgc + eadi + charge + niagads + gerad perades
0.84,20.0,,,,,,,Rare variant q value,,tsi + eur + ibs + gbr + eas + fin,meta + discovery + combined + replication,haplotype reference consortium (hrc) + 1000 genomes (1000g),genotyping + wes + sequencing + wgs,,uk biobank + dbgap + adgc + eadi + charge + niagads + gerad perades
0.84,10.0,,,,,,,Rare variant q value,,tsi + eur + ibs + gbr + eas + fin,meta + discovery + combined + replication,haplotype reference consortium (hrc) + 1000 genomes (1000g),genotyping + wes + sequencing + wgs,,uk biobank + dbgap + adgc + eadi + charge + niagads + gerad perades
0.81,39.0,,,,,,,Rare variant q value,,tsi + eur + ibs + gbr + eas + fin,meta + discovery + combined + replication,haplotype reference consortium (hrc) + 1000 genomes (1000g),genotyping + wes + sequencing + wgs,,uk biobank + dbgap + adgc + eadi + charge + niagads + gerad perades
0.84,12.0,,,,,,,Rare variant q value,,tsi + eur + ibs + gbr + eas + fin,meta + discovery + combined + replication,haplotype reference consortium (hrc) + 1000 genomes (1000g),genotyping + wes + sequencing + wgs,,uk biobank + dbgap + adgc + eadi + charge + niagads + gerad perades
0.81,17.0,,,,,,,Rare variant q value,,tsi + eur + ibs + gbr + eas + fin,meta + discovery + combined + replication,haplotype reference consortium (hrc) + 1000 genomes (1000g),genotyping + wes + sequencing + wgs,,uk biobank + dbgap + adgc + eadi + charge + niagads + gerad perades
0.84,35.0,,,,,,,Rare variant q value,,tsi + eur + ibs + gbr + eas + fin,meta + discovery + combined + replication,haplotype reference consortium (hrc) + 1000 genomes (1000g),genotyping + wes + sequencing + wgs,,uk biobank + dbgap + adgc + eadi + charge + niagads + gerad perades
0.84,18.0,,,,,,,Rare variant q value,,tsi + eur + ibs + gbr + eas + fin,meta + discovery + combined + replication,haplotype reference consortium (hrc) + 1000 genomes (1000g),genotyping + wes + sequencing + wgs,,uk biobank + dbgap + adgc + eadi + charge + niagads + gerad perades
0.85,10.0,,,,,,,Rare variant q value,,tsi + eur + ibs + gbr + eas + fin,meta + discovery + combined + replication,haplotype reference consortium (hrc) + 1000 genomes (1000g),genotyping + wes + sequencing + wgs,,uk biobank + dbgap + adgc + eadi + charge + niagads + gerad perades
0.84,382.0,,,,,,,Rare variant q value,,tsi + eur + ibs + gbr + eas + fin,meta + discovery + combined + replication,haplotype reference consortium (hrc) + 1000 genomes (1000g),genotyping + wes + sequencing + wgs,,uk biobank + dbgap + adgc + eadi + charge + niagads + gerad perades
,,,,,,,,Common variant P 0 kb,,tsi + eur + ibs + gbr + eas + fin,meta + discovery + combined + replication,haplotype reference consortium (hrc) + 1000 genomes (1000g),genotyping + wes + sequencing + wgs,,uk biobank + dbgap + adgc + eadi + charge + niagads + gerad perades
,331.0,,,,,,,Common variant P 0 kb,,tsi + eur + ibs + gbr + eas + fin,meta + discovery + combined + replication,haplotype reference consortium (hrc) + 1000 genomes (1000g),genotyping + wes + sequencing + wgs,,uk biobank + dbgap + adgc + eadi + charge + niagads + gerad perades
,74.0,,,,,,,Common variant P 0 kb,,tsi + eur + ibs + gbr + eas + fin,meta + discovery + combined + replication,haplotype reference consortium (hrc) + 1000 genomes (1000g),genotyping + wes + sequencing + wgs,,uk biobank + dbgap + adgc + eadi + charge + niagads + gerad perades
,47.0,,,,,,,Common variant P 0 kb,,tsi + eur + ibs + gbr + eas + fin,meta + discovery + combined + replication,haplotype reference consortium (hrc) + 1000 genomes (1000g),genotyping + wes + sequencing + wgs,,uk biobank + dbgap + adgc + eadi + charge + niagads + gerad perades
,35.0,,,,,,,Common variant P 0 kb,,tsi + eur + ibs + gbr + eas + fin,meta + discovery + combined + replication,haplotype reference consortium (hrc) + 1000 genomes (1000g),genotyping + wes + sequencing + wgs,,uk biobank + dbgap + adgc + eadi + charge + niagads + gerad perades
,21.0,,,,,,,Common variant P 0 kb,,tsi + eur + ibs + gbr + eas + fin,meta + discovery + combined + replication,haplotype reference consortium (hrc) + 1000 genomes (1000g),genotyping + wes + sequencing + wgs,,uk biobank + dbgap + adgc + eadi + charge + niagads + gerad perades
0.0011,10.0,,,,,,,Common variant P 0 kb,,tsi + eur + ibs + gbr + eas + fin,meta + discovery + combined + replication,haplotype reference consortium (hrc) + 1000 genomes (1000g),genotyping + wes + sequencing + wgs,,uk biobank + dbgap + adgc + eadi + charge + niagads + gerad perades
0.038,51.0,,,,,,,Common variant P 0 kb,,tsi + eur + ibs + gbr + eas + fin,meta + discovery + combined + replication,haplotype reference consortium (hrc) + 1000 genomes (1000g),genotyping + wes + sequencing + wgs,,uk biobank + dbgap + adgc + eadi + charge + niagads + gerad perades
0.069,6.0,,,,,,,Common variant P 0 kb,,tsi + eur + ibs + gbr + eas + fin,meta + discovery + combined + replication,haplotype reference consortium (hrc) + 1000 genomes (1000g),genotyping + wes + sequencing + wgs,,uk biobank + dbgap + adgc + eadi + charge + niagads + gerad perades
0.076,3.0,,,,,,,Common variant P 0 kb,,tsi + eur + ibs + gbr + eas + fin,meta + discovery + combined + replication,haplotype reference consortium (hrc) + 1000 genomes (1000g),genotyping + wes + sequencing + wgs,,uk biobank + dbgap + adgc + eadi + charge + niagads + gerad perades
0.077,15.0,,,,,,,Common variant P 0 kb,,tsi + eur + ibs + gbr + eas + fin,meta + discovery + combined + replication,haplotype reference consortium (hrc) + 1000 genomes (1000g),genotyping + wes + sequencing + wgs,,uk biobank + dbgap + adgc + eadi + charge + niagads + gerad perades
0.09,20.0,,,,,,,Common variant P 0 kb,,tsi + eur + ibs + gbr + eas + fin,meta + discovery + combined + replication,haplotype reference consortium (hrc) + 1000 genomes (1000g),genotyping + wes + sequencing + wgs,,uk biobank + dbgap + adgc + eadi + charge + niagads + gerad perades
0.15,9.0,,,,,,,Common variant P 0 kb,,tsi + eur + ibs + gbr + eas + fin,meta + discovery + combined + replication,haplotype reference consortium (hrc) + 1000 genomes (1000g),genotyping + wes + sequencing + wgs,,uk biobank + dbgap + adgc + eadi + charge + niagads + gerad perades
,,,,,,,,Common variant P 35–10 kb,,tsi + eur + ibs + gbr + eas + fin,meta + discovery + combined + replication,haplotype reference consortium (hrc) + 1000 genomes (1000g),genotyping + wes + sequencing + wgs,,uk biobank + dbgap + adgc + eadi + charge + niagads + gerad perades
,331.0,,,,,,,Common variant P 35–10 kb,,tsi + eur + ibs + gbr + eas + fin,meta + discovery + combined + replication,haplotype reference consortium (hrc) + 1000 genomes (1000g),genotyping + wes + sequencing + wgs,,uk biobank + dbgap + adgc + eadi + charge + niagads + gerad perades
0.0032,74.0,,,,,,,Common variant P 35–10 kb,,tsi + eur + ibs + gbr + eas + fin,meta + discovery + combined + replication,haplotype reference consortium (hrc) + 1000 genomes (1000g),genotyping + wes + sequencing + wgs,,uk biobank + dbgap + adgc + eadi + charge + niagads + gerad perades
0.018,47.0,,,,,,,Common variant P 35–10 kb,,tsi + eur + ibs + gbr + eas + fin,meta + discovery + combined + replication,haplotype reference consortium (hrc) + 1000 genomes (1000g),genotyping + wes + sequencing + wgs,,uk biobank + dbgap + adgc + eadi + charge + niagads + gerad perades
0.0099,35.0,,,,,,,Common variant P 35–10 kb,,tsi + eur + ibs + gbr + eas + fin,meta + discovery + combined + replication,haplotype reference consortium (hrc) + 1000 genomes (1000g),genotyping + wes + sequencing + wgs,,uk biobank + dbgap + adgc + eadi + charge + niagads + gerad perades
0.033,21.0,,,,,,,Common variant P 35–10 kb,,tsi + eur + ibs + gbr + eas + fin,meta + discovery + combined + replication,haplotype reference consortium (hrc) + 1000 genomes (1000g),genotyping + wes + sequencing + wgs,,uk biobank + dbgap + adgc + eadi + charge + niagads + gerad perades
0.011,10.0,,,,,,,Common variant P 35–10 kb,,tsi + eur + ibs + gbr + eas + fin,meta + discovery + combined + replication,haplotype reference consortium (hrc) + 1000 genomes (1000g),genotyping + wes + sequencing + wgs,,uk biobank + dbgap + adgc + eadi + charge + niagads + gerad perades
0.046,51.0,,,,,,,Common variant P 35–10 kb,,tsi + eur + ibs + gbr + eas + fin,meta + discovery + combined + replication,haplotype reference consortium (hrc) + 1000 genomes (1000g),genotyping + wes + sequencing + wgs,,uk biobank + dbgap + adgc + eadi + charge + niagads + gerad perades
0.12,6.0,,,,,,,Common variant P 35–10 kb,,tsi + eur + ibs + gbr + eas + fin,meta + discovery + combined + replication,haplotype reference consortium (hrc) + 1000 genomes (1000g),genotyping + wes + sequencing + wgs,,uk biobank + dbgap + adgc + eadi + charge + niagads + gerad perades
0.023,3.0,,,,,,,Common variant P 35–10 kb,,tsi + eur + ibs + gbr + eas + fin,meta + discovery + combined + replication,haplotype reference consortium (hrc) + 1000 genomes (1000g),genotyping + wes + sequencing + wgs,,uk biobank + dbgap + adgc + eadi + charge + niagads + gerad perades
0.026,15.0,,,,,,,Common variant P 35–10 kb,,tsi + eur + ibs + gbr + eas + fin,meta + discovery + combined + replication,haplotype reference consortium (hrc) + 1000 genomes (1000g),genotyping + wes + sequencing + wgs,,uk biobank + dbgap + adgc + eadi + charge + niagads + gerad perades
0.34,20.0,,,,,,,Common variant P 35–10 kb,,tsi + eur + ibs + gbr + eas + fin,meta + discovery + combined + replication,haplotype reference consortium (hrc) + 1000 genomes (1000g),genotyping + wes + sequencing + wgs,,uk biobank + dbgap + adgc + eadi + charge + niagads + gerad perades
0.3,9.0,,,,,,,Common variant P 35–10 kb,,tsi + eur + ibs + gbr + eas + fin,meta + discovery + combined + replication,haplotype reference consortium (hrc) + 1000 genomes (1000g),genotyping + wes + sequencing + wgs,,uk biobank + dbgap + adgc + eadi + charge + niagads + gerad perades
,,,,,,,,Rare variant P 0 kb,,tsi + eur + ibs + gbr + eas + fin,meta + discovery + combined + replication,haplotype reference consortium (hrc) + 1000 genomes (1000g),genotyping + wes + sequencing + wgs,,uk biobank + dbgap + adgc + eadi + charge + niagads + gerad perades
0.82,331.0,,,,,,,Rare variant P 0 kb,,tsi + eur + ibs + gbr + eas + fin,meta + discovery + combined + replication,haplotype reference consortium (hrc) + 1000 genomes (1000g),genotyping + wes + sequencing + wgs,,uk biobank + dbgap + adgc + eadi + charge + niagads + gerad perades
0.31,74.0,,,,,,,Rare variant P 0 kb,,tsi + eur + ibs + gbr + eas + fin,meta + discovery + combined + replication,haplotype reference consortium (hrc) + 1000 genomes (1000g),genotyping + wes + sequencing + wgs,,uk biobank + dbgap + adgc + eadi + charge + niagads + gerad perades
0.24,47.0,,,,,,,Rare variant P 0 kb,,tsi + eur + ibs + gbr + eas + fin,meta + discovery + combined + replication,haplotype reference consortium (hrc) + 1000 genomes (1000g),genotyping + wes + sequencing + wgs,,uk biobank + dbgap + adgc + eadi + charge + niagads + gerad perades
0.09,35.0,,,,,,,Rare variant P 0 kb,,tsi + eur + ibs + gbr + eas + fin,meta + discovery + combined + replication,haplotype reference consortium (hrc) + 1000 genomes (1000g),genotyping + wes + sequencing + wgs,,uk biobank + dbgap + adgc + eadi + charge + niagads + gerad perades
0.095,21.0,,,,,,,Rare variant P 0 kb,,tsi + eur + ibs + gbr + eas + fin,meta + discovery + combined + replication,haplotype reference consortium (hrc) + 1000 genomes (1000g),genotyping + wes + sequencing + wgs,,uk biobank + dbgap + adgc + eadi + charge + niagads + gerad perades
0.36,10.0,,,,,,,Rare variant P 0 kb,,tsi + eur + ibs + gbr + eas + fin,meta + discovery + combined + replication,haplotype reference consortium (hrc) + 1000 genomes (1000g),genotyping + wes + sequencing + wgs,,uk biobank + dbgap + adgc + eadi + charge + niagads + gerad perades
0.58,51.0,,,,,,,Rare variant P 0 kb,,tsi + eur + ibs + gbr + eas + fin,meta + discovery + combined + replication,haplotype reference consortium (hrc) + 1000 genomes (1000g),genotyping + wes + sequencing + wgs,,uk biobank + dbgap + adgc + eadi + charge + niagads + gerad perades
0.39,6.0,,,,,,,Rare variant P 0 kb,,tsi + eur + ibs + gbr + eas + fin,meta + discovery + combined + replication,haplotype reference consortium (hrc) + 1000 genomes (1000g),genotyping + wes + sequencing + wgs,,uk biobank + dbgap + adgc + eadi + charge + niagads + gerad perades
0.97,3.0,,,,,,,Rare variant P 0 kb,,tsi + eur + ibs + gbr + eas + fin,meta + discovery + combined + replication,haplotype reference consortium (hrc) + 1000 genomes (1000g),genotyping + wes + sequencing + wgs,,uk biobank + dbgap + adgc + eadi + charge + niagads + gerad perades
0.61,15.0,,,,,,,Rare variant P 0 kb,,tsi + eur + ibs + gbr + eas + fin,meta + discovery + combined + replication,haplotype reference consortium (hrc) + 1000 genomes (1000g),genotyping + wes + sequencing + wgs,,uk biobank + dbgap + adgc + eadi + charge + niagads + gerad perades
0.71,20.0,,,,,,,Rare variant P 0 kb,,tsi + eur + ibs + gbr + eas + fin,meta + discovery + combined + replication,haplotype reference consortium (hrc) + 1000 genomes (1000g),genotyping + wes + sequencing + wgs,,uk biobank + dbgap + adgc + eadi + charge + niagads + gerad perades
0.19,9.0,,,,,,,Rare variant P 0 kb,,tsi + eur + ibs + gbr + eas + fin,meta + discovery + combined + replication,haplotype reference consortium (hrc) + 1000 genomes (1000g),genotyping + wes + sequencing + wgs,,uk biobank + dbgap + adgc + eadi + charge + niagads + gerad perades
,,,,,,,,Rare variant P 35–10 kb,,tsi + eur + ibs + gbr + eas + fin,meta + discovery + combined + replication,haplotype reference consortium (hrc) + 1000 genomes (1000g),genotyping + wes + sequencing + wgs,,uk biobank + dbgap + adgc + eadi + charge + niagads + gerad perades
0.51,331.0,,,,,,,Rare variant P 35–10 kb,,tsi + eur + ibs + gbr + eas + fin,meta + discovery + combined + replication,haplotype reference consortium (hrc) + 1000 genomes (1000g),genotyping + wes + sequencing + wgs,,uk biobank + dbgap + adgc + eadi + charge + niagads + gerad perades
0.51,74.0,,,,,,,Rare variant P 35–10 kb,,tsi + eur + ibs + gbr + eas + fin,meta + discovery + combined + replication,haplotype reference consortium (hrc) + 1000 genomes (1000g),genotyping + wes + sequencing + wgs,,uk biobank + dbgap + adgc + eadi + charge + niagads + gerad perades
0.68,47.0,,,,,,,Rare variant P 35–10 kb,,tsi + eur + ibs + gbr + eas + fin,meta + discovery + combined + replication,haplotype reference consortium (hrc) + 1000 genomes (1000g),genotyping + wes + sequencing + wgs,,uk biobank + dbgap + adgc + eadi + charge + niagads + gerad perades
0.16,35.0,,,,,,,Rare variant P 35–10 kb,,tsi + eur + ibs + gbr + eas + fin,meta + discovery + combined + replication,haplotype reference consortium (hrc) + 1000 genomes (1000g),genotyping + wes + sequencing + wgs,,uk biobank + dbgap + adgc + eadi + charge + niagads + gerad perades
0.19,21.0,,,,,,,Rare variant P 35–10 kb,,tsi + eur + ibs + gbr + eas + fin,meta + discovery + combined + replication,haplotype reference consortium (hrc) + 1000 genomes (1000g),genotyping + wes + sequencing + wgs,,uk biobank + dbgap + adgc + eadi + charge + niagads + gerad perades
0.18,10.0,,,,,,,Rare variant P 35–10 kb,,tsi + eur + ibs + gbr + eas + fin,meta + discovery + combined + replication,haplotype reference consortium (hrc) + 1000 genomes (1000g),genotyping + wes + sequencing + wgs,,uk biobank + dbgap + adgc + eadi + charge + niagads + gerad perades
0.57,51.0,,,,,,,Rare variant P 35–10 kb,,tsi + eur + ibs + gbr + eas + fin,meta + discovery + combined + replication,haplotype reference consortium (hrc) + 1000 genomes (1000g),genotyping + wes + sequencing + wgs,,uk biobank + dbgap + adgc + eadi + charge + niagads + gerad perades
0.25,6.0,,,,,,,Rare variant P 35–10 kb,,tsi + eur + ibs + gbr + eas + fin,meta + discovery + combined + replication,haplotype reference consortium (hrc) + 1000 genomes (1000g),genotyping + wes + sequencing + wgs,,uk biobank + dbgap + adgc + eadi + charge + niagads + gerad perades
0.76,3.0,,,,,,,Rare variant P 35–10 kb,,tsi + eur + ibs + gbr + eas + fin,meta + discovery + combined + replication,haplotype reference consortium (hrc) + 1000 genomes (1000g),genotyping + wes + sequencing + wgs,,uk biobank + dbgap + adgc + eadi + charge + niagads + gerad perades
0.29,15.0,,,,,,,Rare variant P 35–10 kb,,tsi + eur + ibs + gbr + eas + fin,meta + discovery + combined + replication,haplotype reference consortium (hrc) + 1000 genomes (1000g),genotyping + wes + sequencing + wgs,,uk biobank + dbgap + adgc + eadi + charge + niagads + gerad perades
0.68,20.0,,,,,,,Rare variant P 35–10 kb,,tsi + eur + ibs + gbr + eas + fin,meta + discovery + combined + replication,haplotype reference consortium (hrc) + 1000 genomes (1000g),genotyping + wes + sequencing + wgs,,uk biobank + dbgap + adgc + eadi + charge + niagads + gerad perades
0.011,9.0,,,,,,,Rare variant P 35–10 kb,,tsi + eur + ibs + gbr + eas + fin,meta + discovery + combined + replication,haplotype reference consortium (hrc) + 1000 genomes (1000g),genotyping + wes + sequencing + wgs,,uk biobank + dbgap + adgc + eadi + charge + niagads + gerad perades
,1.16,0.187,rs4844610,1.0,207802552,C/A,,"stage 1 discovery ( n /thinspace = /thinspace63,926).P","stage 1 discovery ( n /thinspace = /thinspace63,926).OR",tsi + eur + ibs + gbr + eas + fin,meta + discovery + combined + replication,haplotype reference consortium (hrc) + 1000 genomes (1000g),genotyping + wes + sequencing + wgs,,uk biobank + dbgap + adgc + eadi + charge + niagads + gerad perades
,1.16,0.187,rs4844610,1.0,207802552,C/A,,"stage 2 ( n /thinspace = /thinspace18,845).P","stage 1 discovery ( n /thinspace = /thinspace63,926).OR",tsi + eur + ibs + gbr + eas + fin,meta + discovery + combined + replication,haplotype reference consortium (hrc) + 1000 genomes (1000g),genotyping + wes + sequencing + wgs,,uk biobank + dbgap + adgc + eadi + charge + niagads + gerad perades
,1.16,0.187,rs4844610,1.0,207802552,C/A,,"Overall stage 1/thinspace + /thinspacestage 2 ( n /thinspace = /thinspace82,771).Meta P","stage 1 discovery ( n /thinspace = /thinspace63,926).OR",tsi + eur + ibs + gbr + eas + fin,meta + discovery + combined + replication,haplotype reference consortium (hrc) + 1000 genomes (1000g),genotyping + wes + sequencing + wgs,,uk biobank + dbgap + adgc + eadi + charge + niagads + gerad perades
,1.16,0.187,rs4844610,1.0,207802552,C/A,,"Overall stage 1/thinspace + /thinspacestage 2 ( n /thinspace = /thinspace82,771).I 2 (%), P","stage 1 discovery ( n /thinspace = /thinspace63,926).OR",tsi + eur + ibs + gbr + eas + fin,meta + discovery + combined + replication,haplotype reference consortium (hrc) + 1000 genomes (1000g),genotyping + wes + sequencing + wgs,,uk biobank + dbgap + adgc + eadi + charge + niagads + gerad perades
,1.18,0.407,rs6733839,2.0,127892810,C/T,,"stage 1 discovery ( n /thinspace = /thinspace63,926).P","stage 1 discovery ( n /thinspace = /thinspace63,926).OR",tsi + eur + ibs + gbr + eas + fin,meta + discovery + combined + replication,haplotype reference consortium (hrc) + 1000 genomes (1000g),genotyping + wes + sequencing + wgs,,uk biobank + dbgap + adgc + eadi + charge + niagads + gerad perades
,1.18,0.407,rs6733839,2.0,127892810,C/T,,"stage 2 ( n /thinspace = /thinspace18,845).P","stage 1 discovery ( n /thinspace = /thinspace63,926).OR",tsi + eur + ibs + gbr + eas + fin,meta + discovery + combined + replication,haplotype reference consortium (hrc) + 1000 genomes (1000g),genotyping + wes + sequencing + wgs,,uk biobank + dbgap + adgc + eadi + charge + niagads + gerad perades
,1.18,0.407,rs6733839,2.0,127892810,C/T,,"Overall stage 1/thinspace + /thinspacestage 2 ( n /thinspace = /thinspace82,771).Meta P","stage 1 discovery ( n /thinspace = /thinspace63,926).OR",tsi + eur + ibs + gbr + eas + fin,meta + discovery + combined + replication,haplotype reference consortium (hrc) + 1000 genomes (1000g),genotyping + wes + sequencing + wgs,,uk biobank + dbgap + adgc + eadi + charge + niagads + gerad perades
,1.18,0.407,rs6733839,2.0,127892810,C/T,,"Overall stage 1/thinspace + /thinspacestage 2 ( n /thinspace = /thinspace82,771).I 2 (%), P","stage 1 discovery ( n /thinspace = /thinspace63,926).OR",tsi + eur + ibs + gbr + eas + fin,meta + discovery + combined + replication,haplotype reference consortium (hrc) + 1000 genomes (1000g),genotyping + wes + sequencing + wgs,,uk biobank + dbgap + adgc + eadi + charge + niagads + gerad perades
,0.9,0.223,rs10933431,2.0,233981912,C/G,,"stage 1 discovery ( n /thinspace = /thinspace63,926).P","stage 1 discovery ( n /thinspace = /thinspace63,926).OR",tsi + eur + ibs + gbr + eas + fin,meta + discovery + combined + replication,haplotype reference consortium (hrc) + 1000 genomes (1000g),genotyping + wes + sequencing + wgs,,uk biobank + dbgap + adgc + eadi + charge + niagads + gerad perades
,0.9,0.223,rs10933431,2.0,233981912,C/G,,"stage 2 ( n /thinspace = /thinspace18,845).P","stage 1 discovery ( n /thinspace = /thinspace63,926).OR",tsi + eur + ibs + gbr + eas + fin,meta + discovery + combined + replication,haplotype reference consortium (hrc) + 1000 genomes (1000g),genotyping + wes + sequencing + wgs,,uk biobank + dbgap + adgc + eadi + charge + niagads + gerad perades
,0.9,0.223,rs10933431,2.0,233981912,C/G,,"Overall stage 1/thinspace + /thinspacestage 2 ( n /thinspace = /thinspace82,771).Meta P","stage 1 discovery ( n /thinspace = /thinspace63,926).OR",tsi + eur + ibs + gbr + eas + fin,meta + discovery + combined + replication,haplotype reference consortium (hrc) + 1000 genomes (1000g),genotyping + wes + sequencing + wgs,,uk biobank + dbgap + adgc + eadi + charge + niagads + gerad perades
,0.9,0.223,rs10933431,2.0,233981912,C/G,,"Overall stage 1/thinspace + /thinspacestage 2 ( n /thinspace = /thinspace82,771).I 2 (%), P","stage 1 discovery ( n /thinspace = /thinspace63,926).OR",tsi + eur + ibs + gbr + eas + fin,meta + discovery + combined + replication,haplotype reference consortium (hrc) + 1000 genomes (1000g),genotyping + wes + sequencing + wgs,,uk biobank + dbgap + adgc + eadi + charge + niagads + gerad perades
,1.1,0.27,rs9271058,6.0,32575406,T/A,,"stage 1 discovery ( n /thinspace = /thinspace63,926).P","stage 1 discovery ( n /thinspace = /thinspace63,926).OR",tsi + eur + ibs + gbr + eas + fin,meta + discovery + combined + replication,haplotype reference consortium (hrc) + 1000 genomes (1000g),genotyping + wes + sequencing + wgs,,uk biobank + dbgap + adgc + eadi + charge + niagads + gerad perades
,1.1,0.27,rs9271058,6.0,32575406,T/A,,"stage 2 ( n /thinspace = /thinspace18,845).P","stage 1 discovery ( n /thinspace = /thinspace63,926).OR",tsi + eur + ibs + gbr + eas + fin,meta + discovery + combined + replication,haplotype reference consortium (hrc) + 1000 genomes (1000g),genotyping + wes + sequencing + wgs,,uk biobank + dbgap + adgc + eadi + charge + niagads + gerad perades
,1.1,0.27,rs9271058,6.0,32575406,T/A,,"Overall stage 1/thinspace + /thinspacestage 2 ( n /thinspace = /thinspace82,771).Meta P","stage 1 discovery ( n /thinspace = /thinspace63,926).OR",tsi + eur + ibs + gbr + eas + fin,meta + discovery + combined + replication,haplotype reference consortium (hrc) + 1000 genomes (1000g),genotyping + wes + sequencing + wgs,,uk biobank + dbgap + adgc + eadi + charge + niagads + gerad perades
,1.1,0.27,rs9271058,6.0,32575406,T/A,,"Overall stage 1/thinspace + /thinspacestage 2 ( n /thinspace = /thinspace82,771).I 2 (%), P","stage 1 discovery ( n /thinspace = /thinspace63,926).OR",tsi + eur + ibs + gbr + eas + fin,meta + discovery + combined + replication,haplotype reference consortium (hrc) + 1000 genomes (1000g),genotyping + wes + sequencing + wgs,,uk biobank + dbgap + adgc + eadi + charge + niagads + gerad perades
,2.01,0.008,rs75932628,6.0,41129252,C/T,,"stage 1 discovery ( n /thinspace = /thinspace63,926).P","stage 1 discovery ( n /thinspace = /thinspace63,926).OR",tsi + eur + ibs + gbr + eas + fin,meta + discovery + combined + replication,haplotype reference consortium (hrc) + 1000 genomes (1000g),genotyping + wes + sequencing + wgs,,uk biobank + dbgap + adgc + eadi + charge + niagads + gerad perades
,2.01,0.008,rs75932628,6.0,41129252,C/T,,"stage 2 ( n /thinspace = /thinspace18,845).P","stage 1 discovery ( n /thinspace = /thinspace63,926).OR",tsi + eur + ibs + gbr + eas + fin,meta + discovery + combined + replication,haplotype reference consortium (hrc) + 1000 genomes (1000g),genotyping + wes + sequencing + wgs,,uk biobank + dbgap + adgc + eadi + charge + niagads + gerad perades
,2.01,0.008,rs75932628,6.0,41129252,C/T,,"Overall stage 1/thinspace + /thinspacestage 2 ( n /thinspace = /thinspace82,771).Meta P","stage 1 discovery ( n /thinspace = /thinspace63,926).OR",tsi + eur + ibs + gbr + eas + fin,meta + discovery + combined + replication,haplotype reference consortium (hrc) + 1000 genomes (1000g),genotyping + wes + sequencing + wgs,,uk biobank + dbgap + adgc + eadi + charge + niagads + gerad perades
,2.01,0.008,rs75932628,6.0,41129252,C/T,,"Overall stage 1/thinspace + /thinspacestage 2 ( n /thinspace = /thinspace82,771).I 2 (%), P","stage 1 discovery ( n /thinspace = /thinspace63,926).OR",tsi + eur + ibs + gbr + eas + fin,meta + discovery + combined + replication,haplotype reference consortium (hrc) + 1000 genomes (1000g),genotyping + wes + sequencing + wgs,,uk biobank + dbgap + adgc + eadi + charge + niagads + gerad perades
,1.09,0.28,rs9473117,6.0,47431284,A/C,,"stage 1 discovery ( n /thinspace = /thinspace63,926).P","stage 1 discovery ( n /thinspace = /thinspace63,926).OR",tsi + eur + ibs + gbr + eas + fin,meta + discovery + combined + replication,haplotype reference consortium (hrc) + 1000 genomes (1000g),genotyping + wes + sequencing + wgs,,uk biobank + dbgap + adgc + eadi + charge + niagads + gerad perades
,1.09,0.28,rs9473117,6.0,47431284,A/C,,"stage 2 ( n /thinspace = /thinspace18,845).P","stage 1 discovery ( n /thinspace = /thinspace63,926).OR",tsi + eur + ibs + gbr + eas + fin,meta + discovery + combined + replication,haplotype reference consortium (hrc) + 1000 genomes (1000g),genotyping + wes + sequencing + wgs,,uk biobank + dbgap + adgc + eadi + charge + niagads + gerad perades
,1.09,0.28,rs9473117,6.0,47431284,A/C,,"Overall stage 1/thinspace + /thinspacestage 2 ( n /thinspace = /thinspace82,771).Meta P","stage 1 discovery ( n /thinspace = /thinspace63,926).OR",tsi + eur + ibs + gbr + eas + fin,meta + discovery + combined + replication,haplotype reference consortium (hrc) + 1000 genomes (1000g),genotyping + wes + sequencing + wgs,,uk biobank + dbgap + adgc + eadi + charge + niagads + gerad perades
,1.09,0.28,rs9473117,6.0,47431284,A/C,,"Overall stage 1/thinspace + /thinspacestage 2 ( n /thinspace = /thinspace82,771).I 2 (%), P","stage 1 discovery ( n /thinspace = /thinspace63,926).OR",tsi + eur + ibs + gbr + eas + fin,meta + discovery + combined + replication,haplotype reference consortium (hrc) + 1000 genomes (1000g),genotyping + wes + sequencing + wgs,,uk biobank + dbgap + adgc + eadi + charge + niagads + gerad perades
,0.93,0.303,rs12539172,7.0,100091795,C/T,,"stage 1 discovery ( n /thinspace = /thinspace63,926).P","stage 1 discovery ( n /thinspace = /thinspace63,926).OR",tsi + eur + ibs + gbr + eas + fin,meta + discovery + combined + replication,haplotype reference consortium (hrc) + 1000 genomes (1000g),genotyping + wes + sequencing + wgs,,uk biobank + dbgap + adgc + eadi + charge + niagads + gerad perades
,0.93,0.303,rs12539172,7.0,100091795,C/T,,"stage 2 ( n /thinspace = /thinspace18,845).P","stage 1 discovery ( n /thinspace = /thinspace63,926).OR",tsi + eur + ibs + gbr + eas + fin,meta + discovery + combined + replication,haplotype reference consortium (hrc) + 1000 genomes (1000g),genotyping + wes + sequencing + wgs,,uk biobank + dbgap + adgc + eadi + charge + niagads + gerad perades
,0.93,0.303,rs12539172,7.0,100091795,C/T,,"Overall stage 1/thinspace + /thinspacestage 2 ( n /thinspace = /thinspace82,771).Meta P","stage 1 discovery ( n /thinspace = /thinspace63,926).OR",tsi + eur + ibs + gbr + eas + fin,meta + discovery + combined + replication,haplotype reference consortium (hrc) + 1000 genomes (1000g),genotyping + wes + sequencing + wgs,,uk biobank + dbgap + adgc + eadi + charge + niagads + gerad perades
,0.93,0.303,rs12539172,7.0,100091795,C/T,,"Overall stage 1/thinspace + /thinspacestage 2 ( n /thinspace = /thinspace82,771).I 2 (%), P","stage 1 discovery ( n /thinspace = /thinspace63,926).OR",tsi + eur + ibs + gbr + eas + fin,meta + discovery + combined + replication,haplotype reference consortium (hrc) + 1000 genomes (1000g),genotyping + wes + sequencing + wgs,,uk biobank + dbgap + adgc + eadi + charge + niagads + gerad perades
,0.9,0.199,rs10808026,7.0,143099133,C/A,,"stage 1 discovery ( n /thinspace = /thinspace63,926).P","stage 1 discovery ( n /thinspace = /thinspace63,926).OR",tsi + eur + ibs + gbr + eas + fin,meta + discovery + combined + replication,haplotype reference consortium (hrc) + 1000 genomes (1000g),genotyping + wes + sequencing + wgs,,uk biobank + dbgap + adgc + eadi + charge + niagads + gerad perades
,0.9,0.199,rs10808026,7.0,143099133,C/A,,"stage 2 ( n /thinspace = /thinspace18,845).P","stage 1 discovery ( n /thinspace = /thinspace63,926).OR",tsi + eur + ibs + gbr + eas + fin,meta + discovery + combined + replication,haplotype reference consortium (hrc) + 1000 genomes (1000g),genotyping + wes + sequencing + wgs,,uk biobank + dbgap + adgc + eadi + charge + niagads + gerad perades
,0.9,0.199,rs10808026,7.0,143099133,C/A,,"Overall stage 1/thinspace + /thinspacestage 2 ( n /thinspace = /thinspace82,771).Meta P","stage 1 discovery ( n /thinspace = /thinspace63,926).OR",tsi + eur + ibs + gbr + eas + fin,meta + discovery + combined + replication,haplotype reference consortium (hrc) + 1000 genomes (1000g),genotyping + wes + sequencing + wgs,,uk biobank + dbgap + adgc + eadi + charge + niagads + gerad perades
,0.9,0.199,rs10808026,7.0,143099133,C/A,,"Overall stage 1/thinspace + /thinspacestage 2 ( n /thinspace = /thinspace82,771).I 2 (%), P","stage 1 discovery ( n /thinspace = /thinspace63,926).OR",tsi + eur + ibs + gbr + eas + fin,meta + discovery + combined + replication,haplotype reference consortium (hrc) + 1000 genomes (1000g),genotyping + wes + sequencing + wgs,,uk biobank + dbgap + adgc + eadi + charge + niagads + gerad perades
,1.1,0.367,rs73223431,8.0,27219987,C/T,,"stage 1 discovery ( n /thinspace = /thinspace63,926).P","stage 1 discovery ( n /thinspace = /thinspace63,926).OR",tsi + eur + ibs + gbr + eas + fin,meta + discovery + combined + replication,haplotype reference consortium (hrc) + 1000 genomes (1000g),genotyping + wes + sequencing + wgs,,uk biobank + dbgap + adgc + eadi + charge + niagads + gerad perades
,1.1,0.367,rs73223431,8.0,27219987,C/T,,"stage 2 ( n /thinspace = /thinspace18,845).P","stage 1 discovery ( n /thinspace = /thinspace63,926).OR",tsi + eur + ibs + gbr + eas + fin,meta + discovery + combined + replication,haplotype reference consortium (hrc) + 1000 genomes (1000g),genotyping + wes + sequencing + wgs,,uk biobank + dbgap + adgc + eadi + charge + niagads + gerad perades
,1.1,0.367,rs73223431,8.0,27219987,C/T,,"Overall stage 1/thinspace + /thinspacestage 2 ( n /thinspace = /thinspace82,771).Meta P","stage 1 discovery ( n /thinspace = /thinspace63,926).OR",tsi + eur + ibs + gbr + eas + fin,meta + discovery + combined + replication,haplotype reference consortium (hrc) + 1000 genomes (1000g),genotyping + wes + sequencing + wgs,,uk biobank + dbgap + adgc + eadi + charge + niagads + gerad perades
,1.1,0.367,rs73223431,8.0,27219987,C/T,,"Overall stage 1/thinspace + /thinspacestage 2 ( n /thinspace = /thinspace82,771).I 2 (%), P","stage 1 discovery ( n /thinspace = /thinspace63,926).OR",tsi + eur + ibs + gbr + eas + fin,meta + discovery + combined + replication,haplotype reference consortium (hrc) + 1000 genomes (1000g),genotyping + wes + sequencing + wgs,,uk biobank + dbgap + adgc + eadi + charge + niagads + gerad perades
,0.88,0.387,rs9331896,8.0,27467686,T/C,,"stage 1 discovery ( n /thinspace = /thinspace63,926).P","stage 1 discovery ( n /thinspace = /thinspace63,926).OR",tsi + eur + ibs + gbr + eas + fin,meta + discovery + combined + replication,haplotype reference consortium (hrc) + 1000 genomes (1000g),genotyping + wes + sequencing + wgs,,uk biobank + dbgap + adgc + eadi + charge + niagads + gerad perades
,0.88,0.387,rs9331896,8.0,27467686,T/C,,"stage 2 ( n /thinspace = /thinspace18,845).P","stage 1 discovery ( n /thinspace = /thinspace63,926).OR",tsi + eur + ibs + gbr + eas + fin,meta + discovery + combined + replication,haplotype reference consortium (hrc) + 1000 genomes (1000g),genotyping + wes + sequencing + wgs,,uk biobank + dbgap + adgc + eadi + charge + niagads + gerad perades
,0.88,0.387,rs9331896,8.0,27467686,T/C,,"Overall stage 1/thinspace + /thinspacestage 2 ( n /thinspace = /thinspace82,771).Meta P","stage 1 discovery ( n /thinspace = /thinspace63,926).OR",tsi + eur + ibs + gbr + eas + fin,meta + discovery + combined + replication,haplotype reference consortium (hrc) + 1000 genomes (1000g),genotyping + wes + sequencing + wgs,,uk biobank + dbgap + adgc + eadi + charge + niagads + gerad perades
,0.88,0.387,rs9331896,8.0,27467686,T/C,,"Overall stage 1/thinspace + /thinspacestage 2 ( n /thinspace = /thinspace82,771).I 2 (%), P","stage 1 discovery ( n /thinspace = /thinspace63,926).OR",tsi + eur + ibs + gbr + eas + fin,meta + discovery + combined + replication,haplotype reference consortium (hrc) + 1000 genomes (1000g),genotyping + wes + sequencing + wgs,,uk biobank + dbgap + adgc + eadi + charge + niagads + gerad perades
,0.91,0.448,rs3740688,11.0,47380340,T/G,,"stage 1 discovery ( n /thinspace = /thinspace63,926).P","stage 1 discovery ( n /thinspace = /thinspace63,926).OR",tsi + eur + ibs + gbr + eas + fin,meta + discovery + combined + replication,haplotype reference consortium (hrc) + 1000 genomes (1000g),genotyping + wes + sequencing + wgs,,uk biobank + dbgap + adgc + eadi + charge + niagads + gerad perades
,0.91,0.448,rs3740688,11.0,47380340,T/G,,"stage 2 ( n /thinspace = /thinspace18,845).P","stage 1 discovery ( n /thinspace = /thinspace63,926).OR",tsi + eur + ibs + gbr + eas + fin,meta + discovery + combined + replication,haplotype reference consortium (hrc) + 1000 genomes (1000g),genotyping + wes + sequencing + wgs,,uk biobank + dbgap + adgc + eadi + charge + niagads + gerad perades
,0.91,0.448,rs3740688,11.0,47380340,T/G,,"Overall stage 1/thinspace + /thinspacestage 2 ( n /thinspace = /thinspace82,771).Meta P","stage 1 discovery ( n /thinspace = /thinspace63,926).OR",tsi + eur + ibs + gbr + eas + fin,meta + discovery + combined + replication,haplotype reference consortium (hrc) + 1000 genomes (1000g),genotyping + wes + sequencing + wgs,,uk biobank + dbgap + adgc + eadi + charge + niagads + gerad perades
,0.91,0.448,rs3740688,11.0,47380340,T/G,,"Overall stage 1/thinspace + /thinspacestage 2 ( n /thinspace = /thinspace82,771).I 2 (%), P","stage 1 discovery ( n /thinspace = /thinspace63,926).OR",tsi + eur + ibs + gbr + eas + fin,meta + discovery + combined + replication,haplotype reference consortium (hrc) + 1000 genomes (1000g),genotyping + wes + sequencing + wgs,,uk biobank + dbgap + adgc + eadi + charge + niagads + gerad perades
,0.89,0.391,rs7933202,11.0,59936926,A/C,,"stage 1 discovery ( n /thinspace = /thinspace63,926).P","stage 1 discovery ( n /thinspace = /thinspace63,926).OR",tsi + eur + ibs + gbr + eas + fin,meta + discovery + combined + replication,haplotype reference consortium (hrc) + 1000 genomes (1000g),genotyping + wes + sequencing + wgs,,uk biobank + dbgap + adgc + eadi + charge + niagads + gerad perades
,0.89,0.391,rs7933202,11.0,59936926,A/C,,"stage 2 ( n /thinspace = /thinspace18,845).P","stage 1 discovery ( n /thinspace = /thinspace63,926).OR",tsi + eur + ibs + gbr + eas + fin,meta + discovery + combined + replication,haplotype reference consortium (hrc) + 1000 genomes (1000g),genotyping + wes + sequencing + wgs,,uk biobank + dbgap + adgc + eadi + charge + niagads + gerad perades
,0.89,0.391,rs7933202,11.0,59936926,A/C,,"Overall stage 1/thinspace + /thinspacestage 2 ( n /thinspace = /thinspace82,771).Meta P","stage 1 discovery ( n /thinspace = /thinspace63,926).OR",tsi + eur + ibs + gbr + eas + fin,meta + discovery + combined + replication,haplotype reference consortium (hrc) + 1000 genomes (1000g),genotyping + wes + sequencing + wgs,,uk biobank + dbgap + adgc + eadi + charge + niagads + gerad perades
,0.89,0.391,rs7933202,11.0,59936926,A/C,,"Overall stage 1/thinspace + /thinspacestage 2 ( n /thinspace = /thinspace82,771).I 2 (%), P","stage 1 discovery ( n /thinspace = /thinspace63,926).OR",tsi + eur + ibs + gbr + eas + fin,meta + discovery + combined + replication,haplotype reference consortium (hrc) + 1000 genomes (1000g),genotyping + wes + sequencing + wgs,,uk biobank + dbgap + adgc + eadi + charge + niagads + gerad perades
,0.89,0.356,rs3851179,11.0,85868640,C/T,,"stage 1 discovery ( n /thinspace = /thinspace63,926).P","stage 1 discovery ( n /thinspace = /thinspace63,926).OR",tsi + eur + ibs + gbr + eas + fin,meta + discovery + combined + replication,haplotype reference consortium (hrc) + 1000 genomes (1000g),genotyping + wes + sequencing + wgs,,uk biobank + dbgap + adgc + eadi + charge + niagads + gerad perades
,0.89,0.356,rs3851179,11.0,85868640,C/T,,"stage 2 ( n /thinspace = /thinspace18,845).P","stage 1 discovery ( n /thinspace = /thinspace63,926).OR",tsi + eur + ibs + gbr + eas + fin,meta + discovery + combined + replication,haplotype reference consortium (hrc) + 1000 genomes (1000g),genotyping + wes + sequencing + wgs,,uk biobank + dbgap + adgc + eadi + charge + niagads + gerad perades
,0.89,0.356,rs3851179,11.0,85868640,C/T,,"Overall stage 1/thinspace + /thinspacestage 2 ( n /thinspace = /thinspace82,771).Meta P","stage 1 discovery ( n /thinspace = /thinspace63,926).OR",tsi + eur + ibs + gbr + eas + fin,meta + discovery + combined + replication,haplotype reference consortium (hrc) + 1000 genomes (1000g),genotyping + wes + sequencing + wgs,,uk biobank + dbgap + adgc + eadi + charge + niagads + gerad perades
,0.89,0.356,rs3851179,11.0,85868640,C/T,,"Overall stage 1/thinspace + /thinspacestage 2 ( n /thinspace = /thinspace82,771).I 2 (%), P","stage 1 discovery ( n /thinspace = /thinspace63,926).OR",tsi + eur + ibs + gbr + eas + fin,meta + discovery + combined + replication,haplotype reference consortium (hrc) + 1000 genomes (1000g),genotyping + wes + sequencing + wgs,,uk biobank + dbgap + adgc + eadi + charge + niagads + gerad perades
,0.81,0.04,rs11218343,11.0,121435587,T/C,,"stage 1 discovery ( n /thinspace = /thinspace63,926).P","stage 1 discovery ( n /thinspace = /thinspace63,926).OR",tsi + eur + ibs + gbr + eas + fin,meta + discovery + combined + replication,haplotype reference consortium (hrc) + 1000 genomes (1000g),genotyping + wes + sequencing + wgs,,uk biobank + dbgap + adgc + eadi + charge + niagads + gerad perades
,0.81,0.04,rs11218343,11.0,121435587,T/C,,"stage 2 ( n /thinspace = /thinspace18,845).P","stage 1 discovery ( n /thinspace = /thinspace63,926).OR",tsi + eur + ibs + gbr + eas + fin,meta + discovery + combined + replication,haplotype reference consortium (hrc) + 1000 genomes (1000g),genotyping + wes + sequencing + wgs,,uk biobank + dbgap + adgc + eadi + charge + niagads + gerad perades
,0.81,0.04,rs11218343,11.0,121435587,T/C,,"Overall stage 1/thinspace + /thinspacestage 2 ( n /thinspace = /thinspace82,771).Meta P","stage 1 discovery ( n /thinspace = /thinspace63,926).OR",tsi + eur + ibs + gbr + eas + fin,meta + discovery + combined + replication,haplotype reference consortium (hrc) + 1000 genomes (1000g),genotyping + wes + sequencing + wgs,,uk biobank + dbgap + adgc + eadi + charge + niagads + gerad perades
,0.81,0.04,rs11218343,11.0,121435587,T/C,,"Overall stage 1/thinspace + /thinspacestage 2 ( n /thinspace = /thinspace82,771).I 2 (%), P","stage 1 discovery ( n /thinspace = /thinspace63,926).OR",tsi + eur + ibs + gbr + eas + fin,meta + discovery + combined + replication,haplotype reference consortium (hrc) + 1000 genomes (1000g),genotyping + wes + sequencing + wgs,,uk biobank + dbgap + adgc + eadi + charge + niagads + gerad perades
,1.13,0.093,rs17125924,14.0,53391680,A/G,,"stage 1 discovery ( n /thinspace = /thinspace63,926).P","stage 1 discovery ( n /thinspace = /thinspace63,926).OR",tsi + eur + ibs + gbr + eas + fin,meta + discovery + combined + replication,haplotype reference consortium (hrc) + 1000 genomes (1000g),genotyping + wes + sequencing + wgs,,uk biobank + dbgap + adgc + eadi + charge + niagads + gerad perades
,1.13,0.093,rs17125924,14.0,53391680,A/G,,"stage 2 ( n /thinspace = /thinspace18,845).P","stage 1 discovery ( n /thinspace = /thinspace63,926).OR",tsi + eur + ibs + gbr + eas + fin,meta + discovery + combined + replication,haplotype reference consortium (hrc) + 1000 genomes (1000g),genotyping + wes + sequencing + wgs,,uk biobank + dbgap + adgc + eadi + charge + niagads + gerad perades
,1.13,0.093,rs17125924,14.0,53391680,A/G,,"Overall stage 1/thinspace + /thinspacestage 2 ( n /thinspace = /thinspace82,771).Meta P","stage 1 discovery ( n /thinspace = /thinspace63,926).OR",tsi + eur + ibs + gbr + eas + fin,meta + discovery + combined + replication,haplotype reference consortium (hrc) + 1000 genomes (1000g),genotyping + wes + sequencing + wgs,,uk biobank + dbgap + adgc + eadi + charge + niagads + gerad perades
,1.13,0.093,rs17125924,14.0,53391680,A/G,,"Overall stage 1/thinspace + /thinspacestage 2 ( n /thinspace = /thinspace82,771).I 2 (%), P","stage 1 discovery ( n /thinspace = /thinspace63,926).OR",tsi + eur + ibs + gbr + eas + fin,meta + discovery + combined + replication,haplotype reference consortium (hrc) + 1000 genomes (1000g),genotyping + wes + sequencing + wgs,,uk biobank + dbgap + adgc + eadi + charge + niagads + gerad perades
,0.92,0.221,rs12881735,14.0,92932828,T/C,,"stage 1 discovery ( n /thinspace = /thinspace63,926).P","stage 1 discovery ( n /thinspace = /thinspace63,926).OR",tsi + eur + ibs + gbr + eas + fin,meta + discovery + combined + replication,haplotype reference consortium (hrc) + 1000 genomes (1000g),genotyping + wes + sequencing + wgs,,uk biobank + dbgap + adgc + eadi + charge + niagads + gerad perades
,0.92,0.221,rs12881735,14.0,92932828,T/C,,"stage 2 ( n /thinspace = /thinspace18,845).P","stage 1 discovery ( n /thinspace = /thinspace63,926).OR",tsi + eur + ibs + gbr + eas + fin,meta + discovery + combined + replication,haplotype reference consortium (hrc) + 1000 genomes (1000g),genotyping + wes + sequencing + wgs,,uk biobank + dbgap + adgc + eadi + charge + niagads + gerad perades
7.4e-09,0.92,0.221,rs12881735,14.0,92932828,T/C,,"Overall stage 1/thinspace + /thinspacestage 2 ( n /thinspace = /thinspace82,771).Meta P","stage 1 discovery ( n /thinspace = /thinspace63,926).OR",tsi + eur + ibs + gbr + eas + fin,meta + discovery + combined + replication,haplotype reference consortium (hrc) + 1000 genomes (1000g),genotyping + wes + sequencing + wgs,,uk biobank + dbgap + adgc + eadi + charge + niagads + gerad perades
,0.92,0.221,rs12881735,14.0,92932828,T/C,,"Overall stage 1/thinspace + /thinspacestage 2 ( n /thinspace = /thinspace82,771).I 2 (%), P","stage 1 discovery ( n /thinspace = /thinspace63,926).OR",tsi + eur + ibs + gbr + eas + fin,meta + discovery + combined + replication,haplotype reference consortium (hrc) + 1000 genomes (1000g),genotyping + wes + sequencing + wgs,,uk biobank + dbgap + adgc + eadi + charge + niagads + gerad perades
,1.13,0.182,rs3752246,19.0,1056492,C/G,,"stage 1 discovery ( n /thinspace = /thinspace63,926).P","stage 1 discovery ( n /thinspace = /thinspace63,926).OR",tsi + eur + ibs + gbr + eas + fin,meta + discovery + combined + replication,haplotype reference consortium (hrc) + 1000 genomes (1000g),genotyping + wes + sequencing + wgs,,uk biobank + dbgap + adgc + eadi + charge + niagads + gerad perades
,1.13,0.182,rs3752246,19.0,1056492,C/G,,"stage 2 ( n /thinspace = /thinspace18,845).P","stage 1 discovery ( n /thinspace = /thinspace63,926).OR",tsi + eur + ibs + gbr + eas + fin,meta + discovery + combined + replication,haplotype reference consortium (hrc) + 1000 genomes (1000g),genotyping + wes + sequencing + wgs,,uk biobank + dbgap + adgc + eadi + charge + niagads + gerad perades
,1.13,0.182,rs3752246,19.0,1056492,C/G,,"Overall stage 1/thinspace + /thinspacestage 2 ( n /thinspace = /thinspace82,771).Meta P","stage 1 discovery ( n /thinspace = /thinspace63,926).OR",tsi + eur + ibs + gbr + eas + fin,meta + discovery + combined + replication,haplotype reference consortium (hrc) + 1000 genomes (1000g),genotyping + wes + sequencing + wgs,,uk biobank + dbgap + adgc + eadi + charge + niagads + gerad perades
,1.13,0.182,rs3752246,19.0,1056492,C/G,,"Overall stage 1/thinspace + /thinspacestage 2 ( n /thinspace = /thinspace82,771).I 2 (%), P","stage 1 discovery ( n /thinspace = /thinspace63,926).OR",tsi + eur + ibs + gbr + eas + fin,meta + discovery + combined + replication,haplotype reference consortium (hrc) + 1000 genomes (1000g),genotyping + wes + sequencing + wgs,,uk biobank + dbgap + adgc + eadi + charge + niagads + gerad perades
,3.32,0.216,rs429358,19.0,45411941,T/C,,"stage 1 discovery ( n /thinspace = /thinspace63,926).P","stage 1 discovery ( n /thinspace = /thinspace63,926).OR",tsi + eur + ibs + gbr + eas + fin,meta + discovery + combined + replication,haplotype reference consortium (hrc) + 1000 genomes (1000g),genotyping + wes + sequencing + wgs,,uk biobank + dbgap + adgc + eadi + charge + niagads + gerad perades
,3.32,0.216,rs429358,19.0,45411941,T/C,,"stage 2 ( n /thinspace = /thinspace18,845).P","stage 1 discovery ( n /thinspace = /thinspace63,926).OR",tsi + eur + ibs + gbr + eas + fin,meta + discovery + combined + replication,haplotype reference consortium (hrc) + 1000 genomes (1000g),genotyping + wes + sequencing + wgs,,uk biobank + dbgap + adgc + eadi + charge + niagads + gerad perades
,3.32,0.216,rs429358,19.0,45411941,T/C,,"Overall stage 1/thinspace + /thinspacestage 2 ( n /thinspace = /thinspace82,771).Meta P","stage 1 discovery ( n /thinspace = /thinspace63,926).OR",tsi + eur + ibs + gbr + eas + fin,meta + discovery + combined + replication,haplotype reference consortium (hrc) + 1000 genomes (1000g),genotyping + wes + sequencing + wgs,,uk biobank + dbgap + adgc + eadi + charge + niagads + gerad perades
,3.32,0.216,rs429358,19.0,45411941,T/C,,"Overall stage 1/thinspace + /thinspacestage 2 ( n /thinspace = /thinspace82,771).I 2 (%), P","stage 1 discovery ( n /thinspace = /thinspace63,926).OR",tsi + eur + ibs + gbr + eas + fin,meta + discovery + combined + replication,haplotype reference consortium (hrc) + 1000 genomes (1000g),genotyping + wes + sequencing + wgs,,uk biobank + dbgap + adgc + eadi + charge + niagads + gerad perades
,0.88,0.088,rs6024870,20.0,54997568,G/A,,"stage 1 discovery ( n /thinspace = /thinspace63,926).P","stage 1 discovery ( n /thinspace = /thinspace63,926).OR",tsi + eur + ibs + gbr + eas + fin,meta + discovery + combined + replication,haplotype reference consortium (hrc) + 1000 genomes (1000g),genotyping + wes + sequencing + wgs,,uk biobank + dbgap + adgc + eadi + charge + niagads + gerad perades
,0.88,0.088,rs6024870,20.0,54997568,G/A,,"stage 2 ( n /thinspace = /thinspace18,845).P","stage 1 discovery ( n /thinspace = /thinspace63,926).OR",tsi + eur + ibs + gbr + eas + fin,meta + discovery + combined + replication,haplotype reference consortium (hrc) + 1000 genomes (1000g),genotyping + wes + sequencing + wgs,,uk biobank + dbgap + adgc + eadi + charge + niagads + gerad perades
,0.88,0.088,rs6024870,20.0,54997568,G/A,,"Overall stage 1/thinspace + /thinspacestage 2 ( n /thinspace = /thinspace82,771).Meta P","stage 1 discovery ( n /thinspace = /thinspace63,926).OR",tsi + eur + ibs + gbr + eas + fin,meta + discovery + combined + replication,haplotype reference consortium (hrc) + 1000 genomes (1000g),genotyping + wes + sequencing + wgs,,uk biobank + dbgap + adgc + eadi + charge + niagads + gerad perades
,0.88,0.088,rs6024870,20.0,54997568,G/A,,"Overall stage 1/thinspace + /thinspacestage 2 ( n /thinspace = /thinspace82,771).I 2 (%), P","stage 1 discovery ( n /thinspace = /thinspace63,926).OR",tsi + eur + ibs + gbr + eas + fin,meta + discovery + combined + replication,haplotype reference consortium (hrc) + 1000 genomes (1000g),genotyping + wes + sequencing + wgs,,uk biobank + dbgap + adgc + eadi + charge + niagads + gerad perades
,1.08,0.389,rs7920721,10.0,11720308,A/G,,"stage 1 discovery ( n /thinspace = /thinspace63,926).P","stage 1 discovery ( n /thinspace = /thinspace63,926).OR",tsi + eur + ibs + gbr + eas + fin,meta + discovery + combined + replication,haplotype reference consortium (hrc) + 1000 genomes (1000g),genotyping + wes + sequencing + wgs,,uk biobank + dbgap + adgc + eadi + charge + niagads + gerad perades
,1.08,0.389,rs7920721,10.0,11720308,A/G,,"stage 2 ( n /thinspace = /thinspace18,845).P","stage 1 discovery ( n /thinspace = /thinspace63,926).OR",tsi + eur + ibs + gbr + eas + fin,meta + discovery + combined + replication,haplotype reference consortium (hrc) + 1000 genomes (1000g),genotyping + wes + sequencing + wgs,,uk biobank + dbgap + adgc + eadi + charge + niagads + gerad perades
,1.08,0.389,rs7920721,10.0,11720308,A/G,,"Overall stage 1/thinspace + /thinspacestage 2 ( n /thinspace = /thinspace82,771).Meta P","stage 1 discovery ( n /thinspace = /thinspace63,926).OR",tsi + eur + ibs + gbr + eas + fin,meta + discovery + combined + replication,haplotype reference consortium (hrc) + 1000 genomes (1000g),genotyping + wes + sequencing + wgs,,uk biobank + dbgap + adgc + eadi + charge + niagads + gerad perades
,1.08,0.389,rs7920721,10.0,11720308,A/G,,"Overall stage 1/thinspace + /thinspacestage 2 ( n /thinspace = /thinspace82,771).I 2 (%), P","stage 1 discovery ( n /thinspace = /thinspace63,926).OR",tsi + eur + ibs + gbr + eas + fin,meta + discovery + combined + replication,haplotype reference consortium (hrc) + 1000 genomes (1000g),genotyping + wes + sequencing + wgs,,uk biobank + dbgap + adgc + eadi + charge + niagads + gerad perades
,1.29,0.02,rs138190086,17.0,61538148,G/A,,"stage 1 discovery ( n /thinspace = /thinspace63,926).P","stage 1 discovery ( n /thinspace = /thinspace63,926).OR",tsi + eur + ibs + gbr + eas + fin,meta + discovery + combined + replication,haplotype reference consortium (hrc) + 1000 genomes (1000g),genotyping + wes + sequencing + wgs,,uk biobank + dbgap + adgc + eadi + charge + niagads + gerad perades
,1.29,0.02,rs138190086,17.0,61538148,G/A,,"stage 2 ( n /thinspace = /thinspace18,845).P","stage 1 discovery ( n /thinspace = /thinspace63,926).OR",tsi + eur + ibs + gbr + eas + fin,meta + discovery + combined + replication,haplotype reference consortium (hrc) + 1000 genomes (1000g),genotyping + wes + sequencing + wgs,,uk biobank + dbgap + adgc + eadi + charge + niagads + gerad perades
,1.29,0.02,rs138190086,17.0,61538148,G/A,,"Overall stage 1/thinspace + /thinspacestage 2 ( n /thinspace = /thinspace82,771).Meta P","stage 1 discovery ( n /thinspace = /thinspace63,926).OR",tsi + eur + ibs + gbr + eas + fin,meta + discovery + combined + replication,haplotype reference consortium (hrc) + 1000 genomes (1000g),genotyping + wes + sequencing + wgs,,uk biobank + dbgap + adgc + eadi + charge + niagads + gerad perades
,1.29,0.02,rs138190086,17.0,61538148,G/A,,"Overall stage 1/thinspace + /thinspacestage 2 ( n /thinspace = /thinspace82,771).I 2 (%), P","stage 1 discovery ( n /thinspace = /thinspace63,926).OR",tsi + eur + ibs + gbr + eas + fin,meta + discovery + combined + replication,haplotype reference consortium (hrc) + 1000 genomes (1000g),genotyping + wes + sequencing + wgs,,uk biobank + dbgap + adgc + eadi + charge + niagads + gerad perades
,0.95,0.39,rs190982,5.0,88223420,A/G,,"stage 1 discovery ( n /thinspace = /thinspace63,926).P","stage 1 discovery ( n /thinspace = /thinspace63,926).OR",tsi + eur + ibs + gbr + eas + fin,meta + discovery + combined + replication,haplotype reference consortium (hrc) + 1000 genomes (1000g),genotyping + wes + sequencing + wgs,,uk biobank + dbgap + adgc + eadi + charge + niagads + gerad perades
,0.95,0.39,rs190982,5.0,88223420,A/G,,"stage 2 ( n /thinspace = /thinspace18,845).P","stage 1 discovery ( n /thinspace = /thinspace63,926).OR",tsi + eur + ibs + gbr + eas + fin,meta + discovery + combined + replication,haplotype reference consortium (hrc) + 1000 genomes (1000g),genotyping + wes + sequencing + wgs,,uk biobank + dbgap + adgc + eadi + charge + niagads + gerad perades
,0.95,0.39,rs190982,5.0,88223420,A/G,,"Overall stage 1/thinspace + /thinspacestage 2 ( n /thinspace = /thinspace82,771).Meta P","stage 1 discovery ( n /thinspace = /thinspace63,926).OR",tsi + eur + ibs + gbr + eas + fin,meta + discovery + combined + replication,haplotype reference consortium (hrc) + 1000 genomes (1000g),genotyping + wes + sequencing + wgs,,uk biobank + dbgap + adgc + eadi + charge + niagads + gerad perades
,0.95,0.39,rs190982,5.0,88223420,A/G,,"Overall stage 1/thinspace + /thinspacestage 2 ( n /thinspace = /thinspace82,771).I 2 (%), P","stage 1 discovery ( n /thinspace = /thinspace63,926).OR",tsi + eur + ibs + gbr + eas + fin,meta + discovery + combined + replication,haplotype reference consortium (hrc) + 1000 genomes (1000g),genotyping + wes + sequencing + wgs,,uk biobank + dbgap + adgc + eadi + charge + niagads + gerad perades
,0.95,0.356,rs4723711,7.0,37844263,A/T,,"stage 1 discovery ( n /thinspace = /thinspace63,926).P","stage 1 discovery ( n /thinspace = /thinspace63,926).OR",tsi + eur + ibs + gbr + eas + fin,meta + discovery + combined + replication,haplotype reference consortium (hrc) + 1000 genomes (1000g),genotyping + wes + sequencing + wgs,,uk biobank + dbgap + adgc + eadi + charge + niagads + gerad perades
,0.95,0.356,rs4723711,7.0,37844263,A/T,,"stage 2 ( n /thinspace = /thinspace18,845).P","stage 1 discovery ( n /thinspace = /thinspace63,926).OR",tsi + eur + ibs + gbr + eas + fin,meta + discovery + combined + replication,haplotype reference consortium (hrc) + 1000 genomes (1000g),genotyping + wes + sequencing + wgs,,uk biobank + dbgap + adgc + eadi + charge + niagads + gerad perades
,0.95,0.356,rs4723711,7.0,37844263,A/T,,"Overall stage 1/thinspace + /thinspacestage 2 ( n /thinspace = /thinspace82,771).Meta P","stage 1 discovery ( n /thinspace = /thinspace63,926).OR",tsi + eur + ibs + gbr + eas + fin,meta + discovery + combined + replication,haplotype reference consortium (hrc) + 1000 genomes (1000g),genotyping + wes + sequencing + wgs,,uk biobank + dbgap + adgc + eadi + charge + niagads + gerad perades
,0.95,0.356,rs4723711,7.0,37844263,A/T,,"Overall stage 1/thinspace + /thinspacestage 2 ( n /thinspace = /thinspace82,771).I 2 (%), P","stage 1 discovery ( n /thinspace = /thinspace63,926).OR",tsi + eur + ibs + gbr + eas + fin,meta + discovery + combined + replication,haplotype reference consortium (hrc) + 1000 genomes (1000g),genotyping + wes + sequencing + wgs,,uk biobank + dbgap + adgc + eadi + charge + niagads + gerad perades
,1.12,0.187,rs4844610,1.0,207802552,C/A,,"stage 1 discovery ( n /thinspace = /thinspace63,926).P","stage 1 discovery ( n /thinspace = /thinspace63,926).95%Ci",tsi + eur + ibs + gbr + eas + fin,meta + discovery + combined + replication,haplotype reference consortium (hrc) + 1000 genomes (1000g),genotyping + wes + sequencing + wgs,,uk biobank + dbgap + adgc + eadi + charge + niagads + gerad perades
,1.12,0.187,rs4844610,1.0,207802552,C/A,,"stage 2 ( n /thinspace = /thinspace18,845).P","stage 1 discovery ( n /thinspace = /thinspace63,926).95%Ci",tsi + eur + ibs + gbr + eas + fin,meta + discovery + combined + replication,haplotype reference consortium (hrc) + 1000 genomes (1000g),genotyping + wes + sequencing + wgs,,uk biobank + dbgap + adgc + eadi + charge + niagads + gerad perades
,1.12,0.187,rs4844610,1.0,207802552,C/A,,"Overall stage 1/thinspace + /thinspacestage 2 ( n /thinspace = /thinspace82,771).Meta P","stage 1 discovery ( n /thinspace = /thinspace63,926).95%Ci",tsi + eur + ibs + gbr + eas + fin,meta + discovery + combined + replication,haplotype reference consortium (hrc) + 1000 genomes (1000g),genotyping + wes + sequencing + wgs,,uk biobank + dbgap + adgc + eadi + charge + niagads + gerad perades
,1.12,0.187,rs4844610,1.0,207802552,C/A,,"Overall stage 1/thinspace + /thinspacestage 2 ( n /thinspace = /thinspace82,771).I 2 (%), P","stage 1 discovery ( n /thinspace = /thinspace63,926).95%Ci",tsi + eur + ibs + gbr + eas + fin,meta + discovery + combined + replication,haplotype reference consortium (hrc) + 1000 genomes (1000g),genotyping + wes + sequencing + wgs,,uk biobank + dbgap + adgc + eadi + charge + niagads + gerad perades
,1.15,0.407,rs6733839,2.0,127892810,C/T,,"stage 1 discovery ( n /thinspace = /thinspace63,926).P","stage 1 discovery ( n /thinspace = /thinspace63,926).95%Ci",tsi + eur + ibs + gbr + eas + fin,meta + discovery + combined + replication,haplotype reference consortium (hrc) + 1000 genomes (1000g),genotyping + wes + sequencing + wgs,,uk biobank + dbgap + adgc + eadi + charge + niagads + gerad perades
,1.15,0.407,rs6733839,2.0,127892810,C/T,,"stage 2 ( n /thinspace = /thinspace18,845).P","stage 1 discovery ( n /thinspace = /thinspace63,926).95%Ci",tsi + eur + ibs + gbr + eas + fin,meta + discovery + combined + replication,haplotype reference consortium (hrc) + 1000 genomes (1000g),genotyping + wes + sequencing + wgs,,uk biobank + dbgap + adgc + eadi + charge + niagads + gerad perades
,1.15,0.407,rs6733839,2.0,127892810,C/T,,"Overall stage 1/thinspace + /thinspacestage 2 ( n /thinspace = /thinspace82,771).Meta P","stage 1 discovery ( n /thinspace = /thinspace63,926).95%Ci",tsi + eur + ibs + gbr + eas + fin,meta + discovery + combined + replication,haplotype reference consortium (hrc) + 1000 genomes (1000g),genotyping + wes + sequencing + wgs,,uk biobank + dbgap + adgc + eadi + charge + niagads + gerad perades
,1.15,0.407,rs6733839,2.0,127892810,C/T,,"Overall stage 1/thinspace + /thinspacestage 2 ( n /thinspace = /thinspace82,771).I 2 (%), P","stage 1 discovery ( n /thinspace = /thinspace63,926).95%Ci",tsi + eur + ibs + gbr + eas + fin,meta + discovery + combined + replication,haplotype reference consortium (hrc) + 1000 genomes (1000g),genotyping + wes + sequencing + wgs,,uk biobank + dbgap + adgc + eadi + charge + niagads + gerad perades
,0.87,0.223,rs10933431,2.0,233981912,C/G,,"stage 1 discovery ( n /thinspace = /thinspace63,926).P","stage 1 discovery ( n /thinspace = /thinspace63,926).95%Ci",tsi + eur + ibs + gbr + eas + fin,meta + discovery + combined + replication,haplotype reference consortium (hrc) + 1000 genomes (1000g),genotyping + wes + sequencing + wgs,,uk biobank + dbgap + adgc + eadi + charge + niagads + gerad perades
,0.87,0.223,rs10933431,2.0,233981912,C/G,,"stage 2 ( n /thinspace = /thinspace18,845).P","stage 1 discovery ( n /thinspace = /thinspace63,926).95%Ci",tsi + eur + ibs + gbr + eas + fin,meta + discovery + combined + replication,haplotype reference consortium (hrc) + 1000 genomes (1000g),genotyping + wes + sequencing + wgs,,uk biobank + dbgap + adgc + eadi + charge + niagads + gerad perades
,0.87,0.223,rs10933431,2.0,233981912,C/G,,"Overall stage 1/thinspace + /thinspacestage 2 ( n /thinspace = /thinspace82,771).Meta P","stage 1 discovery ( n /thinspace = /thinspace63,926).95%Ci",tsi + eur + ibs + gbr + eas + fin,meta + discovery + combined + replication,haplotype reference consortium (hrc) + 1000 genomes (1000g),genotyping + wes + sequencing + wgs,,uk biobank + dbgap + adgc + eadi + charge + niagads + gerad perades
,0.87,0.223,rs10933431,2.0,233981912,C/G,,"Overall stage 1/thinspace + /thinspacestage 2 ( n /thinspace = /thinspace82,771).I 2 (%), P","stage 1 discovery ( n /thinspace = /thinspace63,926).95%Ci",tsi + eur + ibs + gbr + eas + fin,meta + discovery + combined + replication,haplotype reference consortium (hrc) + 1000 genomes (1000g),genotyping + wes + sequencing + wgs,,uk biobank + dbgap + adgc + eadi + charge + niagads + gerad perades
,1.06,0.27,rs9271058,6.0,32575406,T/A,,"stage 1 discovery ( n /thinspace = /thinspace63,926).P","stage 1 discovery ( n /thinspace = /thinspace63,926).95%Ci",tsi + eur + ibs + gbr + eas + fin,meta + discovery + combined + replication,haplotype reference consortium (hrc) + 1000 genomes (1000g),genotyping + wes + sequencing + wgs,,uk biobank + dbgap + adgc + eadi + charge + niagads + gerad perades
,1.06,0.27,rs9271058,6.0,32575406,T/A,,"stage 2 ( n /thinspace = /thinspace18,845).P","stage 1 discovery ( n /thinspace = /thinspace63,926).95%Ci",tsi + eur + ibs + gbr + eas + fin,meta + discovery + combined + replication,haplotype reference consortium (hrc) + 1000 genomes (1000g),genotyping + wes + sequencing + wgs,,uk biobank + dbgap + adgc + eadi + charge + niagads + gerad perades
,1.06,0.27,rs9271058,6.0,32575406,T/A,,"Overall stage 1/thinspace + /thinspacestage 2 ( n /thinspace = /thinspace82,771).Meta P","stage 1 discovery ( n /thinspace = /thinspace63,926).95%Ci",tsi + eur + ibs + gbr + eas + fin,meta + discovery + combined + replication,haplotype reference consortium (hrc) + 1000 genomes (1000g),genotyping + wes + sequencing + wgs,,uk biobank + dbgap + adgc + eadi + charge + niagads + gerad perades
,1.06,0.27,rs9271058,6.0,32575406,T/A,,"Overall stage 1/thinspace + /thinspacestage 2 ( n /thinspace = /thinspace82,771).I 2 (%), P","stage 1 discovery ( n /thinspace = /thinspace63,926).95%Ci",tsi + eur + ibs + gbr + eas + fin,meta + discovery + combined + replication,haplotype reference consortium (hrc) + 1000 genomes (1000g),genotyping + wes + sequencing + wgs,,uk biobank + dbgap + adgc + eadi + charge + niagads + gerad perades
,1.65,0.008,rs75932628,6.0,41129252,C/T,,"stage 1 discovery ( n /thinspace = /thinspace63,926).P","stage 1 discovery ( n /thinspace = /thinspace63,926).95%Ci",tsi + eur + ibs + gbr + eas + fin,meta + discovery + combined + replication,haplotype reference consortium (hrc) + 1000 genomes (1000g),genotyping + wes + sequencing + wgs,,uk biobank + dbgap + adgc + eadi + charge + niagads + gerad perades
,1.65,0.008,rs75932628,6.0,41129252,C/T,,"stage 2 ( n /thinspace = /thinspace18,845).P","stage 1 discovery ( n /thinspace = /thinspace63,926).95%Ci",tsi + eur + ibs + gbr + eas + fin,meta + discovery + combined + replication,haplotype reference consortium (hrc) + 1000 genomes (1000g),genotyping + wes + sequencing + wgs,,uk biobank + dbgap + adgc + eadi + charge + niagads + gerad perades
,1.65,0.008,rs75932628,6.0,41129252,C/T,,"Overall stage 1/thinspace + /thinspacestage 2 ( n /thinspace = /thinspace82,771).Meta P","stage 1 discovery ( n /thinspace = /thinspace63,926).95%Ci",tsi + eur + ibs + gbr + eas + fin,meta + discovery + combined + replication,haplotype reference consortium (hrc) + 1000 genomes (1000g),genotyping + wes + sequencing + wgs,,uk biobank + dbgap + adgc + eadi + charge + niagads + gerad perades
,1.65,0.008,rs75932628,6.0,41129252,C/T,,"Overall stage 1/thinspace + /thinspacestage 2 ( n /thinspace = /thinspace82,771).I 2 (%), P","stage 1 discovery ( n /thinspace = /thinspace63,926).95%Ci",tsi + eur + ibs + gbr + eas + fin,meta + discovery + combined + replication,haplotype reference consortium (hrc) + 1000 genomes (1000g),genotyping + wes + sequencing + wgs,,uk biobank + dbgap + adgc + eadi + charge + niagads + gerad perades
,1.05,0.28,rs9473117,6.0,47431284,A/C,,"stage 1 discovery ( n /thinspace = /thinspace63,926).P","stage 1 discovery ( n /thinspace = /thinspace63,926).95%Ci",tsi + eur + ibs + gbr + eas + fin,meta + discovery + combined + replication,haplotype reference consortium (hrc) + 1000 genomes (1000g),genotyping + wes + sequencing + wgs,,uk biobank + dbgap + adgc + eadi + charge + niagads + gerad perades
,1.05,0.28,rs9473117,6.0,47431284,A/C,,"stage 2 ( n /thinspace = /thinspace18,845).P","stage 1 discovery ( n /thinspace = /thinspace63,926).95%Ci",tsi + eur + ibs + gbr + eas + fin,meta + discovery + combined + replication,haplotype reference consortium (hrc) + 1000 genomes (1000g),genotyping + wes + sequencing + wgs,,uk biobank + dbgap + adgc + eadi + charge + niagads + gerad perades
,1.05,0.28,rs9473117,6.0,47431284,A/C,,"Overall stage 1/thinspace + /thinspacestage 2 ( n /thinspace = /thinspace82,771).Meta P","stage 1 discovery ( n /thinspace = /thinspace63,926).95%Ci",tsi + eur + ibs + gbr + eas + fin,meta + discovery + combined + replication,haplotype reference consortium (hrc) + 1000 genomes (1000g),genotyping + wes + sequencing + wgs,,uk biobank + dbgap + adgc + eadi + charge + niagads + gerad perades
,1.05,0.28,rs9473117,6.0,47431284,A/C,,"Overall stage 1/thinspace + /thinspacestage 2 ( n /thinspace = /thinspace82,771).I 2 (%), P","stage 1 discovery ( n /thinspace = /thinspace63,926).95%Ci",tsi + eur + ibs + gbr + eas + fin,meta + discovery + combined + replication,haplotype reference consortium (hrc) + 1000 genomes (1000g),genotyping + wes + sequencing + wgs,,uk biobank + dbgap + adgc + eadi + charge + niagads + gerad perades
,0.91,0.303,rs12539172,7.0,100091795,C/T,,"stage 1 discovery ( n /thinspace = /thinspace63,926).P","stage 1 discovery ( n /thinspace = /thinspace63,926).95%Ci",tsi + eur + ibs + gbr + eas + fin,meta + discovery + combined + replication,haplotype reference consortium (hrc) + 1000 genomes (1000g),genotyping + wes + sequencing + wgs,,uk biobank + dbgap + adgc + eadi + charge + niagads + gerad perades
,0.91,0.303,rs12539172,7.0,100091795,C/T,,"stage 2 ( n /thinspace = /thinspace18,845).P","stage 1 discovery ( n /thinspace = /thinspace63,926).95%Ci",tsi + eur + ibs + gbr + eas + fin,meta + discovery + combined + replication,haplotype reference consortium (hrc) + 1000 genomes (1000g),genotyping + wes + sequencing + wgs,,uk biobank + dbgap + adgc + eadi + charge + niagads + gerad perades
,0.91,0.303,rs12539172,7.0,100091795,C/T,,"Overall stage 1/thinspace + /thinspacestage 2 ( n /thinspace = /thinspace82,771).Meta P","stage 1 discovery ( n /thinspace = /thinspace63,926).95%Ci",tsi + eur + ibs + gbr + eas + fin,meta + discovery + combined + replication,haplotype reference consortium (hrc) + 1000 genomes (1000g),genotyping + wes + sequencing + wgs,,uk biobank + dbgap + adgc + eadi + charge + niagads + gerad perades
,0.91,0.303,rs12539172,7.0,100091795,C/T,,"Overall stage 1/thinspace + /thinspacestage 2 ( n /thinspace = /thinspace82,771).I 2 (%), P","stage 1 discovery ( n /thinspace = /thinspace63,926).95%Ci",tsi + eur + ibs + gbr + eas + fin,meta + discovery + combined + replication,haplotype reference consortium (hrc) + 1000 genomes (1000g),genotyping + wes + sequencing + wgs,,uk biobank + dbgap + adgc + eadi + charge + niagads + gerad perades
,0.87,0.199,rs10808026,7.0,143099133,C/A,,"stage 1 discovery ( n /thinspace = /thinspace63,926).P","stage 1 discovery ( n /thinspace = /thinspace63,926).95%Ci",tsi + eur + ibs + gbr + eas + fin,meta + discovery + combined + replication,haplotype reference consortium (hrc) + 1000 genomes (1000g),genotyping + wes + sequencing + wgs,,uk biobank + dbgap + adgc + eadi + charge + niagads + gerad perades
,0.87,0.199,rs10808026,7.0,143099133,C/A,,"stage 2 ( n /thinspace = /thinspace18,845).P","stage 1 discovery ( n /thinspace = /thinspace63,926).95%Ci",tsi + eur + ibs + gbr + eas + fin,meta + discovery + combined + replication,haplotype reference consortium (hrc) + 1000 genomes (1000g),genotyping + wes + sequencing + wgs,,uk biobank + dbgap + adgc + eadi + charge + niagads + gerad perades
,0.87,0.199,rs10808026,7.0,143099133,C/A,,"Overall stage 1/thinspace + /thinspacestage 2 ( n /thinspace = /thinspace82,771).Meta P","stage 1 discovery ( n /thinspace = /thinspace63,926).95%Ci",tsi + eur + ibs + gbr + eas + fin,meta + discovery + combined + replication,haplotype reference consortium (hrc) + 1000 genomes (1000g),genotyping + wes + sequencing + wgs,,uk biobank + dbgap + adgc + eadi + charge + niagads + gerad perades
,0.87,0.199,rs10808026,7.0,143099133,C/A,,"Overall stage 1/thinspace + /thinspacestage 2 ( n /thinspace = /thinspace82,771).I 2 (%), P","stage 1 discovery ( n /thinspace = /thinspace63,926).95%Ci",tsi + eur + ibs + gbr + eas + fin,meta + discovery + combined + replication,haplotype reference consortium (hrc) + 1000 genomes (1000g),genotyping + wes + sequencing + wgs,,uk biobank + dbgap + adgc + eadi + charge + niagads + gerad perades
,1.07,0.367,rs73223431,8.0,27219987,C/T,,"stage 1 discovery ( n /thinspace = /thinspace63,926).P","stage 1 discovery ( n /thinspace = /thinspace63,926).95%Ci",tsi + eur + ibs + gbr + eas + fin,meta + discovery + combined + replication,haplotype reference consortium (hrc) + 1000 genomes (1000g),genotyping + wes + sequencing + wgs,,uk biobank + dbgap + adgc + eadi + charge + niagads + gerad perades
,1.07,0.367,rs73223431,8.0,27219987,C/T,,"stage 2 ( n /thinspace = /thinspace18,845).P","stage 1 discovery ( n /thinspace = /thinspace63,926).95%Ci",tsi + eur + ibs + gbr + eas + fin,meta + discovery + combined + replication,haplotype reference consortium (hrc) + 1000 genomes (1000g),genotyping + wes + sequencing + wgs,,uk biobank + dbgap + adgc + eadi + charge + niagads + gerad perades
,1.07,0.367,rs73223431,8.0,27219987,C/T,,"Overall stage 1/thinspace + /thinspacestage 2 ( n /thinspace = /thinspace82,771).Meta P","stage 1 discovery ( n /thinspace = /thinspace63,926).95%Ci",tsi + eur + ibs + gbr + eas + fin,meta + discovery + combined + replication,haplotype reference consortium (hrc) + 1000 genomes (1000g),genotyping + wes + sequencing + wgs,,uk biobank + dbgap + adgc + eadi + charge + niagads + gerad perades
,1.07,0.367,rs73223431,8.0,27219987,C/T,,"Overall stage 1/thinspace + /thinspacestage 2 ( n /thinspace = /thinspace82,771).I 2 (%), P","stage 1 discovery ( n /thinspace = /thinspace63,926).95%Ci",tsi + eur + ibs + gbr + eas + fin,meta + discovery + combined + replication,haplotype reference consortium (hrc) + 1000 genomes (1000g),genotyping + wes + sequencing + wgs,,uk biobank + dbgap + adgc + eadi + charge + niagads + gerad perades
,0.85,0.387,rs9331896,8.0,27467686,T/C,,"stage 1 discovery ( n /thinspace = /thinspace63,926).P","stage 1 discovery ( n /thinspace = /thinspace63,926).95%Ci",tsi + eur + ibs + gbr + eas + fin,meta + discovery + combined + replication,haplotype reference consortium (hrc) + 1000 genomes (1000g),genotyping + wes + sequencing + wgs,,uk biobank + dbgap + adgc + eadi + charge + niagads + gerad perades
,0.85,0.387,rs9331896,8.0,27467686,T/C,,"stage 2 ( n /thinspace = /thinspace18,845).P","stage 1 discovery ( n /thinspace = /thinspace63,926).95%Ci",tsi + eur + ibs + gbr + eas + fin,meta + discovery + combined + replication,haplotype reference consortium (hrc) + 1000 genomes (1000g),genotyping + wes + sequencing + wgs,,uk biobank + dbgap + adgc + eadi + charge + niagads + gerad perades
,0.85,0.387,rs9331896,8.0,27467686,T/C,,"Overall stage 1/thinspace + /thinspacestage 2 ( n /thinspace = /thinspace82,771).Meta P","stage 1 discovery ( n /thinspace = /thinspace63,926).95%Ci",tsi + eur + ibs + gbr + eas + fin,meta + discovery + combined + replication,haplotype reference consortium (hrc) + 1000 genomes (1000g),genotyping + wes + sequencing + wgs,,uk biobank + dbgap + adgc + eadi + charge + niagads + gerad perades
,0.85,0.387,rs9331896,8.0,27467686,T/C,,"Overall stage 1/thinspace + /thinspacestage 2 ( n /thinspace = /thinspace82,771).I 2 (%), P","stage 1 discovery ( n /thinspace = /thinspace63,926).95%Ci",tsi + eur + ibs + gbr + eas + fin,meta + discovery + combined + replication,haplotype reference consortium (hrc) + 1000 genomes (1000g),genotyping + wes + sequencing + wgs,,uk biobank + dbgap + adgc + eadi + charge + niagads + gerad perades
,0.89,0.448,rs3740688,11.0,47380340,T/G,,"stage 1 discovery ( n /thinspace = /thinspace63,926).P","stage 1 discovery ( n /thinspace = /thinspace63,926).95%Ci",tsi + eur + ibs + gbr + eas + fin,meta + discovery + combined + replication,haplotype reference consortium (hrc) + 1000 genomes (1000g),genotyping + wes + sequencing + wgs,,uk biobank + dbgap + adgc + eadi + charge + niagads + gerad perades
,0.89,0.448,rs3740688,11.0,47380340,T/G,,"stage 2 ( n /thinspace = /thinspace18,845).P","stage 1 discovery ( n /thinspace = /thinspace63,926).95%Ci",tsi + eur + ibs + gbr + eas + fin,meta + discovery + combined + replication,haplotype reference consortium (hrc) + 1000 genomes (1000g),genotyping + wes + sequencing + wgs,,uk biobank + dbgap + adgc + eadi + charge + niagads + gerad perades
,0.89,0.448,rs3740688,11.0,47380340,T/G,,"Overall stage 1/thinspace + /thinspacestage 2 ( n /thinspace = /thinspace82,771).Meta P","stage 1 discovery ( n /thinspace = /thinspace63,926).95%Ci",tsi + eur + ibs + gbr + eas + fin,meta + discovery + combined + replication,haplotype reference consortium (hrc) + 1000 genomes (1000g),genotyping + wes + sequencing + wgs,,uk biobank + dbgap + adgc + eadi + charge + niagads + gerad perades
,0.89,0.448,rs3740688,11.0,47380340,T/G,,"Overall stage 1/thinspace + /thinspacestage 2 ( n /thinspace = /thinspace82,771).I 2 (%), P","stage 1 discovery ( n /thinspace = /thinspace63,926).95%Ci",tsi + eur + ibs + gbr + eas + fin,meta + discovery + combined + replication,haplotype reference consortium (hrc) + 1000 genomes (1000g),genotyping + wes + sequencing + wgs,,uk biobank + dbgap + adgc + eadi + charge + niagads + gerad perades
,0.86,0.391,rs7933202,11.0,59936926,A/C,,"stage 1 discovery ( n /thinspace = /thinspace63,926).P","stage 1 discovery ( n /thinspace = /thinspace63,926).95%Ci",tsi + eur + ibs + gbr + eas + fin,meta + discovery + combined + replication,haplotype reference consortium (hrc) + 1000 genomes (1000g),genotyping + wes + sequencing + wgs,,uk biobank + dbgap + adgc + eadi + charge + niagads + gerad perades
,0.86,0.391,rs7933202,11.0,59936926,A/C,,"stage 2 ( n /thinspace = /thinspace18,845).P","stage 1 discovery ( n /thinspace = /thinspace63,926).95%Ci",tsi + eur + ibs + gbr + eas + fin,meta + discovery + combined + replication,haplotype reference consortium (hrc) + 1000 genomes (1000g),genotyping + wes + sequencing + wgs,,uk biobank + dbgap + adgc + eadi + charge + niagads + gerad perades
,0.86,0.391,rs7933202,11.0,59936926,A/C,,"Overall stage 1/thinspace + /thinspacestage 2 ( n /thinspace = /thinspace82,771).Meta P","stage 1 discovery ( n /thinspace = /thinspace63,926).95%Ci",tsi + eur + ibs + gbr + eas + fin,meta + discovery + combined + replication,haplotype reference consortium (hrc) + 1000 genomes (1000g),genotyping + wes + sequencing + wgs,,uk biobank + dbgap + adgc + eadi + charge + niagads + gerad perades
,0.86,0.391,rs7933202,11.0,59936926,A/C,,"Overall stage 1/thinspace + /thinspacestage 2 ( n /thinspace = /thinspace82,771).I 2 (%), P","stage 1 discovery ( n /thinspace = /thinspace63,926).95%Ci",tsi + eur + ibs + gbr + eas + fin,meta + discovery + combined + replication,haplotype reference consortium (hrc) + 1000 genomes (1000g),genotyping + wes + sequencing + wgs,,uk biobank + dbgap + adgc + eadi + charge + niagads + gerad perades
,0.86,0.356,rs3851179,11.0,85868640,C/T,,"stage 1 discovery ( n /thinspace = /thinspace63,926).P","stage 1 discovery ( n /thinspace = /thinspace63,926).95%Ci",tsi + eur + ibs + gbr + eas + fin,meta + discovery + combined + replication,haplotype reference consortium (hrc) + 1000 genomes (1000g),genotyping + wes + sequencing + wgs,,uk biobank + dbgap + adgc + eadi + charge + niagads + gerad perades
,0.86,0.356,rs3851179,11.0,85868640,C/T,,"stage 2 ( n /thinspace = /thinspace18,845).P","stage 1 discovery ( n /thinspace = /thinspace63,926).95%Ci",tsi + eur + ibs + gbr + eas + fin,meta + discovery + combined + replication,haplotype reference consortium (hrc) + 1000 genomes (1000g),genotyping + wes + sequencing + wgs,,uk biobank + dbgap + adgc + eadi + charge + niagads + gerad perades
,0.86,0.356,rs3851179,11.0,85868640,C/T,,"Overall stage 1/thinspace + /thinspacestage 2 ( n /thinspace = /thinspace82,771).Meta P","stage 1 discovery ( n /thinspace = /thinspace63,926).95%Ci",tsi + eur + ibs + gbr + eas + fin,meta + discovery + combined + replication,haplotype reference consortium (hrc) + 1000 genomes (1000g),genotyping + wes + sequencing + wgs,,uk biobank + dbgap + adgc + eadi + charge + niagads + gerad perades
,0.86,0.356,rs3851179,11.0,85868640,C/T,,"Overall stage 1/thinspace + /thinspacestage 2 ( n /thinspace = /thinspace82,771).I 2 (%), P","stage 1 discovery ( n /thinspace = /thinspace63,926).95%Ci",tsi + eur + ibs + gbr + eas + fin,meta + discovery + combined + replication,haplotype reference consortium (hrc) + 1000 genomes (1000g),genotyping + wes + sequencing + wgs,,uk biobank + dbgap + adgc + eadi + charge + niagads + gerad perades
,0.76,0.04,rs11218343,11.0,121435587,T/C,,"stage 1 discovery ( n /thinspace = /thinspace63,926).P","stage 1 discovery ( n /thinspace = /thinspace63,926).95%Ci",tsi + eur + ibs + gbr + eas + fin,meta + discovery + combined + replication,haplotype reference consortium (hrc) + 1000 genomes (1000g),genotyping + wes + sequencing + wgs,,uk biobank + dbgap + adgc + eadi + charge + niagads + gerad perades
,0.76,0.04,rs11218343,11.0,121435587,T/C,,"stage 2 ( n /thinspace = /thinspace18,845).P","stage 1 discovery ( n /thinspace = /thinspace63,926).95%Ci",tsi + eur + ibs + gbr + eas + fin,meta + discovery + combined + replication,haplotype reference consortium (hrc) + 1000 genomes (1000g),genotyping + wes + sequencing + wgs,,uk biobank + dbgap + adgc + eadi + charge + niagads + gerad perades
,0.76,0.04,rs11218343,11.0,121435587,T/C,,"Overall stage 1/thinspace + /thinspacestage 2 ( n /thinspace = /thinspace82,771).Meta P","stage 1 discovery ( n /thinspace = /thinspace63,926).95%Ci",tsi + eur + ibs + gbr + eas + fin,meta + discovery + combined + replication,haplotype reference consortium (hrc) + 1000 genomes (1000g),genotyping + wes + sequencing + wgs,,uk biobank + dbgap + adgc + eadi + charge + niagads + gerad perades
,0.76,0.04,rs11218343,11.0,121435587,T/C,,"Overall stage 1/thinspace + /thinspacestage 2 ( n /thinspace = /thinspace82,771).I 2 (%), P","stage 1 discovery ( n /thinspace = /thinspace63,926).95%Ci",tsi + eur + ibs + gbr + eas + fin,meta + discovery + combined + replication,haplotype reference consortium (hrc) + 1000 genomes (1000g),genotyping + wes + sequencing + wgs,,uk biobank + dbgap + adgc + eadi + charge + niagads + gerad perades
,1.08,0.093,rs17125924,14.0,53391680,A/G,,"stage 1 discovery ( n /thinspace = /thinspace63,926).P","stage 1 discovery ( n /thinspace = /thinspace63,926).95%Ci",tsi + eur + ibs + gbr + eas + fin,meta + discovery + combined + replication,haplotype reference consortium (hrc) + 1000 genomes (1000g),genotyping + wes + sequencing + wgs,,uk biobank + dbgap + adgc + eadi + charge + niagads + gerad perades
,1.08,0.093,rs17125924,14.0,53391680,A/G,,"stage 2 ( n /thinspace = /thinspace18,845).P","stage 1 discovery ( n /thinspace = /thinspace63,926).95%Ci",tsi + eur + ibs + gbr + eas + fin,meta + discovery + combined + replication,haplotype reference consortium (hrc) + 1000 genomes (1000g),genotyping + wes + sequencing + wgs,,uk biobank + dbgap + adgc + eadi + charge + niagads + gerad perades
,1.08,0.093,rs17125924,14.0,53391680,A/G,,"Overall stage 1/thinspace + /thinspacestage 2 ( n /thinspace = /thinspace82,771).Meta P","stage 1 discovery ( n /thinspace = /thinspace63,926).95%Ci",tsi + eur + ibs + gbr + eas + fin,meta + discovery + combined + replication,haplotype reference consortium (hrc) + 1000 genomes (1000g),genotyping + wes + sequencing + wgs,,uk biobank + dbgap + adgc + eadi + charge + niagads + gerad perades
,1.08,0.093,rs17125924,14.0,53391680,A/G,,"Overall stage 1/thinspace + /thinspacestage 2 ( n /thinspace = /thinspace82,771).I 2 (%), P","stage 1 discovery ( n /thinspace = /thinspace63,926).95%Ci",tsi + eur + ibs + gbr + eas + fin,meta + discovery + combined + replication,haplotype reference consortium (hrc) + 1000 genomes (1000g),genotyping + wes + sequencing + wgs,,uk biobank + dbgap + adgc + eadi + charge + niagads + gerad perades
,0.88,0.221,rs12881735,14.0,92932828,T/C,,"stage 1 discovery ( n /thinspace = /thinspace63,926).P","stage 1 discovery ( n /thinspace = /thinspace63,926).95%Ci",tsi + eur + ibs + gbr + eas + fin,meta + discovery + combined + replication,haplotype reference consortium (hrc) + 1000 genomes (1000g),genotyping + wes + sequencing + wgs,,uk biobank + dbgap + adgc + eadi + charge + niagads + gerad perades
,0.88,0.221,rs12881735,14.0,92932828,T/C,,"stage 2 ( n /thinspace = /thinspace18,845).P","stage 1 discovery ( n /thinspace = /thinspace63,926).95%Ci",tsi + eur + ibs + gbr + eas + fin,meta + discovery + combined + replication,haplotype reference consortium (hrc) + 1000 genomes (1000g),genotyping + wes + sequencing + wgs,,uk biobank + dbgap + adgc + eadi + charge + niagads + gerad perades
7.4e-09,0.88,0.221,rs12881735,14.0,92932828,T/C,,"Overall stage 1/thinspace + /thinspacestage 2 ( n /thinspace = /thinspace82,771).Meta P","stage 1 discovery ( n /thinspace = /thinspace63,926).95%Ci",tsi + eur + ibs + gbr + eas + fin,meta + discovery + combined + replication,haplotype reference consortium (hrc) + 1000 genomes (1000g),genotyping + wes + sequencing + wgs,,uk biobank + dbgap + adgc + eadi + charge + niagads + gerad perades
,0.88,0.221,rs12881735,14.0,92932828,T/C,,"Overall stage 1/thinspace + /thinspacestage 2 ( n /thinspace = /thinspace82,771).I 2 (%), P","stage 1 discovery ( n /thinspace = /thinspace63,926).95%Ci",tsi + eur + ibs + gbr + eas + fin,meta + discovery + combined + replication,haplotype reference consortium (hrc) + 1000 genomes (1000g),genotyping + wes + sequencing + wgs,,uk biobank + dbgap + adgc + eadi + charge + niagads + gerad perades
,1.09,0.182,rs3752246,19.0,1056492,C/G,,"stage 1 discovery ( n /thinspace = /thinspace63,926).P","stage 1 discovery ( n /thinspace = /thinspace63,926).95%Ci",tsi + eur + ibs + gbr + eas + fin,meta + discovery + combined + replication,haplotype reference consortium (hrc) + 1000 genomes (1000g),genotyping + wes + sequencing + wgs,,uk biobank + dbgap + adgc + eadi + charge + niagads + gerad perades
,1.09,0.182,rs3752246,19.0,1056492,C/G,,"stage 2 ( n /thinspace = /thinspace18,845).P","stage 1 discovery ( n /thinspace = /thinspace63,926).95%Ci",tsi + eur + ibs + gbr + eas + fin,meta + discovery + combined + replication,haplotype reference consortium (hrc) + 1000 genomes (1000g),genotyping + wes + sequencing + wgs,,uk biobank + dbgap + adgc + eadi + charge + niagads + gerad perades
,1.09,0.182,rs3752246,19.0,1056492,C/G,,"Overall stage 1/thinspace + /thinspacestage 2 ( n /thinspace = /thinspace82,771).Meta P","stage 1 discovery ( n /thinspace = /thinspace63,926).95%Ci",tsi + eur + ibs + gbr + eas + fin,meta + discovery + combined + replication,haplotype reference consortium (hrc) + 1000 genomes (1000g),genotyping + wes + sequencing + wgs,,uk biobank + dbgap + adgc + eadi + charge + niagads + gerad perades
,1.09,0.182,rs3752246,19.0,1056492,C/G,,"Overall stage 1/thinspace + /thinspacestage 2 ( n /thinspace = /thinspace82,771).I 2 (%), P","stage 1 discovery ( n /thinspace = /thinspace63,926).95%Ci",tsi + eur + ibs + gbr + eas + fin,meta + discovery + combined + replication,haplotype reference consortium (hrc) + 1000 genomes (1000g),genotyping + wes + sequencing + wgs,,uk biobank + dbgap + adgc + eadi + charge + niagads + gerad perades
,3.2,0.216,rs429358,19.0,45411941,T/C,,"stage 1 discovery ( n /thinspace = /thinspace63,926).P","stage 1 discovery ( n /thinspace = /thinspace63,926).95%Ci",tsi + eur + ibs + gbr + eas + fin,meta + discovery + combined + replication,haplotype reference consortium (hrc) + 1000 genomes (1000g),genotyping + wes + sequencing + wgs,,uk biobank + dbgap + adgc + eadi + charge + niagads + gerad perades
,3.2,0.216,rs429358,19.0,45411941,T/C,,"stage 2 ( n /thinspace = /thinspace18,845).P","stage 1 discovery ( n /thinspace = /thinspace63,926).95%Ci",tsi + eur + ibs + gbr + eas + fin,meta + discovery + combined + replication,haplotype reference consortium (hrc) + 1000 genomes (1000g),genotyping + wes + sequencing + wgs,,uk biobank + dbgap + adgc + eadi + charge + niagads + gerad perades
,3.2,0.216,rs429358,19.0,45411941,T/C,,"Overall stage 1/thinspace + /thinspacestage 2 ( n /thinspace = /thinspace82,771).Meta P","stage 1 discovery ( n /thinspace = /thinspace63,926).95%Ci",tsi + eur + ibs + gbr + eas + fin,meta + discovery + combined + replication,haplotype reference consortium (hrc) + 1000 genomes (1000g),genotyping + wes + sequencing + wgs,,uk biobank + dbgap + adgc + eadi + charge + niagads + gerad perades
,3.2,0.216,rs429358,19.0,45411941,T/C,,"Overall stage 1/thinspace + /thinspacestage 2 ( n /thinspace = /thinspace82,771).I 2 (%), P","stage 1 discovery ( n /thinspace = /thinspace63,926).95%Ci",tsi + eur + ibs + gbr + eas + fin,meta + discovery + combined + replication,haplotype reference consortium (hrc) + 1000 genomes (1000g),genotyping + wes + sequencing + wgs,,uk biobank + dbgap + adgc + eadi + charge + niagads + gerad perades
,0.84,0.088,rs6024870,20.0,54997568,G/A,,"stage 1 discovery ( n /thinspace = /thinspace63,926).P","stage 1 discovery ( n /thinspace = /thinspace63,926).95%Ci",tsi + eur + ibs + gbr + eas + fin,meta + discovery + combined + replication,haplotype reference consortium (hrc) + 1000 genomes (1000g),genotyping + wes + sequencing + wgs,,uk biobank + dbgap + adgc + eadi + charge + niagads + gerad perades
,0.84,0.088,rs6024870,20.0,54997568,G/A,,"stage 2 ( n /thinspace = /thinspace18,845).P","stage 1 discovery ( n /thinspace = /thinspace63,926).95%Ci",tsi + eur + ibs + gbr + eas + fin,meta + discovery + combined + replication,haplotype reference consortium (hrc) + 1000 genomes (1000g),genotyping + wes + sequencing + wgs,,uk biobank + dbgap + adgc + eadi + charge + niagads + gerad perades
,0.84,0.088,rs6024870,20.0,54997568,G/A,,"Overall stage 1/thinspace + /thinspacestage 2 ( n /thinspace = /thinspace82,771).Meta P","stage 1 discovery ( n /thinspace = /thinspace63,926).95%Ci",tsi + eur + ibs + gbr + eas + fin,meta + discovery + combined + replication,haplotype reference consortium (hrc) + 1000 genomes (1000g),genotyping + wes + sequencing + wgs,,uk biobank + dbgap + adgc + eadi + charge + niagads + gerad perades
,0.84,0.088,rs6024870,20.0,54997568,G/A,,"Overall stage 1/thinspace + /thinspacestage 2 ( n /thinspace = /thinspace82,771).I 2 (%), P","stage 1 discovery ( n /thinspace = /thinspace63,926).95%Ci",tsi + eur + ibs + gbr + eas + fin,meta + discovery + combined + replication,haplotype reference consortium (hrc) + 1000 genomes (1000g),genotyping + wes + sequencing + wgs,,uk biobank + dbgap + adgc + eadi + charge + niagads + gerad perades
,1.05,0.389,rs7920721,10.0,11720308,A/G,,"stage 1 discovery ( n /thinspace = /thinspace63,926).P","stage 1 discovery ( n /thinspace = /thinspace63,926).95%Ci",tsi + eur + ibs + gbr + eas + fin,meta + discovery + combined + replication,haplotype reference consortium (hrc) + 1000 genomes (1000g),genotyping + wes + sequencing + wgs,,uk biobank + dbgap + adgc + eadi + charge + niagads + gerad perades
,1.05,0.389,rs7920721,10.0,11720308,A/G,,"stage 2 ( n /thinspace = /thinspace18,845).P","stage 1 discovery ( n /thinspace = /thinspace63,926).95%Ci",tsi + eur + ibs + gbr + eas + fin,meta + discovery + combined + replication,haplotype reference consortium (hrc) + 1000 genomes (1000g),genotyping + wes + sequencing + wgs,,uk biobank + dbgap + adgc + eadi + charge + niagads + gerad perades
,1.05,0.389,rs7920721,10.0,11720308,A/G,,"Overall stage 1/thinspace + /thinspacestage 2 ( n /thinspace = /thinspace82,771).Meta P","stage 1 discovery ( n /thinspace = /thinspace63,926).95%Ci",tsi + eur + ibs + gbr + eas + fin,meta + discovery + combined + replication,haplotype reference consortium (hrc) + 1000 genomes (1000g),genotyping + wes + sequencing + wgs,,uk biobank + dbgap + adgc + eadi + charge + niagads + gerad perades
,1.05,0.389,rs7920721,10.0,11720308,A/G,,"Overall stage 1/thinspace + /thinspacestage 2 ( n /thinspace = /thinspace82,771).I 2 (%), P","stage 1 discovery ( n /thinspace = /thinspace63,926).95%Ci",tsi + eur + ibs + gbr + eas + fin,meta + discovery + combined + replication,haplotype reference consortium (hrc) + 1000 genomes (1000g),genotyping + wes + sequencing + wgs,,uk biobank + dbgap + adgc + eadi + charge + niagads + gerad perades
,1.15,0.02,rs138190086,17.0,61538148,G/A,,"stage 1 discovery ( n /thinspace = /thinspace63,926).P","stage 1 discovery ( n /thinspace = /thinspace63,926).95%Ci",tsi + eur + ibs + gbr + eas + fin,meta + discovery + combined + replication,haplotype reference consortium (hrc) + 1000 genomes (1000g),genotyping + wes + sequencing + wgs,,uk biobank + dbgap + adgc + eadi + charge + niagads + gerad perades
,1.15,0.02,rs138190086,17.0,61538148,G/A,,"stage 2 ( n /thinspace = /thinspace18,845).P","stage 1 discovery ( n /thinspace = /thinspace63,926).95%Ci",tsi + eur + ibs + gbr + eas + fin,meta + discovery + combined + replication,haplotype reference consortium (hrc) + 1000 genomes (1000g),genotyping + wes + sequencing + wgs,,uk biobank + dbgap + adgc + eadi + charge + niagads + gerad perades
,1.15,0.02,rs138190086,17.0,61538148,G/A,,"Overall stage 1/thinspace + /thinspacestage 2 ( n /thinspace = /thinspace82,771).Meta P","stage 1 discovery ( n /thinspace = /thinspace63,926).95%Ci",tsi + eur + ibs + gbr + eas + fin,meta + discovery + combined + replication,haplotype reference consortium (hrc) + 1000 genomes (1000g),genotyping + wes + sequencing + wgs,,uk biobank + dbgap + adgc + eadi + charge + niagads + gerad perades
,1.15,0.02,rs138190086,17.0,61538148,G/A,,"Overall stage 1/thinspace + /thinspacestage 2 ( n /thinspace = /thinspace82,771).I 2 (%), P","stage 1 discovery ( n /thinspace = /thinspace63,926).95%Ci",tsi + eur + ibs + gbr + eas + fin,meta + discovery + combined + replication,haplotype reference consortium (hrc) + 1000 genomes (1000g),genotyping + wes + sequencing + wgs,,uk biobank + dbgap + adgc + eadi + charge + niagads + gerad perades
,0.92,0.39,rs190982,5.0,88223420,A/G,,"stage 1 discovery ( n /thinspace = /thinspace63,926).P","stage 1 discovery ( n /thinspace = /thinspace63,926).95%Ci",tsi + eur + ibs + gbr + eas + fin,meta + discovery + combined + replication,haplotype reference consortium (hrc) + 1000 genomes (1000g),genotyping + wes + sequencing + wgs,,uk biobank + dbgap + adgc + eadi + charge + niagads + gerad perades
,0.92,0.39,rs190982,5.0,88223420,A/G,,"stage 2 ( n /thinspace = /thinspace18,845).P","stage 1 discovery ( n /thinspace = /thinspace63,926).95%Ci",tsi + eur + ibs + gbr + eas + fin,meta + discovery + combined + replication,haplotype reference consortium (hrc) + 1000 genomes (1000g),genotyping + wes + sequencing + wgs,,uk biobank + dbgap + adgc + eadi + charge + niagads + gerad perades
,0.92,0.39,rs190982,5.0,88223420,A/G,,"Overall stage 1/thinspace + /thinspacestage 2 ( n /thinspace = /thinspace82,771).Meta P","stage 1 discovery ( n /thinspace = /thinspace63,926).95%Ci",tsi + eur + ibs + gbr + eas + fin,meta + discovery + combined + replication,haplotype reference consortium (hrc) + 1000 genomes (1000g),genotyping + wes + sequencing + wgs,,uk biobank + dbgap + adgc + eadi + charge + niagads + gerad perades
,0.92,0.39,rs190982,5.0,88223420,A/G,,"Overall stage 1/thinspace + /thinspacestage 2 ( n /thinspace = /thinspace82,771).I 2 (%), P","stage 1 discovery ( n /thinspace = /thinspace63,926).95%Ci",tsi + eur + ibs + gbr + eas + fin,meta + discovery + combined + replication,haplotype reference consortium (hrc) + 1000 genomes (1000g),genotyping + wes + sequencing + wgs,,uk biobank + dbgap + adgc + eadi + charge + niagads + gerad perades
,0.92,0.356,rs4723711,7.0,37844263,A/T,,"stage 1 discovery ( n /thinspace = /thinspace63,926).P","stage 1 discovery ( n /thinspace = /thinspace63,926).95%Ci",tsi + eur + ibs + gbr + eas + fin,meta + discovery + combined + replication,haplotype reference consortium (hrc) + 1000 genomes (1000g),genotyping + wes + sequencing + wgs,,uk biobank + dbgap + adgc + eadi + charge + niagads + gerad perades
,0.92,0.356,rs4723711,7.0,37844263,A/T,,"stage 2 ( n /thinspace = /thinspace18,845).P","stage 1 discovery ( n /thinspace = /thinspace63,926).95%Ci",tsi + eur + ibs + gbr + eas + fin,meta + discovery + combined + replication,haplotype reference consortium (hrc) + 1000 genomes (1000g),genotyping + wes + sequencing + wgs,,uk biobank + dbgap + adgc + eadi + charge + niagads + gerad perades
,0.92,0.356,rs4723711,7.0,37844263,A/T,,"Overall stage 1/thinspace + /thinspacestage 2 ( n /thinspace = /thinspace82,771).Meta P","stage 1 discovery ( n /thinspace = /thinspace63,926).95%Ci",tsi + eur + ibs + gbr + eas + fin,meta + discovery + combined + replication,haplotype reference consortium (hrc) + 1000 genomes (1000g),genotyping + wes + sequencing + wgs,,uk biobank + dbgap + adgc + eadi + charge + niagads + gerad perades
,0.92,0.356,rs4723711,7.0,37844263,A/T,,"Overall stage 1/thinspace + /thinspacestage 2 ( n /thinspace = /thinspace82,771).I 2 (%), P","stage 1 discovery ( n /thinspace = /thinspace63,926).95%Ci",tsi + eur + ibs + gbr + eas + fin,meta + discovery + combined + replication,haplotype reference consortium (hrc) + 1000 genomes (1000g),genotyping + wes + sequencing + wgs,,uk biobank + dbgap + adgc + eadi + charge + niagads + gerad perades
,1.2,0.187,rs4844610,1.0,207802552,C/A,,"stage 1 discovery ( n /thinspace = /thinspace63,926).P","stage 2 ( n /thinspace = /thinspace18,845).OR",tsi + eur + ibs + gbr + eas + fin,meta + discovery + combined + replication,haplotype reference consortium (hrc) + 1000 genomes (1000g),genotyping + wes + sequencing + wgs,,uk biobank + dbgap + adgc + eadi + charge + niagads + gerad perades
,1.2,0.187,rs4844610,1.0,207802552,C/A,,"stage 2 ( n /thinspace = /thinspace18,845).P","stage 2 ( n /thinspace = /thinspace18,845).OR",tsi + eur + ibs + gbr + eas + fin,meta + discovery + combined + replication,haplotype reference consortium (hrc) + 1000 genomes (1000g),genotyping + wes + sequencing + wgs,,uk biobank + dbgap + adgc + eadi + charge + niagads + gerad perades
,1.2,0.187,rs4844610,1.0,207802552,C/A,,"Overall stage 1/thinspace + /thinspacestage 2 ( n /thinspace = /thinspace82,771).Meta P","stage 2 ( n /thinspace = /thinspace18,845).OR",tsi + eur + ibs + gbr + eas + fin,meta + discovery + combined + replication,haplotype reference consortium (hrc) + 1000 genomes (1000g),genotyping + wes + sequencing + wgs,,uk biobank + dbgap + adgc + eadi + charge + niagads + gerad perades
,1.2,0.187,rs4844610,1.0,207802552,C/A,,"Overall stage 1/thinspace + /thinspacestage 2 ( n /thinspace = /thinspace82,771).I 2 (%), P","stage 2 ( n /thinspace = /thinspace18,845).OR",tsi + eur + ibs + gbr + eas + fin,meta + discovery + combined + replication,haplotype reference consortium (hrc) + 1000 genomes (1000g),genotyping + wes + sequencing + wgs,,uk biobank + dbgap + adgc + eadi + charge + niagads + gerad perades
,1.23,0.407,rs6733839,2.0,127892810,C/T,,"stage 1 discovery ( n /thinspace = /thinspace63,926).P","stage 2 ( n /thinspace = /thinspace18,845).OR",tsi + eur + ibs + gbr + eas + fin,meta + discovery + combined + replication,haplotype reference consortium (hrc) + 1000 genomes (1000g),genotyping + wes + sequencing + wgs,,uk biobank + dbgap + adgc + eadi + charge + niagads + gerad perades
,1.23,0.407,rs6733839,2.0,127892810,C/T,,"stage 2 ( n /thinspace = /thinspace18,845).P","stage 2 ( n /thinspace = /thinspace18,845).OR",tsi + eur + ibs + gbr + eas + fin,meta + discovery + combined + replication,haplotype reference consortium (hrc) + 1000 genomes (1000g),genotyping + wes + sequencing + wgs,,uk biobank + dbgap + adgc + eadi + charge + niagads + gerad perades
,1.23,0.407,rs6733839,2.0,127892810,C/T,,"Overall stage 1/thinspace + /thinspacestage 2 ( n /thinspace = /thinspace82,771).Meta P","stage 2 ( n /thinspace = /thinspace18,845).OR",tsi + eur + ibs + gbr + eas + fin,meta + discovery + combined + replication,haplotype reference consortium (hrc) + 1000 genomes (1000g),genotyping + wes + sequencing + wgs,,uk biobank + dbgap + adgc + eadi + charge + niagads + gerad perades
,1.23,0.407,rs6733839,2.0,127892810,C/T,,"Overall stage 1/thinspace + /thinspacestage 2 ( n /thinspace = /thinspace82,771).I 2 (%), P","stage 2 ( n /thinspace = /thinspace18,845).OR",tsi + eur + ibs + gbr + eas + fin,meta + discovery + combined + replication,haplotype reference consortium (hrc) + 1000 genomes (1000g),genotyping + wes + sequencing + wgs,,uk biobank + dbgap + adgc + eadi + charge + niagads + gerad perades
,0.92,0.223,rs10933431,2.0,233981912,C/G,,"stage 1 discovery ( n /thinspace = /thinspace63,926).P","stage 2 ( n /thinspace = /thinspace18,845).OR",tsi + eur + ibs + gbr + eas + fin,meta + discovery + combined + replication,haplotype reference consortium (hrc) + 1000 genomes (1000g),genotyping + wes + sequencing + wgs,,uk biobank + dbgap + adgc + eadi + charge + niagads + gerad perades
,0.92,0.223,rs10933431,2.0,233981912,C/G,,"stage 2 ( n /thinspace = /thinspace18,845).P","stage 2 ( n /thinspace = /thinspace18,845).OR",tsi + eur + ibs + gbr + eas + fin,meta + discovery + combined + replication,haplotype reference consortium (hrc) + 1000 genomes (1000g),genotyping + wes + sequencing + wgs,,uk biobank + dbgap + adgc + eadi + charge + niagads + gerad perades
,0.92,0.223,rs10933431,2.0,233981912,C/G,,"Overall stage 1/thinspace + /thinspacestage 2 ( n /thinspace = /thinspace82,771).Meta P","stage 2 ( n /thinspace = /thinspace18,845).OR",tsi + eur + ibs + gbr + eas + fin,meta + discovery + combined + replication,haplotype reference consortium (hrc) + 1000 genomes (1000g),genotyping + wes + sequencing + wgs,,uk biobank + dbgap + adgc + eadi + charge + niagads + gerad perades
,0.92,0.223,rs10933431,2.0,233981912,C/G,,"Overall stage 1/thinspace + /thinspacestage 2 ( n /thinspace = /thinspace82,771).I 2 (%), P","stage 2 ( n /thinspace = /thinspace18,845).OR",tsi + eur + ibs + gbr + eas + fin,meta + discovery + combined + replication,haplotype reference consortium (hrc) + 1000 genomes (1000g),genotyping + wes + sequencing + wgs,,uk biobank + dbgap + adgc + eadi + charge + niagads + gerad perades
,1.11,0.27,rs9271058,6.0,32575406,T/A,,"stage 1 discovery ( n /thinspace = /thinspace63,926).P","stage 2 ( n /thinspace = /thinspace18,845).OR",tsi + eur + ibs + gbr + eas + fin,meta + discovery + combined + replication,haplotype reference consortium (hrc) + 1000 genomes (1000g),genotyping + wes + sequencing + wgs,,uk biobank + dbgap + adgc + eadi + charge + niagads + gerad perades
,1.11,0.27,rs9271058,6.0,32575406,T/A,,"stage 2 ( n /thinspace = /thinspace18,845).P","stage 2 ( n /thinspace = /thinspace18,845).OR",tsi + eur + ibs + gbr + eas + fin,meta + discovery + combined + replication,haplotype reference consortium (hrc) + 1000 genomes (1000g),genotyping + wes + sequencing + wgs,,uk biobank + dbgap + adgc + eadi + charge + niagads + gerad perades
,1.11,0.27,rs9271058,6.0,32575406,T/A,,"Overall stage 1/thinspace + /thinspacestage 2 ( n /thinspace = /thinspace82,771).Meta P","stage 2 ( n /thinspace = /thinspace18,845).OR",tsi + eur + ibs + gbr + eas + fin,meta + discovery + combined + replication,haplotype reference consortium (hrc) + 1000 genomes (1000g),genotyping + wes + sequencing + wgs,,uk biobank + dbgap + adgc + eadi + charge + niagads + gerad perades
,1.11,0.27,rs9271058,6.0,32575406,T/A,,"Overall stage 1/thinspace + /thinspacestage 2 ( n /thinspace = /thinspace82,771).I 2 (%), P","stage 2 ( n /thinspace = /thinspace18,845).OR",tsi + eur + ibs + gbr + eas + fin,meta + discovery + combined + replication,haplotype reference consortium (hrc) + 1000 genomes (1000g),genotyping + wes + sequencing + wgs,,uk biobank + dbgap + adgc + eadi + charge + niagads + gerad perades
,2.5,0.008,rs75932628,6.0,41129252,C/T,,"stage 1 discovery ( n /thinspace = /thinspace63,926).P","stage 2 ( n /thinspace = /thinspace18,845).OR",tsi + eur + ibs + gbr + eas + fin,meta + discovery + combined + replication,haplotype reference consortium (hrc) + 1000 genomes (1000g),genotyping + wes + sequencing + wgs,,uk biobank + dbgap + adgc + eadi + charge + niagads + gerad perades
,2.5,0.008,rs75932628,6.0,41129252,C/T,,"stage 2 ( n /thinspace = /thinspace18,845).P","stage 2 ( n /thinspace = /thinspace18,845).OR",tsi + eur + ibs + gbr + eas + fin,meta + discovery + combined + replication,haplotype reference consortium (hrc) + 1000 genomes (1000g),genotyping + wes + sequencing + wgs,,uk biobank + dbgap + adgc + eadi + charge + niagads + gerad perades
,2.5,0.008,rs75932628,6.0,41129252,C/T,,"Overall stage 1/thinspace + /thinspacestage 2 ( n /thinspace = /thinspace82,771).Meta P","stage 2 ( n /thinspace = /thinspace18,845).OR",tsi + eur + ibs + gbr + eas + fin,meta + discovery + combined + replication,haplotype reference consortium (hrc) + 1000 genomes (1000g),genotyping + wes + sequencing + wgs,,uk biobank + dbgap + adgc + eadi + charge + niagads + gerad perades
,2.5,0.008,rs75932628,6.0,41129252,C/T,,"Overall stage 1/thinspace + /thinspacestage 2 ( n /thinspace = /thinspace82,771).I 2 (%), P","stage 2 ( n /thinspace = /thinspace18,845).OR",tsi + eur + ibs + gbr + eas + fin,meta + discovery + combined + replication,haplotype reference consortium (hrc) + 1000 genomes (1000g),genotyping + wes + sequencing + wgs,,uk biobank + dbgap + adgc + eadi + charge + niagads + gerad perades
,1.11,0.28,rs9473117,6.0,47431284,A/C,,"stage 1 discovery ( n /thinspace = /thinspace63,926).P","stage 2 ( n /thinspace = /thinspace18,845).OR",tsi + eur + ibs + gbr + eas + fin,meta + discovery + combined + replication,haplotype reference consortium (hrc) + 1000 genomes (1000g),genotyping + wes + sequencing + wgs,,uk biobank + dbgap + adgc + eadi + charge + niagads + gerad perades
,1.11,0.28,rs9473117,6.0,47431284,A/C,,"stage 2 ( n /thinspace = /thinspace18,845).P","stage 2 ( n /thinspace = /thinspace18,845).OR",tsi + eur + ibs + gbr + eas + fin,meta + discovery + combined + replication,haplotype reference consortium (hrc) + 1000 genomes (1000g),genotyping + wes + sequencing + wgs,,uk biobank + dbgap + adgc + eadi + charge + niagads + gerad perades
,1.11,0.28,rs9473117,6.0,47431284,A/C,,"Overall stage 1/thinspace + /thinspacestage 2 ( n /thinspace = /thinspace82,771).Meta P","stage 2 ( n /thinspace = /thinspace18,845).OR",tsi + eur + ibs + gbr + eas + fin,meta + discovery + combined + replication,haplotype reference consortium (hrc) + 1000 genomes (1000g),genotyping + wes + sequencing + wgs,,uk biobank + dbgap + adgc + eadi + charge + niagads + gerad perades
,1.11,0.28,rs9473117,6.0,47431284,A/C,,"Overall stage 1/thinspace + /thinspacestage 2 ( n /thinspace = /thinspace82,771).I 2 (%), P","stage 2 ( n /thinspace = /thinspace18,845).OR",tsi + eur + ibs + gbr + eas + fin,meta + discovery + combined + replication,haplotype reference consortium (hrc) + 1000 genomes (1000g),genotyping + wes + sequencing + wgs,,uk biobank + dbgap + adgc + eadi + charge + niagads + gerad perades
,0.89,0.303,rs12539172,7.0,100091795,C/T,,"stage 1 discovery ( n /thinspace = /thinspace63,926).P","stage 2 ( n /thinspace = /thinspace18,845).OR",tsi + eur + ibs + gbr + eas + fin,meta + discovery + combined + replication,haplotype reference consortium (hrc) + 1000 genomes (1000g),genotyping + wes + sequencing + wgs,,uk biobank + dbgap + adgc + eadi + charge + niagads + gerad perades
,0.89,0.303,rs12539172,7.0,100091795,C/T,,"stage 2 ( n /thinspace = /thinspace18,845).P","stage 2 ( n /thinspace = /thinspace18,845).OR",tsi + eur + ibs + gbr + eas + fin,meta + discovery + combined + replication,haplotype reference consortium (hrc) + 1000 genomes (1000g),genotyping + wes + sequencing + wgs,,uk biobank + dbgap + adgc + eadi + charge + niagads + gerad perades
,0.89,0.303,rs12539172,7.0,100091795,C/T,,"Overall stage 1/thinspace + /thinspacestage 2 ( n /thinspace = /thinspace82,771).Meta P","stage 2 ( n /thinspace = /thinspace18,845).OR",tsi + eur + ibs + gbr + eas + fin,meta + discovery + combined + replication,haplotype reference consortium (hrc) + 1000 genomes (1000g),genotyping + wes + sequencing + wgs,,uk biobank + dbgap + adgc + eadi + charge + niagads + gerad perades
,0.89,0.303,rs12539172,7.0,100091795,C/T,,"Overall stage 1/thinspace + /thinspacestage 2 ( n /thinspace = /thinspace82,771).I 2 (%), P","stage 2 ( n /thinspace = /thinspace18,845).OR",tsi + eur + ibs + gbr + eas + fin,meta + discovery + combined + replication,haplotype reference consortium (hrc) + 1000 genomes (1000g),genotyping + wes + sequencing + wgs,,uk biobank + dbgap + adgc + eadi + charge + niagads + gerad perades
,0.91,0.199,rs10808026,7.0,143099133,C/A,,"stage 1 discovery ( n /thinspace = /thinspace63,926).P","stage 2 ( n /thinspace = /thinspace18,845).OR",tsi + eur + ibs + gbr + eas + fin,meta + discovery + combined + replication,haplotype reference consortium (hrc) + 1000 genomes (1000g),genotyping + wes + sequencing + wgs,,uk biobank + dbgap + adgc + eadi + charge + niagads + gerad perades
,0.91,0.199,rs10808026,7.0,143099133,C/A,,"stage 2 ( n /thinspace = /thinspace18,845).P","stage 2 ( n /thinspace = /thinspace18,845).OR",tsi + eur + ibs + gbr + eas + fin,meta + discovery + combined + replication,haplotype reference consortium (hrc) + 1000 genomes (1000g),genotyping + wes + sequencing + wgs,,uk biobank + dbgap + adgc + eadi + charge + niagads + gerad perades
,0.91,0.199,rs10808026,7.0,143099133,C/A,,"Overall stage 1/thinspace + /thinspacestage 2 ( n /thinspace = /thinspace82,771).Meta P","stage 2 ( n /thinspace = /thinspace18,845).OR",tsi + eur + ibs + gbr + eas + fin,meta + discovery + combined + replication,haplotype reference consortium (hrc) + 1000 genomes (1000g),genotyping + wes + sequencing + wgs,,uk biobank + dbgap + adgc + eadi + charge + niagads + gerad perades
,0.91,0.199,rs10808026,7.0,143099133,C/A,,"Overall stage 1/thinspace + /thinspacestage 2 ( n /thinspace = /thinspace82,771).I 2 (%), P","stage 2 ( n /thinspace = /thinspace18,845).OR",tsi + eur + ibs + gbr + eas + fin,meta + discovery + combined + replication,haplotype reference consortium (hrc) + 1000 genomes (1000g),genotyping + wes + sequencing + wgs,,uk biobank + dbgap + adgc + eadi + charge + niagads + gerad perades
,1.11,0.367,rs73223431,8.0,27219987,C/T,,"stage 1 discovery ( n /thinspace = /thinspace63,926).P","stage 2 ( n /thinspace = /thinspace18,845).OR",tsi + eur + ibs + gbr + eas + fin,meta + discovery + combined + replication,haplotype reference consortium (hrc) + 1000 genomes (1000g),genotyping + wes + sequencing + wgs,,uk biobank + dbgap + adgc + eadi + charge + niagads + gerad perades
,1.11,0.367,rs73223431,8.0,27219987,C/T,,"stage 2 ( n /thinspace = /thinspace18,845).P","stage 2 ( n /thinspace = /thinspace18,845).OR",tsi + eur + ibs + gbr + eas + fin,meta + discovery + combined + replication,haplotype reference consortium (hrc) + 1000 genomes (1000g),genotyping + wes + sequencing + wgs,,uk biobank + dbgap + adgc + eadi + charge + niagads + gerad perades
,1.11,0.367,rs73223431,8.0,27219987,C/T,,"Overall stage 1/thinspace + /thinspacestage 2 ( n /thinspace = /thinspace82,771).Meta P","stage 2 ( n /thinspace = /thinspace18,845).OR",tsi + eur + ibs + gbr + eas + fin,meta + discovery + combined + replication,haplotype reference consortium (hrc) + 1000 genomes (1000g),genotyping + wes + sequencing + wgs,,uk biobank + dbgap + adgc + eadi + charge + niagads + gerad perades
,1.11,0.367,rs73223431,8.0,27219987,C/T,,"Overall stage 1/thinspace + /thinspacestage 2 ( n /thinspace = /thinspace82,771).I 2 (%), P","stage 2 ( n /thinspace = /thinspace18,845).OR",tsi + eur + ibs + gbr + eas + fin,meta + discovery + combined + replication,haplotype reference consortium (hrc) + 1000 genomes (1000g),genotyping + wes + sequencing + wgs,,uk biobank + dbgap + adgc + eadi + charge + niagads + gerad perades
,0.87,0.387,rs9331896,8.0,27467686,T/C,,"stage 1 discovery ( n /thinspace = /thinspace63,926).P","stage 2 ( n /thinspace = /thinspace18,845).OR",tsi + eur + ibs + gbr + eas + fin,meta + discovery + combined + replication,haplotype reference consortium (hrc) + 1000 genomes (1000g),genotyping + wes + sequencing + wgs,,uk biobank + dbgap + adgc + eadi + charge + niagads + gerad perades
,0.87,0.387,rs9331896,8.0,27467686,T/C,,"stage 2 ( n /thinspace = /thinspace18,845).P","stage 2 ( n /thinspace = /thinspace18,845).OR",tsi + eur + ibs + gbr + eas + fin,meta + discovery + combined + replication,haplotype reference consortium (hrc) + 1000 genomes (1000g),genotyping + wes + sequencing + wgs,,uk biobank + dbgap + adgc + eadi + charge + niagads + gerad perades
,0.87,0.387,rs9331896,8.0,27467686,T/C,,"Overall stage 1/thinspace + /thinspacestage 2 ( n /thinspace = /thinspace82,771).Meta P","stage 2 ( n /thinspace = /thinspace18,845).OR",tsi + eur + ibs + gbr + eas + fin,meta + discovery + combined + replication,haplotype reference consortium (hrc) + 1000 genomes (1000g),genotyping + wes + sequencing + wgs,,uk biobank + dbgap + adgc + eadi + charge + niagads + gerad perades
,0.87,0.387,rs9331896,8.0,27467686,T/C,,"Overall stage 1/thinspace + /thinspacestage 2 ( n /thinspace = /thinspace82,771).I 2 (%), P","stage 2 ( n /thinspace = /thinspace18,845).OR",tsi + eur + ibs + gbr + eas + fin,meta + discovery + combined + replication,haplotype reference consortium (hrc) + 1000 genomes (1000g),genotyping + wes + sequencing + wgs,,uk biobank + dbgap + adgc + eadi + charge + niagads + gerad perades
,0.93,0.448,rs3740688,11.0,47380340,T/G,,"stage 1 discovery ( n /thinspace = /thinspace63,926).P","stage 2 ( n /thinspace = /thinspace18,845).OR",tsi + eur + ibs + gbr + eas + fin,meta + discovery + combined + replication,haplotype reference consortium (hrc) + 1000 genomes (1000g),genotyping + wes + sequencing + wgs,,uk biobank + dbgap + adgc + eadi + charge + niagads + gerad perades
,0.93,0.448,rs3740688,11.0,47380340,T/G,,"stage 2 ( n /thinspace = /thinspace18,845).P","stage 2 ( n /thinspace = /thinspace18,845).OR",tsi + eur + ibs + gbr + eas + fin,meta + discovery + combined + replication,haplotype reference consortium (hrc) + 1000 genomes (1000g),genotyping + wes + sequencing + wgs,,uk biobank + dbgap + adgc + eadi + charge + niagads + gerad perades
,0.93,0.448,rs3740688,11.0,47380340,T/G,,"Overall stage 1/thinspace + /thinspacestage 2 ( n /thinspace = /thinspace82,771).Meta P","stage 2 ( n /thinspace = /thinspace18,845).OR",tsi + eur + ibs + gbr + eas + fin,meta + discovery + combined + replication,haplotype reference consortium (hrc) + 1000 genomes (1000g),genotyping + wes + sequencing + wgs,,uk biobank + dbgap + adgc + eadi + charge + niagads + gerad perades
,0.93,0.448,rs3740688,11.0,47380340,T/G,,"Overall stage 1/thinspace + /thinspacestage 2 ( n /thinspace = /thinspace82,771).I 2 (%), P","stage 2 ( n /thinspace = /thinspace18,845).OR",tsi + eur + ibs + gbr + eas + fin,meta + discovery + combined + replication,haplotype reference consortium (hrc) + 1000 genomes (1000g),genotyping + wes + sequencing + wgs,,uk biobank + dbgap + adgc + eadi + charge + niagads + gerad perades
,0.9,0.391,rs7933202,11.0,59936926,A/C,,"stage 1 discovery ( n /thinspace = /thinspace63,926).P","stage 2 ( n /thinspace = /thinspace18,845).OR",tsi + eur + ibs + gbr + eas + fin,meta + discovery + combined + replication,haplotype reference consortium (hrc) + 1000 genomes (1000g),genotyping + wes + sequencing + wgs,,uk biobank + dbgap + adgc + eadi + charge + niagads + gerad perades
,0.9,0.391,rs7933202,11.0,59936926,A/C,,"stage 2 ( n /thinspace = /thinspace18,845).P","stage 2 ( n /thinspace = /thinspace18,845).OR",tsi + eur + ibs + gbr + eas + fin,meta + discovery + combined + replication,haplotype reference consortium (hrc) + 1000 genomes (1000g),genotyping + wes + sequencing + wgs,,uk biobank + dbgap + adgc + eadi + charge + niagads + gerad perades
,0.9,0.391,rs7933202,11.0,59936926,A/C,,"Overall stage 1/thinspace + /thinspacestage 2 ( n /thinspace = /thinspace82,771).Meta P","stage 2 ( n /thinspace = /thinspace18,845).OR",tsi + eur + ibs + gbr + eas + fin,meta + discovery + combined + replication,haplotype reference consortium (hrc) + 1000 genomes (1000g),genotyping + wes + sequencing + wgs,,uk biobank + dbgap + adgc + eadi + charge + niagads + gerad perades
,0.9,0.391,rs7933202,11.0,59936926,A/C,,"Overall stage 1/thinspace + /thinspacestage 2 ( n /thinspace = /thinspace82,771).I 2 (%), P","stage 2 ( n /thinspace = /thinspace18,845).OR",tsi + eur + ibs + gbr + eas + fin,meta + discovery + combined + replication,haplotype reference consortium (hrc) + 1000 genomes (1000g),genotyping + wes + sequencing + wgs,,uk biobank + dbgap + adgc + eadi + charge + niagads + gerad perades
,0.85,0.356,rs3851179,11.0,85868640,C/T,,"stage 1 discovery ( n /thinspace = /thinspace63,926).P","stage 2 ( n /thinspace = /thinspace18,845).OR",tsi + eur + ibs + gbr + eas + fin,meta + discovery + combined + replication,haplotype reference consortium (hrc) + 1000 genomes (1000g),genotyping + wes + sequencing + wgs,,uk biobank + dbgap + adgc + eadi + charge + niagads + gerad perades
,0.85,0.356,rs3851179,11.0,85868640,C/T,,"stage 2 ( n /thinspace = /thinspace18,845).P","stage 2 ( n /thinspace = /thinspace18,845).OR",tsi + eur + ibs + gbr + eas + fin,meta + discovery + combined + replication,haplotype reference consortium (hrc) + 1000 genomes (1000g),genotyping + wes + sequencing + wgs,,uk biobank + dbgap + adgc + eadi + charge + niagads + gerad perades
,0.85,0.356,rs3851179,11.0,85868640,C/T,,"Overall stage 1/thinspace + /thinspacestage 2 ( n /thinspace = /thinspace82,771).Meta P","stage 2 ( n /thinspace = /thinspace18,845).OR",tsi + eur + ibs + gbr + eas + fin,meta + discovery + combined + replication,haplotype reference consortium (hrc) + 1000 genomes (1000g),genotyping + wes + sequencing + wgs,,uk biobank + dbgap + adgc + eadi + charge + niagads + gerad perades
,0.85,0.356,rs3851179,11.0,85868640,C/T,,"Overall stage 1/thinspace + /thinspacestage 2 ( n /thinspace = /thinspace82,771).I 2 (%), P","stage 2 ( n /thinspace = /thinspace18,845).OR",tsi + eur + ibs + gbr + eas + fin,meta + discovery + combined + replication,haplotype reference consortium (hrc) + 1000 genomes (1000g),genotyping + wes + sequencing + wgs,,uk biobank + dbgap + adgc + eadi + charge + niagads + gerad perades
,0.77,0.04,rs11218343,11.0,121435587,T/C,,"stage 1 discovery ( n /thinspace = /thinspace63,926).P","stage 2 ( n /thinspace = /thinspace18,845).OR",tsi + eur + ibs + gbr + eas + fin,meta + discovery + combined + replication,haplotype reference consortium (hrc) + 1000 genomes (1000g),genotyping + wes + sequencing + wgs,,uk biobank + dbgap + adgc + eadi + charge + niagads + gerad perades
,0.77,0.04,rs11218343,11.0,121435587,T/C,,"stage 2 ( n /thinspace = /thinspace18,845).P","stage 2 ( n /thinspace = /thinspace18,845).OR",tsi + eur + ibs + gbr + eas + fin,meta + discovery + combined + replication,haplotype reference consortium (hrc) + 1000 genomes (1000g),genotyping + wes + sequencing + wgs,,uk biobank + dbgap + adgc + eadi + charge + niagads + gerad perades
,0.77,0.04,rs11218343,11.0,121435587,T/C,,"Overall stage 1/thinspace + /thinspacestage 2 ( n /thinspace = /thinspace82,771).Meta P","stage 2 ( n /thinspace = /thinspace18,845).OR",tsi + eur + ibs + gbr + eas + fin,meta + discovery + combined + replication,haplotype reference consortium (hrc) + 1000 genomes (1000g),genotyping + wes + sequencing + wgs,,uk biobank + dbgap + adgc + eadi + charge + niagads + gerad perades
,0.77,0.04,rs11218343,11.0,121435587,T/C,,"Overall stage 1/thinspace + /thinspacestage 2 ( n /thinspace = /thinspace82,771).I 2 (%), P","stage 2 ( n /thinspace = /thinspace18,845).OR",tsi + eur + ibs + gbr + eas + fin,meta + discovery + combined + replication,haplotype reference consortium (hrc) + 1000 genomes (1000g),genotyping + wes + sequencing + wgs,,uk biobank + dbgap + adgc + eadi + charge + niagads + gerad perades
,1.15,0.093,rs17125924,14.0,53391680,A/G,,"stage 1 discovery ( n /thinspace = /thinspace63,926).P","stage 2 ( n /thinspace = /thinspace18,845).OR",tsi + eur + ibs + gbr + eas + fin,meta + discovery + combined + replication,haplotype reference consortium (hrc) + 1000 genomes (1000g),genotyping + wes + sequencing + wgs,,uk biobank + dbgap + adgc + eadi + charge + niagads + gerad perades
,1.15,0.093,rs17125924,14.0,53391680,A/G,,"stage 2 ( n /thinspace = /thinspace18,845).P","stage 2 ( n /thinspace = /thinspace18,845).OR",tsi + eur + ibs + gbr + eas + fin,meta + discovery + combined + replication,haplotype reference consortium (hrc) + 1000 genomes (1000g),genotyping + wes + sequencing + wgs,,uk biobank + dbgap + adgc + eadi + charge + niagads + gerad perades
,1.15,0.093,rs17125924,14.0,53391680,A/G,,"Overall stage 1/thinspace + /thinspacestage 2 ( n /thinspace = /thinspace82,771).Meta P","stage 2 ( n /thinspace = /thinspace18,845).OR",tsi + eur + ibs + gbr + eas + fin,meta + discovery + combined + replication,haplotype reference consortium (hrc) + 1000 genomes (1000g),genotyping + wes + sequencing + wgs,,uk biobank + dbgap + adgc + eadi + charge + niagads + gerad perades
,1.15,0.093,rs17125924,14.0,53391680,A/G,,"Overall stage 1/thinspace + /thinspacestage 2 ( n /thinspace = /thinspace82,771).I 2 (%), P","stage 2 ( n /thinspace = /thinspace18,845).OR",tsi + eur + ibs + gbr + eas + fin,meta + discovery + combined + replication,haplotype reference consortium (hrc) + 1000 genomes (1000g),genotyping + wes + sequencing + wgs,,uk biobank + dbgap + adgc + eadi + charge + niagads + gerad perades
,0.92,0.221,rs12881735,14.0,92932828,T/C,,"stage 1 discovery ( n /thinspace = /thinspace63,926).P","stage 2 ( n /thinspace = /thinspace18,845).OR",tsi + eur + ibs + gbr + eas + fin,meta + discovery + combined + replication,haplotype reference consortium (hrc) + 1000 genomes (1000g),genotyping + wes + sequencing + wgs,,uk biobank + dbgap + adgc + eadi + charge + niagads + gerad perades
,0.92,0.221,rs12881735,14.0,92932828,T/C,,"stage 2 ( n /thinspace = /thinspace18,845).P","stage 2 ( n /thinspace = /thinspace18,845).OR",tsi + eur + ibs + gbr + eas + fin,meta + discovery + combined + replication,haplotype reference consortium (hrc) + 1000 genomes (1000g),genotyping + wes + sequencing + wgs,,uk biobank + dbgap + adgc + eadi + charge + niagads + gerad perades
7.4e-09,0.92,0.221,rs12881735,14.0,92932828,T/C,,"Overall stage 1/thinspace + /thinspacestage 2 ( n /thinspace = /thinspace82,771).Meta P","stage 2 ( n /thinspace = /thinspace18,845).OR",tsi + eur + ibs + gbr + eas + fin,meta + discovery + combined + replication,haplotype reference consortium (hrc) + 1000 genomes (1000g),genotyping + wes + sequencing + wgs,,uk biobank + dbgap + adgc + eadi + charge + niagads + gerad perades
,0.92,0.221,rs12881735,14.0,92932828,T/C,,"Overall stage 1/thinspace + /thinspacestage 2 ( n /thinspace = /thinspace82,771).I 2 (%), P","stage 2 ( n /thinspace = /thinspace18,845).OR",tsi + eur + ibs + gbr + eas + fin,meta + discovery + combined + replication,haplotype reference consortium (hrc) + 1000 genomes (1000g),genotyping + wes + sequencing + wgs,,uk biobank + dbgap + adgc + eadi + charge + niagads + gerad perades
,1.18,0.182,rs3752246,19.0,1056492,C/G,,"stage 1 discovery ( n /thinspace = /thinspace63,926).P","stage 2 ( n /thinspace = /thinspace18,845).OR",tsi + eur + ibs + gbr + eas + fin,meta + discovery + combined + replication,haplotype reference consortium (hrc) + 1000 genomes (1000g),genotyping + wes + sequencing + wgs,,uk biobank + dbgap + adgc + eadi + charge + niagads + gerad perades
,1.18,0.182,rs3752246,19.0,1056492,C/G,,"stage 2 ( n /thinspace = /thinspace18,845).P","stage 2 ( n /thinspace = /thinspace18,845).OR",tsi + eur + ibs + gbr + eas + fin,meta + discovery + combined + replication,haplotype reference consortium (hrc) + 1000 genomes (1000g),genotyping + wes + sequencing + wgs,,uk biobank + dbgap + adgc + eadi + charge + niagads + gerad perades
,1.18,0.182,rs3752246,19.0,1056492,C/G,,"Overall stage 1/thinspace + /thinspacestage 2 ( n /thinspace = /thinspace82,771).Meta P","stage 2 ( n /thinspace = /thinspace18,845).OR",tsi + eur + ibs + gbr + eas + fin,meta + discovery + combined + replication,haplotype reference consortium (hrc) + 1000 genomes (1000g),genotyping + wes + sequencing + wgs,,uk biobank + dbgap + adgc + eadi + charge + niagads + gerad perades
,1.18,0.182,rs3752246,19.0,1056492,C/G,,"Overall stage 1/thinspace + /thinspacestage 2 ( n /thinspace = /thinspace82,771).I 2 (%), P","stage 2 ( n /thinspace = /thinspace18,845).OR",tsi + eur + ibs + gbr + eas + fin,meta + discovery + combined + replication,haplotype reference consortium (hrc) + 1000 genomes (1000g),genotyping + wes + sequencing + wgs,,uk biobank + dbgap + adgc + eadi + charge + niagads + gerad perades
,,0.216,rs429358,19.0,45411941,T/C,,"stage 1 discovery ( n /thinspace = /thinspace63,926).P","stage 2 ( n /thinspace = /thinspace18,845).OR",tsi + eur + ibs + gbr + eas + fin,meta + discovery + combined + replication,haplotype reference consortium (hrc) + 1000 genomes (1000g),genotyping + wes + sequencing + wgs,,uk biobank + dbgap + adgc + eadi + charge + niagads + gerad perades
,,0.216,rs429358,19.0,45411941,T/C,,"stage 2 ( n /thinspace = /thinspace18,845).P","stage 2 ( n /thinspace = /thinspace18,845).OR",tsi + eur + ibs + gbr + eas + fin,meta + discovery + combined + replication,haplotype reference consortium (hrc) + 1000 genomes (1000g),genotyping + wes + sequencing + wgs,,uk biobank + dbgap + adgc + eadi + charge + niagads + gerad perades
,,0.216,rs429358,19.0,45411941,T/C,,"Overall stage 1/thinspace + /thinspacestage 2 ( n /thinspace = /thinspace82,771).Meta P","stage 2 ( n /thinspace = /thinspace18,845).OR",tsi + eur + ibs + gbr + eas + fin,meta + discovery + combined + replication,haplotype reference consortium (hrc) + 1000 genomes (1000g),genotyping + wes + sequencing + wgs,,uk biobank + dbgap + adgc + eadi + charge + niagads + gerad perades
,,0.216,rs429358,19.0,45411941,T/C,,"Overall stage 1/thinspace + /thinspacestage 2 ( n /thinspace = /thinspace82,771).I 2 (%), P","stage 2 ( n /thinspace = /thinspace18,845).OR",tsi + eur + ibs + gbr + eas + fin,meta + discovery + combined + replication,haplotype reference consortium (hrc) + 1000 genomes (1000g),genotyping + wes + sequencing + wgs,,uk biobank + dbgap + adgc + eadi + charge + niagads + gerad perades
,0.9,0.088,rs6024870,20.0,54997568,G/A,,"stage 1 discovery ( n /thinspace = /thinspace63,926).P","stage 2 ( n /thinspace = /thinspace18,845).OR",tsi + eur + ibs + gbr + eas + fin,meta + discovery + combined + replication,haplotype reference consortium (hrc) + 1000 genomes (1000g),genotyping + wes + sequencing + wgs,,uk biobank + dbgap + adgc + eadi + charge + niagads + gerad perades
,0.9,0.088,rs6024870,20.0,54997568,G/A,,"stage 2 ( n /thinspace = /thinspace18,845).P","stage 2 ( n /thinspace = /thinspace18,845).OR",tsi + eur + ibs + gbr + eas + fin,meta + discovery + combined + replication,haplotype reference consortium (hrc) + 1000 genomes (1000g),genotyping + wes + sequencing + wgs,,uk biobank + dbgap + adgc + eadi + charge + niagads + gerad perades
,0.9,0.088,rs6024870,20.0,54997568,G/A,,"Overall stage 1/thinspace + /thinspacestage 2 ( n /thinspace = /thinspace82,771).Meta P","stage 2 ( n /thinspace = /thinspace18,845).OR",tsi + eur + ibs + gbr + eas + fin,meta + discovery + combined + replication,haplotype reference consortium (hrc) + 1000 genomes (1000g),genotyping + wes + sequencing + wgs,,uk biobank + dbgap + adgc + eadi + charge + niagads + gerad perades
,0.9,0.088,rs6024870,20.0,54997568,G/A,,"Overall stage 1/thinspace + /thinspacestage 2 ( n /thinspace = /thinspace82,771).I 2 (%), P","stage 2 ( n /thinspace = /thinspace18,845).OR",tsi + eur + ibs + gbr + eas + fin,meta + discovery + combined + replication,haplotype reference consortium (hrc) + 1000 genomes (1000g),genotyping + wes + sequencing + wgs,,uk biobank + dbgap + adgc + eadi + charge + niagads + gerad perades
,1.07,0.389,rs7920721,10.0,11720308,A/G,,"stage 1 discovery ( n /thinspace = /thinspace63,926).P","stage 2 ( n /thinspace = /thinspace18,845).OR",tsi + eur + ibs + gbr + eas + fin,meta + discovery + combined + replication,haplotype reference consortium (hrc) + 1000 genomes (1000g),genotyping + wes + sequencing + wgs,,uk biobank + dbgap + adgc + eadi + charge + niagads + gerad perades
,1.07,0.389,rs7920721,10.0,11720308,A/G,,"stage 2 ( n /thinspace = /thinspace18,845).P","stage 2 ( n /thinspace = /thinspace18,845).OR",tsi + eur + ibs + gbr + eas + fin,meta + discovery + combined + replication,haplotype reference consortium (hrc) + 1000 genomes (1000g),genotyping + wes + sequencing + wgs,,uk biobank + dbgap + adgc + eadi + charge + niagads + gerad perades
,1.07,0.389,rs7920721,10.0,11720308,A/G,,"Overall stage 1/thinspace + /thinspacestage 2 ( n /thinspace = /thinspace82,771).Meta P","stage 2 ( n /thinspace = /thinspace18,845).OR",tsi + eur + ibs + gbr + eas + fin,meta + discovery + combined + replication,haplotype reference consortium (hrc) + 1000 genomes (1000g),genotyping + wes + sequencing + wgs,,uk biobank + dbgap + adgc + eadi + charge + niagads + gerad perades
,1.07,0.389,rs7920721,10.0,11720308,A/G,,"Overall stage 1/thinspace + /thinspacestage 2 ( n /thinspace = /thinspace82,771).I 2 (%), P","stage 2 ( n /thinspace = /thinspace18,845).OR",tsi + eur + ibs + gbr + eas + fin,meta + discovery + combined + replication,haplotype reference consortium (hrc) + 1000 genomes (1000g),genotyping + wes + sequencing + wgs,,uk biobank + dbgap + adgc + eadi + charge + niagads + gerad perades
,1.41,0.02,rs138190086,17.0,61538148,G/A,,"stage 1 discovery ( n /thinspace = /thinspace63,926).P","stage 2 ( n /thinspace = /thinspace18,845).OR",tsi + eur + ibs + gbr + eas + fin,meta + discovery + combined + replication,haplotype reference consortium (hrc) + 1000 genomes (1000g),genotyping + wes + sequencing + wgs,,uk biobank + dbgap + adgc + eadi + charge + niagads + gerad perades
,1.41,0.02,rs138190086,17.0,61538148,G/A,,"stage 2 ( n /thinspace = /thinspace18,845).P","stage 2 ( n /thinspace = /thinspace18,845).OR",tsi + eur + ibs + gbr + eas + fin,meta + discovery + combined + replication,haplotype reference consortium (hrc) + 1000 genomes (1000g),genotyping + wes + sequencing + wgs,,uk biobank + dbgap + adgc + eadi + charge + niagads + gerad perades
,1.41,0.02,rs138190086,17.0,61538148,G/A,,"Overall stage 1/thinspace + /thinspacestage 2 ( n /thinspace = /thinspace82,771).Meta P","stage 2 ( n /thinspace = /thinspace18,845).OR",tsi + eur + ibs + gbr + eas + fin,meta + discovery + combined + replication,haplotype reference consortium (hrc) + 1000 genomes (1000g),genotyping + wes + sequencing + wgs,,uk biobank + dbgap + adgc + eadi + charge + niagads + gerad perades
,1.41,0.02,rs138190086,17.0,61538148,G/A,,"Overall stage 1/thinspace + /thinspacestage 2 ( n /thinspace = /thinspace82,771).I 2 (%), P","stage 2 ( n /thinspace = /thinspace18,845).OR",tsi + eur + ibs + gbr + eas + fin,meta + discovery + combined + replication,haplotype reference consortium (hrc) + 1000 genomes (1000g),genotyping + wes + sequencing + wgs,,uk biobank + dbgap + adgc + eadi + charge + niagads + gerad perades
,0.93,0.39,rs190982,5.0,88223420,A/G,,"stage 1 discovery ( n /thinspace = /thinspace63,926).P","stage 2 ( n /thinspace = /thinspace18,845).OR",tsi + eur + ibs + gbr + eas + fin,meta + discovery + combined + replication,haplotype reference consortium (hrc) + 1000 genomes (1000g),genotyping + wes + sequencing + wgs,,uk biobank + dbgap + adgc + eadi + charge + niagads + gerad perades
,0.93,0.39,rs190982,5.0,88223420,A/G,,"stage 2 ( n /thinspace = /thinspace18,845).P","stage 2 ( n /thinspace = /thinspace18,845).OR",tsi + eur + ibs + gbr + eas + fin,meta + discovery + combined + replication,haplotype reference consortium (hrc) + 1000 genomes (1000g),genotyping + wes + sequencing + wgs,,uk biobank + dbgap + adgc + eadi + charge + niagads + gerad perades
,0.93,0.39,rs190982,5.0,88223420,A/G,,"Overall stage 1/thinspace + /thinspacestage 2 ( n /thinspace = /thinspace82,771).Meta P","stage 2 ( n /thinspace = /thinspace18,845).OR",tsi + eur + ibs + gbr + eas + fin,meta + discovery + combined + replication,haplotype reference consortium (hrc) + 1000 genomes (1000g),genotyping + wes + sequencing + wgs,,uk biobank + dbgap + adgc + eadi + charge + niagads + gerad perades
,0.93,0.39,rs190982,5.0,88223420,A/G,,"Overall stage 1/thinspace + /thinspacestage 2 ( n /thinspace = /thinspace82,771).I 2 (%), P","stage 2 ( n /thinspace = /thinspace18,845).OR",tsi + eur + ibs + gbr + eas + fin,meta + discovery + combined + replication,haplotype reference consortium (hrc) + 1000 genomes (1000g),genotyping + wes + sequencing + wgs,,uk biobank + dbgap + adgc + eadi + charge + niagads + gerad perades
,0.91,0.356,rs4723711,7.0,37844263,A/T,,"stage 1 discovery ( n /thinspace = /thinspace63,926).P","stage 2 ( n /thinspace = /thinspace18,845).OR",tsi + eur + ibs + gbr + eas + fin,meta + discovery + combined + replication,haplotype reference consortium (hrc) + 1000 genomes (1000g),genotyping + wes + sequencing + wgs,,uk biobank + dbgap + adgc + eadi + charge + niagads + gerad perades
,0.91,0.356,rs4723711,7.0,37844263,A/T,,"stage 2 ( n /thinspace = /thinspace18,845).P","stage 2 ( n /thinspace = /thinspace18,845).OR",tsi + eur + ibs + gbr + eas + fin,meta + discovery + combined + replication,haplotype reference consortium (hrc) + 1000 genomes (1000g),genotyping + wes + sequencing + wgs,,uk biobank + dbgap + adgc + eadi + charge + niagads + gerad perades
,0.91,0.356,rs4723711,7.0,37844263,A/T,,"Overall stage 1/thinspace + /thinspacestage 2 ( n /thinspace = /thinspace82,771).Meta P","stage 2 ( n /thinspace = /thinspace18,845).OR",tsi + eur + ibs + gbr + eas + fin,meta + discovery + combined + replication,haplotype reference consortium (hrc) + 1000 genomes (1000g),genotyping + wes + sequencing + wgs,,uk biobank + dbgap + adgc + eadi + charge + niagads + gerad perades
,0.91,0.356,rs4723711,7.0,37844263,A/T,,"Overall stage 1/thinspace + /thinspacestage 2 ( n /thinspace = /thinspace82,771).I 2 (%), P","stage 2 ( n /thinspace = /thinspace18,845).OR",tsi + eur + ibs + gbr + eas + fin,meta + discovery + combined + replication,haplotype reference consortium (hrc) + 1000 genomes (1000g),genotyping + wes + sequencing + wgs,,uk biobank + dbgap + adgc + eadi + charge + niagads + gerad perades
,1.13,0.187,rs4844610,1.0,207802552,C/A,,"stage 1 discovery ( n /thinspace = /thinspace63,926).P","stage 2 ( n /thinspace = /thinspace18,845).95%Ci",tsi + eur + ibs + gbr + eas + fin,meta + discovery + combined + replication,haplotype reference consortium (hrc) + 1000 genomes (1000g),genotyping + wes + sequencing + wgs,,uk biobank + dbgap + adgc + eadi + charge + niagads + gerad perades
,1.13,0.187,rs4844610,1.0,207802552,C/A,,"stage 2 ( n /thinspace = /thinspace18,845).P","stage 2 ( n /thinspace = /thinspace18,845).95%Ci",tsi + eur + ibs + gbr + eas + fin,meta + discovery + combined + replication,haplotype reference consortium (hrc) + 1000 genomes (1000g),genotyping + wes + sequencing + wgs,,uk biobank + dbgap + adgc + eadi + charge + niagads + gerad perades
,1.13,0.187,rs4844610,1.0,207802552,C/A,,"Overall stage 1/thinspace + /thinspacestage 2 ( n /thinspace = /thinspace82,771).Meta P","stage 2 ( n /thinspace = /thinspace18,845).95%Ci",tsi + eur + ibs + gbr + eas + fin,meta + discovery + combined + replication,haplotype reference consortium (hrc) + 1000 genomes (1000g),genotyping + wes + sequencing + wgs,,uk biobank + dbgap + adgc + eadi + charge + niagads + gerad perades
,1.13,0.187,rs4844610,1.0,207802552,C/A,,"Overall stage 1/thinspace + /thinspacestage 2 ( n /thinspace = /thinspace82,771).I 2 (%), P","stage 2 ( n /thinspace = /thinspace18,845).95%Ci",tsi + eur + ibs + gbr + eas + fin,meta + discovery + combined + replication,haplotype reference consortium (hrc) + 1000 genomes (1000g),genotyping + wes + sequencing + wgs,,uk biobank + dbgap + adgc + eadi + charge + niagads + gerad perades
,1.18,0.407,rs6733839,2.0,127892810,C/T,,"stage 1 discovery ( n /thinspace = /thinspace63,926).P","stage 2 ( n /thinspace = /thinspace18,845).95%Ci",tsi + eur + ibs + gbr + eas + fin,meta + discovery + combined + replication,haplotype reference consortium (hrc) + 1000 genomes (1000g),genotyping + wes + sequencing + wgs,,uk biobank + dbgap + adgc + eadi + charge + niagads + gerad perades
,1.18,0.407,rs6733839,2.0,127892810,C/T,,"stage 2 ( n /thinspace = /thinspace18,845).P","stage 2 ( n /thinspace = /thinspace18,845).95%Ci",tsi + eur + ibs + gbr + eas + fin,meta + discovery + combined + replication,haplotype reference consortium (hrc) + 1000 genomes (1000g),genotyping + wes + sequencing + wgs,,uk biobank + dbgap + adgc + eadi + charge + niagads + gerad perades
,1.18,0.407,rs6733839,2.0,127892810,C/T,,"Overall stage 1/thinspace + /thinspacestage 2 ( n /thinspace = /thinspace82,771).Meta P","stage 2 ( n /thinspace = /thinspace18,845).95%Ci",tsi + eur + ibs + gbr + eas + fin,meta + discovery + combined + replication,haplotype reference consortium (hrc) + 1000 genomes (1000g),genotyping + wes + sequencing + wgs,,uk biobank + dbgap + adgc + eadi + charge + niagads + gerad perades
,1.18,0.407,rs6733839,2.0,127892810,C/T,,"Overall stage 1/thinspace + /thinspacestage 2 ( n /thinspace = /thinspace82,771).I 2 (%), P","stage 2 ( n /thinspace = /thinspace18,845).95%Ci",tsi + eur + ibs + gbr + eas + fin,meta + discovery + combined + replication,haplotype reference consortium (hrc) + 1000 genomes (1000g),genotyping + wes + sequencing + wgs,,uk biobank + dbgap + adgc + eadi + charge + niagads + gerad perades
,0.87,0.223,rs10933431,2.0,233981912,C/G,,"stage 1 discovery ( n /thinspace = /thinspace63,926).P","stage 2 ( n /thinspace = /thinspace18,845).95%Ci",tsi + eur + ibs + gbr + eas + fin,meta + discovery + combined + replication,haplotype reference consortium (hrc) + 1000 genomes (1000g),genotyping + wes + sequencing + wgs,,uk biobank + dbgap + adgc + eadi + charge + niagads + gerad perades
,0.87,0.223,rs10933431,2.0,233981912,C/G,,"stage 2 ( n /thinspace = /thinspace18,845).P","stage 2 ( n /thinspace = /thinspace18,845).95%Ci",tsi + eur + ibs + gbr + eas + fin,meta + discovery + combined + replication,haplotype reference consortium (hrc) + 1000 genomes (1000g),genotyping + wes + sequencing + wgs,,uk biobank + dbgap + adgc + eadi + charge + niagads + gerad perades
,0.87,0.223,rs10933431,2.0,233981912,C/G,,"Overall stage 1/thinspace + /thinspacestage 2 ( n /thinspace = /thinspace82,771).Meta P","stage 2 ( n /thinspace = /thinspace18,845).95%Ci",tsi + eur + ibs + gbr + eas + fin,meta + discovery + combined + replication,haplotype reference consortium (hrc) + 1000 genomes (1000g),genotyping + wes + sequencing + wgs,,uk biobank + dbgap + adgc + eadi + charge + niagads + gerad perades
,0.87,0.223,rs10933431,2.0,233981912,C/G,,"Overall stage 1/thinspace + /thinspacestage 2 ( n /thinspace = /thinspace82,771).I 2 (%), P","stage 2 ( n /thinspace = /thinspace18,845).95%Ci",tsi + eur + ibs + gbr + eas + fin,meta + discovery + combined + replication,haplotype reference consortium (hrc) + 1000 genomes (1000g),genotyping + wes + sequencing + wgs,,uk biobank + dbgap + adgc + eadi + charge + niagads + gerad perades
,1.06,0.27,rs9271058,6.0,32575406,T/A,,"stage 1 discovery ( n /thinspace = /thinspace63,926).P","stage 2 ( n /thinspace = /thinspace18,845).95%Ci",tsi + eur + ibs + gbr + eas + fin,meta + discovery + combined + replication,haplotype reference consortium (hrc) + 1000 genomes (1000g),genotyping + wes + sequencing + wgs,,uk biobank + dbgap + adgc + eadi + charge + niagads + gerad perades
,1.06,0.27,rs9271058,6.0,32575406,T/A,,"stage 2 ( n /thinspace = /thinspace18,845).P","stage 2 ( n /thinspace = /thinspace18,845).95%Ci",tsi + eur + ibs + gbr + eas + fin,meta + discovery + combined + replication,haplotype reference consortium (hrc) + 1000 genomes (1000g),genotyping + wes + sequencing + wgs,,uk biobank + dbgap + adgc + eadi + charge + niagads + gerad perades
,1.06,0.27,rs9271058,6.0,32575406,T/A,,"Overall stage 1/thinspace + /thinspacestage 2 ( n /thinspace = /thinspace82,771).Meta P","stage 2 ( n /thinspace = /thinspace18,845).95%Ci",tsi + eur + ibs + gbr + eas + fin,meta + discovery + combined + replication,haplotype reference consortium (hrc) + 1000 genomes (1000g),genotyping + wes + sequencing + wgs,,uk biobank + dbgap + adgc + eadi + charge + niagads + gerad perades
,1.06,0.27,rs9271058,6.0,32575406,T/A,,"Overall stage 1/thinspace + /thinspacestage 2 ( n /thinspace = /thinspace82,771).I 2 (%), P","stage 2 ( n /thinspace = /thinspace18,845).95%Ci",tsi + eur + ibs + gbr + eas + fin,meta + discovery + combined + replication,haplotype reference consortium (hrc) + 1000 genomes (1000g),genotyping + wes + sequencing + wgs,,uk biobank + dbgap + adgc + eadi + charge + niagads + gerad perades
,1.56,0.008,rs75932628,6.0,41129252,C/T,,"stage 1 discovery ( n /thinspace = /thinspace63,926).P","stage 2 ( n /thinspace = /thinspace18,845).95%Ci",tsi + eur + ibs + gbr + eas + fin,meta + discovery + combined + replication,haplotype reference consortium (hrc) + 1000 genomes (1000g),genotyping + wes + sequencing + wgs,,uk biobank + dbgap + adgc + eadi + charge + niagads + gerad perades
,1.56,0.008,rs75932628,6.0,41129252,C/T,,"stage 2 ( n /thinspace = /thinspace18,845).P","stage 2 ( n /thinspace = /thinspace18,845).95%Ci",tsi + eur + ibs + gbr + eas + fin,meta + discovery + combined + replication,haplotype reference consortium (hrc) + 1000 genomes (1000g),genotyping + wes + sequencing + wgs,,uk biobank + dbgap + adgc + eadi + charge + niagads + gerad perades
,1.56,0.008,rs75932628,6.0,41129252,C/T,,"Overall stage 1/thinspace + /thinspacestage 2 ( n /thinspace = /thinspace82,771).Meta P","stage 2 ( n /thinspace = /thinspace18,845).95%Ci",tsi + eur + ibs + gbr + eas + fin,meta + discovery + combined + replication,haplotype reference consortium (hrc) + 1000 genomes (1000g),genotyping + wes + sequencing + wgs,,uk biobank + dbgap + adgc + eadi + charge + niagads + gerad perades
,1.56,0.008,rs75932628,6.0,41129252,C/T,,"Overall stage 1/thinspace + /thinspacestage 2 ( n /thinspace = /thinspace82,771).I 2 (%), P","stage 2 ( n /thinspace = /thinspace18,845).95%Ci",tsi + eur + ibs + gbr + eas + fin,meta + discovery + combined + replication,haplotype reference consortium (hrc) + 1000 genomes (1000g),genotyping + wes + sequencing + wgs,,uk biobank + dbgap + adgc + eadi + charge + niagads + gerad perades
,1.05,0.28,rs9473117,6.0,47431284,A/C,,"stage 1 discovery ( n /thinspace = /thinspace63,926).P","stage 2 ( n /thinspace = /thinspace18,845).95%Ci",tsi + eur + ibs + gbr + eas + fin,meta + discovery + combined + replication,haplotype reference consortium (hrc) + 1000 genomes (1000g),genotyping + wes + sequencing + wgs,,uk biobank + dbgap + adgc + eadi + charge + niagads + gerad perades
,1.05,0.28,rs9473117,6.0,47431284,A/C,,"stage 2 ( n /thinspace = /thinspace18,845).P","stage 2 ( n /thinspace = /thinspace18,845).95%Ci",tsi + eur + ibs + gbr + eas + fin,meta + discovery + combined + replication,haplotype reference consortium (hrc) + 1000 genomes (1000g),genotyping + wes + sequencing + wgs,,uk biobank + dbgap + adgc + eadi + charge + niagads + gerad perades
,1.05,0.28,rs9473117,6.0,47431284,A/C,,"Overall stage 1/thinspace + /thinspacestage 2 ( n /thinspace = /thinspace82,771).Meta P","stage 2 ( n /thinspace = /thinspace18,845).95%Ci",tsi + eur + ibs + gbr + eas + fin,meta + discovery + combined + replication,haplotype reference consortium (hrc) + 1000 genomes (1000g),genotyping + wes + sequencing + wgs,,uk biobank + dbgap + adgc + eadi + charge + niagads + gerad perades
,1.05,0.28,rs9473117,6.0,47431284,A/C,,"Overall stage 1/thinspace + /thinspacestage 2 ( n /thinspace = /thinspace82,771).I 2 (%), P","stage 2 ( n /thinspace = /thinspace18,845).95%Ci",tsi + eur + ibs + gbr + eas + fin,meta + discovery + combined + replication,haplotype reference consortium (hrc) + 1000 genomes (1000g),genotyping + wes + sequencing + wgs,,uk biobank + dbgap + adgc + eadi + charge + niagads + gerad perades
,0.84,0.303,rs12539172,7.0,100091795,C/T,,"stage 1 discovery ( n /thinspace = /thinspace63,926).P","stage 2 ( n /thinspace = /thinspace18,845).95%Ci",tsi + eur + ibs + gbr + eas + fin,meta + discovery + combined + replication,haplotype reference consortium (hrc) + 1000 genomes (1000g),genotyping + wes + sequencing + wgs,,uk biobank + dbgap + adgc + eadi + charge + niagads + gerad perades
,0.84,0.303,rs12539172,7.0,100091795,C/T,,"stage 2 ( n /thinspace = /thinspace18,845).P","stage 2 ( n /thinspace = /thinspace18,845).95%Ci",tsi + eur + ibs + gbr + eas + fin,meta + discovery + combined + replication,haplotype reference consortium (hrc) + 1000 genomes (1000g),genotyping + wes + sequencing + wgs,,uk biobank + dbgap + adgc + eadi + charge + niagads + gerad perades
,0.84,0.303,rs12539172,7.0,100091795,C/T,,"Overall stage 1/thinspace + /thinspacestage 2 ( n /thinspace = /thinspace82,771).Meta P","stage 2 ( n /thinspace = /thinspace18,845).95%Ci",tsi + eur + ibs + gbr + eas + fin,meta + discovery + combined + replication,haplotype reference consortium (hrc) + 1000 genomes (1000g),genotyping + wes + sequencing + wgs,,uk biobank + dbgap + adgc + eadi + charge + niagads + gerad perades
,0.84,0.303,rs12539172,7.0,100091795,C/T,,"Overall stage 1/thinspace + /thinspacestage 2 ( n /thinspace = /thinspace82,771).I 2 (%), P","stage 2 ( n /thinspace = /thinspace18,845).95%Ci",tsi + eur + ibs + gbr + eas + fin,meta + discovery + combined + replication,haplotype reference consortium (hrc) + 1000 genomes (1000g),genotyping + wes + sequencing + wgs,,uk biobank + dbgap + adgc + eadi + charge + niagads + gerad perades
,0.86,0.199,rs10808026,7.0,143099133,C/A,,"stage 1 discovery ( n /thinspace = /thinspace63,926).P","stage 2 ( n /thinspace = /thinspace18,845).95%Ci",tsi + eur + ibs + gbr + eas + fin,meta + discovery + combined + replication,haplotype reference consortium (hrc) + 1000 genomes (1000g),genotyping + wes + sequencing + wgs,,uk biobank + dbgap + adgc + eadi + charge + niagads + gerad perades
,0.86,0.199,rs10808026,7.0,143099133,C/A,,"stage 2 ( n /thinspace = /thinspace18,845).P","stage 2 ( n /thinspace = /thinspace18,845).95%Ci",tsi + eur + ibs + gbr + eas + fin,meta + discovery + combined + replication,haplotype reference consortium (hrc) + 1000 genomes (1000g),genotyping + wes + sequencing + wgs,,uk biobank + dbgap + adgc + eadi + charge + niagads + gerad perades
,0.86,0.199,rs10808026,7.0,143099133,C/A,,"Overall stage 1/thinspace + /thinspacestage 2 ( n /thinspace = /thinspace82,771).Meta P","stage 2 ( n /thinspace = /thinspace18,845).95%Ci",tsi + eur + ibs + gbr + eas + fin,meta + discovery + combined + replication,haplotype reference consortium (hrc) + 1000 genomes (1000g),genotyping + wes + sequencing + wgs,,uk biobank + dbgap + adgc + eadi + charge + niagads + gerad perades
,0.86,0.199,rs10808026,7.0,143099133,C/A,,"Overall stage 1/thinspace + /thinspacestage 2 ( n /thinspace = /thinspace82,771).I 2 (%), P","stage 2 ( n /thinspace = /thinspace18,845).95%Ci",tsi + eur + ibs + gbr + eas + fin,meta + discovery + combined + replication,haplotype reference consortium (hrc) + 1000 genomes (1000g),genotyping + wes + sequencing + wgs,,uk biobank + dbgap + adgc + eadi + charge + niagads + gerad perades
,1.06,0.367,rs73223431,8.0,27219987,C/T,,"stage 1 discovery ( n /thinspace = /thinspace63,926).P","stage 2 ( n /thinspace = /thinspace18,845).95%Ci",tsi + eur + ibs + gbr + eas + fin,meta + discovery + combined + replication,haplotype reference consortium (hrc) + 1000 genomes (1000g),genotyping + wes + sequencing + wgs,,uk biobank + dbgap + adgc + eadi + charge + niagads + gerad perades
,1.06,0.367,rs73223431,8.0,27219987,C/T,,"stage 2 ( n /thinspace = /thinspace18,845).P","stage 2 ( n /thinspace = /thinspace18,845).95%Ci",tsi + eur + ibs + gbr + eas + fin,meta + discovery + combined + replication,haplotype reference consortium (hrc) + 1000 genomes (1000g),genotyping + wes + sequencing + wgs,,uk biobank + dbgap + adgc + eadi + charge + niagads + gerad perades
,1.06,0.367,rs73223431,8.0,27219987,C/T,,"Overall stage 1/thinspace + /thinspacestage 2 ( n /thinspace = /thinspace82,771).Meta P","stage 2 ( n /thinspace = /thinspace18,845).95%Ci",tsi + eur + ibs + gbr + eas + fin,meta + discovery + combined + replication,haplotype reference consortium (hrc) + 1000 genomes (1000g),genotyping + wes + sequencing + wgs,,uk biobank + dbgap + adgc + eadi + charge + niagads + gerad perades
,1.06,0.367,rs73223431,8.0,27219987,C/T,,"Overall stage 1/thinspace + /thinspacestage 2 ( n /thinspace = /thinspace82,771).I 2 (%), P","stage 2 ( n /thinspace = /thinspace18,845).95%Ci",tsi + eur + ibs + gbr + eas + fin,meta + discovery + combined + replication,haplotype reference consortium (hrc) + 1000 genomes (1000g),genotyping + wes + sequencing + wgs,,uk biobank + dbgap + adgc + eadi + charge + niagads + gerad perades
,0.83,0.387,rs9331896,8.0,27467686,T/C,,"stage 1 discovery ( n /thinspace = /thinspace63,926).P","stage 2 ( n /thinspace = /thinspace18,845).95%Ci",tsi + eur + ibs + gbr + eas + fin,meta + discovery + combined + replication,haplotype reference consortium (hrc) + 1000 genomes (1000g),genotyping + wes + sequencing + wgs,,uk biobank + dbgap + adgc + eadi + charge + niagads + gerad perades
,0.83,0.387,rs9331896,8.0,27467686,T/C,,"stage 2 ( n /thinspace = /thinspace18,845).P","stage 2 ( n /thinspace = /thinspace18,845).95%Ci",tsi + eur + ibs + gbr + eas + fin,meta + discovery + combined + replication,haplotype reference consortium (hrc) + 1000 genomes (1000g),genotyping + wes + sequencing + wgs,,uk biobank + dbgap + adgc + eadi + charge + niagads + gerad perades
,0.83,0.387,rs9331896,8.0,27467686,T/C,,"Overall stage 1/thinspace + /thinspacestage 2 ( n /thinspace = /thinspace82,771).Meta P","stage 2 ( n /thinspace = /thinspace18,845).95%Ci",tsi + eur + ibs + gbr + eas + fin,meta + discovery + combined + replication,haplotype reference consortium (hrc) + 1000 genomes (1000g),genotyping + wes + sequencing + wgs,,uk biobank + dbgap + adgc + eadi + charge + niagads + gerad perades
,0.83,0.387,rs9331896,8.0,27467686,T/C,,"Overall stage 1/thinspace + /thinspacestage 2 ( n /thinspace = /thinspace82,771).I 2 (%), P","stage 2 ( n /thinspace = /thinspace18,845).95%Ci",tsi + eur + ibs + gbr + eas + fin,meta + discovery + combined + replication,haplotype reference consortium (hrc) + 1000 genomes (1000g),genotyping + wes + sequencing + wgs,,uk biobank + dbgap + adgc + eadi + charge + niagads + gerad perades
,0.88,0.448,rs3740688,11.0,47380340,T/G,,"stage 1 discovery ( n /thinspace = /thinspace63,926).P","stage 2 ( n /thinspace = /thinspace18,845).95%Ci",tsi + eur + ibs + gbr + eas + fin,meta + discovery + combined + replication,haplotype reference consortium (hrc) + 1000 genomes (1000g),genotyping + wes + sequencing + wgs,,uk biobank + dbgap + adgc + eadi + charge + niagads + gerad perades
,0.88,0.448,rs3740688,11.0,47380340,T/G,,"stage 2 ( n /thinspace = /thinspace18,845).P","stage 2 ( n /thinspace = /thinspace18,845).95%Ci",tsi + eur + ibs + gbr + eas + fin,meta + discovery + combined + replication,haplotype reference consortium (hrc) + 1000 genomes (1000g),genotyping + wes + sequencing + wgs,,uk biobank + dbgap + adgc + eadi + charge + niagads + gerad perades
,0.88,0.448,rs3740688,11.0,47380340,T/G,,"Overall stage 1/thinspace + /thinspacestage 2 ( n /thinspace = /thinspace82,771).Meta P","stage 2 ( n /thinspace = /thinspace18,845).95%Ci",tsi + eur + ibs + gbr + eas + fin,meta + discovery + combined + replication,haplotype reference consortium (hrc) + 1000 genomes (1000g),genotyping + wes + sequencing + wgs,,uk biobank + dbgap + adgc + eadi + charge + niagads + gerad perades
,0.88,0.448,rs3740688,11.0,47380340,T/G,,"Overall stage 1/thinspace + /thinspacestage 2 ( n /thinspace = /thinspace82,771).I 2 (%), P","stage 2 ( n /thinspace = /thinspace18,845).95%Ci",tsi + eur + ibs + gbr + eas + fin,meta + discovery + combined + replication,haplotype reference consortium (hrc) + 1000 genomes (1000g),genotyping + wes + sequencing + wgs,,uk biobank + dbgap + adgc + eadi + charge + niagads + gerad perades
,0.86,0.391,rs7933202,11.0,59936926,A/C,,"stage 1 discovery ( n /thinspace = /thinspace63,926).P","stage 2 ( n /thinspace = /thinspace18,845).95%Ci",tsi + eur + ibs + gbr + eas + fin,meta + discovery + combined + replication,haplotype reference consortium (hrc) + 1000 genomes (1000g),genotyping + wes + sequencing + wgs,,uk biobank + dbgap + adgc + eadi + charge + niagads + gerad perades
,0.86,0.391,rs7933202,11.0,59936926,A/C,,"stage 2 ( n /thinspace = /thinspace18,845).P","stage 2 ( n /thinspace = /thinspace18,845).95%Ci",tsi + eur + ibs + gbr + eas + fin,meta + discovery + combined + replication,haplotype reference consortium (hrc) + 1000 genomes (1000g),genotyping + wes + sequencing + wgs,,uk biobank + dbgap + adgc + eadi + charge + niagads + gerad perades
,0.86,0.391,rs7933202,11.0,59936926,A/C,,"Overall stage 1/thinspace + /thinspacestage 2 ( n /thinspace = /thinspace82,771).Meta P","stage 2 ( n /thinspace = /thinspace18,845).95%Ci",tsi + eur + ibs + gbr + eas + fin,meta + discovery + combined + replication,haplotype reference consortium (hrc) + 1000 genomes (1000g),genotyping + wes + sequencing + wgs,,uk biobank + dbgap + adgc + eadi + charge + niagads + gerad perades
,0.86,0.391,rs7933202,11.0,59936926,A/C,,"Overall stage 1/thinspace + /thinspacestage 2 ( n /thinspace = /thinspace82,771).I 2 (%), P","stage 2 ( n /thinspace = /thinspace18,845).95%Ci",tsi + eur + ibs + gbr + eas + fin,meta + discovery + combined + replication,haplotype reference consortium (hrc) + 1000 genomes (1000g),genotyping + wes + sequencing + wgs,,uk biobank + dbgap + adgc + eadi + charge + niagads + gerad perades
,0.81,0.356,rs3851179,11.0,85868640,C/T,,"stage 1 discovery ( n /thinspace = /thinspace63,926).P","stage 2 ( n /thinspace = /thinspace18,845).95%Ci",tsi + eur + ibs + gbr + eas + fin,meta + discovery + combined + replication,haplotype reference consortium (hrc) + 1000 genomes (1000g),genotyping + wes + sequencing + wgs,,uk biobank + dbgap + adgc + eadi + charge + niagads + gerad perades
,0.81,0.356,rs3851179,11.0,85868640,C/T,,"stage 2 ( n /thinspace = /thinspace18,845).P","stage 2 ( n /thinspace = /thinspace18,845).95%Ci",tsi + eur + ibs + gbr + eas + fin,meta + discovery + combined + replication,haplotype reference consortium (hrc) + 1000 genomes (1000g),genotyping + wes + sequencing + wgs,,uk biobank + dbgap + adgc + eadi + charge + niagads + gerad perades
,0.81,0.356,rs3851179,11.0,85868640,C/T,,"Overall stage 1/thinspace + /thinspacestage 2 ( n /thinspace = /thinspace82,771).Meta P","stage 2 ( n /thinspace = /thinspace18,845).95%Ci",tsi + eur + ibs + gbr + eas + fin,meta + discovery + combined + replication,haplotype reference consortium (hrc) + 1000 genomes (1000g),genotyping + wes + sequencing + wgs,,uk biobank + dbgap + adgc + eadi + charge + niagads + gerad perades
,0.81,0.356,rs3851179,11.0,85868640,C/T,,"Overall stage 1/thinspace + /thinspacestage 2 ( n /thinspace = /thinspace82,771).I 2 (%), P","stage 2 ( n /thinspace = /thinspace18,845).95%Ci",tsi + eur + ibs + gbr + eas + fin,meta + discovery + combined + replication,haplotype reference consortium (hrc) + 1000 genomes (1000g),genotyping + wes + sequencing + wgs,,uk biobank + dbgap + adgc + eadi + charge + niagads + gerad perades
,0.68,0.04,rs11218343,11.0,121435587,T/C,,"stage 1 discovery ( n /thinspace = /thinspace63,926).P","stage 2 ( n /thinspace = /thinspace18,845).95%Ci",tsi + eur + ibs + gbr + eas + fin,meta + discovery + combined + replication,haplotype reference consortium (hrc) + 1000 genomes (1000g),genotyping + wes + sequencing + wgs,,uk biobank + dbgap + adgc + eadi + charge + niagads + gerad perades
,0.68,0.04,rs11218343,11.0,121435587,T/C,,"stage 2 ( n /thinspace = /thinspace18,845).P","stage 2 ( n /thinspace = /thinspace18,845).95%Ci",tsi + eur + ibs + gbr + eas + fin,meta + discovery + combined + replication,haplotype reference consortium (hrc) + 1000 genomes (1000g),genotyping + wes + sequencing + wgs,,uk biobank + dbgap + adgc + eadi + charge + niagads + gerad perades
,0.68,0.04,rs11218343,11.0,121435587,T/C,,"Overall stage 1/thinspace + /thinspacestage 2 ( n /thinspace = /thinspace82,771).Meta P","stage 2 ( n /thinspace = /thinspace18,845).95%Ci",tsi + eur + ibs + gbr + eas + fin,meta + discovery + combined + replication,haplotype reference consortium (hrc) + 1000 genomes (1000g),genotyping + wes + sequencing + wgs,,uk biobank + dbgap + adgc + eadi + charge + niagads + gerad perades
,0.68,0.04,rs11218343,11.0,121435587,T/C,,"Overall stage 1/thinspace + /thinspacestage 2 ( n /thinspace = /thinspace82,771).I 2 (%), P","stage 2 ( n /thinspace = /thinspace18,845).95%Ci",tsi + eur + ibs + gbr + eas + fin,meta + discovery + combined + replication,haplotype reference consortium (hrc) + 1000 genomes (1000g),genotyping + wes + sequencing + wgs,,uk biobank + dbgap + adgc + eadi + charge + niagads + gerad perades
,1.06,0.093,rs17125924,14.0,53391680,A/G,,"stage 1 discovery ( n /thinspace = /thinspace63,926).P","stage 2 ( n /thinspace = /thinspace18,845).95%Ci",tsi + eur + ibs + gbr + eas + fin,meta + discovery + combined + replication,haplotype reference consortium (hrc) + 1000 genomes (1000g),genotyping + wes + sequencing + wgs,,uk biobank + dbgap + adgc + eadi + charge + niagads + gerad perades
,1.06,0.093,rs17125924,14.0,53391680,A/G,,"stage 2 ( n /thinspace = /thinspace18,845).P","stage 2 ( n /thinspace = /thinspace18,845).95%Ci",tsi + eur + ibs + gbr + eas + fin,meta + discovery + combined + replication,haplotype reference consortium (hrc) + 1000 genomes (1000g),genotyping + wes + sequencing + wgs,,uk biobank + dbgap + adgc + eadi + charge + niagads + gerad perades
,1.06,0.093,rs17125924,14.0,53391680,A/G,,"Overall stage 1/thinspace + /thinspacestage 2 ( n /thinspace = /thinspace82,771).Meta P","stage 2 ( n /thinspace = /thinspace18,845).95%Ci",tsi + eur + ibs + gbr + eas + fin,meta + discovery + combined + replication,haplotype reference consortium (hrc) + 1000 genomes (1000g),genotyping + wes + sequencing + wgs,,uk biobank + dbgap + adgc + eadi + charge + niagads + gerad perades
,1.06,0.093,rs17125924,14.0,53391680,A/G,,"Overall stage 1/thinspace + /thinspacestage 2 ( n /thinspace = /thinspace82,771).I 2 (%), P","stage 2 ( n /thinspace = /thinspace18,845).95%Ci",tsi + eur + ibs + gbr + eas + fin,meta + discovery + combined + replication,haplotype reference consortium (hrc) + 1000 genomes (1000g),genotyping + wes + sequencing + wgs,,uk biobank + dbgap + adgc + eadi + charge + niagads + gerad perades
,0.87,0.221,rs12881735,14.0,92932828,T/C,,"stage 1 discovery ( n /thinspace = /thinspace63,926).P","stage 2 ( n /thinspace = /thinspace18,845).95%Ci",tsi + eur + ibs + gbr + eas + fin,meta + discovery + combined + replication,haplotype reference consortium (hrc) + 1000 genomes (1000g),genotyping + wes + sequencing + wgs,,uk biobank + dbgap + adgc + eadi + charge + niagads + gerad perades
,0.87,0.221,rs12881735,14.0,92932828,T/C,,"stage 2 ( n /thinspace = /thinspace18,845).P","stage 2 ( n /thinspace = /thinspace18,845).95%Ci",tsi + eur + ibs + gbr + eas + fin,meta + discovery + combined + replication,haplotype reference consortium (hrc) + 1000 genomes (1000g),genotyping + wes + sequencing + wgs,,uk biobank + dbgap + adgc + eadi + charge + niagads + gerad perades
7.4e-09,0.87,0.221,rs12881735,14.0,92932828,T/C,,"Overall stage 1/thinspace + /thinspacestage 2 ( n /thinspace = /thinspace82,771).Meta P","stage 2 ( n /thinspace = /thinspace18,845).95%Ci",tsi + eur + ibs + gbr + eas + fin,meta + discovery + combined + replication,haplotype reference consortium (hrc) + 1000 genomes (1000g),genotyping + wes + sequencing + wgs,,uk biobank + dbgap + adgc + eadi + charge + niagads + gerad perades
,0.87,0.221,rs12881735,14.0,92932828,T/C,,"Overall stage 1/thinspace + /thinspacestage 2 ( n /thinspace = /thinspace82,771).I 2 (%), P","stage 2 ( n /thinspace = /thinspace18,845).95%Ci",tsi + eur + ibs + gbr + eas + fin,meta + discovery + combined + replication,haplotype reference consortium (hrc) + 1000 genomes (1000g),genotyping + wes + sequencing + wgs,,uk biobank + dbgap + adgc + eadi + charge + niagads + gerad perades
,1.11,0.182,rs3752246,19.0,1056492,C/G,,"stage 1 discovery ( n /thinspace = /thinspace63,926).P","stage 2 ( n /thinspace = /thinspace18,845).95%Ci",tsi + eur + ibs + gbr + eas + fin,meta + discovery + combined + replication,haplotype reference consortium (hrc) + 1000 genomes (1000g),genotyping + wes + sequencing + wgs,,uk biobank + dbgap + adgc + eadi + charge + niagads + gerad perades
,1.11,0.182,rs3752246,19.0,1056492,C/G,,"stage 2 ( n /thinspace = /thinspace18,845).P","stage 2 ( n /thinspace = /thinspace18,845).95%Ci",tsi + eur + ibs + gbr + eas + fin,meta + discovery + combined + replication,haplotype reference consortium (hrc) + 1000 genomes (1000g),genotyping + wes + sequencing + wgs,,uk biobank + dbgap + adgc + eadi + charge + niagads + gerad perades
,1.11,0.182,rs3752246,19.0,1056492,C/G,,"Overall stage 1/thinspace + /thinspacestage 2 ( n /thinspace = /thinspace82,771).Meta P","stage 2 ( n /thinspace = /thinspace18,845).95%Ci",tsi + eur + ibs + gbr + eas + fin,meta + discovery + combined + replication,haplotype reference consortium (hrc) + 1000 genomes (1000g),genotyping + wes + sequencing + wgs,,uk biobank + dbgap + adgc + eadi + charge + niagads + gerad perades
,1.11,0.182,rs3752246,19.0,1056492,C/G,,"Overall stage 1/thinspace + /thinspacestage 2 ( n /thinspace = /thinspace82,771).I 2 (%), P","stage 2 ( n /thinspace = /thinspace18,845).95%Ci",tsi + eur + ibs + gbr + eas + fin,meta + discovery + combined + replication,haplotype reference consortium (hrc) + 1000 genomes (1000g),genotyping + wes + sequencing + wgs,,uk biobank + dbgap + adgc + eadi + charge + niagads + gerad perades
,,0.216,rs429358,19.0,45411941,T/C,,"stage 1 discovery ( n /thinspace = /thinspace63,926).P","stage 2 ( n /thinspace = /thinspace18,845).95%Ci",tsi + eur + ibs + gbr + eas + fin,meta + discovery + combined + replication,haplotype reference consortium (hrc) + 1000 genomes (1000g),genotyping + wes + sequencing + wgs,,uk biobank + dbgap + adgc + eadi + charge + niagads + gerad perades
,,0.216,rs429358,19.0,45411941,T/C,,"stage 2 ( n /thinspace = /thinspace18,845).P","stage 2 ( n /thinspace = /thinspace18,845).95%Ci",tsi + eur + ibs + gbr + eas + fin,meta + discovery + combined + replication,haplotype reference consortium (hrc) + 1000 genomes (1000g),genotyping + wes + sequencing + wgs,,uk biobank + dbgap + adgc + eadi + charge + niagads + gerad perades
,,0.216,rs429358,19.0,45411941,T/C,,"Overall stage 1/thinspace + /thinspacestage 2 ( n /thinspace = /thinspace82,771).Meta P","stage 2 ( n /thinspace = /thinspace18,845).95%Ci",tsi + eur + ibs + gbr + eas + fin,meta + discovery + combined + replication,haplotype reference consortium (hrc) + 1000 genomes (1000g),genotyping + wes + sequencing + wgs,,uk biobank + dbgap + adgc + eadi + charge + niagads + gerad perades
,,0.216,rs429358,19.0,45411941,T/C,,"Overall stage 1/thinspace + /thinspacestage 2 ( n /thinspace = /thinspace82,771).I 2 (%), P","stage 2 ( n /thinspace = /thinspace18,845).95%Ci",tsi + eur + ibs + gbr + eas + fin,meta + discovery + combined + replication,haplotype reference consortium (hrc) + 1000 genomes (1000g),genotyping + wes + sequencing + wgs,,uk biobank + dbgap + adgc + eadi + charge + niagads + gerad perades
,0.82,0.088,rs6024870,20.0,54997568,G/A,,"stage 1 discovery ( n /thinspace = /thinspace63,926).P","stage 2 ( n /thinspace = /thinspace18,845).95%Ci",tsi + eur + ibs + gbr + eas + fin,meta + discovery + combined + replication,haplotype reference consortium (hrc) + 1000 genomes (1000g),genotyping + wes + sequencing + wgs,,uk biobank + dbgap + adgc + eadi + charge + niagads + gerad perades
,0.82,0.088,rs6024870,20.0,54997568,G/A,,"stage 2 ( n /thinspace = /thinspace18,845).P","stage 2 ( n /thinspace = /thinspace18,845).95%Ci",tsi + eur + ibs + gbr + eas + fin,meta + discovery + combined + replication,haplotype reference consortium (hrc) + 1000 genomes (1000g),genotyping + wes + sequencing + wgs,,uk biobank + dbgap + adgc + eadi + charge + niagads + gerad perades
,0.82,0.088,rs6024870,20.0,54997568,G/A,,"Overall stage 1/thinspace + /thinspacestage 2 ( n /thinspace = /thinspace82,771).Meta P","stage 2 ( n /thinspace = /thinspace18,845).95%Ci",tsi + eur + ibs + gbr + eas + fin,meta + discovery + combined + replication,haplotype reference consortium (hrc) + 1000 genomes (1000g),genotyping + wes + sequencing + wgs,,uk biobank + dbgap + adgc + eadi + charge + niagads + gerad perades
,0.82,0.088,rs6024870,20.0,54997568,G/A,,"Overall stage 1/thinspace + /thinspacestage 2 ( n /thinspace = /thinspace82,771).I 2 (%), P","stage 2 ( n /thinspace = /thinspace18,845).95%Ci",tsi + eur + ibs + gbr + eas + fin,meta + discovery + combined + replication,haplotype reference consortium (hrc) + 1000 genomes (1000g),genotyping + wes + sequencing + wgs,,uk biobank + dbgap + adgc + eadi + charge + niagads + gerad perades
,1.02,0.389,rs7920721,10.0,11720308,A/G,,"stage 1 discovery ( n /thinspace = /thinspace63,926).P","stage 2 ( n /thinspace = /thinspace18,845).95%Ci",tsi + eur + ibs + gbr + eas + fin,meta + discovery + combined + replication,haplotype reference consortium (hrc) + 1000 genomes (1000g),genotyping + wes + sequencing + wgs,,uk biobank + dbgap + adgc + eadi + charge + niagads + gerad perades
,1.02,0.389,rs7920721,10.0,11720308,A/G,,"stage 2 ( n /thinspace = /thinspace18,845).P","stage 2 ( n /thinspace = /thinspace18,845).95%Ci",tsi + eur + ibs + gbr + eas + fin,meta + discovery + combined + replication,haplotype reference consortium (hrc) + 1000 genomes (1000g),genotyping + wes + sequencing + wgs,,uk biobank + dbgap + adgc + eadi + charge + niagads + gerad perades
,1.02,0.389,rs7920721,10.0,11720308,A/G,,"Overall stage 1/thinspace + /thinspacestage 2 ( n /thinspace = /thinspace82,771).Meta P","stage 2 ( n /thinspace = /thinspace18,845).95%Ci",tsi + eur + ibs + gbr + eas + fin,meta + discovery + combined + replication,haplotype reference consortium (hrc) + 1000 genomes (1000g),genotyping + wes + sequencing + wgs,,uk biobank + dbgap + adgc + eadi + charge + niagads + gerad perades
,1.02,0.389,rs7920721,10.0,11720308,A/G,,"Overall stage 1/thinspace + /thinspacestage 2 ( n /thinspace = /thinspace82,771).I 2 (%), P","stage 2 ( n /thinspace = /thinspace18,845).95%Ci",tsi + eur + ibs + gbr + eas + fin,meta + discovery + combined + replication,haplotype reference consortium (hrc) + 1000 genomes (1000g),genotyping + wes + sequencing + wgs,,uk biobank + dbgap + adgc + eadi + charge + niagads + gerad perades
,1.18,0.02,rs138190086,17.0,61538148,G/A,,"stage 1 discovery ( n /thinspace = /thinspace63,926).P","stage 2 ( n /thinspace = /thinspace18,845).95%Ci",tsi + eur + ibs + gbr + eas + fin,meta + discovery + combined + replication,haplotype reference consortium (hrc) + 1000 genomes (1000g),genotyping + wes + sequencing + wgs,,uk biobank + dbgap + adgc + eadi + charge + niagads + gerad perades
,1.18,0.02,rs138190086,17.0,61538148,G/A,,"stage 2 ( n /thinspace = /thinspace18,845).P","stage 2 ( n /thinspace = /thinspace18,845).95%Ci",tsi + eur + ibs + gbr + eas + fin,meta + discovery + combined + replication,haplotype reference consortium (hrc) + 1000 genomes (1000g),genotyping + wes + sequencing + wgs,,uk biobank + dbgap + adgc + eadi + charge + niagads + gerad perades
,1.18,0.02,rs138190086,17.0,61538148,G/A,,"Overall stage 1/thinspace + /thinspacestage 2 ( n /thinspace = /thinspace82,771).Meta P","stage 2 ( n /thinspace = /thinspace18,845).95%Ci",tsi + eur + ibs + gbr + eas + fin,meta + discovery + combined + replication,haplotype reference consortium (hrc) + 1000 genomes (1000g),genotyping + wes + sequencing + wgs,,uk biobank + dbgap + adgc + eadi + charge + niagads + gerad perades
,1.18,0.02,rs138190086,17.0,61538148,G/A,,"Overall stage 1/thinspace + /thinspacestage 2 ( n /thinspace = /thinspace82,771).I 2 (%), P","stage 2 ( n /thinspace = /thinspace18,845).95%Ci",tsi + eur + ibs + gbr + eas + fin,meta + discovery + combined + replication,haplotype reference consortium (hrc) + 1000 genomes (1000g),genotyping + wes + sequencing + wgs,,uk biobank + dbgap + adgc + eadi + charge + niagads + gerad perades
,0.89,0.39,rs190982,5.0,88223420,A/G,,"stage 1 discovery ( n /thinspace = /thinspace63,926).P","stage 2 ( n /thinspace = /thinspace18,845).95%Ci",tsi + eur + ibs + gbr + eas + fin,meta + discovery + combined + replication,haplotype reference consortium (hrc) + 1000 genomes (1000g),genotyping + wes + sequencing + wgs,,uk biobank + dbgap + adgc + eadi + charge + niagads + gerad perades
,0.89,0.39,rs190982,5.0,88223420,A/G,,"stage 2 ( n /thinspace = /thinspace18,845).P","stage 2 ( n /thinspace = /thinspace18,845).95%Ci",tsi + eur + ibs + gbr + eas + fin,meta + discovery + combined + replication,haplotype reference consortium (hrc) + 1000 genomes (1000g),genotyping + wes + sequencing + wgs,,uk biobank + dbgap + adgc + eadi + charge + niagads + gerad perades
,0.89,0.39,rs190982,5.0,88223420,A/G,,"Overall stage 1/thinspace + /thinspacestage 2 ( n /thinspace = /thinspace82,771).Meta P","stage 2 ( n /thinspace = /thinspace18,845).95%Ci",tsi + eur + ibs + gbr + eas + fin,meta + discovery + combined + replication,haplotype reference consortium (hrc) + 1000 genomes (1000g),genotyping + wes + sequencing + wgs,,uk biobank + dbgap + adgc + eadi + charge + niagads + gerad perades
,0.89,0.39,rs190982,5.0,88223420,A/G,,"Overall stage 1/thinspace + /thinspacestage 2 ( n /thinspace = /thinspace82,771).I 2 (%), P","stage 2 ( n /thinspace = /thinspace18,845).95%Ci",tsi + eur + ibs + gbr + eas + fin,meta + discovery + combined + replication,haplotype reference consortium (hrc) + 1000 genomes (1000g),genotyping + wes + sequencing + wgs,,uk biobank + dbgap + adgc + eadi + charge + niagads + gerad perades
,0.87,0.356,rs4723711,7.0,37844263,A/T,,"stage 1 discovery ( n /thinspace = /thinspace63,926).P","stage 2 ( n /thinspace = /thinspace18,845).95%Ci",tsi + eur + ibs + gbr + eas + fin,meta + discovery + combined + replication,haplotype reference consortium (hrc) + 1000 genomes (1000g),genotyping + wes + sequencing + wgs,,uk biobank + dbgap + adgc + eadi + charge + niagads + gerad perades
,0.87,0.356,rs4723711,7.0,37844263,A/T,,"stage 2 ( n /thinspace = /thinspace18,845).P","stage 2 ( n /thinspace = /thinspace18,845).95%Ci",tsi + eur + ibs + gbr + eas + fin,meta + discovery + combined + replication,haplotype reference consortium (hrc) + 1000 genomes (1000g),genotyping + wes + sequencing + wgs,,uk biobank + dbgap + adgc + eadi + charge + niagads + gerad perades
,0.87,0.356,rs4723711,7.0,37844263,A/T,,"Overall stage 1/thinspace + /thinspacestage 2 ( n /thinspace = /thinspace82,771).Meta P","stage 2 ( n /thinspace = /thinspace18,845).95%Ci",tsi + eur + ibs + gbr + eas + fin,meta + discovery + combined + replication,haplotype reference consortium (hrc) + 1000 genomes (1000g),genotyping + wes + sequencing + wgs,,uk biobank + dbgap + adgc + eadi + charge + niagads + gerad perades
,0.87,0.356,rs4723711,7.0,37844263,A/T,,"Overall stage 1/thinspace + /thinspacestage 2 ( n /thinspace = /thinspace82,771).I 2 (%), P","stage 2 ( n /thinspace = /thinspace18,845).95%Ci",tsi + eur + ibs + gbr + eas + fin,meta + discovery + combined + replication,haplotype reference consortium (hrc) + 1000 genomes (1000g),genotyping + wes + sequencing + wgs,,uk biobank + dbgap + adgc + eadi + charge + niagads + gerad perades
,1.17,0.187,rs4844610,1.0,207802552,C/A,,"stage 1 discovery ( n /thinspace = /thinspace63,926).P","Overall stage 1/thinspace + /thinspacestage 2 ( n /thinspace = /thinspace82,771).OR",tsi + eur + ibs + gbr + eas + fin,meta + discovery + combined + replication,haplotype reference consortium (hrc) + 1000 genomes (1000g),genotyping + wes + sequencing + wgs,,uk biobank + dbgap + adgc + eadi + charge + niagads + gerad perades
,1.17,0.187,rs4844610,1.0,207802552,C/A,,"stage 2 ( n /thinspace = /thinspace18,845).P","Overall stage 1/thinspace + /thinspacestage 2 ( n /thinspace = /thinspace82,771).OR",tsi + eur + ibs + gbr + eas + fin,meta + discovery + combined + replication,haplotype reference consortium (hrc) + 1000 genomes (1000g),genotyping + wes + sequencing + wgs,,uk biobank + dbgap + adgc + eadi + charge + niagads + gerad perades
,1.17,0.187,rs4844610,1.0,207802552,C/A,,"Overall stage 1/thinspace + /thinspacestage 2 ( n /thinspace = /thinspace82,771).Meta P","Overall stage 1/thinspace + /thinspacestage 2 ( n /thinspace = /thinspace82,771).OR",tsi + eur + ibs + gbr + eas + fin,meta + discovery + combined + replication,haplotype reference consortium (hrc) + 1000 genomes (1000g),genotyping + wes + sequencing + wgs,,uk biobank + dbgap + adgc + eadi + charge + niagads + gerad perades
,1.17,0.187,rs4844610,1.0,207802552,C/A,,"Overall stage 1/thinspace + /thinspacestage 2 ( n /thinspace = /thinspace82,771).I 2 (%), P","Overall stage 1/thinspace + /thinspacestage 2 ( n /thinspace = /thinspace82,771).OR",tsi + eur + ibs + gbr + eas + fin,meta + discovery + combined + replication,haplotype reference consortium (hrc) + 1000 genomes (1000g),genotyping + wes + sequencing + wgs,,uk biobank + dbgap + adgc + eadi + charge + niagads + gerad perades
,1.2,0.407,rs6733839,2.0,127892810,C/T,,"stage 1 discovery ( n /thinspace = /thinspace63,926).P","Overall stage 1/thinspace + /thinspacestage 2 ( n /thinspace = /thinspace82,771).OR",tsi + eur + ibs + gbr + eas + fin,meta + discovery + combined + replication,haplotype reference consortium (hrc) + 1000 genomes (1000g),genotyping + wes + sequencing + wgs,,uk biobank + dbgap + adgc + eadi + charge + niagads + gerad perades
,1.2,0.407,rs6733839,2.0,127892810,C/T,,"stage 2 ( n /thinspace = /thinspace18,845).P","Overall stage 1/thinspace + /thinspacestage 2 ( n /thinspace = /thinspace82,771).OR",tsi + eur + ibs + gbr + eas + fin,meta + discovery + combined + replication,haplotype reference consortium (hrc) + 1000 genomes (1000g),genotyping + wes + sequencing + wgs,,uk biobank + dbgap + adgc + eadi + charge + niagads + gerad perades
,1.2,0.407,rs6733839,2.0,127892810,C/T,,"Overall stage 1/thinspace + /thinspacestage 2 ( n /thinspace = /thinspace82,771).Meta P","Overall stage 1/thinspace + /thinspacestage 2 ( n /thinspace = /thinspace82,771).OR",tsi + eur + ibs + gbr + eas + fin,meta + discovery + combined + replication,haplotype reference consortium (hrc) + 1000 genomes (1000g),genotyping + wes + sequencing + wgs,,uk biobank + dbgap + adgc + eadi + charge + niagads + gerad perades
,1.2,0.407,rs6733839,2.0,127892810,C/T,,"Overall stage 1/thinspace + /thinspacestage 2 ( n /thinspace = /thinspace82,771).I 2 (%), P","Overall stage 1/thinspace + /thinspacestage 2 ( n /thinspace = /thinspace82,771).OR",tsi + eur + ibs + gbr + eas + fin,meta + discovery + combined + replication,haplotype reference consortium (hrc) + 1000 genomes (1000g),genotyping + wes + sequencing + wgs,,uk biobank + dbgap + adgc + eadi + charge + niagads + gerad perades
,0.91,0.223,rs10933431,2.0,233981912,C/G,,"stage 1 discovery ( n /thinspace = /thinspace63,926).P","Overall stage 1/thinspace + /thinspacestage 2 ( n /thinspace = /thinspace82,771).OR",tsi + eur + ibs + gbr + eas + fin,meta + discovery + combined + replication,haplotype reference consortium (hrc) + 1000 genomes (1000g),genotyping + wes + sequencing + wgs,,uk biobank + dbgap + adgc + eadi + charge + niagads + gerad perades
,0.91,0.223,rs10933431,2.0,233981912,C/G,,"stage 2 ( n /thinspace = /thinspace18,845).P","Overall stage 1/thinspace + /thinspacestage 2 ( n /thinspace = /thinspace82,771).OR",tsi + eur + ibs + gbr + eas + fin,meta + discovery + combined + replication,haplotype reference consortium (hrc) + 1000 genomes (1000g),genotyping + wes + sequencing + wgs,,uk biobank + dbgap + adgc + eadi + charge + niagads + gerad perades
,0.91,0.223,rs10933431,2.0,233981912,C/G,,"Overall stage 1/thinspace + /thinspacestage 2 ( n /thinspace = /thinspace82,771).Meta P","Overall stage 1/thinspace + /thinspacestage 2 ( n /thinspace = /thinspace82,771).OR",tsi + eur + ibs + gbr + eas + fin,meta + discovery + combined + replication,haplotype reference consortium (hrc) + 1000 genomes (1000g),genotyping + wes + sequencing + wgs,,uk biobank + dbgap + adgc + eadi + charge + niagads + gerad perades
,0.91,0.223,rs10933431,2.0,233981912,C/G,,"Overall stage 1/thinspace + /thinspacestage 2 ( n /thinspace = /thinspace82,771).I 2 (%), P","Overall stage 1/thinspace + /thinspacestage 2 ( n /thinspace = /thinspace82,771).OR",tsi + eur + ibs + gbr + eas + fin,meta + discovery + combined + replication,haplotype reference consortium (hrc) + 1000 genomes (1000g),genotyping + wes + sequencing + wgs,,uk biobank + dbgap + adgc + eadi + charge + niagads + gerad perades
,1.1,0.27,rs9271058,6.0,32575406,T/A,,"stage 1 discovery ( n /thinspace = /thinspace63,926).P","Overall stage 1/thinspace + /thinspacestage 2 ( n /thinspace = /thinspace82,771).OR",tsi + eur + ibs + gbr + eas + fin,meta + discovery + combined + replication,haplotype reference consortium (hrc) + 1000 genomes (1000g),genotyping + wes + sequencing + wgs,,uk biobank + dbgap + adgc + eadi + charge + niagads + gerad perades
,1.1,0.27,rs9271058,6.0,32575406,T/A,,"stage 2 ( n /thinspace = /thinspace18,845).P","Overall stage 1/thinspace + /thinspacestage 2 ( n /thinspace = /thinspace82,771).OR",tsi + eur + ibs + gbr + eas + fin,meta + discovery + combined + replication,haplotype reference consortium (hrc) + 1000 genomes (1000g),genotyping + wes + sequencing + wgs,,uk biobank + dbgap + adgc + eadi + charge + niagads + gerad perades
,1.1,0.27,rs9271058,6.0,32575406,T/A,,"Overall stage 1/thinspace + /thinspacestage 2 ( n /thinspace = /thinspace82,771).Meta P","Overall stage 1/thinspace + /thinspacestage 2 ( n /thinspace = /thinspace82,771).OR",tsi + eur + ibs + gbr + eas + fin,meta + discovery + combined + replication,haplotype reference consortium (hrc) + 1000 genomes (1000g),genotyping + wes + sequencing + wgs,,uk biobank + dbgap + adgc + eadi + charge + niagads + gerad perades
,1.1,0.27,rs9271058,6.0,32575406,T/A,,"Overall stage 1/thinspace + /thinspacestage 2 ( n /thinspace = /thinspace82,771).I 2 (%), P","Overall stage 1/thinspace + /thinspacestage 2 ( n /thinspace = /thinspace82,771).OR",tsi + eur + ibs + gbr + eas + fin,meta + discovery + combined + replication,haplotype reference consortium (hrc) + 1000 genomes (1000g),genotyping + wes + sequencing + wgs,,uk biobank + dbgap + adgc + eadi + charge + niagads + gerad perades
,2.08,0.008,rs75932628,6.0,41129252,C/T,,"stage 1 discovery ( n /thinspace = /thinspace63,926).P","Overall stage 1/thinspace + /thinspacestage 2 ( n /thinspace = /thinspace82,771).OR",tsi + eur + ibs + gbr + eas + fin,meta + discovery + combined + replication,haplotype reference consortium (hrc) + 1000 genomes (1000g),genotyping + wes + sequencing + wgs,,uk biobank + dbgap + adgc + eadi + charge + niagads + gerad perades
,2.08,0.008,rs75932628,6.0,41129252,C/T,,"stage 2 ( n /thinspace = /thinspace18,845).P","Overall stage 1/thinspace + /thinspacestage 2 ( n /thinspace = /thinspace82,771).OR",tsi + eur + ibs + gbr + eas + fin,meta + discovery + combined + replication,haplotype reference consortium (hrc) + 1000 genomes (1000g),genotyping + wes + sequencing + wgs,,uk biobank + dbgap + adgc + eadi + charge + niagads + gerad perades
,2.08,0.008,rs75932628,6.0,41129252,C/T,,"Overall stage 1/thinspace + /thinspacestage 2 ( n /thinspace = /thinspace82,771).Meta P","Overall stage 1/thinspace + /thinspacestage 2 ( n /thinspace = /thinspace82,771).OR",tsi + eur + ibs + gbr + eas + fin,meta + discovery + combined + replication,haplotype reference consortium (hrc) + 1000 genomes (1000g),genotyping + wes + sequencing + wgs,,uk biobank + dbgap + adgc + eadi + charge + niagads + gerad perades
,2.08,0.008,rs75932628,6.0,41129252,C/T,,"Overall stage 1/thinspace + /thinspacestage 2 ( n /thinspace = /thinspace82,771).I 2 (%), P","Overall stage 1/thinspace + /thinspacestage 2 ( n /thinspace = /thinspace82,771).OR",tsi + eur + ibs + gbr + eas + fin,meta + discovery + combined + replication,haplotype reference consortium (hrc) + 1000 genomes (1000g),genotyping + wes + sequencing + wgs,,uk biobank + dbgap + adgc + eadi + charge + niagads + gerad perades
,1.09,0.28,rs9473117,6.0,47431284,A/C,,"stage 1 discovery ( n /thinspace = /thinspace63,926).P","Overall stage 1/thinspace + /thinspacestage 2 ( n /thinspace = /thinspace82,771).OR",tsi + eur + ibs + gbr + eas + fin,meta + discovery + combined + replication,haplotype reference consortium (hrc) + 1000 genomes (1000g),genotyping + wes + sequencing + wgs,,uk biobank + dbgap + adgc + eadi + charge + niagads + gerad perades
,1.09,0.28,rs9473117,6.0,47431284,A/C,,"stage 2 ( n /thinspace = /thinspace18,845).P","Overall stage 1/thinspace + /thinspacestage 2 ( n /thinspace = /thinspace82,771).OR",tsi + eur + ibs + gbr + eas + fin,meta + discovery + combined + replication,haplotype reference consortium (hrc) + 1000 genomes (1000g),genotyping + wes + sequencing + wgs,,uk biobank + dbgap + adgc + eadi + charge + niagads + gerad perades
,1.09,0.28,rs9473117,6.0,47431284,A/C,,"Overall stage 1/thinspace + /thinspacestage 2 ( n /thinspace = /thinspace82,771).Meta P","Overall stage 1/thinspace + /thinspacestage 2 ( n /thinspace = /thinspace82,771).OR",tsi + eur + ibs + gbr + eas + fin,meta + discovery + combined + replication,haplotype reference consortium (hrc) + 1000 genomes (1000g),genotyping + wes + sequencing + wgs,,uk biobank + dbgap + adgc + eadi + charge + niagads + gerad perades
,1.09,0.28,rs9473117,6.0,47431284,A/C,,"Overall stage 1/thinspace + /thinspacestage 2 ( n /thinspace = /thinspace82,771).I 2 (%), P","Overall stage 1/thinspace + /thinspacestage 2 ( n /thinspace = /thinspace82,771).OR",tsi + eur + ibs + gbr + eas + fin,meta + discovery + combined + replication,haplotype reference consortium (hrc) + 1000 genomes (1000g),genotyping + wes + sequencing + wgs,,uk biobank + dbgap + adgc + eadi + charge + niagads + gerad perades
,0.92,0.303,rs12539172,7.0,100091795,C/T,,"stage 1 discovery ( n /thinspace = /thinspace63,926).P","Overall stage 1/thinspace + /thinspacestage 2 ( n /thinspace = /thinspace82,771).OR",tsi + eur + ibs + gbr + eas + fin,meta + discovery + combined + replication,haplotype reference consortium (hrc) + 1000 genomes (1000g),genotyping + wes + sequencing + wgs,,uk biobank + dbgap + adgc + eadi + charge + niagads + gerad perades
,0.92,0.303,rs12539172,7.0,100091795,C/T,,"stage 2 ( n /thinspace = /thinspace18,845).P","Overall stage 1/thinspace + /thinspacestage 2 ( n /thinspace = /thinspace82,771).OR",tsi + eur + ibs + gbr + eas + fin,meta + discovery + combined + replication,haplotype reference consortium (hrc) + 1000 genomes (1000g),genotyping + wes + sequencing + wgs,,uk biobank + dbgap + adgc + eadi + charge + niagads + gerad perades
,0.92,0.303,rs12539172,7.0,100091795,C/T,,"Overall stage 1/thinspace + /thinspacestage 2 ( n /thinspace = /thinspace82,771).Meta P","Overall stage 1/thinspace + /thinspacestage 2 ( n /thinspace = /thinspace82,771).OR",tsi + eur + ibs + gbr + eas + fin,meta + discovery + combined + replication,haplotype reference consortium (hrc) + 1000 genomes (1000g),genotyping + wes + sequencing + wgs,,uk biobank + dbgap + adgc + eadi + charge + niagads + gerad perades
,0.92,0.303,rs12539172,7.0,100091795,C/T,,"Overall stage 1/thinspace + /thinspacestage 2 ( n /thinspace = /thinspace82,771).I 2 (%), P","Overall stage 1/thinspace + /thinspacestage 2 ( n /thinspace = /thinspace82,771).OR",tsi + eur + ibs + gbr + eas + fin,meta + discovery + combined + replication,haplotype reference consortium (hrc) + 1000 genomes (1000g),genotyping + wes + sequencing + wgs,,uk biobank + dbgap + adgc + eadi + charge + niagads + gerad perades
,0.9,0.199,rs10808026,7.0,143099133,C/A,,"stage 1 discovery ( n /thinspace = /thinspace63,926).P","Overall stage 1/thinspace + /thinspacestage 2 ( n /thinspace = /thinspace82,771).OR",tsi + eur + ibs + gbr + eas + fin,meta + discovery + combined + replication,haplotype reference consortium (hrc) + 1000 genomes (1000g),genotyping + wes + sequencing + wgs,,uk biobank + dbgap + adgc + eadi + charge + niagads + gerad perades
,0.9,0.199,rs10808026,7.0,143099133,C/A,,"stage 2 ( n /thinspace = /thinspace18,845).P","Overall stage 1/thinspace + /thinspacestage 2 ( n /thinspace = /thinspace82,771).OR",tsi + eur + ibs + gbr + eas + fin,meta + discovery + combined + replication,haplotype reference consortium (hrc) + 1000 genomes (1000g),genotyping + wes + sequencing + wgs,,uk biobank + dbgap + adgc + eadi + charge + niagads + gerad perades
,0.9,0.199,rs10808026,7.0,143099133,C/A,,"Overall stage 1/thinspace + /thinspacestage 2 ( n /thinspace = /thinspace82,771).Meta P","Overall stage 1/thinspace + /thinspacestage 2 ( n /thinspace = /thinspace82,771).OR",tsi + eur + ibs + gbr + eas + fin,meta + discovery + combined + replication,haplotype reference consortium (hrc) + 1000 genomes (1000g),genotyping + wes + sequencing + wgs,,uk biobank + dbgap + adgc + eadi + charge + niagads + gerad perades
,0.9,0.199,rs10808026,7.0,143099133,C/A,,"Overall stage 1/thinspace + /thinspacestage 2 ( n /thinspace = /thinspace82,771).I 2 (%), P","Overall stage 1/thinspace + /thinspacestage 2 ( n /thinspace = /thinspace82,771).OR",tsi + eur + ibs + gbr + eas + fin,meta + discovery + combined + replication,haplotype reference consortium (hrc) + 1000 genomes (1000g),genotyping + wes + sequencing + wgs,,uk biobank + dbgap + adgc + eadi + charge + niagads + gerad perades
,1.1,0.367,rs73223431,8.0,27219987,C/T,,"stage 1 discovery ( n /thinspace = /thinspace63,926).P","Overall stage 1/thinspace + /thinspacestage 2 ( n /thinspace = /thinspace82,771).OR",tsi + eur + ibs + gbr + eas + fin,meta + discovery + combined + replication,haplotype reference consortium (hrc) + 1000 genomes (1000g),genotyping + wes + sequencing + wgs,,uk biobank + dbgap + adgc + eadi + charge + niagads + gerad perades
,1.1,0.367,rs73223431,8.0,27219987,C/T,,"stage 2 ( n /thinspace = /thinspace18,845).P","Overall stage 1/thinspace + /thinspacestage 2 ( n /thinspace = /thinspace82,771).OR",tsi + eur + ibs + gbr + eas + fin,meta + discovery + combined + replication,haplotype reference consortium (hrc) + 1000 genomes (1000g),genotyping + wes + sequencing + wgs,,uk biobank + dbgap + adgc + eadi + charge + niagads + gerad perades
,1.1,0.367,rs73223431,8.0,27219987,C/T,,"Overall stage 1/thinspace + /thinspacestage 2 ( n /thinspace = /thinspace82,771).Meta P","Overall stage 1/thinspace + /thinspacestage 2 ( n /thinspace = /thinspace82,771).OR",tsi + eur + ibs + gbr + eas + fin,meta + discovery + combined + replication,haplotype reference consortium (hrc) + 1000 genomes (1000g),genotyping + wes + sequencing + wgs,,uk biobank + dbgap + adgc + eadi + charge + niagads + gerad perades
,1.1,0.367,rs73223431,8.0,27219987,C/T,,"Overall stage 1/thinspace + /thinspacestage 2 ( n /thinspace = /thinspace82,771).I 2 (%), P","Overall stage 1/thinspace + /thinspacestage 2 ( n /thinspace = /thinspace82,771).OR",tsi + eur + ibs + gbr + eas + fin,meta + discovery + combined + replication,haplotype reference consortium (hrc) + 1000 genomes (1000g),genotyping + wes + sequencing + wgs,,uk biobank + dbgap + adgc + eadi + charge + niagads + gerad perades
,0.88,0.387,rs9331896,8.0,27467686,T/C,,"stage 1 discovery ( n /thinspace = /thinspace63,926).P","Overall stage 1/thinspace + /thinspacestage 2 ( n /thinspace = /thinspace82,771).OR",tsi + eur + ibs + gbr + eas + fin,meta + discovery + combined + replication,haplotype reference consortium (hrc) + 1000 genomes (1000g),genotyping + wes + sequencing + wgs,,uk biobank + dbgap + adgc + eadi + charge + niagads + gerad perades
,0.88,0.387,rs9331896,8.0,27467686,T/C,,"stage 2 ( n /thinspace = /thinspace18,845).P","Overall stage 1/thinspace + /thinspacestage 2 ( n /thinspace = /thinspace82,771).OR",tsi + eur + ibs + gbr + eas + fin,meta + discovery + combined + replication,haplotype reference consortium (hrc) + 1000 genomes (1000g),genotyping + wes + sequencing + wgs,,uk biobank + dbgap + adgc + eadi + charge + niagads + gerad perades
,0.88,0.387,rs9331896,8.0,27467686,T/C,,"Overall stage 1/thinspace + /thinspacestage 2 ( n /thinspace = /thinspace82,771).Meta P","Overall stage 1/thinspace + /thinspacestage 2 ( n /thinspace = /thinspace82,771).OR",tsi + eur + ibs + gbr + eas + fin,meta + discovery + combined + replication,haplotype reference consortium (hrc) + 1000 genomes (1000g),genotyping + wes + sequencing + wgs,,uk biobank + dbgap + adgc + eadi + charge + niagads + gerad perades
,0.88,0.387,rs9331896,8.0,27467686,T/C,,"Overall stage 1/thinspace + /thinspacestage 2 ( n /thinspace = /thinspace82,771).I 2 (%), P","Overall stage 1/thinspace + /thinspacestage 2 ( n /thinspace = /thinspace82,771).OR",tsi + eur + ibs + gbr + eas + fin,meta + discovery + combined + replication,haplotype reference consortium (hrc) + 1000 genomes (1000g),genotyping + wes + sequencing + wgs,,uk biobank + dbgap + adgc + eadi + charge + niagads + gerad perades
,0.92,0.448,rs3740688,11.0,47380340,T/G,,"stage 1 discovery ( n /thinspace = /thinspace63,926).P","Overall stage 1/thinspace + /thinspacestage 2 ( n /thinspace = /thinspace82,771).OR",tsi + eur + ibs + gbr + eas + fin,meta + discovery + combined + replication,haplotype reference consortium (hrc) + 1000 genomes (1000g),genotyping + wes + sequencing + wgs,,uk biobank + dbgap + adgc + eadi + charge + niagads + gerad perades
,0.92,0.448,rs3740688,11.0,47380340,T/G,,"stage 2 ( n /thinspace = /thinspace18,845).P","Overall stage 1/thinspace + /thinspacestage 2 ( n /thinspace = /thinspace82,771).OR",tsi + eur + ibs + gbr + eas + fin,meta + discovery + combined + replication,haplotype reference consortium (hrc) + 1000 genomes (1000g),genotyping + wes + sequencing + wgs,,uk biobank + dbgap + adgc + eadi + charge + niagads + gerad perades
,0.92,0.448,rs3740688,11.0,47380340,T/G,,"Overall stage 1/thinspace + /thinspacestage 2 ( n /thinspace = /thinspace82,771).Meta P","Overall stage 1/thinspace + /thinspacestage 2 ( n /thinspace = /thinspace82,771).OR",tsi + eur + ibs + gbr + eas + fin,meta + discovery + combined + replication,haplotype reference consortium (hrc) + 1000 genomes (1000g),genotyping + wes + sequencing + wgs,,uk biobank + dbgap + adgc + eadi + charge + niagads + gerad perades
,0.92,0.448,rs3740688,11.0,47380340,T/G,,"Overall stage 1/thinspace + /thinspacestage 2 ( n /thinspace = /thinspace82,771).I 2 (%), P","Overall stage 1/thinspace + /thinspacestage 2 ( n /thinspace = /thinspace82,771).OR",tsi + eur + ibs + gbr + eas + fin,meta + discovery + combined + replication,haplotype reference consortium (hrc) + 1000 genomes (1000g),genotyping + wes + sequencing + wgs,,uk biobank + dbgap + adgc + eadi + charge + niagads + gerad perades
,0.89,0.391,rs7933202,11.0,59936926,A/C,,"stage 1 discovery ( n /thinspace = /thinspace63,926).P","Overall stage 1/thinspace + /thinspacestage 2 ( n /thinspace = /thinspace82,771).OR",tsi + eur + ibs + gbr + eas + fin,meta + discovery + combined + replication,haplotype reference consortium (hrc) + 1000 genomes (1000g),genotyping + wes + sequencing + wgs,,uk biobank + dbgap + adgc + eadi + charge + niagads + gerad perades
,0.89,0.391,rs7933202,11.0,59936926,A/C,,"stage 2 ( n /thinspace = /thinspace18,845).P","Overall stage 1/thinspace + /thinspacestage 2 ( n /thinspace = /thinspace82,771).OR",tsi + eur + ibs + gbr + eas + fin,meta + discovery + combined + replication,haplotype reference consortium (hrc) + 1000 genomes (1000g),genotyping + wes + sequencing + wgs,,uk biobank + dbgap + adgc + eadi + charge + niagads + gerad perades
,0.89,0.391,rs7933202,11.0,59936926,A/C,,"Overall stage 1/thinspace + /thinspacestage 2 ( n /thinspace = /thinspace82,771).Meta P","Overall stage 1/thinspace + /thinspacestage 2 ( n /thinspace = /thinspace82,771).OR",tsi + eur + ibs + gbr + eas + fin,meta + discovery + combined + replication,haplotype reference consortium (hrc) + 1000 genomes (1000g),genotyping + wes + sequencing + wgs,,uk biobank + dbgap + adgc + eadi + charge + niagads + gerad perades
,0.89,0.391,rs7933202,11.0,59936926,A/C,,"Overall stage 1/thinspace + /thinspacestage 2 ( n /thinspace = /thinspace82,771).I 2 (%), P","Overall stage 1/thinspace + /thinspacestage 2 ( n /thinspace = /thinspace82,771).OR",tsi + eur + ibs + gbr + eas + fin,meta + discovery + combined + replication,haplotype reference consortium (hrc) + 1000 genomes (1000g),genotyping + wes + sequencing + wgs,,uk biobank + dbgap + adgc + eadi + charge + niagads + gerad perades
,0.88,0.356,rs3851179,11.0,85868640,C/T,,"stage 1 discovery ( n /thinspace = /thinspace63,926).P","Overall stage 1/thinspace + /thinspacestage 2 ( n /thinspace = /thinspace82,771).OR",tsi + eur + ibs + gbr + eas + fin,meta + discovery + combined + replication,haplotype reference consortium (hrc) + 1000 genomes (1000g),genotyping + wes + sequencing + wgs,,uk biobank + dbgap + adgc + eadi + charge + niagads + gerad perades
,0.88,0.356,rs3851179,11.0,85868640,C/T,,"stage 2 ( n /thinspace = /thinspace18,845).P","Overall stage 1/thinspace + /thinspacestage 2 ( n /thinspace = /thinspace82,771).OR",tsi + eur + ibs + gbr + eas + fin,meta + discovery + combined + replication,haplotype reference consortium (hrc) + 1000 genomes (1000g),genotyping + wes + sequencing + wgs,,uk biobank + dbgap + adgc + eadi + charge + niagads + gerad perades
,0.88,0.356,rs3851179,11.0,85868640,C/T,,"Overall stage 1/thinspace + /thinspacestage 2 ( n /thinspace = /thinspace82,771).Meta P","Overall stage 1/thinspace + /thinspacestage 2 ( n /thinspace = /thinspace82,771).OR",tsi + eur + ibs + gbr + eas + fin,meta + discovery + combined + replication,haplotype reference consortium (hrc) + 1000 genomes (1000g),genotyping + wes + sequencing + wgs,,uk biobank + dbgap + adgc + eadi + charge + niagads + gerad perades
,0.88,0.356,rs3851179,11.0,85868640,C/T,,"Overall stage 1/thinspace + /thinspacestage 2 ( n /thinspace = /thinspace82,771).I 2 (%), P","Overall stage 1/thinspace + /thinspacestage 2 ( n /thinspace = /thinspace82,771).OR",tsi + eur + ibs + gbr + eas + fin,meta + discovery + combined + replication,haplotype reference consortium (hrc) + 1000 genomes (1000g),genotyping + wes + sequencing + wgs,,uk biobank + dbgap + adgc + eadi + charge + niagads + gerad perades
,0.8,0.04,rs11218343,11.0,121435587,T/C,,"stage 1 discovery ( n /thinspace = /thinspace63,926).P","Overall stage 1/thinspace + /thinspacestage 2 ( n /thinspace = /thinspace82,771).OR",tsi + eur + ibs + gbr + eas + fin,meta + discovery + combined + replication,haplotype reference consortium (hrc) + 1000 genomes (1000g),genotyping + wes + sequencing + wgs,,uk biobank + dbgap + adgc + eadi + charge + niagads + gerad perades
,0.8,0.04,rs11218343,11.0,121435587,T/C,,"stage 2 ( n /thinspace = /thinspace18,845).P","Overall stage 1/thinspace + /thinspacestage 2 ( n /thinspace = /thinspace82,771).OR",tsi + eur + ibs + gbr + eas + fin,meta + discovery + combined + replication,haplotype reference consortium (hrc) + 1000 genomes (1000g),genotyping + wes + sequencing + wgs,,uk biobank + dbgap + adgc + eadi + charge + niagads + gerad perades
,0.8,0.04,rs11218343,11.0,121435587,T/C,,"Overall stage 1/thinspace + /thinspacestage 2 ( n /thinspace = /thinspace82,771).Meta P","Overall stage 1/thinspace + /thinspacestage 2 ( n /thinspace = /thinspace82,771).OR",tsi + eur + ibs + gbr + eas + fin,meta + discovery + combined + replication,haplotype reference consortium (hrc) + 1000 genomes (1000g),genotyping + wes + sequencing + wgs,,uk biobank + dbgap + adgc + eadi + charge + niagads + gerad perades
,0.8,0.04,rs11218343,11.0,121435587,T/C,,"Overall stage 1/thinspace + /thinspacestage 2 ( n /thinspace = /thinspace82,771).I 2 (%), P","Overall stage 1/thinspace + /thinspacestage 2 ( n /thinspace = /thinspace82,771).OR",tsi + eur + ibs + gbr + eas + fin,meta + discovery + combined + replication,haplotype reference consortium (hrc) + 1000 genomes (1000g),genotyping + wes + sequencing + wgs,,uk biobank + dbgap + adgc + eadi + charge + niagads + gerad perades
,1.14,0.093,rs17125924,14.0,53391680,A/G,,"stage 1 discovery ( n /thinspace = /thinspace63,926).P","Overall stage 1/thinspace + /thinspacestage 2 ( n /thinspace = /thinspace82,771).OR",tsi + eur + ibs + gbr + eas + fin,meta + discovery + combined + replication,haplotype reference consortium (hrc) + 1000 genomes (1000g),genotyping + wes + sequencing + wgs,,uk biobank + dbgap + adgc + eadi + charge + niagads + gerad perades
,1.14,0.093,rs17125924,14.0,53391680,A/G,,"stage 2 ( n /thinspace = /thinspace18,845).P","Overall stage 1/thinspace + /thinspacestage 2 ( n /thinspace = /thinspace82,771).OR",tsi + eur + ibs + gbr + eas + fin,meta + discovery + combined + replication,haplotype reference consortium (hrc) + 1000 genomes (1000g),genotyping + wes + sequencing + wgs,,uk biobank + dbgap + adgc + eadi + charge + niagads + gerad perades
,1.14,0.093,rs17125924,14.0,53391680,A/G,,"Overall stage 1/thinspace + /thinspacestage 2 ( n /thinspace = /thinspace82,771).Meta P","Overall stage 1/thinspace + /thinspacestage 2 ( n /thinspace = /thinspace82,771).OR",tsi + eur + ibs + gbr + eas + fin,meta + discovery + combined + replication,haplotype reference consortium (hrc) + 1000 genomes (1000g),genotyping + wes + sequencing + wgs,,uk biobank + dbgap + adgc + eadi + charge + niagads + gerad perades
,1.14,0.093,rs17125924,14.0,53391680,A/G,,"Overall stage 1/thinspace + /thinspacestage 2 ( n /thinspace = /thinspace82,771).I 2 (%), P","Overall stage 1/thinspace + /thinspacestage 2 ( n /thinspace = /thinspace82,771).OR",tsi + eur + ibs + gbr + eas + fin,meta + discovery + combined + replication,haplotype reference consortium (hrc) + 1000 genomes (1000g),genotyping + wes + sequencing + wgs,,uk biobank + dbgap + adgc + eadi + charge + niagads + gerad perades
,0.92,0.221,rs12881735,14.0,92932828,T/C,,"stage 1 discovery ( n /thinspace = /thinspace63,926).P","Overall stage 1/thinspace + /thinspacestage 2 ( n /thinspace = /thinspace82,771).OR",tsi + eur + ibs + gbr + eas + fin,meta + discovery + combined + replication,haplotype reference consortium (hrc) + 1000 genomes (1000g),genotyping + wes + sequencing + wgs,,uk biobank + dbgap + adgc + eadi + charge + niagads + gerad perades
,0.92,0.221,rs12881735,14.0,92932828,T/C,,"stage 2 ( n /thinspace = /thinspace18,845).P","Overall stage 1/thinspace + /thinspacestage 2 ( n /thinspace = /thinspace82,771).OR",tsi + eur + ibs + gbr + eas + fin,meta + discovery + combined + replication,haplotype reference consortium (hrc) + 1000 genomes (1000g),genotyping + wes + sequencing + wgs,,uk biobank + dbgap + adgc + eadi + charge + niagads + gerad perades
7.4e-09,0.92,0.221,rs12881735,14.0,92932828,T/C,,"Overall stage 1/thinspace + /thinspacestage 2 ( n /thinspace = /thinspace82,771).Meta P","Overall stage 1/thinspace + /thinspacestage 2 ( n /thinspace = /thinspace82,771).OR",tsi + eur + ibs + gbr + eas + fin,meta + discovery + combined + replication,haplotype reference consortium (hrc) + 1000 genomes (1000g),genotyping + wes + sequencing + wgs,,uk biobank + dbgap + adgc + eadi + charge + niagads + gerad perades
,0.92,0.221,rs12881735,14.0,92932828,T/C,,"Overall stage 1/thinspace + /thinspacestage 2 ( n /thinspace = /thinspace82,771).I 2 (%), P","Overall stage 1/thinspace + /thinspacestage 2 ( n /thinspace = /thinspace82,771).OR",tsi + eur + ibs + gbr + eas + fin,meta + discovery + combined + replication,haplotype reference consortium (hrc) + 1000 genomes (1000g),genotyping + wes + sequencing + wgs,,uk biobank + dbgap + adgc + eadi + charge + niagads + gerad perades
,1.15,0.182,rs3752246,19.0,1056492,C/G,,"stage 1 discovery ( n /thinspace = /thinspace63,926).P","Overall stage 1/thinspace + /thinspacestage 2 ( n /thinspace = /thinspace82,771).OR",tsi + eur + ibs + gbr + eas + fin,meta + discovery + combined + replication,haplotype reference consortium (hrc) + 1000 genomes (1000g),genotyping + wes + sequencing + wgs,,uk biobank + dbgap + adgc + eadi + charge + niagads + gerad perades
,1.15,0.182,rs3752246,19.0,1056492,C/G,,"stage 2 ( n /thinspace = /thinspace18,845).P","Overall stage 1/thinspace + /thinspacestage 2 ( n /thinspace = /thinspace82,771).OR",tsi + eur + ibs + gbr + eas + fin,meta + discovery + combined + replication,haplotype reference consortium (hrc) + 1000 genomes (1000g),genotyping + wes + sequencing + wgs,,uk biobank + dbgap + adgc + eadi + charge + niagads + gerad perades
,1.15,0.182,rs3752246,19.0,1056492,C/G,,"Overall stage 1/thinspace + /thinspacestage 2 ( n /thinspace = /thinspace82,771).Meta P","Overall stage 1/thinspace + /thinspacestage 2 ( n /thinspace = /thinspace82,771).OR",tsi + eur + ibs + gbr + eas + fin,meta + discovery + combined + replication,haplotype reference consortium (hrc) + 1000 genomes (1000g),genotyping + wes + sequencing + wgs,,uk biobank + dbgap + adgc + eadi + charge + niagads + gerad perades
,1.15,0.182,rs3752246,19.0,1056492,C/G,,"Overall stage 1/thinspace + /thinspacestage 2 ( n /thinspace = /thinspace82,771).I 2 (%), P","Overall stage 1/thinspace + /thinspacestage 2 ( n /thinspace = /thinspace82,771).OR",tsi + eur + ibs + gbr + eas + fin,meta + discovery + combined + replication,haplotype reference consortium (hrc) + 1000 genomes (1000g),genotyping + wes + sequencing + wgs,,uk biobank + dbgap + adgc + eadi + charge + niagads + gerad perades
,,0.216,rs429358,19.0,45411941,T/C,,"stage 1 discovery ( n /thinspace = /thinspace63,926).P","Overall stage 1/thinspace + /thinspacestage 2 ( n /thinspace = /thinspace82,771).OR",tsi + eur + ibs + gbr + eas + fin,meta + discovery + combined + replication,haplotype reference consortium (hrc) + 1000 genomes (1000g),genotyping + wes + sequencing + wgs,,uk biobank + dbgap + adgc + eadi + charge + niagads + gerad perades
,,0.216,rs429358,19.0,45411941,T/C,,"stage 2 ( n /thinspace = /thinspace18,845).P","Overall stage 1/thinspace + /thinspacestage 2 ( n /thinspace = /thinspace82,771).OR",tsi + eur + ibs + gbr + eas + fin,meta + discovery + combined + replication,haplotype reference consortium (hrc) + 1000 genomes (1000g),genotyping + wes + sequencing + wgs,,uk biobank + dbgap + adgc + eadi + charge + niagads + gerad perades
,,0.216,rs429358,19.0,45411941,T/C,,"Overall stage 1/thinspace + /thinspacestage 2 ( n /thinspace = /thinspace82,771).Meta P","Overall stage 1/thinspace + /thinspacestage 2 ( n /thinspace = /thinspace82,771).OR",tsi + eur + ibs + gbr + eas + fin,meta + discovery + combined + replication,haplotype reference consortium (hrc) + 1000 genomes (1000g),genotyping + wes + sequencing + wgs,,uk biobank + dbgap + adgc + eadi + charge + niagads + gerad perades
,,0.216,rs429358,19.0,45411941,T/C,,"Overall stage 1/thinspace + /thinspacestage 2 ( n /thinspace = /thinspace82,771).I 2 (%), P","Overall stage 1/thinspace + /thinspacestage 2 ( n /thinspace = /thinspace82,771).OR",tsi + eur + ibs + gbr + eas + fin,meta + discovery + combined + replication,haplotype reference consortium (hrc) + 1000 genomes (1000g),genotyping + wes + sequencing + wgs,,uk biobank + dbgap + adgc + eadi + charge + niagads + gerad perades
,0.88,0.088,rs6024870,20.0,54997568,G/A,,"stage 1 discovery ( n /thinspace = /thinspace63,926).P","Overall stage 1/thinspace + /thinspacestage 2 ( n /thinspace = /thinspace82,771).OR",tsi + eur + ibs + gbr + eas + fin,meta + discovery + combined + replication,haplotype reference consortium (hrc) + 1000 genomes (1000g),genotyping + wes + sequencing + wgs,,uk biobank + dbgap + adgc + eadi + charge + niagads + gerad perades
,0.88,0.088,rs6024870,20.0,54997568,G/A,,"stage 2 ( n /thinspace = /thinspace18,845).P","Overall stage 1/thinspace + /thinspacestage 2 ( n /thinspace = /thinspace82,771).OR",tsi + eur + ibs + gbr + eas + fin,meta + discovery + combined + replication,haplotype reference consortium (hrc) + 1000 genomes (1000g),genotyping + wes + sequencing + wgs,,uk biobank + dbgap + adgc + eadi + charge + niagads + gerad perades
,0.88,0.088,rs6024870,20.0,54997568,G/A,,"Overall stage 1/thinspace + /thinspacestage 2 ( n /thinspace = /thinspace82,771).Meta P","Overall stage 1/thinspace + /thinspacestage 2 ( n /thinspace = /thinspace82,771).OR",tsi + eur + ibs + gbr + eas + fin,meta + discovery + combined + replication,haplotype reference consortium (hrc) + 1000 genomes (1000g),genotyping + wes + sequencing + wgs,,uk biobank + dbgap + adgc + eadi + charge + niagads + gerad perades
,0.88,0.088,rs6024870,20.0,54997568,G/A,,"Overall stage 1/thinspace + /thinspacestage 2 ( n /thinspace = /thinspace82,771).I 2 (%), P","Overall stage 1/thinspace + /thinspacestage 2 ( n /thinspace = /thinspace82,771).OR",tsi + eur + ibs + gbr + eas + fin,meta + discovery + combined + replication,haplotype reference consortium (hrc) + 1000 genomes (1000g),genotyping + wes + sequencing + wgs,,uk biobank + dbgap + adgc + eadi + charge + niagads + gerad perades
,1.08,0.389,rs7920721,10.0,11720308,A/G,,"stage 1 discovery ( n /thinspace = /thinspace63,926).P","Overall stage 1/thinspace + /thinspacestage 2 ( n /thinspace = /thinspace82,771).OR",tsi + eur + ibs + gbr + eas + fin,meta + discovery + combined + replication,haplotype reference consortium (hrc) + 1000 genomes (1000g),genotyping + wes + sequencing + wgs,,uk biobank + dbgap + adgc + eadi + charge + niagads + gerad perades
,1.08,0.389,rs7920721,10.0,11720308,A/G,,"stage 2 ( n /thinspace = /thinspace18,845).P","Overall stage 1/thinspace + /thinspacestage 2 ( n /thinspace = /thinspace82,771).OR",tsi + eur + ibs + gbr + eas + fin,meta + discovery + combined + replication,haplotype reference consortium (hrc) + 1000 genomes (1000g),genotyping + wes + sequencing + wgs,,uk biobank + dbgap + adgc + eadi + charge + niagads + gerad perades
,1.08,0.389,rs7920721,10.0,11720308,A/G,,"Overall stage 1/thinspace + /thinspacestage 2 ( n /thinspace = /thinspace82,771).Meta P","Overall stage 1/thinspace + /thinspacestage 2 ( n /thinspace = /thinspace82,771).OR",tsi + eur + ibs + gbr + eas + fin,meta + discovery + combined + replication,haplotype reference consortium (hrc) + 1000 genomes (1000g),genotyping + wes + sequencing + wgs,,uk biobank + dbgap + adgc + eadi + charge + niagads + gerad perades
,1.08,0.389,rs7920721,10.0,11720308,A/G,,"Overall stage 1/thinspace + /thinspacestage 2 ( n /thinspace = /thinspace82,771).I 2 (%), P","Overall stage 1/thinspace + /thinspacestage 2 ( n /thinspace = /thinspace82,771).OR",tsi + eur + ibs + gbr + eas + fin,meta + discovery + combined + replication,haplotype reference consortium (hrc) + 1000 genomes (1000g),genotyping + wes + sequencing + wgs,,uk biobank + dbgap + adgc + eadi + charge + niagads + gerad perades
,1.32,0.02,rs138190086,17.0,61538148,G/A,,"stage 1 discovery ( n /thinspace = /thinspace63,926).P","Overall stage 1/thinspace + /thinspacestage 2 ( n /thinspace = /thinspace82,771).OR",tsi + eur + ibs + gbr + eas + fin,meta + discovery + combined + replication,haplotype reference consortium (hrc) + 1000 genomes (1000g),genotyping + wes + sequencing + wgs,,uk biobank + dbgap + adgc + eadi + charge + niagads + gerad perades
,1.32,0.02,rs138190086,17.0,61538148,G/A,,"stage 2 ( n /thinspace = /thinspace18,845).P","Overall stage 1/thinspace + /thinspacestage 2 ( n /thinspace = /thinspace82,771).OR",tsi + eur + ibs + gbr + eas + fin,meta + discovery + combined + replication,haplotype reference consortium (hrc) + 1000 genomes (1000g),genotyping + wes + sequencing + wgs,,uk biobank + dbgap + adgc + eadi + charge + niagads + gerad perades
,1.32,0.02,rs138190086,17.0,61538148,G/A,,"Overall stage 1/thinspace + /thinspacestage 2 ( n /thinspace = /thinspace82,771).Meta P","Overall stage 1/thinspace + /thinspacestage 2 ( n /thinspace = /thinspace82,771).OR",tsi + eur + ibs + gbr + eas + fin,meta + discovery + combined + replication,haplotype reference consortium (hrc) + 1000 genomes (1000g),genotyping + wes + sequencing + wgs,,uk biobank + dbgap + adgc + eadi + charge + niagads + gerad perades
,1.32,0.02,rs138190086,17.0,61538148,G/A,,"Overall stage 1/thinspace + /thinspacestage 2 ( n /thinspace = /thinspace82,771).I 2 (%), P","Overall stage 1/thinspace + /thinspacestage 2 ( n /thinspace = /thinspace82,771).OR",tsi + eur + ibs + gbr + eas + fin,meta + discovery + combined + replication,haplotype reference consortium (hrc) + 1000 genomes (1000g),genotyping + wes + sequencing + wgs,,uk biobank + dbgap + adgc + eadi + charge + niagads + gerad perades
,0.94,0.39,rs190982,5.0,88223420,A/G,,"stage 1 discovery ( n /thinspace = /thinspace63,926).P","Overall stage 1/thinspace + /thinspacestage 2 ( n /thinspace = /thinspace82,771).OR",tsi + eur + ibs + gbr + eas + fin,meta + discovery + combined + replication,haplotype reference consortium (hrc) + 1000 genomes (1000g),genotyping + wes + sequencing + wgs,,uk biobank + dbgap + adgc + eadi + charge + niagads + gerad perades
,0.94,0.39,rs190982,5.0,88223420,A/G,,"stage 2 ( n /thinspace = /thinspace18,845).P","Overall stage 1/thinspace + /thinspacestage 2 ( n /thinspace = /thinspace82,771).OR",tsi + eur + ibs + gbr + eas + fin,meta + discovery + combined + replication,haplotype reference consortium (hrc) + 1000 genomes (1000g),genotyping + wes + sequencing + wgs,,uk biobank + dbgap + adgc + eadi + charge + niagads + gerad perades
,0.94,0.39,rs190982,5.0,88223420,A/G,,"Overall stage 1/thinspace + /thinspacestage 2 ( n /thinspace = /thinspace82,771).Meta P","Overall stage 1/thinspace + /thinspacestage 2 ( n /thinspace = /thinspace82,771).OR",tsi + eur + ibs + gbr + eas + fin,meta + discovery + combined + replication,haplotype reference consortium (hrc) + 1000 genomes (1000g),genotyping + wes + sequencing + wgs,,uk biobank + dbgap + adgc + eadi + charge + niagads + gerad perades
,0.94,0.39,rs190982,5.0,88223420,A/G,,"Overall stage 1/thinspace + /thinspacestage 2 ( n /thinspace = /thinspace82,771).I 2 (%), P","Overall stage 1/thinspace + /thinspacestage 2 ( n /thinspace = /thinspace82,771).OR",tsi + eur + ibs + gbr + eas + fin,meta + discovery + combined + replication,haplotype reference consortium (hrc) + 1000 genomes (1000g),genotyping + wes + sequencing + wgs,,uk biobank + dbgap + adgc + eadi + charge + niagads + gerad perades
,0.94,0.356,rs4723711,7.0,37844263,A/T,,"stage 1 discovery ( n /thinspace = /thinspace63,926).P","Overall stage 1/thinspace + /thinspacestage 2 ( n /thinspace = /thinspace82,771).OR",tsi + eur + ibs + gbr + eas + fin,meta + discovery + combined + replication,haplotype reference consortium (hrc) + 1000 genomes (1000g),genotyping + wes + sequencing + wgs,,uk biobank + dbgap + adgc + eadi + charge + niagads + gerad perades
,0.94,0.356,rs4723711,7.0,37844263,A/T,,"stage 2 ( n /thinspace = /thinspace18,845).P","Overall stage 1/thinspace + /thinspacestage 2 ( n /thinspace = /thinspace82,771).OR",tsi + eur + ibs + gbr + eas + fin,meta + discovery + combined + replication,haplotype reference consortium (hrc) + 1000 genomes (1000g),genotyping + wes + sequencing + wgs,,uk biobank + dbgap + adgc + eadi + charge + niagads + gerad perades
,0.94,0.356,rs4723711,7.0,37844263,A/T,,"Overall stage 1/thinspace + /thinspacestage 2 ( n /thinspace = /thinspace82,771).Meta P","Overall stage 1/thinspace + /thinspacestage 2 ( n /thinspace = /thinspace82,771).OR",tsi + eur + ibs + gbr + eas + fin,meta + discovery + combined + replication,haplotype reference consortium (hrc) + 1000 genomes (1000g),genotyping + wes + sequencing + wgs,,uk biobank + dbgap + adgc + eadi + charge + niagads + gerad perades
,0.94,0.356,rs4723711,7.0,37844263,A/T,,"Overall stage 1/thinspace + /thinspacestage 2 ( n /thinspace = /thinspace82,771).I 2 (%), P","Overall stage 1/thinspace + /thinspacestage 2 ( n /thinspace = /thinspace82,771).OR",tsi + eur + ibs + gbr + eas + fin,meta + discovery + combined + replication,haplotype reference consortium (hrc) + 1000 genomes (1000g),genotyping + wes + sequencing + wgs,,uk biobank + dbgap + adgc + eadi + charge + niagads + gerad perades
,1.13,0.187,rs4844610,1.0,207802552,C/A,,"stage 1 discovery ( n /thinspace = /thinspace63,926).P","Overall stage 1/thinspace + /thinspacestage 2 ( n /thinspace = /thinspace82,771).95%Ci",tsi + eur + ibs + gbr + eas + fin,meta + discovery + combined + replication,haplotype reference consortium (hrc) + 1000 genomes (1000g),genotyping + wes + sequencing + wgs,,uk biobank + dbgap + adgc + eadi + charge + niagads + gerad perades
,1.13,0.187,rs4844610,1.0,207802552,C/A,,"stage 2 ( n /thinspace = /thinspace18,845).P","Overall stage 1/thinspace + /thinspacestage 2 ( n /thinspace = /thinspace82,771).95%Ci",tsi + eur + ibs + gbr + eas + fin,meta + discovery + combined + replication,haplotype reference consortium (hrc) + 1000 genomes (1000g),genotyping + wes + sequencing + wgs,,uk biobank + dbgap + adgc + eadi + charge + niagads + gerad perades
,1.13,0.187,rs4844610,1.0,207802552,C/A,,"Overall stage 1/thinspace + /thinspacestage 2 ( n /thinspace = /thinspace82,771).Meta P","Overall stage 1/thinspace + /thinspacestage 2 ( n /thinspace = /thinspace82,771).95%Ci",tsi + eur + ibs + gbr + eas + fin,meta + discovery + combined + replication,haplotype reference consortium (hrc) + 1000 genomes (1000g),genotyping + wes + sequencing + wgs,,uk biobank + dbgap + adgc + eadi + charge + niagads + gerad perades
,1.13,0.187,rs4844610,1.0,207802552,C/A,,"Overall stage 1/thinspace + /thinspacestage 2 ( n /thinspace = /thinspace82,771).I 2 (%), P","Overall stage 1/thinspace + /thinspacestage 2 ( n /thinspace = /thinspace82,771).95%Ci",tsi + eur + ibs + gbr + eas + fin,meta + discovery + combined + replication,haplotype reference consortium (hrc) + 1000 genomes (1000g),genotyping + wes + sequencing + wgs,,uk biobank + dbgap + adgc + eadi + charge + niagads + gerad perades
,1.17,0.407,rs6733839,2.0,127892810,C/T,,"stage 1 discovery ( n /thinspace = /thinspace63,926).P","Overall stage 1/thinspace + /thinspacestage 2 ( n /thinspace = /thinspace82,771).95%Ci",tsi + eur + ibs + gbr + eas + fin,meta + discovery + combined + replication,haplotype reference consortium (hrc) + 1000 genomes (1000g),genotyping + wes + sequencing + wgs,,uk biobank + dbgap + adgc + eadi + charge + niagads + gerad perades
,1.17,0.407,rs6733839,2.0,127892810,C/T,,"stage 2 ( n /thinspace = /thinspace18,845).P","Overall stage 1/thinspace + /thinspacestage 2 ( n /thinspace = /thinspace82,771).95%Ci",tsi + eur + ibs + gbr + eas + fin,meta + discovery + combined + replication,haplotype reference consortium (hrc) + 1000 genomes (1000g),genotyping + wes + sequencing + wgs,,uk biobank + dbgap + adgc + eadi + charge + niagads + gerad perades
,1.17,0.407,rs6733839,2.0,127892810,C/T,,"Overall stage 1/thinspace + /thinspacestage 2 ( n /thinspace = /thinspace82,771).Meta P","Overall stage 1/thinspace + /thinspacestage 2 ( n /thinspace = /thinspace82,771).95%Ci",tsi + eur + ibs + gbr + eas + fin,meta + discovery + combined + replication,haplotype reference consortium (hrc) + 1000 genomes (1000g),genotyping + wes + sequencing + wgs,,uk biobank + dbgap + adgc + eadi + charge + niagads + gerad perades
,1.17,0.407,rs6733839,2.0,127892810,C/T,,"Overall stage 1/thinspace + /thinspacestage 2 ( n /thinspace = /thinspace82,771).I 2 (%), P","Overall stage 1/thinspace + /thinspacestage 2 ( n /thinspace = /thinspace82,771).95%Ci",tsi + eur + ibs + gbr + eas + fin,meta + discovery + combined + replication,haplotype reference consortium (hrc) + 1000 genomes (1000g),genotyping + wes + sequencing + wgs,,uk biobank + dbgap + adgc + eadi + charge + niagads + gerad perades
,0.88,0.223,rs10933431,2.0,233981912,C/G,,"stage 1 discovery ( n /thinspace = /thinspace63,926).P","Overall stage 1/thinspace + /thinspacestage 2 ( n /thinspace = /thinspace82,771).95%Ci",tsi + eur + ibs + gbr + eas + fin,meta + discovery + combined + replication,haplotype reference consortium (hrc) + 1000 genomes (1000g),genotyping + wes + sequencing + wgs,,uk biobank + dbgap + adgc + eadi + charge + niagads + gerad perades
,0.88,0.223,rs10933431,2.0,233981912,C/G,,"stage 2 ( n /thinspace = /thinspace18,845).P","Overall stage 1/thinspace + /thinspacestage 2 ( n /thinspace = /thinspace82,771).95%Ci",tsi + eur + ibs + gbr + eas + fin,meta + discovery + combined + replication,haplotype reference consortium (hrc) + 1000 genomes (1000g),genotyping + wes + sequencing + wgs,,uk biobank + dbgap + adgc + eadi + charge + niagads + gerad perades
,0.88,0.223,rs10933431,2.0,233981912,C/G,,"Overall stage 1/thinspace + /thinspacestage 2 ( n /thinspace = /thinspace82,771).Meta P","Overall stage 1/thinspace + /thinspacestage 2 ( n /thinspace = /thinspace82,771).95%Ci",tsi + eur + ibs + gbr + eas + fin,meta + discovery + combined + replication,haplotype reference consortium (hrc) + 1000 genomes (1000g),genotyping + wes + sequencing + wgs,,uk biobank + dbgap + adgc + eadi + charge + niagads + gerad perades
,0.88,0.223,rs10933431,2.0,233981912,C/G,,"Overall stage 1/thinspace + /thinspacestage 2 ( n /thinspace = /thinspace82,771).I 2 (%), P","Overall stage 1/thinspace + /thinspacestage 2 ( n /thinspace = /thinspace82,771).95%Ci",tsi + eur + ibs + gbr + eas + fin,meta + discovery + combined + replication,haplotype reference consortium (hrc) + 1000 genomes (1000g),genotyping + wes + sequencing + wgs,,uk biobank + dbgap + adgc + eadi + charge + niagads + gerad perades
,1.07,0.27,rs9271058,6.0,32575406,T/A,,"stage 1 discovery ( n /thinspace = /thinspace63,926).P","Overall stage 1/thinspace + /thinspacestage 2 ( n /thinspace = /thinspace82,771).95%Ci",tsi + eur + ibs + gbr + eas + fin,meta + discovery + combined + replication,haplotype reference consortium (hrc) + 1000 genomes (1000g),genotyping + wes + sequencing + wgs,,uk biobank + dbgap + adgc + eadi + charge + niagads + gerad perades
,1.07,0.27,rs9271058,6.0,32575406,T/A,,"stage 2 ( n /thinspace = /thinspace18,845).P","Overall stage 1/thinspace + /thinspacestage 2 ( n /thinspace = /thinspace82,771).95%Ci",tsi + eur + ibs + gbr + eas + fin,meta + discovery + combined + replication,haplotype reference consortium (hrc) + 1000 genomes (1000g),genotyping + wes + sequencing + wgs,,uk biobank + dbgap + adgc + eadi + charge + niagads + gerad perades
,1.07,0.27,rs9271058,6.0,32575406,T/A,,"Overall stage 1/thinspace + /thinspacestage 2 ( n /thinspace = /thinspace82,771).Meta P","Overall stage 1/thinspace + /thinspacestage 2 ( n /thinspace = /thinspace82,771).95%Ci",tsi + eur + ibs + gbr + eas + fin,meta + discovery + combined + replication,haplotype reference consortium (hrc) + 1000 genomes (1000g),genotyping + wes + sequencing + wgs,,uk biobank + dbgap + adgc + eadi + charge + niagads + gerad perades
,1.07,0.27,rs9271058,6.0,32575406,T/A,,"Overall stage 1/thinspace + /thinspacestage 2 ( n /thinspace = /thinspace82,771).I 2 (%), P","Overall stage 1/thinspace + /thinspacestage 2 ( n /thinspace = /thinspace82,771).95%Ci",tsi + eur + ibs + gbr + eas + fin,meta + discovery + combined + replication,haplotype reference consortium (hrc) + 1000 genomes (1000g),genotyping + wes + sequencing + wgs,,uk biobank + dbgap + adgc + eadi + charge + niagads + gerad perades
,1.73,0.008,rs75932628,6.0,41129252,C/T,,"stage 1 discovery ( n /thinspace = /thinspace63,926).P","Overall stage 1/thinspace + /thinspacestage 2 ( n /thinspace = /thinspace82,771).95%Ci",tsi + eur + ibs + gbr + eas + fin,meta + discovery + combined + replication,haplotype reference consortium (hrc) + 1000 genomes (1000g),genotyping + wes + sequencing + wgs,,uk biobank + dbgap + adgc + eadi + charge + niagads + gerad perades
,1.73,0.008,rs75932628,6.0,41129252,C/T,,"stage 2 ( n /thinspace = /thinspace18,845).P","Overall stage 1/thinspace + /thinspacestage 2 ( n /thinspace = /thinspace82,771).95%Ci",tsi + eur + ibs + gbr + eas + fin,meta + discovery + combined + replication,haplotype reference consortium (hrc) + 1000 genomes (1000g),genotyping + wes + sequencing + wgs,,uk biobank + dbgap + adgc + eadi + charge + niagads + gerad perades
,1.73,0.008,rs75932628,6.0,41129252,C/T,,"Overall stage 1/thinspace + /thinspacestage 2 ( n /thinspace = /thinspace82,771).Meta P","Overall stage 1/thinspace + /thinspacestage 2 ( n /thinspace = /thinspace82,771).95%Ci",tsi + eur + ibs + gbr + eas + fin,meta + discovery + combined + replication,haplotype reference consortium (hrc) + 1000 genomes (1000g),genotyping + wes + sequencing + wgs,,uk biobank + dbgap + adgc + eadi + charge + niagads + gerad perades
,1.73,0.008,rs75932628,6.0,41129252,C/T,,"Overall stage 1/thinspace + /thinspacestage 2 ( n /thinspace = /thinspace82,771).I 2 (%), P","Overall stage 1/thinspace + /thinspacestage 2 ( n /thinspace = /thinspace82,771).95%Ci",tsi + eur + ibs + gbr + eas + fin,meta + discovery + combined + replication,haplotype reference consortium (hrc) + 1000 genomes (1000g),genotyping + wes + sequencing + wgs,,uk biobank + dbgap + adgc + eadi + charge + niagads + gerad perades
,1.06,0.28,rs9473117,6.0,47431284,A/C,,"stage 1 discovery ( n /thinspace = /thinspace63,926).P","Overall stage 1/thinspace + /thinspacestage 2 ( n /thinspace = /thinspace82,771).95%Ci",tsi + eur + ibs + gbr + eas + fin,meta + discovery + combined + replication,haplotype reference consortium (hrc) + 1000 genomes (1000g),genotyping + wes + sequencing + wgs,,uk biobank + dbgap + adgc + eadi + charge + niagads + gerad perades
,1.06,0.28,rs9473117,6.0,47431284,A/C,,"stage 2 ( n /thinspace = /thinspace18,845).P","Overall stage 1/thinspace + /thinspacestage 2 ( n /thinspace = /thinspace82,771).95%Ci",tsi + eur + ibs + gbr + eas + fin,meta + discovery + combined + replication,haplotype reference consortium (hrc) + 1000 genomes (1000g),genotyping + wes + sequencing + wgs,,uk biobank + dbgap + adgc + eadi + charge + niagads + gerad perades
,1.06,0.28,rs9473117,6.0,47431284,A/C,,"Overall stage 1/thinspace + /thinspacestage 2 ( n /thinspace = /thinspace82,771).Meta P","Overall stage 1/thinspace + /thinspacestage 2 ( n /thinspace = /thinspace82,771).95%Ci",tsi + eur + ibs + gbr + eas + fin,meta + discovery + combined + replication,haplotype reference consortium (hrc) + 1000 genomes (1000g),genotyping + wes + sequencing + wgs,,uk biobank + dbgap + adgc + eadi + charge + niagads + gerad perades
,1.06,0.28,rs9473117,6.0,47431284,A/C,,"Overall stage 1/thinspace + /thinspacestage 2 ( n /thinspace = /thinspace82,771).I 2 (%), P","Overall stage 1/thinspace + /thinspacestage 2 ( n /thinspace = /thinspace82,771).95%Ci",tsi + eur + ibs + gbr + eas + fin,meta + discovery + combined + replication,haplotype reference consortium (hrc) + 1000 genomes (1000g),genotyping + wes + sequencing + wgs,,uk biobank + dbgap + adgc + eadi + charge + niagads + gerad perades
,0.9,0.303,rs12539172,7.0,100091795,C/T,,"stage 1 discovery ( n /thinspace = /thinspace63,926).P","Overall stage 1/thinspace + /thinspacestage 2 ( n /thinspace = /thinspace82,771).95%Ci",tsi + eur + ibs + gbr + eas + fin,meta + discovery + combined + replication,haplotype reference consortium (hrc) + 1000 genomes (1000g),genotyping + wes + sequencing + wgs,,uk biobank + dbgap + adgc + eadi + charge + niagads + gerad perades
,0.9,0.303,rs12539172,7.0,100091795,C/T,,"stage 2 ( n /thinspace = /thinspace18,845).P","Overall stage 1/thinspace + /thinspacestage 2 ( n /thinspace = /thinspace82,771).95%Ci",tsi + eur + ibs + gbr + eas + fin,meta + discovery + combined + replication,haplotype reference consortium (hrc) + 1000 genomes (1000g),genotyping + wes + sequencing + wgs,,uk biobank + dbgap + adgc + eadi + charge + niagads + gerad perades
,0.9,0.303,rs12539172,7.0,100091795,C/T,,"Overall stage 1/thinspace + /thinspacestage 2 ( n /thinspace = /thinspace82,771).Meta P","Overall stage 1/thinspace + /thinspacestage 2 ( n /thinspace = /thinspace82,771).95%Ci",tsi + eur + ibs + gbr + eas + fin,meta + discovery + combined + replication,haplotype reference consortium (hrc) + 1000 genomes (1000g),genotyping + wes + sequencing + wgs,,uk biobank + dbgap + adgc + eadi + charge + niagads + gerad perades
,0.9,0.303,rs12539172,7.0,100091795,C/T,,"Overall stage 1/thinspace + /thinspacestage 2 ( n /thinspace = /thinspace82,771).I 2 (%), P","Overall stage 1/thinspace + /thinspacestage 2 ( n /thinspace = /thinspace82,771).95%Ci",tsi + eur + ibs + gbr + eas + fin,meta + discovery + combined + replication,haplotype reference consortium (hrc) + 1000 genomes (1000g),genotyping + wes + sequencing + wgs,,uk biobank + dbgap + adgc + eadi + charge + niagads + gerad perades
,0.88,0.199,rs10808026,7.0,143099133,C/A,,"stage 1 discovery ( n /thinspace = /thinspace63,926).P","Overall stage 1/thinspace + /thinspacestage 2 ( n /thinspace = /thinspace82,771).95%Ci",tsi + eur + ibs + gbr + eas + fin,meta + discovery + combined + replication,haplotype reference consortium (hrc) + 1000 genomes (1000g),genotyping + wes + sequencing + wgs,,uk biobank + dbgap + adgc + eadi + charge + niagads + gerad perades
,0.88,0.199,rs10808026,7.0,143099133,C/A,,"stage 2 ( n /thinspace = /thinspace18,845).P","Overall stage 1/thinspace + /thinspacestage 2 ( n /thinspace = /thinspace82,771).95%Ci",tsi + eur + ibs + gbr + eas + fin,meta + discovery + combined + replication,haplotype reference consortium (hrc) + 1000 genomes (1000g),genotyping + wes + sequencing + wgs,,uk biobank + dbgap + adgc + eadi + charge + niagads + gerad perades
,0.88,0.199,rs10808026,7.0,143099133,C/A,,"Overall stage 1/thinspace + /thinspacestage 2 ( n /thinspace = /thinspace82,771).Meta P","Overall stage 1/thinspace + /thinspacestage 2 ( n /thinspace = /thinspace82,771).95%Ci",tsi + eur + ibs + gbr + eas + fin,meta + discovery + combined + replication,haplotype reference consortium (hrc) + 1000 genomes (1000g),genotyping + wes + sequencing + wgs,,uk biobank + dbgap + adgc + eadi + charge + niagads + gerad perades
,0.88,0.199,rs10808026,7.0,143099133,C/A,,"Overall stage 1/thinspace + /thinspacestage 2 ( n /thinspace = /thinspace82,771).I 2 (%), P","Overall stage 1/thinspace + /thinspacestage 2 ( n /thinspace = /thinspace82,771).95%Ci",tsi + eur + ibs + gbr + eas + fin,meta + discovery + combined + replication,haplotype reference consortium (hrc) + 1000 genomes (1000g),genotyping + wes + sequencing + wgs,,uk biobank + dbgap + adgc + eadi + charge + niagads + gerad perades
,1.07,0.367,rs73223431,8.0,27219987,C/T,,"stage 1 discovery ( n /thinspace = /thinspace63,926).P","Overall stage 1/thinspace + /thinspacestage 2 ( n /thinspace = /thinspace82,771).95%Ci",tsi + eur + ibs + gbr + eas + fin,meta + discovery + combined + replication,haplotype reference consortium (hrc) + 1000 genomes (1000g),genotyping + wes + sequencing + wgs,,uk biobank + dbgap + adgc + eadi + charge + niagads + gerad perades
,1.07,0.367,rs73223431,8.0,27219987,C/T,,"stage 2 ( n /thinspace = /thinspace18,845).P","Overall stage 1/thinspace + /thinspacestage 2 ( n /thinspace = /thinspace82,771).95%Ci",tsi + eur + ibs + gbr + eas + fin,meta + discovery + combined + replication,haplotype reference consortium (hrc) + 1000 genomes (1000g),genotyping + wes + sequencing + wgs,,uk biobank + dbgap + adgc + eadi + charge + niagads + gerad perades
,1.07,0.367,rs73223431,8.0,27219987,C/T,,"Overall stage 1/thinspace + /thinspacestage 2 ( n /thinspace = /thinspace82,771).Meta P","Overall stage 1/thinspace + /thinspacestage 2 ( n /thinspace = /thinspace82,771).95%Ci",tsi + eur + ibs + gbr + eas + fin,meta + discovery + combined + replication,haplotype reference consortium (hrc) + 1000 genomes (1000g),genotyping + wes + sequencing + wgs,,uk biobank + dbgap + adgc + eadi + charge + niagads + gerad perades
,1.07,0.367,rs73223431,8.0,27219987,C/T,,"Overall stage 1/thinspace + /thinspacestage 2 ( n /thinspace = /thinspace82,771).I 2 (%), P","Overall stage 1/thinspace + /thinspacestage 2 ( n /thinspace = /thinspace82,771).95%Ci",tsi + eur + ibs + gbr + eas + fin,meta + discovery + combined + replication,haplotype reference consortium (hrc) + 1000 genomes (1000g),genotyping + wes + sequencing + wgs,,uk biobank + dbgap + adgc + eadi + charge + niagads + gerad perades
,0.85,0.387,rs9331896,8.0,27467686,T/C,,"stage 1 discovery ( n /thinspace = /thinspace63,926).P","Overall stage 1/thinspace + /thinspacestage 2 ( n /thinspace = /thinspace82,771).95%Ci",tsi + eur + ibs + gbr + eas + fin,meta + discovery + combined + replication,haplotype reference consortium (hrc) + 1000 genomes (1000g),genotyping + wes + sequencing + wgs,,uk biobank + dbgap + adgc + eadi + charge + niagads + gerad perades
,0.85,0.387,rs9331896,8.0,27467686,T/C,,"stage 2 ( n /thinspace = /thinspace18,845).P","Overall stage 1/thinspace + /thinspacestage 2 ( n /thinspace = /thinspace82,771).95%Ci",tsi + eur + ibs + gbr + eas + fin,meta + discovery + combined + replication,haplotype reference consortium (hrc) + 1000 genomes (1000g),genotyping + wes + sequencing + wgs,,uk biobank + dbgap + adgc + eadi + charge + niagads + gerad perades
,0.85,0.387,rs9331896,8.0,27467686,T/C,,"Overall stage 1/thinspace + /thinspacestage 2 ( n /thinspace = /thinspace82,771).Meta P","Overall stage 1/thinspace + /thinspacestage 2 ( n /thinspace = /thinspace82,771).95%Ci",tsi + eur + ibs + gbr + eas + fin,meta + discovery + combined + replication,haplotype reference consortium (hrc) + 1000 genomes (1000g),genotyping + wes + sequencing + wgs,,uk biobank + dbgap + adgc + eadi + charge + niagads + gerad perades
,0.85,0.387,rs9331896,8.0,27467686,T/C,,"Overall stage 1/thinspace + /thinspacestage 2 ( n /thinspace = /thinspace82,771).I 2 (%), P","Overall stage 1/thinspace + /thinspacestage 2 ( n /thinspace = /thinspace82,771).95%Ci",tsi + eur + ibs + gbr + eas + fin,meta + discovery + combined + replication,haplotype reference consortium (hrc) + 1000 genomes (1000g),genotyping + wes + sequencing + wgs,,uk biobank + dbgap + adgc + eadi + charge + niagads + gerad perades
,0.89,0.448,rs3740688,11.0,47380340,T/G,,"stage 1 discovery ( n /thinspace = /thinspace63,926).P","Overall stage 1/thinspace + /thinspacestage 2 ( n /thinspace = /thinspace82,771).95%Ci",tsi + eur + ibs + gbr + eas + fin,meta + discovery + combined + replication,haplotype reference consortium (hrc) + 1000 genomes (1000g),genotyping + wes + sequencing + wgs,,uk biobank + dbgap + adgc + eadi + charge + niagads + gerad perades
,0.89,0.448,rs3740688,11.0,47380340,T/G,,"stage 2 ( n /thinspace = /thinspace18,845).P","Overall stage 1/thinspace + /thinspacestage 2 ( n /thinspace = /thinspace82,771).95%Ci",tsi + eur + ibs + gbr + eas + fin,meta + discovery + combined + replication,haplotype reference consortium (hrc) + 1000 genomes (1000g),genotyping + wes + sequencing + wgs,,uk biobank + dbgap + adgc + eadi + charge + niagads + gerad perades
,0.89,0.448,rs3740688,11.0,47380340,T/G,,"Overall stage 1/thinspace + /thinspacestage 2 ( n /thinspace = /thinspace82,771).Meta P","Overall stage 1/thinspace + /thinspacestage 2 ( n /thinspace = /thinspace82,771).95%Ci",tsi + eur + ibs + gbr + eas + fin,meta + discovery + combined + replication,haplotype reference consortium (hrc) + 1000 genomes (1000g),genotyping + wes + sequencing + wgs,,uk biobank + dbgap + adgc + eadi + charge + niagads + gerad perades
,0.89,0.448,rs3740688,11.0,47380340,T/G,,"Overall stage 1/thinspace + /thinspacestage 2 ( n /thinspace = /thinspace82,771).I 2 (%), P","Overall stage 1/thinspace + /thinspacestage 2 ( n /thinspace = /thinspace82,771).95%Ci",tsi + eur + ibs + gbr + eas + fin,meta + discovery + combined + replication,haplotype reference consortium (hrc) + 1000 genomes (1000g),genotyping + wes + sequencing + wgs,,uk biobank + dbgap + adgc + eadi + charge + niagads + gerad perades
,0.87,0.391,rs7933202,11.0,59936926,A/C,,"stage 1 discovery ( n /thinspace = /thinspace63,926).P","Overall stage 1/thinspace + /thinspacestage 2 ( n /thinspace = /thinspace82,771).95%Ci",tsi + eur + ibs + gbr + eas + fin,meta + discovery + combined + replication,haplotype reference consortium (hrc) + 1000 genomes (1000g),genotyping + wes + sequencing + wgs,,uk biobank + dbgap + adgc + eadi + charge + niagads + gerad perades
,0.87,0.391,rs7933202,11.0,59936926,A/C,,"stage 2 ( n /thinspace = /thinspace18,845).P","Overall stage 1/thinspace + /thinspacestage 2 ( n /thinspace = /thinspace82,771).95%Ci",tsi + eur + ibs + gbr + eas + fin,meta + discovery + combined + replication,haplotype reference consortium (hrc) + 1000 genomes (1000g),genotyping + wes + sequencing + wgs,,uk biobank + dbgap + adgc + eadi + charge + niagads + gerad perades
,0.87,0.391,rs7933202,11.0,59936926,A/C,,"Overall stage 1/thinspace + /thinspacestage 2 ( n /thinspace = /thinspace82,771).Meta P","Overall stage 1/thinspace + /thinspacestage 2 ( n /thinspace = /thinspace82,771).95%Ci",tsi + eur + ibs + gbr + eas + fin,meta + discovery + combined + replication,haplotype reference consortium (hrc) + 1000 genomes (1000g),genotyping + wes + sequencing + wgs,,uk biobank + dbgap + adgc + eadi + charge + niagads + gerad perades
,0.87,0.391,rs7933202,11.0,59936926,A/C,,"Overall stage 1/thinspace + /thinspacestage 2 ( n /thinspace = /thinspace82,771).I 2 (%), P","Overall stage 1/thinspace + /thinspacestage 2 ( n /thinspace = /thinspace82,771).95%Ci",tsi + eur + ibs + gbr + eas + fin,meta + discovery + combined + replication,haplotype reference consortium (hrc) + 1000 genomes (1000g),genotyping + wes + sequencing + wgs,,uk biobank + dbgap + adgc + eadi + charge + niagads + gerad perades
,0.86,0.356,rs3851179,11.0,85868640,C/T,,"stage 1 discovery ( n /thinspace = /thinspace63,926).P","Overall stage 1/thinspace + /thinspacestage 2 ( n /thinspace = /thinspace82,771).95%Ci",tsi + eur + ibs + gbr + eas + fin,meta + discovery + combined + replication,haplotype reference consortium (hrc) + 1000 genomes (1000g),genotyping + wes + sequencing + wgs,,uk biobank + dbgap + adgc + eadi + charge + niagads + gerad perades
,0.86,0.356,rs3851179,11.0,85868640,C/T,,"stage 2 ( n /thinspace = /thinspace18,845).P","Overall stage 1/thinspace + /thinspacestage 2 ( n /thinspace = /thinspace82,771).95%Ci",tsi + eur + ibs + gbr + eas + fin,meta + discovery + combined + replication,haplotype reference consortium (hrc) + 1000 genomes (1000g),genotyping + wes + sequencing + wgs,,uk biobank + dbgap + adgc + eadi + charge + niagads + gerad perades
,0.86,0.356,rs3851179,11.0,85868640,C/T,,"Overall stage 1/thinspace + /thinspacestage 2 ( n /thinspace = /thinspace82,771).Meta P","Overall stage 1/thinspace + /thinspacestage 2 ( n /thinspace = /thinspace82,771).95%Ci",tsi + eur + ibs + gbr + eas + fin,meta + discovery + combined + replication,haplotype reference consortium (hrc) + 1000 genomes (1000g),genotyping + wes + sequencing + wgs,,uk biobank + dbgap + adgc + eadi + charge + niagads + gerad perades
,0.86,0.356,rs3851179,11.0,85868640,C/T,,"Overall stage 1/thinspace + /thinspacestage 2 ( n /thinspace = /thinspace82,771).I 2 (%), P","Overall stage 1/thinspace + /thinspacestage 2 ( n /thinspace = /thinspace82,771).95%Ci",tsi + eur + ibs + gbr + eas + fin,meta + discovery + combined + replication,haplotype reference consortium (hrc) + 1000 genomes (1000g),genotyping + wes + sequencing + wgs,,uk biobank + dbgap + adgc + eadi + charge + niagads + gerad perades
,0.75,0.04,rs11218343,11.0,121435587,T/C,,"stage 1 discovery ( n /thinspace = /thinspace63,926).P","Overall stage 1/thinspace + /thinspacestage 2 ( n /thinspace = /thinspace82,771).95%Ci",tsi + eur + ibs + gbr + eas + fin,meta + discovery + combined + replication,haplotype reference consortium (hrc) + 1000 genomes (1000g),genotyping + wes + sequencing + wgs,,uk biobank + dbgap + adgc + eadi + charge + niagads + gerad perades
,0.75,0.04,rs11218343,11.0,121435587,T/C,,"stage 2 ( n /thinspace = /thinspace18,845).P","Overall stage 1/thinspace + /thinspacestage 2 ( n /thinspace = /thinspace82,771).95%Ci",tsi + eur + ibs + gbr + eas + fin,meta + discovery + combined + replication,haplotype reference consortium (hrc) + 1000 genomes (1000g),genotyping + wes + sequencing + wgs,,uk biobank + dbgap + adgc + eadi + charge + niagads + gerad perades
,0.75,0.04,rs11218343,11.0,121435587,T/C,,"Overall stage 1/thinspace + /thinspacestage 2 ( n /thinspace = /thinspace82,771).Meta P","Overall stage 1/thinspace + /thinspacestage 2 ( n /thinspace = /thinspace82,771).95%Ci",tsi + eur + ibs + gbr + eas + fin,meta + discovery + combined + replication,haplotype reference consortium (hrc) + 1000 genomes (1000g),genotyping + wes + sequencing + wgs,,uk biobank + dbgap + adgc + eadi + charge + niagads + gerad perades
,0.75,0.04,rs11218343,11.0,121435587,T/C,,"Overall stage 1/thinspace + /thinspacestage 2 ( n /thinspace = /thinspace82,771).I 2 (%), P","Overall stage 1/thinspace + /thinspacestage 2 ( n /thinspace = /thinspace82,771).95%Ci",tsi + eur + ibs + gbr + eas + fin,meta + discovery + combined + replication,haplotype reference consortium (hrc) + 1000 genomes (1000g),genotyping + wes + sequencing + wgs,,uk biobank + dbgap + adgc + eadi + charge + niagads + gerad perades
,1.09,0.093,rs17125924,14.0,53391680,A/G,,"stage 1 discovery ( n /thinspace = /thinspace63,926).P","Overall stage 1/thinspace + /thinspacestage 2 ( n /thinspace = /thinspace82,771).95%Ci",tsi + eur + ibs + gbr + eas + fin,meta + discovery + combined + replication,haplotype reference consortium (hrc) + 1000 genomes (1000g),genotyping + wes + sequencing + wgs,,uk biobank + dbgap + adgc + eadi + charge + niagads + gerad perades
,1.09,0.093,rs17125924,14.0,53391680,A/G,,"stage 2 ( n /thinspace = /thinspace18,845).P","Overall stage 1/thinspace + /thinspacestage 2 ( n /thinspace = /thinspace82,771).95%Ci",tsi + eur + ibs + gbr + eas + fin,meta + discovery + combined + replication,haplotype reference consortium (hrc) + 1000 genomes (1000g),genotyping + wes + sequencing + wgs,,uk biobank + dbgap + adgc + eadi + charge + niagads + gerad perades
,1.09,0.093,rs17125924,14.0,53391680,A/G,,"Overall stage 1/thinspace + /thinspacestage 2 ( n /thinspace = /thinspace82,771).Meta P","Overall stage 1/thinspace + /thinspacestage 2 ( n /thinspace = /thinspace82,771).95%Ci",tsi + eur + ibs + gbr + eas + fin,meta + discovery + combined + replication,haplotype reference consortium (hrc) + 1000 genomes (1000g),genotyping + wes + sequencing + wgs,,uk biobank + dbgap + adgc + eadi + charge + niagads + gerad perades
,1.09,0.093,rs17125924,14.0,53391680,A/G,,"Overall stage 1/thinspace + /thinspacestage 2 ( n /thinspace = /thinspace82,771).I 2 (%), P","Overall stage 1/thinspace + /thinspacestage 2 ( n /thinspace = /thinspace82,771).95%Ci",tsi + eur + ibs + gbr + eas + fin,meta + discovery + combined + replication,haplotype reference consortium (hrc) + 1000 genomes (1000g),genotyping + wes + sequencing + wgs,,uk biobank + dbgap + adgc + eadi + charge + niagads + gerad perades
,0.89,0.221,rs12881735,14.0,92932828,T/C,,"stage 1 discovery ( n /thinspace = /thinspace63,926).P","Overall stage 1/thinspace + /thinspacestage 2 ( n /thinspace = /thinspace82,771).95%Ci",tsi + eur + ibs + gbr + eas + fin,meta + discovery + combined + replication,haplotype reference consortium (hrc) + 1000 genomes (1000g),genotyping + wes + sequencing + wgs,,uk biobank + dbgap + adgc + eadi + charge + niagads + gerad perades
,0.89,0.221,rs12881735,14.0,92932828,T/C,,"stage 2 ( n /thinspace = /thinspace18,845).P","Overall stage 1/thinspace + /thinspacestage 2 ( n /thinspace = /thinspace82,771).95%Ci",tsi + eur + ibs + gbr + eas + fin,meta + discovery + combined + replication,haplotype reference consortium (hrc) + 1000 genomes (1000g),genotyping + wes + sequencing + wgs,,uk biobank + dbgap + adgc + eadi + charge + niagads + gerad perades
7.4e-09,0.89,0.221,rs12881735,14.0,92932828,T/C,,"Overall stage 1/thinspace + /thinspacestage 2 ( n /thinspace = /thinspace82,771).Meta P","Overall stage 1/thinspace + /thinspacestage 2 ( n /thinspace = /thinspace82,771).95%Ci",tsi + eur + ibs + gbr + eas + fin,meta + discovery + combined + replication,haplotype reference consortium (hrc) + 1000 genomes (1000g),genotyping + wes + sequencing + wgs,,uk biobank + dbgap + adgc + eadi + charge + niagads + gerad perades
,0.89,0.221,rs12881735,14.0,92932828,T/C,,"Overall stage 1/thinspace + /thinspacestage 2 ( n /thinspace = /thinspace82,771).I 2 (%), P","Overall stage 1/thinspace + /thinspacestage 2 ( n /thinspace = /thinspace82,771).95%Ci",tsi + eur + ibs + gbr + eas + fin,meta + discovery + combined + replication,haplotype reference consortium (hrc) + 1000 genomes (1000g),genotyping + wes + sequencing + wgs,,uk biobank + dbgap + adgc + eadi + charge + niagads + gerad perades
,1.11,0.182,rs3752246,19.0,1056492,C/G,,"stage 1 discovery ( n /thinspace = /thinspace63,926).P","Overall stage 1/thinspace + /thinspacestage 2 ( n /thinspace = /thinspace82,771).95%Ci",tsi + eur + ibs + gbr + eas + fin,meta + discovery + combined + replication,haplotype reference consortium (hrc) + 1000 genomes (1000g),genotyping + wes + sequencing + wgs,,uk biobank + dbgap + adgc + eadi + charge + niagads + gerad perades
,1.11,0.182,rs3752246,19.0,1056492,C/G,,"stage 2 ( n /thinspace = /thinspace18,845).P","Overall stage 1/thinspace + /thinspacestage 2 ( n /thinspace = /thinspace82,771).95%Ci",tsi + eur + ibs + gbr + eas + fin,meta + discovery + combined + replication,haplotype reference consortium (hrc) + 1000 genomes (1000g),genotyping + wes + sequencing + wgs,,uk biobank + dbgap + adgc + eadi + charge + niagads + gerad perades
,1.11,0.182,rs3752246,19.0,1056492,C/G,,"Overall stage 1/thinspace + /thinspacestage 2 ( n /thinspace = /thinspace82,771).Meta P","Overall stage 1/thinspace + /thinspacestage 2 ( n /thinspace = /thinspace82,771).95%Ci",tsi + eur + ibs + gbr + eas + fin,meta + discovery + combined + replication,haplotype reference consortium (hrc) + 1000 genomes (1000g),genotyping + wes + sequencing + wgs,,uk biobank + dbgap + adgc + eadi + charge + niagads + gerad perades
,1.11,0.182,rs3752246,19.0,1056492,C/G,,"Overall stage 1/thinspace + /thinspacestage 2 ( n /thinspace = /thinspace82,771).I 2 (%), P","Overall stage 1/thinspace + /thinspacestage 2 ( n /thinspace = /thinspace82,771).95%Ci",tsi + eur + ibs + gbr + eas + fin,meta + discovery + combined + replication,haplotype reference consortium (hrc) + 1000 genomes (1000g),genotyping + wes + sequencing + wgs,,uk biobank + dbgap + adgc + eadi + charge + niagads + gerad perades
,,0.216,rs429358,19.0,45411941,T/C,,"stage 1 discovery ( n /thinspace = /thinspace63,926).P","Overall stage 1/thinspace + /thinspacestage 2 ( n /thinspace = /thinspace82,771).95%Ci",tsi + eur + ibs + gbr + eas + fin,meta + discovery + combined + replication,haplotype reference consortium (hrc) + 1000 genomes (1000g),genotyping + wes + sequencing + wgs,,uk biobank + dbgap + adgc + eadi + charge + niagads + gerad perades
,,0.216,rs429358,19.0,45411941,T/C,,"stage 2 ( n /thinspace = /thinspace18,845).P","Overall stage 1/thinspace + /thinspacestage 2 ( n /thinspace = /thinspace82,771).95%Ci",tsi + eur + ibs + gbr + eas + fin,meta + discovery + combined + replication,haplotype reference consortium (hrc) + 1000 genomes (1000g),genotyping + wes + sequencing + wgs,,uk biobank + dbgap + adgc + eadi + charge + niagads + gerad perades
,,0.216,rs429358,19.0,45411941,T/C,,"Overall stage 1/thinspace + /thinspacestage 2 ( n /thinspace = /thinspace82,771).Meta P","Overall stage 1/thinspace + /thinspacestage 2 ( n /thinspace = /thinspace82,771).95%Ci",tsi + eur + ibs + gbr + eas + fin,meta + discovery + combined + replication,haplotype reference consortium (hrc) + 1000 genomes (1000g),genotyping + wes + sequencing + wgs,,uk biobank + dbgap + adgc + eadi + charge + niagads + gerad perades
,,0.216,rs429358,19.0,45411941,T/C,,"Overall stage 1/thinspace + /thinspacestage 2 ( n /thinspace = /thinspace82,771).I 2 (%), P","Overall stage 1/thinspace + /thinspacestage 2 ( n /thinspace = /thinspace82,771).95%Ci",tsi + eur + ibs + gbr + eas + fin,meta + discovery + combined + replication,haplotype reference consortium (hrc) + 1000 genomes (1000g),genotyping + wes + sequencing + wgs,,uk biobank + dbgap + adgc + eadi + charge + niagads + gerad perades
,0.85,0.088,rs6024870,20.0,54997568,G/A,,"stage 1 discovery ( n /thinspace = /thinspace63,926).P","Overall stage 1/thinspace + /thinspacestage 2 ( n /thinspace = /thinspace82,771).95%Ci",tsi + eur + ibs + gbr + eas + fin,meta + discovery + combined + replication,haplotype reference consortium (hrc) + 1000 genomes (1000g),genotyping + wes + sequencing + wgs,,uk biobank + dbgap + adgc + eadi + charge + niagads + gerad perades
,0.85,0.088,rs6024870,20.0,54997568,G/A,,"stage 2 ( n /thinspace = /thinspace18,845).P","Overall stage 1/thinspace + /thinspacestage 2 ( n /thinspace = /thinspace82,771).95%Ci",tsi + eur + ibs + gbr + eas + fin,meta + discovery + combined + replication,haplotype reference consortium (hrc) + 1000 genomes (1000g),genotyping + wes + sequencing + wgs,,uk biobank + dbgap + adgc + eadi + charge + niagads + gerad perades
,0.85,0.088,rs6024870,20.0,54997568,G/A,,"Overall stage 1/thinspace + /thinspacestage 2 ( n /thinspace = /thinspace82,771).Meta P","Overall stage 1/thinspace + /thinspacestage 2 ( n /thinspace = /thinspace82,771).95%Ci",tsi + eur + ibs + gbr + eas + fin,meta + discovery + combined + replication,haplotype reference consortium (hrc) + 1000 genomes (1000g),genotyping + wes + sequencing + wgs,,uk biobank + dbgap + adgc + eadi + charge + niagads + gerad perades
,0.85,0.088,rs6024870,20.0,54997568,G/A,,"Overall stage 1/thinspace + /thinspacestage 2 ( n /thinspace = /thinspace82,771).I 2 (%), P","Overall stage 1/thinspace + /thinspacestage 2 ( n /thinspace = /thinspace82,771).95%Ci",tsi + eur + ibs + gbr + eas + fin,meta + discovery + combined + replication,haplotype reference consortium (hrc) + 1000 genomes (1000g),genotyping + wes + sequencing + wgs,,uk biobank + dbgap + adgc + eadi + charge + niagads + gerad perades
,1.05,0.389,rs7920721,10.0,11720308,A/G,,"stage 1 discovery ( n /thinspace = /thinspace63,926).P","Overall stage 1/thinspace + /thinspacestage 2 ( n /thinspace = /thinspace82,771).95%Ci",tsi + eur + ibs + gbr + eas + fin,meta + discovery + combined + replication,haplotype reference consortium (hrc) + 1000 genomes (1000g),genotyping + wes + sequencing + wgs,,uk biobank + dbgap + adgc + eadi + charge + niagads + gerad perades
,1.05,0.389,rs7920721,10.0,11720308,A/G,,"stage 2 ( n /thinspace = /thinspace18,845).P","Overall stage 1/thinspace + /thinspacestage 2 ( n /thinspace = /thinspace82,771).95%Ci",tsi + eur + ibs + gbr + eas + fin,meta + discovery + combined + replication,haplotype reference consortium (hrc) + 1000 genomes (1000g),genotyping + wes + sequencing + wgs,,uk biobank + dbgap + adgc + eadi + charge + niagads + gerad perades
,1.05,0.389,rs7920721,10.0,11720308,A/G,,"Overall stage 1/thinspace + /thinspacestage 2 ( n /thinspace = /thinspace82,771).Meta P","Overall stage 1/thinspace + /thinspacestage 2 ( n /thinspace = /thinspace82,771).95%Ci",tsi + eur + ibs + gbr + eas + fin,meta + discovery + combined + replication,haplotype reference consortium (hrc) + 1000 genomes (1000g),genotyping + wes + sequencing + wgs,,uk biobank + dbgap + adgc + eadi + charge + niagads + gerad perades
,1.05,0.389,rs7920721,10.0,11720308,A/G,,"Overall stage 1/thinspace + /thinspacestage 2 ( n /thinspace = /thinspace82,771).I 2 (%), P","Overall stage 1/thinspace + /thinspacestage 2 ( n /thinspace = /thinspace82,771).95%Ci",tsi + eur + ibs + gbr + eas + fin,meta + discovery + combined + replication,haplotype reference consortium (hrc) + 1000 genomes (1000g),genotyping + wes + sequencing + wgs,,uk biobank + dbgap + adgc + eadi + charge + niagads + gerad perades
,1.2,0.02,rs138190086,17.0,61538148,G/A,,"stage 1 discovery ( n /thinspace = /thinspace63,926).P","Overall stage 1/thinspace + /thinspacestage 2 ( n /thinspace = /thinspace82,771).95%Ci",tsi + eur + ibs + gbr + eas + fin,meta + discovery + combined + replication,haplotype reference consortium (hrc) + 1000 genomes (1000g),genotyping + wes + sequencing + wgs,,uk biobank + dbgap + adgc + eadi + charge + niagads + gerad perades
,1.2,0.02,rs138190086,17.0,61538148,G/A,,"stage 2 ( n /thinspace = /thinspace18,845).P","Overall stage 1/thinspace + /thinspacestage 2 ( n /thinspace = /thinspace82,771).95%Ci",tsi + eur + ibs + gbr + eas + fin,meta + discovery + combined + replication,haplotype reference consortium (hrc) + 1000 genomes (1000g),genotyping + wes + sequencing + wgs,,uk biobank + dbgap + adgc + eadi + charge + niagads + gerad perades
,1.2,0.02,rs138190086,17.0,61538148,G/A,,"Overall stage 1/thinspace + /thinspacestage 2 ( n /thinspace = /thinspace82,771).Meta P","Overall stage 1/thinspace + /thinspacestage 2 ( n /thinspace = /thinspace82,771).95%Ci",tsi + eur + ibs + gbr + eas + fin,meta + discovery + combined + replication,haplotype reference consortium (hrc) + 1000 genomes (1000g),genotyping + wes + sequencing + wgs,,uk biobank + dbgap + adgc + eadi + charge + niagads + gerad perades
,1.2,0.02,rs138190086,17.0,61538148,G/A,,"Overall stage 1/thinspace + /thinspacestage 2 ( n /thinspace = /thinspace82,771).I 2 (%), P","Overall stage 1/thinspace + /thinspacestage 2 ( n /thinspace = /thinspace82,771).95%Ci",tsi + eur + ibs + gbr + eas + fin,meta + discovery + combined + replication,haplotype reference consortium (hrc) + 1000 genomes (1000g),genotyping + wes + sequencing + wgs,,uk biobank + dbgap + adgc + eadi + charge + niagads + gerad perades
,0.92,0.39,rs190982,5.0,88223420,A/G,,"stage 1 discovery ( n /thinspace = /thinspace63,926).P","Overall stage 1/thinspace + /thinspacestage 2 ( n /thinspace = /thinspace82,771).95%Ci",tsi + eur + ibs + gbr + eas + fin,meta + discovery + combined + replication,haplotype reference consortium (hrc) + 1000 genomes (1000g),genotyping + wes + sequencing + wgs,,uk biobank + dbgap + adgc + eadi + charge + niagads + gerad perades
,0.92,0.39,rs190982,5.0,88223420,A/G,,"stage 2 ( n /thinspace = /thinspace18,845).P","Overall stage 1/thinspace + /thinspacestage 2 ( n /thinspace = /thinspace82,771).95%Ci",tsi + eur + ibs + gbr + eas + fin,meta + discovery + combined + replication,haplotype reference consortium (hrc) + 1000 genomes (1000g),genotyping + wes + sequencing + wgs,,uk biobank + dbgap + adgc + eadi + charge + niagads + gerad perades
,0.92,0.39,rs190982,5.0,88223420,A/G,,"Overall stage 1/thinspace + /thinspacestage 2 ( n /thinspace = /thinspace82,771).Meta P","Overall stage 1/thinspace + /thinspacestage 2 ( n /thinspace = /thinspace82,771).95%Ci",tsi + eur + ibs + gbr + eas + fin,meta + discovery + combined + replication,haplotype reference consortium (hrc) + 1000 genomes (1000g),genotyping + wes + sequencing + wgs,,uk biobank + dbgap + adgc + eadi + charge + niagads + gerad perades
,0.92,0.39,rs190982,5.0,88223420,A/G,,"Overall stage 1/thinspace + /thinspacestage 2 ( n /thinspace = /thinspace82,771).I 2 (%), P","Overall stage 1/thinspace + /thinspacestage 2 ( n /thinspace = /thinspace82,771).95%Ci",tsi + eur + ibs + gbr + eas + fin,meta + discovery + combined + replication,haplotype reference consortium (hrc) + 1000 genomes (1000g),genotyping + wes + sequencing + wgs,,uk biobank + dbgap + adgc + eadi + charge + niagads + gerad perades
,0.91,0.356,rs4723711,7.0,37844263,A/T,,"stage 1 discovery ( n /thinspace = /thinspace63,926).P","Overall stage 1/thinspace + /thinspacestage 2 ( n /thinspace = /thinspace82,771).95%Ci",tsi + eur + ibs + gbr + eas + fin,meta + discovery + combined + replication,haplotype reference consortium (hrc) + 1000 genomes (1000g),genotyping + wes + sequencing + wgs,,uk biobank + dbgap + adgc + eadi + charge + niagads + gerad perades
,0.91,0.356,rs4723711,7.0,37844263,A/T,,"stage 2 ( n /thinspace = /thinspace18,845).P","Overall stage 1/thinspace + /thinspacestage 2 ( n /thinspace = /thinspace82,771).95%Ci",tsi + eur + ibs + gbr + eas + fin,meta + discovery + combined + replication,haplotype reference consortium (hrc) + 1000 genomes (1000g),genotyping + wes + sequencing + wgs,,uk biobank + dbgap + adgc + eadi + charge + niagads + gerad perades
,0.91,0.356,rs4723711,7.0,37844263,A/T,,"Overall stage 1/thinspace + /thinspacestage 2 ( n /thinspace = /thinspace82,771).Meta P","Overall stage 1/thinspace + /thinspacestage 2 ( n /thinspace = /thinspace82,771).95%Ci",tsi + eur + ibs + gbr + eas + fin,meta + discovery + combined + replication,haplotype reference consortium (hrc) + 1000 genomes (1000g),genotyping + wes + sequencing + wgs,,uk biobank + dbgap + adgc + eadi + charge + niagads + gerad perades
,0.91,0.356,rs4723711,7.0,37844263,A/T,,"Overall stage 1/thinspace + /thinspacestage 2 ( n /thinspace = /thinspace82,771).I 2 (%), P","Overall stage 1/thinspace + /thinspacestage 2 ( n /thinspace = /thinspace82,771).95%Ci",tsi + eur + ibs + gbr + eas + fin,meta + discovery + combined + replication,haplotype reference consortium (hrc) + 1000 genomes (1000g),genotyping + wes + sequencing + wgs,,uk biobank + dbgap + adgc + eadi + charge + niagads + gerad perades
,,,,,,,,"Stage 1 + 2 (n = 82,771) | P","Stage 1 + 2 (n = 82,771) | OR",tsi + eur + ibs + gbr + eas + fin,meta + discovery + combined + replication,haplotype reference consortium (hrc) + 1000 genomes (1000g),genotyping + wes + sequencing + wgs,,uk biobank + dbgap + adgc + eadi + charge + niagads + gerad perades
,,,,,,,,"Stage 3A (n = 11,666) | P","Stage 1 + 2 (n = 82,771) | OR",tsi + eur + ibs + gbr + eas + fin,meta + discovery + combined + replication,haplotype reference consortium (hrc) + 1000 genomes (1000g),genotyping + wes + sequencing + wgs,,uk biobank + dbgap + adgc + eadi + charge + niagads + gerad perades
,,,,,,,,"Overall (n = 94,437) | Meta P","Stage 1 + 2 (n = 82,771) | OR",tsi + eur + ibs + gbr + eas + fin,meta + discovery + combined + replication,haplotype reference consortium (hrc) + 1000 genomes (1000g),genotyping + wes + sequencing + wgs,,uk biobank + dbgap + adgc + eadi + charge + niagads + gerad perades
3.4e-07,0.94,0.476,rs4735340,8.0,95976251,,T/A,"Stage 1 + 2 (n = 82,771) | P","Stage 1 + 2 (n = 82,771) | OR",tsi + eur + ibs + gbr + eas + fin,meta + discovery + combined + replication,haplotype reference consortium (hrc) + 1000 genomes (1000g),genotyping + wes + sequencing + wgs,,uk biobank + dbgap + adgc + eadi + charge + niagads + gerad perades
0.097,0.94,0.476,rs4735340,8.0,95976251,,T/A,"Stage 3A (n = 11,666) | P","Stage 1 + 2 (n = 82,771) | OR",tsi + eur + ibs + gbr + eas + fin,meta + discovery + combined + replication,haplotype reference consortium (hrc) + 1000 genomes (1000g),genotyping + wes + sequencing + wgs,,uk biobank + dbgap + adgc + eadi + charge + niagads + gerad perades
9.2e-08,0.94,0.476,rs4735340,8.0,95976251,,T/A,"Overall (n = 94,437) | Meta P","Stage 1 + 2 (n = 82,771) | OR",tsi + eur + ibs + gbr + eas + fin,meta + discovery + combined + replication,haplotype reference consortium (hrc) + 1000 genomes (1000g),genotyping + wes + sequencing + wgs,,uk biobank + dbgap + adgc + eadi + charge + niagads + gerad perades
2.3e-09,1.08,0.39,rs7920721,10.0,11720308,,A/G,"Stage 1 + 2 (n = 82,771) | P","Stage 1 + 2 (n = 82,771) | OR",tsi + eur + ibs + gbr + eas + fin,meta + discovery + combined + replication,haplotype reference consortium (hrc) + 1000 genomes (1000g),genotyping + wes + sequencing + wgs,,uk biobank + dbgap + adgc + eadi + charge + niagads + gerad perades
0.0015,1.08,0.39,rs7920721,10.0,11720308,,A/G,"Stage 3A (n = 11,666) | P","Stage 1 + 2 (n = 82,771) | OR",tsi + eur + ibs + gbr + eas + fin,meta + discovery + combined + replication,haplotype reference consortium (hrc) + 1000 genomes (1000g),genotyping + wes + sequencing + wgs,,uk biobank + dbgap + adgc + eadi + charge + niagads + gerad perades
1.8e-11,1.08,0.39,rs7920721,10.0,11720308,,A/G,"Overall (n = 94,437) | Meta P","Stage 1 + 2 (n = 82,771) | OR",tsi + eur + ibs + gbr + eas + fin,meta + discovery + combined + replication,haplotype reference consortium (hrc) + 1000 genomes (1000g),genotyping + wes + sequencing + wgs,,uk biobank + dbgap + adgc + eadi + charge + niagads + gerad perades
2.7e-07,1.07,0.413,rs7295246,12.0,43967677,,T/G,"Stage 1 + 2 (n = 82,771) | P","Stage 1 + 2 (n = 82,771) | OR",tsi + eur + ibs + gbr + eas + fin,meta + discovery + combined + replication,haplotype reference consortium (hrc) + 1000 genomes (1000g),genotyping + wes + sequencing + wgs,,uk biobank + dbgap + adgc + eadi + charge + niagads + gerad perades
0.45,1.07,0.413,rs7295246,12.0,43967677,,T/G,"Stage 3A (n = 11,666) | P","Stage 1 + 2 (n = 82,771) | OR",tsi + eur + ibs + gbr + eas + fin,meta + discovery + combined + replication,haplotype reference consortium (hrc) + 1000 genomes (1000g),genotyping + wes + sequencing + wgs,,uk biobank + dbgap + adgc + eadi + charge + niagads + gerad perades
3.9e-07,1.07,0.413,rs7295246,12.0,43967677,,T/G,"Overall (n = 94,437) | Meta P","Stage 1 + 2 (n = 82,771) | OR",tsi + eur + ibs + gbr + eas + fin,meta + discovery + combined + replication,haplotype reference consortium (hrc) + 1000 genomes (1000g),genotyping + wes + sequencing + wgs,,uk biobank + dbgap + adgc + eadi + charge + niagads + gerad perades
3.9e-07,0.94,0.333,rs10467994,15.0,51008687,,T/C,"Stage 1 + 2 (n = 82,771) | P","Stage 1 + 2 (n = 82,771) | OR",tsi + eur + ibs + gbr + eas + fin,meta + discovery + combined + replication,haplotype reference consortium (hrc) + 1000 genomes (1000g),genotyping + wes + sequencing + wgs,,uk biobank + dbgap + adgc + eadi + charge + niagads + gerad perades
0.62,0.94,0.333,rs10467994,15.0,51008687,,T/C,"Stage 3A (n = 11,666) | P","Stage 1 + 2 (n = 82,771) | OR",tsi + eur + ibs + gbr + eas + fin,meta + discovery + combined + replication,haplotype reference consortium (hrc) + 1000 genomes (1000g),genotyping + wes + sequencing + wgs,,uk biobank + dbgap + adgc + eadi + charge + niagads + gerad perades
4.3e-07,0.94,0.333,rs10467994,15.0,51008687,,T/C,"Overall (n = 94,437) | Meta P","Stage 1 + 2 (n = 82,771) | OR",tsi + eur + ibs + gbr + eas + fin,meta + discovery + combined + replication,haplotype reference consortium (hrc) + 1000 genomes (1000g),genotyping + wes + sequencing + wgs,,uk biobank + dbgap + adgc + eadi + charge + niagads + gerad perades
1.3e-07,0.93,0.295,rs593742,15.0,59045774,,A/G,"Stage 1 + 2 (n = 82,771) | P","Stage 1 + 2 (n = 82,771) | OR",tsi + eur + ibs + gbr + eas + fin,meta + discovery + combined + replication,haplotype reference consortium (hrc) + 1000 genomes (1000g),genotyping + wes + sequencing + wgs,,uk biobank + dbgap + adgc + eadi + charge + niagads + gerad perades
0.015,0.93,0.295,rs593742,15.0,59045774,,A/G,"Stage 3A (n = 11,666) | P","Stage 1 + 2 (n = 82,771) | OR",tsi + eur + ibs + gbr + eas + fin,meta + discovery + combined + replication,haplotype reference consortium (hrc) + 1000 genomes (1000g),genotyping + wes + sequencing + wgs,,uk biobank + dbgap + adgc + eadi + charge + niagads + gerad perades
6.8e-09,0.93,0.295,rs593742,15.0,59045774,,A/G,"Overall (n = 94,437) | Meta P","Stage 1 + 2 (n = 82,771) | OR",tsi + eur + ibs + gbr + eas + fin,meta + discovery + combined + replication,haplotype reference consortium (hrc) + 1000 genomes (1000g),genotyping + wes + sequencing + wgs,,uk biobank + dbgap + adgc + eadi + charge + niagads + gerad perades
8.4e-08,0.92,0.18,rs7185636,16.0,19808163,,T/C,"Stage 1 + 2 (n = 82,771) | P","Stage 1 + 2 (n = 82,771) | OR",tsi + eur + ibs + gbr + eas + fin,meta + discovery + combined + replication,haplotype reference consortium (hrc) + 1000 genomes (1000g),genotyping + wes + sequencing + wgs,,uk biobank + dbgap + adgc + eadi + charge + niagads + gerad perades
0.11,0.92,0.18,rs7185636,16.0,19808163,,T/C,"Stage 3A (n = 11,666) | P","Stage 1 + 2 (n = 82,771) | OR",tsi + eur + ibs + gbr + eas + fin,meta + discovery + combined + replication,haplotype reference consortium (hrc) + 1000 genomes (1000g),genotyping + wes + sequencing + wgs,,uk biobank + dbgap + adgc + eadi + charge + niagads + gerad perades
2.4e-08,0.92,0.18,rs7185636,16.0,19808163,,T/C,"Overall (n = 94,437) | Meta P","Stage 1 + 2 (n = 82,771) | OR",tsi + eur + ibs + gbr + eas + fin,meta + discovery + combined + replication,haplotype reference consortium (hrc) + 1000 genomes (1000g),genotyping + wes + sequencing + wgs,,uk biobank + dbgap + adgc + eadi + charge + niagads + gerad perades
2.3e-07,0.94,0.44,rs2632516,17.0,56409089,,G/C,"Stage 1 + 2 (n = 82,771) | P","Stage 1 + 2 (n = 82,771) | OR",tsi + eur + ibs + gbr + eas + fin,meta + discovery + combined + replication,haplotype reference consortium (hrc) + 1000 genomes (1000g),genotyping + wes + sequencing + wgs,,uk biobank + dbgap + adgc + eadi + charge + niagads + gerad perades
0.075,0.94,0.44,rs2632516,17.0,56409089,,G/C,"Stage 3A (n = 11,666) | P","Stage 1 + 2 (n = 82,771) | OR",tsi + eur + ibs + gbr + eas + fin,meta + discovery + combined + replication,haplotype reference consortium (hrc) + 1000 genomes (1000g),genotyping + wes + sequencing + wgs,,uk biobank + dbgap + adgc + eadi + charge + niagads + gerad perades
5.3e-08,0.94,0.44,rs2632516,17.0,56409089,,G/C,"Overall (n = 94,437) | Meta P","Stage 1 + 2 (n = 82,771) | OR",tsi + eur + ibs + gbr + eas + fin,meta + discovery + combined + replication,haplotype reference consortium (hrc) + 1000 genomes (1000g),genotyping + wes + sequencing + wgs,,uk biobank + dbgap + adgc + eadi + charge + niagads + gerad perades
7.5e-09,1.32,0.02,rs138190086,17.0,61538148,,G/A,"Stage 1 + 2 (n = 82,771) | P","Stage 1 + 2 (n = 82,771) | OR",tsi + eur + ibs + gbr + eas + fin,meta + discovery + combined + replication,haplotype reference consortium (hrc) + 1000 genomes (1000g),genotyping + wes + sequencing + wgs,,uk biobank + dbgap + adgc + eadi + charge + niagads + gerad perades
0.21,1.32,0.02,rs138190086,17.0,61538148,,G/A,"Stage 3A (n = 11,666) | P","Stage 1 + 2 (n = 82,771) | OR",tsi + eur + ibs + gbr + eas + fin,meta + discovery + combined + replication,haplotype reference consortium (hrc) + 1000 genomes (1000g),genotyping + wes + sequencing + wgs,,uk biobank + dbgap + adgc + eadi + charge + niagads + gerad perades
5.3e-09,1.32,0.02,rs138190086,17.0,61538148,,G/A,"Overall (n = 94,437) | Meta P","Stage 1 + 2 (n = 82,771) | OR",tsi + eur + ibs + gbr + eas + fin,meta + discovery + combined + replication,haplotype reference consortium (hrc) + 1000 genomes (1000g),genotyping + wes + sequencing + wgs,,uk biobank + dbgap + adgc + eadi + charge + niagads + gerad perades
7.4e-08,0.93,0.308,rs2830500,21.0,28156856,,C/A,"Stage 1 + 2 (n = 82,771) | P","Stage 1 + 2 (n = 82,771) | OR",tsi + eur + ibs + gbr + eas + fin,meta + discovery + combined + replication,haplotype reference consortium (hrc) + 1000 genomes (1000g),genotyping + wes + sequencing + wgs,,uk biobank + dbgap + adgc + eadi + charge + niagads + gerad perades
0.13,0.93,0.308,rs2830500,21.0,28156856,,C/A,"Stage 3A (n = 11,666) | P","Stage 1 + 2 (n = 82,771) | OR",tsi + eur + ibs + gbr + eas + fin,meta + discovery + combined + replication,haplotype reference consortium (hrc) + 1000 genomes (1000g),genotyping + wes + sequencing + wgs,,uk biobank + dbgap + adgc + eadi + charge + niagads + gerad perades
2.6e-08,0.93,0.308,rs2830500,21.0,28156856,,C/A,"Overall (n = 94,437) | Meta P","Stage 1 + 2 (n = 82,771) | OR",tsi + eur + ibs + gbr + eas + fin,meta + discovery + combined + replication,haplotype reference consortium (hrc) + 1000 genomes (1000g),genotyping + wes + sequencing + wgs,,uk biobank + dbgap + adgc + eadi + charge + niagads + gerad perades
,1.0,,,,Stage 3B,,Stage 3B,"Stage 1 + 2 (n = 82,771) | P","Stage 1 + 2 (n = 82,771) | OR",tsi + eur + ibs + gbr + eas + fin,meta + discovery + combined + replication,haplotype reference consortium (hrc) + 1000 genomes (1000g),genotyping + wes + sequencing + wgs,,uk biobank + dbgap + adgc + eadi + charge + niagads + gerad perades
,1.0,,,,Stage 3B,,Stage 3B,"Stage 3A (n = 11,666) | P","Stage 1 + 2 (n = 82,771) | OR",tsi + eur + ibs + gbr + eas + fin,meta + discovery + combined + replication,haplotype reference consortium (hrc) + 1000 genomes (1000g),genotyping + wes + sequencing + wgs,,uk biobank + dbgap + adgc + eadi + charge + niagads + gerad perades
,1.0,,,,Stage 3B,,Stage 3B,"Overall (n = 94,437) | Meta P","Stage 1 + 2 (n = 82,771) | OR",tsi + eur + ibs + gbr + eas + fin,meta + discovery + combined + replication,haplotype reference consortium (hrc) + 1000 genomes (1000g),genotyping + wes + sequencing + wgs,,uk biobank + dbgap + adgc + eadi + charge + niagads + gerad perades
,1.0,,,,Stage 3B,,Stage 3B,"Stage 1 + 2 (n = 82,771) | P","Stage 1 + 2 (n = 82,771) | OR",tsi + eur + ibs + gbr + eas + fin,meta + discovery + combined + replication,haplotype reference consortium (hrc) + 1000 genomes (1000g),genotyping + wes + sequencing + wgs,,uk biobank + dbgap + adgc + eadi + charge + niagads + gerad perades
,1.0,,,,Stage 3B,,Stage 3B,"Stage 3A (n = 11,666) | P","Stage 1 + 2 (n = 82,771) | OR",tsi + eur + ibs + gbr + eas + fin,meta + discovery + combined + replication,haplotype reference consortium (hrc) + 1000 genomes (1000g),genotyping + wes + sequencing + wgs,,uk biobank + dbgap + adgc + eadi + charge + niagads + gerad perades
,1.0,,,,Stage 3B,,Stage 3B,"Overall (n = 94,437) | Meta P","Stage 1 + 2 (n = 82,771) | OR",tsi + eur + ibs + gbr + eas + fin,meta + discovery + combined + replication,haplotype reference consortium (hrc) + 1000 genomes (1000g),genotyping + wes + sequencing + wgs,,uk biobank + dbgap + adgc + eadi + charge + niagads + gerad perades
,,,,,Positionb,,Major/ minor allele,"Stage 1 + 2 (n = 82,771) | P","Stage 1 + 2 (n = 82,771) | OR",tsi + eur + ibs + gbr + eas + fin,meta + discovery + combined + replication,haplotype reference consortium (hrc) + 1000 genomes (1000g),genotyping + wes + sequencing + wgs,,uk biobank + dbgap + adgc + eadi + charge + niagads + gerad perades
,,,,,Positionb,,Major/ minor allele,"Stage 3A (n = 11,666) | P","Stage 1 + 2 (n = 82,771) | OR",tsi + eur + ibs + gbr + eas + fin,meta + discovery + combined + replication,haplotype reference consortium (hrc) + 1000 genomes (1000g),genotyping + wes + sequencing + wgs,,uk biobank + dbgap + adgc + eadi + charge + niagads + gerad perades
,,,,,Positionb,,Major/ minor allele,"Overall (n = 94,437) | Meta P","Stage 1 + 2 (n = 82,771) | OR",tsi + eur + ibs + gbr + eas + fin,meta + discovery + combined + replication,haplotype reference consortium (hrc) + 1000 genomes (1000g),genotyping + wes + sequencing + wgs,,uk biobank + dbgap + adgc + eadi + charge + niagads + gerad perades
,,,,,Positionb,,Major/ minor allele,"Stage 1 + 2 (n = 82,771) | P","Stage 1 + 2 (n = 82,771) | OR",tsi + eur + ibs + gbr + eas + fin,meta + discovery + combined + replication,haplotype reference consortium (hrc) + 1000 genomes (1000g),genotyping + wes + sequencing + wgs,,uk biobank + dbgap + adgc + eadi + charge + niagads + gerad perades
,,,,,Positionb,,Major/ minor allele,"Stage 3A (n = 11,666) | P","Stage 1 + 2 (n = 82,771) | OR",tsi + eur + ibs + gbr + eas + fin,meta + discovery + combined + replication,haplotype reference consortium (hrc) + 1000 genomes (1000g),genotyping + wes + sequencing + wgs,,uk biobank + dbgap + adgc + eadi + charge + niagads + gerad perades
,,,,,Positionb,,Major/ minor allele,"Overall (n = 94,437) | Meta P","Stage 1 + 2 (n = 82,771) | OR",tsi + eur + ibs + gbr + eas + fin,meta + discovery + combined + replication,haplotype reference consortium (hrc) + 1000 genomes (1000g),genotyping + wes + sequencing + wgs,,uk biobank + dbgap + adgc + eadi + charge + niagads + gerad perades
9.8e-06,0.68,0.01,rs71618613,5.0,29005985,,A/C,"Stage 1 + 2 (n = 82,771) | P","Stage 1 + 2 (n = 82,771) | OR",tsi + eur + ibs + gbr + eas + fin,meta + discovery + combined + replication,haplotype reference consortium (hrc) + 1000 genomes (1000g),genotyping + wes + sequencing + wgs,,uk biobank + dbgap + adgc + eadi + charge + niagads + gerad perades
0.0068,0.68,0.01,rs71618613,5.0,29005985,,A/C,"Stage 3A (n = 11,666) | P","Stage 1 + 2 (n = 82,771) | OR",tsi + eur + ibs + gbr + eas + fin,meta + discovery + combined + replication,haplotype reference consortium (hrc) + 1000 genomes (1000g),genotyping + wes + sequencing + wgs,,uk biobank + dbgap + adgc + eadi + charge + niagads + gerad perades
3.3e-07,0.68,0.01,rs71618613,5.0,29005985,,A/C,"Overall (n = 94,437) | Meta P","Stage 1 + 2 (n = 82,771) | OR",tsi + eur + ibs + gbr + eas + fin,meta + discovery + combined + replication,haplotype reference consortium (hrc) + 1000 genomes (1000g),genotyping + wes + sequencing + wgs,,uk biobank + dbgap + adgc + eadi + charge + niagads + gerad perades
7.8e-07,0.69,0.013,rs35868327,5.0,52665230,,A/C,"Stage 1 + 2 (n = 82,771) | P","Stage 1 + 2 (n = 82,771) | OR",tsi + eur + ibs + gbr + eas + fin,meta + discovery + combined + replication,haplotype reference consortium (hrc) + 1000 genomes (1000g),genotyping + wes + sequencing + wgs,,uk biobank + dbgap + adgc + eadi + charge + niagads + gerad perades
0.12,0.69,0.013,rs35868327,5.0,52665230,,A/C,"Stage 3A (n = 11,666) | P","Stage 1 + 2 (n = 82,771) | OR",tsi + eur + ibs + gbr + eas + fin,meta + discovery + combined + replication,haplotype reference consortium (hrc) + 1000 genomes (1000g),genotyping + wes + sequencing + wgs,,uk biobank + dbgap + adgc + eadi + charge + niagads + gerad perades
2.6e-07,0.69,0.013,rs35868327,5.0,52665230,,A/C,"Overall (n = 94,437) | Meta P","Stage 1 + 2 (n = 82,771) | OR",tsi + eur + ibs + gbr + eas + fin,meta + discovery + combined + replication,haplotype reference consortium (hrc) + 1000 genomes (1000g),genotyping + wes + sequencing + wgs,,uk biobank + dbgap + adgc + eadi + charge + niagads + gerad perades
4.5e-12,1.35,0.03,rs114812713,6.0,41034000,,G/C,"Stage 1 + 2 (n = 82,771) | P","Stage 1 + 2 (n = 82,771) | OR",tsi + eur + ibs + gbr + eas + fin,meta + discovery + combined + replication,haplotype reference consortium (hrc) + 1000 genomes (1000g),genotyping + wes + sequencing + wgs,,uk biobank + dbgap + adgc + eadi + charge + niagads + gerad perades
0.0072,1.35,0.03,rs114812713,6.0,41034000,,G/C,"Stage 3A (n = 11,666) | P","Stage 1 + 2 (n = 82,771) | OR",tsi + eur + ibs + gbr + eas + fin,meta + discovery + combined + replication,haplotype reference consortium (hrc) + 1000 genomes (1000g),genotyping + wes + sequencing + wgs,,uk biobank + dbgap + adgc + eadi + charge + niagads + gerad perades
2.1e-13,1.35,0.03,rs114812713,6.0,41034000,,G/C,"Overall (n = 94,437) | Meta P","Stage 1 + 2 (n = 82,771) | OR",tsi + eur + ibs + gbr + eas + fin,meta + discovery + combined + replication,haplotype reference consortium (hrc) + 1000 genomes (1000g),genotyping + wes + sequencing + wgs,,uk biobank + dbgap + adgc + eadi + charge + niagads + gerad perades
1.2e-07,1.17,0.116,rs62039712,16.0,79355857,,G/A,"Stage 1 + 2 (n = 82,771) | P","Stage 1 + 2 (n = 82,771) | OR",tsi + eur + ibs + gbr + eas + fin,meta + discovery + combined + replication,haplotype reference consortium (hrc) + 1000 genomes (1000g),genotyping + wes + sequencing + wgs,,uk biobank + dbgap + adgc + eadi + charge + niagads + gerad perades
0.13,1.17,0.116,rs62039712,16.0,79355857,,G/A,"Stage 3A (n = 11,666) | P","Stage 1 + 2 (n = 82,771) | OR",tsi + eur + ibs + gbr + eas + fin,meta + discovery + combined + replication,haplotype reference consortium (hrc) + 1000 genomes (1000g),genotyping + wes + sequencing + wgs,,uk biobank + dbgap + adgc + eadi + charge + niagads + gerad perades
3.7e-08,1.17,0.116,rs62039712,16.0,79355857,,G/A,"Overall (n = 94,437) | Meta P","Stage 1 + 2 (n = 82,771) | OR",tsi + eur + ibs + gbr + eas + fin,meta + discovery + combined + replication,haplotype reference consortium (hrc) + 1000 genomes (1000g),genotyping + wes + sequencing + wgs,,uk biobank + dbgap + adgc + eadi + charge + niagads + gerad perades
,,,,,,,,"Stage 1 + 2 (n = 82,771) | P","Stage 1 + 2 (n = 82,771) | 95% CIf",tsi + eur + ibs + gbr + eas + fin,meta + discovery + combined + replication,haplotype reference consortium (hrc) + 1000 genomes (1000g),genotyping + wes + sequencing + wgs,,uk biobank + dbgap + adgc + eadi + charge + niagads + gerad perades
,,,,,,,,"Stage 3A (n = 11,666) | P","Stage 1 + 2 (n = 82,771) | 95% CIf",tsi + eur + ibs + gbr + eas + fin,meta + discovery + combined + replication,haplotype reference consortium (hrc) + 1000 genomes (1000g),genotyping + wes + sequencing + wgs,,uk biobank + dbgap + adgc + eadi + charge + niagads + gerad perades
,,,,,,,,"Overall (n = 94,437) | Meta P","Stage 1 + 2 (n = 82,771) | 95% CIf",tsi + eur + ibs + gbr + eas + fin,meta + discovery + combined + replication,haplotype reference consortium (hrc) + 1000 genomes (1000g),genotyping + wes + sequencing + wgs,,uk biobank + dbgap + adgc + eadi + charge + niagads + gerad perades
3.4e-07,0.92,0.476,rs4735340,8.0,95976251,,T/A,"Stage 1 + 2 (n = 82,771) | P","Stage 1 + 2 (n = 82,771) | 95% CIf",tsi + eur + ibs + gbr + eas + fin,meta + discovery + combined + replication,haplotype reference consortium (hrc) + 1000 genomes (1000g),genotyping + wes + sequencing + wgs,,uk biobank + dbgap + adgc + eadi + charge + niagads + gerad perades
0.097,0.92,0.476,rs4735340,8.0,95976251,,T/A,"Stage 3A (n = 11,666) | P","Stage 1 + 2 (n = 82,771) | 95% CIf",tsi + eur + ibs + gbr + eas + fin,meta + discovery + combined + replication,haplotype reference consortium (hrc) + 1000 genomes (1000g),genotyping + wes + sequencing + wgs,,uk biobank + dbgap + adgc + eadi + charge + niagads + gerad perades
9.2e-08,0.92,0.476,rs4735340,8.0,95976251,,T/A,"Overall (n = 94,437) | Meta P","Stage 1 + 2 (n = 82,771) | 95% CIf",tsi + eur + ibs + gbr + eas + fin,meta + discovery + combined + replication,haplotype reference consortium (hrc) + 1000 genomes (1000g),genotyping + wes + sequencing + wgs,,uk biobank + dbgap + adgc + eadi + charge + niagads + gerad perades
2.3e-09,1.05,0.39,rs7920721,10.0,11720308,,A/G,"Stage 1 + 2 (n = 82,771) | P","Stage 1 + 2 (n = 82,771) | 95% CIf",tsi + eur + ibs + gbr + eas + fin,meta + discovery + combined + replication,haplotype reference consortium (hrc) + 1000 genomes (1000g),genotyping + wes + sequencing + wgs,,uk biobank + dbgap + adgc + eadi + charge + niagads + gerad perades
0.0015,1.05,0.39,rs7920721,10.0,11720308,,A/G,"Stage 3A (n = 11,666) | P","Stage 1 + 2 (n = 82,771) | 95% CIf",tsi + eur + ibs + gbr + eas + fin,meta + discovery + combined + replication,haplotype reference consortium (hrc) + 1000 genomes (1000g),genotyping + wes + sequencing + wgs,,uk biobank + dbgap + adgc + eadi + charge + niagads + gerad perades
1.8e-11,1.05,0.39,rs7920721,10.0,11720308,,A/G,"Overall (n = 94,437) | Meta P","Stage 1 + 2 (n = 82,771) | 95% CIf",tsi + eur + ibs + gbr + eas + fin,meta + discovery + combined + replication,haplotype reference consortium (hrc) + 1000 genomes (1000g),genotyping + wes + sequencing + wgs,,uk biobank + dbgap + adgc + eadi + charge + niagads + gerad perades
2.7e-07,1.04,0.413,rs7295246,12.0,43967677,,T/G,"Stage 1 + 2 (n = 82,771) | P","Stage 1 + 2 (n = 82,771) | 95% CIf",tsi + eur + ibs + gbr + eas + fin,meta + discovery + combined + replication,haplotype reference consortium (hrc) + 1000 genomes (1000g),genotyping + wes + sequencing + wgs,,uk biobank + dbgap + adgc + eadi + charge + niagads + gerad perades
0.45,1.04,0.413,rs7295246,12.0,43967677,,T/G,"Stage 3A (n = 11,666) | P","Stage 1 + 2 (n = 82,771) | 95% CIf",tsi + eur + ibs + gbr + eas + fin,meta + discovery + combined + replication,haplotype reference consortium (hrc) + 1000 genomes (1000g),genotyping + wes + sequencing + wgs,,uk biobank + dbgap + adgc + eadi + charge + niagads + gerad perades
3.9e-07,1.04,0.413,rs7295246,12.0,43967677,,T/G,"Overall (n = 94,437) | Meta P","Stage 1 + 2 (n = 82,771) | 95% CIf",tsi + eur + ibs + gbr + eas + fin,meta + discovery + combined + replication,haplotype reference consortium (hrc) + 1000 genomes (1000g),genotyping + wes + sequencing + wgs,,uk biobank + dbgap + adgc + eadi + charge + niagads + gerad perades
3.9e-07,0.91,0.333,rs10467994,15.0,51008687,,T/C,"Stage 1 + 2 (n = 82,771) | P","Stage 1 + 2 (n = 82,771) | 95% CIf",tsi + eur + ibs + gbr + eas + fin,meta + discovery + combined + replication,haplotype reference consortium (hrc) + 1000 genomes (1000g),genotyping + wes + sequencing + wgs,,uk biobank + dbgap + adgc + eadi + charge + niagads + gerad perades
0.62,0.91,0.333,rs10467994,15.0,51008687,,T/C,"Stage 3A (n = 11,666) | P","Stage 1 + 2 (n = 82,771) | 95% CIf",tsi + eur + ibs + gbr + eas + fin,meta + discovery + combined + replication,haplotype reference consortium (hrc) + 1000 genomes (1000g),genotyping + wes + sequencing + wgs,,uk biobank + dbgap + adgc + eadi + charge + niagads + gerad perades
4.3e-07,0.91,0.333,rs10467994,15.0,51008687,,T/C,"Overall (n = 94,437) | Meta P","Stage 1 + 2 (n = 82,771) | 95% CIf",tsi + eur + ibs + gbr + eas + fin,meta + discovery + combined + replication,haplotype reference consortium (hrc) + 1000 genomes (1000g),genotyping + wes + sequencing + wgs,,uk biobank + dbgap + adgc + eadi + charge + niagads + gerad perades
1.3e-07,0.91,0.295,rs593742,15.0,59045774,,A/G,"Stage 1 + 2 (n = 82,771) | P","Stage 1 + 2 (n = 82,771) | 95% CIf",tsi + eur + ibs + gbr + eas + fin,meta + discovery + combined + replication,haplotype reference consortium (hrc) + 1000 genomes (1000g),genotyping + wes + sequencing + wgs,,uk biobank + dbgap + adgc + eadi + charge + niagads + gerad perades
0.015,0.91,0.295,rs593742,15.0,59045774,,A/G,"Stage 3A (n = 11,666) | P","Stage 1 + 2 (n = 82,771) | 95% CIf",tsi + eur + ibs + gbr + eas + fin,meta + discovery + combined + replication,haplotype reference consortium (hrc) + 1000 genomes (1000g),genotyping + wes + sequencing + wgs,,uk biobank + dbgap + adgc + eadi + charge + niagads + gerad perades
6.8e-09,0.91,0.295,rs593742,15.0,59045774,,A/G,"Overall (n = 94,437) | Meta P","Stage 1 + 2 (n = 82,771) | 95% CIf",tsi + eur + ibs + gbr + eas + fin,meta + discovery + combined + replication,haplotype reference consortium (hrc) + 1000 genomes (1000g),genotyping + wes + sequencing + wgs,,uk biobank + dbgap + adgc + eadi + charge + niagads + gerad perades
8.4e-08,0.89,0.18,rs7185636,16.0,19808163,,T/C,"Stage 1 + 2 (n = 82,771) | P","Stage 1 + 2 (n = 82,771) | 95% CIf",tsi + eur + ibs + gbr + eas + fin,meta + discovery + combined + replication,haplotype reference consortium (hrc) + 1000 genomes (1000g),genotyping + wes + sequencing + wgs,,uk biobank + dbgap + adgc + eadi + charge + niagads + gerad perades
0.11,0.89,0.18,rs7185636,16.0,19808163,,T/C,"Stage 3A (n = 11,666) | P","Stage 1 + 2 (n = 82,771) | 95% CIf",tsi + eur + ibs + gbr + eas + fin,meta + discovery + combined + replication,haplotype reference consortium (hrc) + 1000 genomes (1000g),genotyping + wes + sequencing + wgs,,uk biobank + dbgap + adgc + eadi + charge + niagads + gerad perades
2.4e-08,0.89,0.18,rs7185636,16.0,19808163,,T/C,"Overall (n = 94,437) | Meta P","Stage 1 + 2 (n = 82,771) | 95% CIf",tsi + eur + ibs + gbr + eas + fin,meta + discovery + combined + replication,haplotype reference consortium (hrc) + 1000 genomes (1000g),genotyping + wes + sequencing + wgs,,uk biobank + dbgap + adgc + eadi + charge + niagads + gerad perades
2.3e-07,0.92,0.44,rs2632516,17.0,56409089,,G/C,"Stage 1 + 2 (n = 82,771) | P","Stage 1 + 2 (n = 82,771) | 95% CIf",tsi + eur + ibs + gbr + eas + fin,meta + discovery + combined + replication,haplotype reference consortium (hrc) + 1000 genomes (1000g),genotyping + wes + sequencing + wgs,,uk biobank + dbgap + adgc + eadi + charge + niagads + gerad perades
0.075,0.92,0.44,rs2632516,17.0,56409089,,G/C,"Stage 3A (n = 11,666) | P","Stage 1 + 2 (n = 82,771) | 95% CIf",tsi + eur + ibs + gbr + eas + fin,meta + discovery + combined + replication,haplotype reference consortium (hrc) + 1000 genomes (1000g),genotyping + wes + sequencing + wgs,,uk biobank + dbgap + adgc + eadi + charge + niagads + gerad perades
5.3e-08,0.92,0.44,rs2632516,17.0,56409089,,G/C,"Overall (n = 94,437) | Meta P","Stage 1 + 2 (n = 82,771) | 95% CIf",tsi + eur + ibs + gbr + eas + fin,meta + discovery + combined + replication,haplotype reference consortium (hrc) + 1000 genomes (1000g),genotyping + wes + sequencing + wgs,,uk biobank + dbgap + adgc + eadi + charge + niagads + gerad perades
7.5e-09,1.2,0.02,rs138190086,17.0,61538148,,G/A,"Stage 1 + 2 (n = 82,771) | P","Stage 1 + 2 (n = 82,771) | 95% CIf",tsi + eur + ibs + gbr + eas + fin,meta + discovery + combined + replication,haplotype reference consortium (hrc) + 1000 genomes (1000g),genotyping + wes + sequencing + wgs,,uk biobank + dbgap + adgc + eadi + charge + niagads + gerad perades
0.21,1.2,0.02,rs138190086,17.0,61538148,,G/A,"Stage 3A (n = 11,666) | P","Stage 1 + 2 (n = 82,771) | 95% CIf",tsi + eur + ibs + gbr + eas + fin,meta + discovery + combined + replication,haplotype reference consortium (hrc) + 1000 genomes (1000g),genotyping + wes + sequencing + wgs,,uk biobank + dbgap + adgc + eadi + charge + niagads + gerad perades
5.3e-09,1.2,0.02,rs138190086,17.0,61538148,,G/A,"Overall (n = 94,437) | Meta P","Stage 1 + 2 (n = 82,771) | 95% CIf",tsi + eur + ibs + gbr + eas + fin,meta + discovery + combined + replication,haplotype reference consortium (hrc) + 1000 genomes (1000g),genotyping + wes + sequencing + wgs,,uk biobank + dbgap + adgc + eadi + charge + niagads + gerad perades
7.4e-08,0.91,0.308,rs2830500,21.0,28156856,,C/A,"Stage 1 + 2 (n = 82,771) | P","Stage 1 + 2 (n = 82,771) | 95% CIf",tsi + eur + ibs + gbr + eas + fin,meta + discovery + combined + replication,haplotype reference consortium (hrc) + 1000 genomes (1000g),genotyping + wes + sequencing + wgs,,uk biobank + dbgap + adgc + eadi + charge + niagads + gerad perades
0.13,0.91,0.308,rs2830500,21.0,28156856,,C/A,"Stage 3A (n = 11,666) | P","Stage 1 + 2 (n = 82,771) | 95% CIf",tsi + eur + ibs + gbr + eas + fin,meta + discovery + combined + replication,haplotype reference consortium (hrc) + 1000 genomes (1000g),genotyping + wes + sequencing + wgs,,uk biobank + dbgap + adgc + eadi + charge + niagads + gerad perades
2.6e-08,0.91,0.308,rs2830500,21.0,28156856,,C/A,"Overall (n = 94,437) | Meta P","Stage 1 + 2 (n = 82,771) | 95% CIf",tsi + eur + ibs + gbr + eas + fin,meta + discovery + combined + replication,haplotype reference consortium (hrc) + 1000 genomes (1000g),genotyping + wes + sequencing + wgs,,uk biobank + dbgap + adgc + eadi + charge + niagads + gerad perades
,1.0,,,,Stage 3B,,Stage 3B,"Stage 1 + 2 (n = 82,771) | P","Stage 1 + 2 (n = 82,771) | 95% CIf",tsi + eur + ibs + gbr + eas + fin,meta + discovery + combined + replication,haplotype reference consortium (hrc) + 1000 genomes (1000g),genotyping + wes + sequencing + wgs,,uk biobank + dbgap + adgc + eadi + charge + niagads + gerad perades
,1.0,,,,Stage 3B,,Stage 3B,"Stage 3A (n = 11,666) | P","Stage 1 + 2 (n = 82,771) | 95% CIf",tsi + eur + ibs + gbr + eas + fin,meta + discovery + combined + replication,haplotype reference consortium (hrc) + 1000 genomes (1000g),genotyping + wes + sequencing + wgs,,uk biobank + dbgap + adgc + eadi + charge + niagads + gerad perades
,1.0,,,,Stage 3B,,Stage 3B,"Overall (n = 94,437) | Meta P","Stage 1 + 2 (n = 82,771) | 95% CIf",tsi + eur + ibs + gbr + eas + fin,meta + discovery + combined + replication,haplotype reference consortium (hrc) + 1000 genomes (1000g),genotyping + wes + sequencing + wgs,,uk biobank + dbgap + adgc + eadi + charge + niagads + gerad perades
,1.0,,,,Stage 3B,,Stage 3B,"Stage 1 + 2 (n = 82,771) | P","Stage 1 + 2 (n = 82,771) | 95% CIf",tsi + eur + ibs + gbr + eas + fin,meta + discovery + combined + replication,haplotype reference consortium (hrc) + 1000 genomes (1000g),genotyping + wes + sequencing + wgs,,uk biobank + dbgap + adgc + eadi + charge + niagads + gerad perades
,1.0,,,,Stage 3B,,Stage 3B,"Stage 3A (n = 11,666) | P","Stage 1 + 2 (n = 82,771) | 95% CIf",tsi + eur + ibs + gbr + eas + fin,meta + discovery + combined + replication,haplotype reference consortium (hrc) + 1000 genomes (1000g),genotyping + wes + sequencing + wgs,,uk biobank + dbgap + adgc + eadi + charge + niagads + gerad perades
,1.0,,,,Stage 3B,,Stage 3B,"Overall (n = 94,437) | Meta P","Stage 1 + 2 (n = 82,771) | 95% CIf",tsi + eur + ibs + gbr + eas + fin,meta + discovery + combined + replication,haplotype reference consortium (hrc) + 1000 genomes (1000g),genotyping + wes + sequencing + wgs,,uk biobank + dbgap + adgc + eadi + charge + niagads + gerad perades
,95.0,,,,Positionb,,Major/ minor allele,"Stage 1 + 2 (n = 82,771) | P","Stage 1 + 2 (n = 82,771) | 95% CIf",tsi + eur + ibs + gbr + eas + fin,meta + discovery + combined + replication,haplotype reference consortium (hrc) + 1000 genomes (1000g),genotyping + wes + sequencing + wgs,,uk biobank + dbgap + adgc + eadi + charge + niagads + gerad perades
,95.0,,,,Positionb,,Major/ minor allele,"Stage 3A (n = 11,666) | P","Stage 1 + 2 (n = 82,771) | 95% CIf",tsi + eur + ibs + gbr + eas + fin,meta + discovery + combined + replication,haplotype reference consortium (hrc) + 1000 genomes (1000g),genotyping + wes + sequencing + wgs,,uk biobank + dbgap + adgc + eadi + charge + niagads + gerad perades
,95.0,,,,Positionb,,Major/ minor allele,"Overall (n = 94,437) | Meta P","Stage 1 + 2 (n = 82,771) | 95% CIf",tsi + eur + ibs + gbr + eas + fin,meta + discovery + combined + replication,haplotype reference consortium (hrc) + 1000 genomes (1000g),genotyping + wes + sequencing + wgs,,uk biobank + dbgap + adgc + eadi + charge + niagads + gerad perades
,95.0,,,,Positionb,,Major/ minor allele,"Stage 1 + 2 (n = 82,771) | P","Stage 1 + 2 (n = 82,771) | 95% CIf",tsi + eur + ibs + gbr + eas + fin,meta + discovery + combined + replication,haplotype reference consortium (hrc) + 1000 genomes (1000g),genotyping + wes + sequencing + wgs,,uk biobank + dbgap + adgc + eadi + charge + niagads + gerad perades
,95.0,,,,Positionb,,Major/ minor allele,"Stage 3A (n = 11,666) | P","Stage 1 + 2 (n = 82,771) | 95% CIf",tsi + eur + ibs + gbr + eas + fin,meta + discovery + combined + replication,haplotype reference consortium (hrc) + 1000 genomes (1000g),genotyping + wes + sequencing + wgs,,uk biobank + dbgap + adgc + eadi + charge + niagads + gerad perades
,95.0,,,,Positionb,,Major/ minor allele,"Overall (n = 94,437) | Meta P","Stage 1 + 2 (n = 82,771) | 95% CIf",tsi + eur + ibs + gbr + eas + fin,meta + discovery + combined + replication,haplotype reference consortium (hrc) + 1000 genomes (1000g),genotyping + wes + sequencing + wgs,,uk biobank + dbgap + adgc + eadi + charge + niagads + gerad perades
9.8e-06,0.57,0.01,rs71618613,5.0,29005985,,A/C,"Stage 1 + 2 (n = 82,771) | P","Stage 1 + 2 (n = 82,771) | 95% CIf",tsi + eur + ibs + gbr + eas + fin,meta + discovery + combined + replication,haplotype reference consortium (hrc) + 1000 genomes (1000g),genotyping + wes + sequencing + wgs,,uk biobank + dbgap + adgc + eadi + charge + niagads + gerad perades
0.0068,0.57,0.01,rs71618613,5.0,29005985,,A/C,"Stage 3A (n = 11,666) | P","Stage 1 + 2 (n = 82,771) | 95% CIf",tsi + eur + ibs + gbr + eas + fin,meta + discovery + combined + replication,haplotype reference consortium (hrc) + 1000 genomes (1000g),genotyping + wes + sequencing + wgs,,uk biobank + dbgap + adgc + eadi + charge + niagads + gerad perades
3.3e-07,0.57,0.01,rs71618613,5.0,29005985,,A/C,"Overall (n = 94,437) | Meta P","Stage 1 + 2 (n = 82,771) | 95% CIf",tsi + eur + ibs + gbr + eas + fin,meta + discovery + combined + replication,haplotype reference consortium (hrc) + 1000 genomes (1000g),genotyping + wes + sequencing + wgs,,uk biobank + dbgap + adgc + eadi + charge + niagads + gerad perades
7.8e-07,0.59,0.013,rs35868327,5.0,52665230,,A/C,"Stage 1 + 2 (n = 82,771) | P","Stage 1 + 2 (n = 82,771) | 95% CIf",tsi + eur + ibs + gbr + eas + fin,meta + discovery + combined + replication,haplotype reference consortium (hrc) + 1000 genomes (1000g),genotyping + wes + sequencing + wgs,,uk biobank + dbgap + adgc + eadi + charge + niagads + gerad perades
0.12,0.59,0.013,rs35868327,5.0,52665230,,A/C,"Stage 3A (n = 11,666) | P","Stage 1 + 2 (n = 82,771) | 95% CIf",tsi + eur + ibs + gbr + eas + fin,meta + discovery + combined + replication,haplotype reference consortium (hrc) + 1000 genomes (1000g),genotyping + wes + sequencing + wgs,,uk biobank + dbgap + adgc + eadi + charge + niagads + gerad perades
2.6e-07,0.59,0.013,rs35868327,5.0,52665230,,A/C,"Overall (n = 94,437) | Meta P","Stage 1 + 2 (n = 82,771) | 95% CIf",tsi + eur + ibs + gbr + eas + fin,meta + discovery + combined + replication,haplotype reference consortium (hrc) + 1000 genomes (1000g),genotyping + wes + sequencing + wgs,,uk biobank + dbgap + adgc + eadi + charge + niagads + gerad perades
4.5e-12,1.24,0.03,rs114812713,6.0,41034000,,G/C,"Stage 1 + 2 (n = 82,771) | P","Stage 1 + 2 (n = 82,771) | 95% CIf",tsi + eur + ibs + gbr + eas + fin,meta + discovery + combined + replication,haplotype reference consortium (hrc) + 1000 genomes (1000g),genotyping + wes + sequencing + wgs,,uk biobank + dbgap + adgc + eadi + charge + niagads + gerad perades
0.0072,1.24,0.03,rs114812713,6.0,41034000,,G/C,"Stage 3A (n = 11,666) | P","Stage 1 + 2 (n = 82,771) | 95% CIf",tsi + eur + ibs + gbr + eas + fin,meta + discovery + combined + replication,haplotype reference consortium (hrc) + 1000 genomes (1000g),genotyping + wes + sequencing + wgs,,uk biobank + dbgap + adgc + eadi + charge + niagads + gerad perades
2.1e-13,1.24,0.03,rs114812713,6.0,41034000,,G/C,"Overall (n = 94,437) | Meta P","Stage 1 + 2 (n = 82,771) | 95% CIf",tsi + eur + ibs + gbr + eas + fin,meta + discovery + combined + replication,haplotype reference consortium (hrc) + 1000 genomes (1000g),genotyping + wes + sequencing + wgs,,uk biobank + dbgap + adgc + eadi + charge + niagads + gerad perades
1.2e-07,1.1,0.116,rs62039712,16.0,79355857,,G/A,"Stage 1 + 2 (n = 82,771) | P","Stage 1 + 2 (n = 82,771) | 95% CIf",tsi + eur + ibs + gbr + eas + fin,meta + discovery + combined + replication,haplotype reference consortium (hrc) + 1000 genomes (1000g),genotyping + wes + sequencing + wgs,,uk biobank + dbgap + adgc + eadi + charge + niagads + gerad perades
0.13,1.1,0.116,rs62039712,16.0,79355857,,G/A,"Stage 3A (n = 11,666) | P","Stage 1 + 2 (n = 82,771) | 95% CIf",tsi + eur + ibs + gbr + eas + fin,meta + discovery + combined + replication,haplotype reference consortium (hrc) + 1000 genomes (1000g),genotyping + wes + sequencing + wgs,,uk biobank + dbgap + adgc + eadi + charge + niagads + gerad perades
3.7e-08,1.1,0.116,rs62039712,16.0,79355857,,G/A,"Overall (n = 94,437) | Meta P","Stage 1 + 2 (n = 82,771) | 95% CIf",tsi + eur + ibs + gbr + eas + fin,meta + discovery + combined + replication,haplotype reference consortium (hrc) + 1000 genomes (1000g),genotyping + wes + sequencing + wgs,,uk biobank + dbgap + adgc + eadi + charge + niagads + gerad perades
,,,,,,,,"Stage 1 + 2 (n = 82,771) | P","Stage 3A (n = 11,666) | OR",tsi + eur + ibs + gbr + eas + fin,meta + discovery + combined + replication,haplotype reference consortium (hrc) + 1000 genomes (1000g),genotyping + wes + sequencing + wgs,,uk biobank + dbgap + adgc + eadi + charge + niagads + gerad perades
,,,,,,,,"Stage 3A (n = 11,666) | P","Stage 3A (n = 11,666) | OR",tsi + eur + ibs + gbr + eas + fin,meta + discovery + combined + replication,haplotype reference consortium (hrc) + 1000 genomes (1000g),genotyping + wes + sequencing + wgs,,uk biobank + dbgap + adgc + eadi + charge + niagads + gerad perades
,,,,,,,,"Overall (n = 94,437) | Meta P","Stage 3A (n = 11,666) | OR",tsi + eur + ibs + gbr + eas + fin,meta + discovery + combined + replication,haplotype reference consortium (hrc) + 1000 genomes (1000g),genotyping + wes + sequencing + wgs,,uk biobank + dbgap + adgc + eadi + charge + niagads + gerad perades
3.4e-07,0.92,0.476,rs4735340,8.0,95976251,,T/A,"Stage 1 + 2 (n = 82,771) | P","Stage 3A (n = 11,666) | OR",tsi + eur + ibs + gbr + eas + fin,meta + discovery + combined + replication,haplotype reference consortium (hrc) + 1000 genomes (1000g),genotyping + wes + sequencing + wgs,,uk biobank + dbgap + adgc + eadi + charge + niagads + gerad perades
0.097,0.92,0.476,rs4735340,8.0,95976251,,T/A,"Stage 3A (n = 11,666) | P","Stage 3A (n = 11,666) | OR",tsi + eur + ibs + gbr + eas + fin,meta + discovery + combined + replication,haplotype reference consortium (hrc) + 1000 genomes (1000g),genotyping + wes + sequencing + wgs,,uk biobank + dbgap + adgc + eadi + charge + niagads + gerad perades
9.2e-08,0.92,0.476,rs4735340,8.0,95976251,,T/A,"Overall (n = 94,437) | Meta P","Stage 3A (n = 11,666) | OR",tsi + eur + ibs + gbr + eas + fin,meta + discovery + combined + replication,haplotype reference consortium (hrc) + 1000 genomes (1000g),genotyping + wes + sequencing + wgs,,uk biobank + dbgap + adgc + eadi + charge + niagads + gerad perades
2.3e-09,1.11,0.39,rs7920721,10.0,11720308,,A/G,"Stage 1 + 2 (n = 82,771) | P","Stage 3A (n = 11,666) | OR",tsi + eur + ibs + gbr + eas + fin,meta + discovery + combined + replication,haplotype reference consortium (hrc) + 1000 genomes (1000g),genotyping + wes + sequencing + wgs,,uk biobank + dbgap + adgc + eadi + charge + niagads + gerad perades
0.0015,1.11,0.39,rs7920721,10.0,11720308,,A/G,"Stage 3A (n = 11,666) | P","Stage 3A (n = 11,666) | OR",tsi + eur + ibs + gbr + eas + fin,meta + discovery + combined + replication,haplotype reference consortium (hrc) + 1000 genomes (1000g),genotyping + wes + sequencing + wgs,,uk biobank + dbgap + adgc + eadi + charge + niagads + gerad perades
1.8e-11,1.11,0.39,rs7920721,10.0,11720308,,A/G,"Overall (n = 94,437) | Meta P","Stage 3A (n = 11,666) | OR",tsi + eur + ibs + gbr + eas + fin,meta + discovery + combined + replication,haplotype reference consortium (hrc) + 1000 genomes (1000g),genotyping + wes + sequencing + wgs,,uk biobank + dbgap + adgc + eadi + charge + niagads + gerad perades
2.7e-07,1.02,0.413,rs7295246,12.0,43967677,,T/G,"Stage 1 + 2 (n = 82,771) | P","Stage 3A (n = 11,666) | OR",tsi + eur + ibs + gbr + eas + fin,meta + discovery + combined + replication,haplotype reference consortium (hrc) + 1000 genomes (1000g),genotyping + wes + sequencing + wgs,,uk biobank + dbgap + adgc + eadi + charge + niagads + gerad perades
0.45,1.02,0.413,rs7295246,12.0,43967677,,T/G,"Stage 3A (n = 11,666) | P","Stage 3A (n = 11,666) | OR",tsi + eur + ibs + gbr + eas + fin,meta + discovery + combined + replication,haplotype reference consortium (hrc) + 1000 genomes (1000g),genotyping + wes + sequencing + wgs,,uk biobank + dbgap + adgc + eadi + charge + niagads + gerad perades
3.9e-07,1.02,0.413,rs7295246,12.0,43967677,,T/G,"Overall (n = 94,437) | Meta P","Stage 3A (n = 11,666) | OR",tsi + eur + ibs + gbr + eas + fin,meta + discovery + combined + replication,haplotype reference consortium (hrc) + 1000 genomes (1000g),genotyping + wes + sequencing + wgs,,uk biobank + dbgap + adgc + eadi + charge + niagads + gerad perades
3.9e-07,0.97,0.333,rs10467994,15.0,51008687,,T/C,"Stage 1 + 2 (n = 82,771) | P","Stage 3A (n = 11,666) | OR",tsi + eur + ibs + gbr + eas + fin,meta + discovery + combined + replication,haplotype reference consortium (hrc) + 1000 genomes (1000g),genotyping + wes + sequencing + wgs,,uk biobank + dbgap + adgc + eadi + charge + niagads + gerad perades
0.62,0.97,0.333,rs10467994,15.0,51008687,,T/C,"Stage 3A (n = 11,666) | P","Stage 3A (n = 11,666) | OR",tsi + eur + ibs + gbr + eas + fin,meta + discovery + combined + replication,haplotype reference consortium (hrc) + 1000 genomes (1000g),genotyping + wes + sequencing + wgs,,uk biobank + dbgap + adgc + eadi + charge + niagads + gerad perades
4.3e-07,0.97,0.333,rs10467994,15.0,51008687,,T/C,"Overall (n = 94,437) | Meta P","Stage 3A (n = 11,666) | OR",tsi + eur + ibs + gbr + eas + fin,meta + discovery + combined + replication,haplotype reference consortium (hrc) + 1000 genomes (1000g),genotyping + wes + sequencing + wgs,,uk biobank + dbgap + adgc + eadi + charge + niagads + gerad perades
1.3e-07,0.91,0.295,rs593742,15.0,59045774,,A/G,"Stage 1 + 2 (n = 82,771) | P","Stage 3A (n = 11,666) | OR",tsi + eur + ibs + gbr + eas + fin,meta + discovery + combined + replication,haplotype reference consortium (hrc) + 1000 genomes (1000g),genotyping + wes + sequencing + wgs,,uk biobank + dbgap + adgc + eadi + charge + niagads + gerad perades
0.015,0.91,0.295,rs593742,15.0,59045774,,A/G,"Stage 3A (n = 11,666) | P","Stage 3A (n = 11,666) | OR",tsi + eur + ibs + gbr + eas + fin,meta + discovery + combined + replication,haplotype reference consortium (hrc) + 1000 genomes (1000g),genotyping + wes + sequencing + wgs,,uk biobank + dbgap + adgc + eadi + charge + niagads + gerad perades
6.8e-09,0.91,0.295,rs593742,15.0,59045774,,A/G,"Overall (n = 94,437) | Meta P","Stage 3A (n = 11,666) | OR",tsi + eur + ibs + gbr + eas + fin,meta + discovery + combined + replication,haplotype reference consortium (hrc) + 1000 genomes (1000g),genotyping + wes + sequencing + wgs,,uk biobank + dbgap + adgc + eadi + charge + niagads + gerad perades
8.4e-08,0.94,0.18,rs7185636,16.0,19808163,,T/C,"Stage 1 + 2 (n = 82,771) | P","Stage 3A (n = 11,666) | OR",tsi + eur + ibs + gbr + eas + fin,meta + discovery + combined + replication,haplotype reference consortium (hrc) + 1000 genomes (1000g),genotyping + wes + sequencing + wgs,,uk biobank + dbgap + adgc + eadi + charge + niagads + gerad perades
0.11,0.94,0.18,rs7185636,16.0,19808163,,T/C,"Stage 3A (n = 11,666) | P","Stage 3A (n = 11,666) | OR",tsi + eur + ibs + gbr + eas + fin,meta + discovery + combined + replication,haplotype reference consortium (hrc) + 1000 genomes (1000g),genotyping + wes + sequencing + wgs,,uk biobank + dbgap + adgc + eadi + charge + niagads + gerad perades
2.4e-08,0.94,0.18,rs7185636,16.0,19808163,,T/C,"Overall (n = 94,437) | Meta P","Stage 3A (n = 11,666) | OR",tsi + eur + ibs + gbr + eas + fin,meta + discovery + combined + replication,haplotype reference consortium (hrc) + 1000 genomes (1000g),genotyping + wes + sequencing + wgs,,uk biobank + dbgap + adgc + eadi + charge + niagads + gerad perades
2.3e-07,0.91,0.44,rs2632516,17.0,56409089,,G/C,"Stage 1 + 2 (n = 82,771) | P","Stage 3A (n = 11,666) | OR",tsi + eur + ibs + gbr + eas + fin,meta + discovery + combined + replication,haplotype reference consortium (hrc) + 1000 genomes (1000g),genotyping + wes + sequencing + wgs,,uk biobank + dbgap + adgc + eadi + charge + niagads + gerad perades
0.075,0.91,0.44,rs2632516,17.0,56409089,,G/C,"Stage 3A (n = 11,666) | P","Stage 3A (n = 11,666) | OR",tsi + eur + ibs + gbr + eas + fin,meta + discovery + combined + replication,haplotype reference consortium (hrc) + 1000 genomes (1000g),genotyping + wes + sequencing + wgs,,uk biobank + dbgap + adgc + eadi + charge + niagads + gerad perades
5.3e-08,0.91,0.44,rs2632516,17.0,56409089,,G/C,"Overall (n = 94,437) | Meta P","Stage 3A (n = 11,666) | OR",tsi + eur + ibs + gbr + eas + fin,meta + discovery + combined + replication,haplotype reference consortium (hrc) + 1000 genomes (1000g),genotyping + wes + sequencing + wgs,,uk biobank + dbgap + adgc + eadi + charge + niagads + gerad perades
7.5e-09,1.17,0.02,rs138190086,17.0,61538148,,G/A,"Stage 1 + 2 (n = 82,771) | P","Stage 3A (n = 11,666) | OR",tsi + eur + ibs + gbr + eas + fin,meta + discovery + combined + replication,haplotype reference consortium (hrc) + 1000 genomes (1000g),genotyping + wes + sequencing + wgs,,uk biobank + dbgap + adgc + eadi + charge + niagads + gerad perades
0.21,1.17,0.02,rs138190086,17.0,61538148,,G/A,"Stage 3A (n = 11,666) | P","Stage 3A (n = 11,666) | OR",tsi + eur + ibs + gbr + eas + fin,meta + discovery + combined + replication,haplotype reference consortium (hrc) + 1000 genomes (1000g),genotyping + wes + sequencing + wgs,,uk biobank + dbgap + adgc + eadi + charge + niagads + gerad perades
5.3e-09,1.17,0.02,rs138190086,17.0,61538148,,G/A,"Overall (n = 94,437) | Meta P","Stage 3A (n = 11,666) | OR",tsi + eur + ibs + gbr + eas + fin,meta + discovery + combined + replication,haplotype reference consortium (hrc) + 1000 genomes (1000g),genotyping + wes + sequencing + wgs,,uk biobank + dbgap + adgc + eadi + charge + niagads + gerad perades
7.4e-08,0.95,0.308,rs2830500,21.0,28156856,,C/A,"Stage 1 + 2 (n = 82,771) | P","Stage 3A (n = 11,666) | OR",tsi + eur + ibs + gbr + eas + fin,meta + discovery + combined + replication,haplotype reference consortium (hrc) + 1000 genomes (1000g),genotyping + wes + sequencing + wgs,,uk biobank + dbgap + adgc + eadi + charge + niagads + gerad perades
0.13,0.95,0.308,rs2830500,21.0,28156856,,C/A,"Stage 3A (n = 11,666) | P","Stage 3A (n = 11,666) | OR",tsi + eur + ibs + gbr + eas + fin,meta + discovery + combined + replication,haplotype reference consortium (hrc) + 1000 genomes (1000g),genotyping + wes + sequencing + wgs,,uk biobank + dbgap + adgc + eadi + charge + niagads + gerad perades
2.6e-08,0.95,0.308,rs2830500,21.0,28156856,,C/A,"Overall (n = 94,437) | Meta P","Stage 3A (n = 11,666) | OR",tsi + eur + ibs + gbr + eas + fin,meta + discovery + combined + replication,haplotype reference consortium (hrc) + 1000 genomes (1000g),genotyping + wes + sequencing + wgs,,uk biobank + dbgap + adgc + eadi + charge + niagads + gerad perades
,3.0,,,,Stage 3B,,Stage 3B,"Stage 1 + 2 (n = 82,771) | P","Stage 3A (n = 11,666) | OR",tsi + eur + ibs + gbr + eas + fin,meta + discovery + combined + replication,haplotype reference consortium (hrc) + 1000 genomes (1000g),genotyping + wes + sequencing + wgs,,uk biobank + dbgap + adgc + eadi + charge + niagads + gerad perades
,3.0,,,,Stage 3B,,Stage 3B,"Stage 3A (n = 11,666) | P","Stage 3A (n = 11,666) | OR",tsi + eur + ibs + gbr + eas + fin,meta + discovery + combined + replication,haplotype reference consortium (hrc) + 1000 genomes (1000g),genotyping + wes + sequencing + wgs,,uk biobank + dbgap + adgc + eadi + charge + niagads + gerad perades
,3.0,,,,Stage 3B,,Stage 3B,"Overall (n = 94,437) | Meta P","Stage 3A (n = 11,666) | OR",tsi + eur + ibs + gbr + eas + fin,meta + discovery + combined + replication,haplotype reference consortium (hrc) + 1000 genomes (1000g),genotyping + wes + sequencing + wgs,,uk biobank + dbgap + adgc + eadi + charge + niagads + gerad perades
,3.0,,,,Stage 3B,,Stage 3B,"Stage 1 + 2 (n = 82,771) | P","Stage 3A (n = 11,666) | OR",tsi + eur + ibs + gbr + eas + fin,meta + discovery + combined + replication,haplotype reference consortium (hrc) + 1000 genomes (1000g),genotyping + wes + sequencing + wgs,,uk biobank + dbgap + adgc + eadi + charge + niagads + gerad perades
,3.0,,,,Stage 3B,,Stage 3B,"Stage 3A (n = 11,666) | P","Stage 3A (n = 11,666) | OR",tsi + eur + ibs + gbr + eas + fin,meta + discovery + combined + replication,haplotype reference consortium (hrc) + 1000 genomes (1000g),genotyping + wes + sequencing + wgs,,uk biobank + dbgap + adgc + eadi + charge + niagads + gerad perades
,3.0,,,,Stage 3B,,Stage 3B,"Overall (n = 94,437) | Meta P","Stage 3A (n = 11,666) | OR",tsi + eur + ibs + gbr + eas + fin,meta + discovery + combined + replication,haplotype reference consortium (hrc) + 1000 genomes (1000g),genotyping + wes + sequencing + wgs,,uk biobank + dbgap + adgc + eadi + charge + niagads + gerad perades
,,,,,Positionb,,Major/ minor allele,"Stage 1 + 2 (n = 82,771) | P","Stage 3A (n = 11,666) | OR",tsi + eur + ibs + gbr + eas + fin,meta + discovery + combined + replication,haplotype reference consortium (hrc) + 1000 genomes (1000g),genotyping + wes + sequencing + wgs,,uk biobank + dbgap + adgc + eadi + charge + niagads + gerad perades
,,,,,Positionb,,Major/ minor allele,"Stage 3A (n = 11,666) | P","Stage 3A (n = 11,666) | OR",tsi + eur + ibs + gbr + eas + fin,meta + discovery + combined + replication,haplotype reference consortium (hrc) + 1000 genomes (1000g),genotyping + wes + sequencing + wgs,,uk biobank + dbgap + adgc + eadi + charge + niagads + gerad perades
,,,,,Positionb,,Major/ minor allele,"Overall (n = 94,437) | Meta P","Stage 3A (n = 11,666) | OR",tsi + eur + ibs + gbr + eas + fin,meta + discovery + combined + replication,haplotype reference consortium (hrc) + 1000 genomes (1000g),genotyping + wes + sequencing + wgs,,uk biobank + dbgap + adgc + eadi + charge + niagads + gerad perades
,,,,,Positionb,,Major/ minor allele,"Stage 1 + 2 (n = 82,771) | P","Stage 3A (n = 11,666) | OR",tsi + eur + ibs + gbr + eas + fin,meta + discovery + combined + replication,haplotype reference consortium (hrc) + 1000 genomes (1000g),genotyping + wes + sequencing + wgs,,uk biobank + dbgap + adgc + eadi + charge + niagads + gerad perades
,,,,,Positionb,,Major/ minor allele,"Stage 3A (n = 11,666) | P","Stage 3A (n = 11,666) | OR",tsi + eur + ibs + gbr + eas + fin,meta + discovery + combined + replication,haplotype reference consortium (hrc) + 1000 genomes (1000g),genotyping + wes + sequencing + wgs,,uk biobank + dbgap + adgc + eadi + charge + niagads + gerad perades
,,,,,Positionb,,Major/ minor allele,"Overall (n = 94,437) | Meta P","Stage 3A (n = 11,666) | OR",tsi + eur + ibs + gbr + eas + fin,meta + discovery + combined + replication,haplotype reference consortium (hrc) + 1000 genomes (1000g),genotyping + wes + sequencing + wgs,,uk biobank + dbgap + adgc + eadi + charge + niagads + gerad perades
9.8e-06,0.76,0.01,rs71618613,5.0,29005985,,A/C,"Stage 1 + 2 (n = 82,771) | P","Stage 3A (n = 11,666) | OR",tsi + eur + ibs + gbr + eas + fin,meta + discovery + combined + replication,haplotype reference consortium (hrc) + 1000 genomes (1000g),genotyping + wes + sequencing + wgs,,uk biobank + dbgap + adgc + eadi + charge + niagads + gerad perades
0.0068,0.76,0.01,rs71618613,5.0,29005985,,A/C,"Stage 3A (n = 11,666) | P","Stage 3A (n = 11,666) | OR",tsi + eur + ibs + gbr + eas + fin,meta + discovery + combined + replication,haplotype reference consortium (hrc) + 1000 genomes (1000g),genotyping + wes + sequencing + wgs,,uk biobank + dbgap + adgc + eadi + charge + niagads + gerad perades
3.3e-07,0.76,0.01,rs71618613,5.0,29005985,,A/C,"Overall (n = 94,437) | Meta P","Stage 3A (n = 11,666) | OR",tsi + eur + ibs + gbr + eas + fin,meta + discovery + combined + replication,haplotype reference consortium (hrc) + 1000 genomes (1000g),genotyping + wes + sequencing + wgs,,uk biobank + dbgap + adgc + eadi + charge + niagads + gerad perades
7.8e-07,0.58,0.013,rs35868327,5.0,52665230,,A/C,"Stage 1 + 2 (n = 82,771) | P","Stage 3A (n = 11,666) | OR",tsi + eur + ibs + gbr + eas + fin,meta + discovery + combined + replication,haplotype reference consortium (hrc) + 1000 genomes (1000g),genotyping + wes + sequencing + wgs,,uk biobank + dbgap + adgc + eadi + charge + niagads + gerad perades
0.12,0.58,0.013,rs35868327,5.0,52665230,,A/C,"Stage 3A (n = 11,666) | P","Stage 3A (n = 11,666) | OR",tsi + eur + ibs + gbr + eas + fin,meta + discovery + combined + replication,haplotype reference consortium (hrc) + 1000 genomes (1000g),genotyping + wes + sequencing + wgs,,uk biobank + dbgap + adgc + eadi + charge + niagads + gerad perades
2.6e-07,0.58,0.013,rs35868327,5.0,52665230,,A/C,"Overall (n = 94,437) | Meta P","Stage 3A (n = 11,666) | OR",tsi + eur + ibs + gbr + eas + fin,meta + discovery + combined + replication,haplotype reference consortium (hrc) + 1000 genomes (1000g),genotyping + wes + sequencing + wgs,,uk biobank + dbgap + adgc + eadi + charge + niagads + gerad perades
4.5e-12,1.23,0.03,rs114812713,6.0,41034000,,G/C,"Stage 1 + 2 (n = 82,771) | P","Stage 3A (n = 11,666) | OR",tsi + eur + ibs + gbr + eas + fin,meta + discovery + combined + replication,haplotype reference consortium (hrc) + 1000 genomes (1000g),genotyping + wes + sequencing + wgs,,uk biobank + dbgap + adgc + eadi + charge + niagads + gerad perades
0.0072,1.23,0.03,rs114812713,6.0,41034000,,G/C,"Stage 3A (n = 11,666) | P","Stage 3A (n = 11,666) | OR",tsi + eur + ibs + gbr + eas + fin,meta + discovery + combined + replication,haplotype reference consortium (hrc) + 1000 genomes (1000g),genotyping + wes + sequencing + wgs,,uk biobank + dbgap + adgc + eadi + charge + niagads + gerad perades
2.1e-13,1.23,0.03,rs114812713,6.0,41034000,,G/C,"Overall (n = 94,437) | Meta P","Stage 3A (n = 11,666) | OR",tsi + eur + ibs + gbr + eas + fin,meta + discovery + combined + replication,haplotype reference consortium (hrc) + 1000 genomes (1000g),genotyping + wes + sequencing + wgs,,uk biobank + dbgap + adgc + eadi + charge + niagads + gerad perades
1.2e-07,1.14,0.116,rs62039712,16.0,79355857,,G/A,"Stage 1 + 2 (n = 82,771) | P","Stage 3A (n = 11,666) | OR",tsi + eur + ibs + gbr + eas + fin,meta + discovery + combined + replication,haplotype reference consortium (hrc) + 1000 genomes (1000g),genotyping + wes + sequencing + wgs,,uk biobank + dbgap + adgc + eadi + charge + niagads + gerad perades
0.13,1.14,0.116,rs62039712,16.0,79355857,,G/A,"Stage 3A (n = 11,666) | P","Stage 3A (n = 11,666) | OR",tsi + eur + ibs + gbr + eas + fin,meta + discovery + combined + replication,haplotype reference consortium (hrc) + 1000 genomes (1000g),genotyping + wes + sequencing + wgs,,uk biobank + dbgap + adgc + eadi + charge + niagads + gerad perades
3.7e-08,1.14,0.116,rs62039712,16.0,79355857,,G/A,"Overall (n = 94,437) | Meta P","Stage 3A (n = 11,666) | OR",tsi + eur + ibs + gbr + eas + fin,meta + discovery + combined + replication,haplotype reference consortium (hrc) + 1000 genomes (1000g),genotyping + wes + sequencing + wgs,,uk biobank + dbgap + adgc + eadi + charge + niagads + gerad perades
,,,,,,,,"Stage 1 + 2 (n = 82,771) | P","Stage 3A (n = 11,666) | 95% CIf",tsi + eur + ibs + gbr + eas + fin,meta + discovery + combined + replication,haplotype reference consortium (hrc) + 1000 genomes (1000g),genotyping + wes + sequencing + wgs,,uk biobank + dbgap + adgc + eadi + charge + niagads + gerad perades
,,,,,,,,"Stage 3A (n = 11,666) | P","Stage 3A (n = 11,666) | 95% CIf",tsi + eur + ibs + gbr + eas + fin,meta + discovery + combined + replication,haplotype reference consortium (hrc) + 1000 genomes (1000g),genotyping + wes + sequencing + wgs,,uk biobank + dbgap + adgc + eadi + charge + niagads + gerad perades
,,,,,,,,"Overall (n = 94,437) | Meta P","Stage 3A (n = 11,666) | 95% CIf",tsi + eur + ibs + gbr + eas + fin,meta + discovery + combined + replication,haplotype reference consortium (hrc) + 1000 genomes (1000g),genotyping + wes + sequencing + wgs,,uk biobank + dbgap + adgc + eadi + charge + niagads + gerad perades
3.4e-07,0.83,0.476,rs4735340,8.0,95976251,,T/A,"Stage 1 + 2 (n = 82,771) | P","Stage 3A (n = 11,666) | 95% CIf",tsi + eur + ibs + gbr + eas + fin,meta + discovery + combined + replication,haplotype reference consortium (hrc) + 1000 genomes (1000g),genotyping + wes + sequencing + wgs,,uk biobank + dbgap + adgc + eadi + charge + niagads + gerad perades
0.097,0.83,0.476,rs4735340,8.0,95976251,,T/A,"Stage 3A (n = 11,666) | P","Stage 3A (n = 11,666) | 95% CIf",tsi + eur + ibs + gbr + eas + fin,meta + discovery + combined + replication,haplotype reference consortium (hrc) + 1000 genomes (1000g),genotyping + wes + sequencing + wgs,,uk biobank + dbgap + adgc + eadi + charge + niagads + gerad perades
9.2e-08,0.83,0.476,rs4735340,8.0,95976251,,T/A,"Overall (n = 94,437) | Meta P","Stage 3A (n = 11,666) | 95% CIf",tsi + eur + ibs + gbr + eas + fin,meta + discovery + combined + replication,haplotype reference consortium (hrc) + 1000 genomes (1000g),genotyping + wes + sequencing + wgs,,uk biobank + dbgap + adgc + eadi + charge + niagads + gerad perades
2.3e-09,1.04,0.39,rs7920721,10.0,11720308,,A/G,"Stage 1 + 2 (n = 82,771) | P","Stage 3A (n = 11,666) | 95% CIf",tsi + eur + ibs + gbr + eas + fin,meta + discovery + combined + replication,haplotype reference consortium (hrc) + 1000 genomes (1000g),genotyping + wes + sequencing + wgs,,uk biobank + dbgap + adgc + eadi + charge + niagads + gerad perades
0.0015,1.04,0.39,rs7920721,10.0,11720308,,A/G,"Stage 3A (n = 11,666) | P","Stage 3A (n = 11,666) | 95% CIf",tsi + eur + ibs + gbr + eas + fin,meta + discovery + combined + replication,haplotype reference consortium (hrc) + 1000 genomes (1000g),genotyping + wes + sequencing + wgs,,uk biobank + dbgap + adgc + eadi + charge + niagads + gerad perades
1.8e-11,1.04,0.39,rs7920721,10.0,11720308,,A/G,"Overall (n = 94,437) | Meta P","Stage 3A (n = 11,666) | 95% CIf",tsi + eur + ibs + gbr + eas + fin,meta + discovery + combined + replication,haplotype reference consortium (hrc) + 1000 genomes (1000g),genotyping + wes + sequencing + wgs,,uk biobank + dbgap + adgc + eadi + charge + niagads + gerad perades
2.7e-07,0.96,0.413,rs7295246,12.0,43967677,,T/G,"Stage 1 + 2 (n = 82,771) | P","Stage 3A (n = 11,666) | 95% CIf",tsi + eur + ibs + gbr + eas + fin,meta + discovery + combined + replication,haplotype reference consortium (hrc) + 1000 genomes (1000g),genotyping + wes + sequencing + wgs,,uk biobank + dbgap + adgc + eadi + charge + niagads + gerad perades
0.45,0.96,0.413,rs7295246,12.0,43967677,,T/G,"Stage 3A (n = 11,666) | P","Stage 3A (n = 11,666) | 95% CIf",tsi + eur + ibs + gbr + eas + fin,meta + discovery + combined + replication,haplotype reference consortium (hrc) + 1000 genomes (1000g),genotyping + wes + sequencing + wgs,,uk biobank + dbgap + adgc + eadi + charge + niagads + gerad perades
3.9e-07,0.96,0.413,rs7295246,12.0,43967677,,T/G,"Overall (n = 94,437) | Meta P","Stage 3A (n = 11,666) | 95% CIf",tsi + eur + ibs + gbr + eas + fin,meta + discovery + combined + replication,haplotype reference consortium (hrc) + 1000 genomes (1000g),genotyping + wes + sequencing + wgs,,uk biobank + dbgap + adgc + eadi + charge + niagads + gerad perades
3.9e-07,0.87,0.333,rs10467994,15.0,51008687,,T/C,"Stage 1 + 2 (n = 82,771) | P","Stage 3A (n = 11,666) | 95% CIf",tsi + eur + ibs + gbr + eas + fin,meta + discovery + combined + replication,haplotype reference consortium (hrc) + 1000 genomes (1000g),genotyping + wes + sequencing + wgs,,uk biobank + dbgap + adgc + eadi + charge + niagads + gerad perades
0.62,0.87,0.333,rs10467994,15.0,51008687,,T/C,"Stage 3A (n = 11,666) | P","Stage 3A (n = 11,666) | 95% CIf",tsi + eur + ibs + gbr + eas + fin,meta + discovery + combined + replication,haplotype reference consortium (hrc) + 1000 genomes (1000g),genotyping + wes + sequencing + wgs,,uk biobank + dbgap + adgc + eadi + charge + niagads + gerad perades
4.3e-07,0.87,0.333,rs10467994,15.0,51008687,,T/C,"Overall (n = 94,437) | Meta P","Stage 3A (n = 11,666) | 95% CIf",tsi + eur + ibs + gbr + eas + fin,meta + discovery + combined + replication,haplotype reference consortium (hrc) + 1000 genomes (1000g),genotyping + wes + sequencing + wgs,,uk biobank + dbgap + adgc + eadi + charge + niagads + gerad perades
1.3e-07,0.85,0.295,rs593742,15.0,59045774,,A/G,"Stage 1 + 2 (n = 82,771) | P","Stage 3A (n = 11,666) | 95% CIf",tsi + eur + ibs + gbr + eas + fin,meta + discovery + combined + replication,haplotype reference consortium (hrc) + 1000 genomes (1000g),genotyping + wes + sequencing + wgs,,uk biobank + dbgap + adgc + eadi + charge + niagads + gerad perades
0.015,0.85,0.295,rs593742,15.0,59045774,,A/G,"Stage 3A (n = 11,666) | P","Stage 3A (n = 11,666) | 95% CIf",tsi + eur + ibs + gbr + eas + fin,meta + discovery + combined + replication,haplotype reference consortium (hrc) + 1000 genomes (1000g),genotyping + wes + sequencing + wgs,,uk biobank + dbgap + adgc + eadi + charge + niagads + gerad perades
6.8e-09,0.85,0.295,rs593742,15.0,59045774,,A/G,"Overall (n = 94,437) | Meta P","Stage 3A (n = 11,666) | 95% CIf",tsi + eur + ibs + gbr + eas + fin,meta + discovery + combined + replication,haplotype reference consortium (hrc) + 1000 genomes (1000g),genotyping + wes + sequencing + wgs,,uk biobank + dbgap + adgc + eadi + charge + niagads + gerad perades
8.4e-08,0.86,0.18,rs7185636,16.0,19808163,,T/C,"Stage 1 + 2 (n = 82,771) | P","Stage 3A (n = 11,666) | 95% CIf",tsi + eur + ibs + gbr + eas + fin,meta + discovery + combined + replication,haplotype reference consortium (hrc) + 1000 genomes (1000g),genotyping + wes + sequencing + wgs,,uk biobank + dbgap + adgc + eadi + charge + niagads + gerad perades
0.11,0.86,0.18,rs7185636,16.0,19808163,,T/C,"Stage 3A (n = 11,666) | P","Stage 3A (n = 11,666) | 95% CIf",tsi + eur + ibs + gbr + eas + fin,meta + discovery + combined + replication,haplotype reference consortium (hrc) + 1000 genomes (1000g),genotyping + wes + sequencing + wgs,,uk biobank + dbgap + adgc + eadi + charge + niagads + gerad perades
2.4e-08,0.86,0.18,rs7185636,16.0,19808163,,T/C,"Overall (n = 94,437) | Meta P","Stage 3A (n = 11,666) | 95% CIf",tsi + eur + ibs + gbr + eas + fin,meta + discovery + combined + replication,haplotype reference consortium (hrc) + 1000 genomes (1000g),genotyping + wes + sequencing + wgs,,uk biobank + dbgap + adgc + eadi + charge + niagads + gerad perades
2.3e-07,0.82,0.44,rs2632516,17.0,56409089,,G/C,"Stage 1 + 2 (n = 82,771) | P","Stage 3A (n = 11,666) | 95% CIf",tsi + eur + ibs + gbr + eas + fin,meta + discovery + combined + replication,haplotype reference consortium (hrc) + 1000 genomes (1000g),genotyping + wes + sequencing + wgs,,uk biobank + dbgap + adgc + eadi + charge + niagads + gerad perades
0.075,0.82,0.44,rs2632516,17.0,56409089,,G/C,"Stage 3A (n = 11,666) | P","Stage 3A (n = 11,666) | 95% CIf",tsi + eur + ibs + gbr + eas + fin,meta + discovery + combined + replication,haplotype reference consortium (hrc) + 1000 genomes (1000g),genotyping + wes + sequencing + wgs,,uk biobank + dbgap + adgc + eadi + charge + niagads + gerad perades
5.3e-08,0.82,0.44,rs2632516,17.0,56409089,,G/C,"Overall (n = 94,437) | Meta P","Stage 3A (n = 11,666) | 95% CIf",tsi + eur + ibs + gbr + eas + fin,meta + discovery + combined + replication,haplotype reference consortium (hrc) + 1000 genomes (1000g),genotyping + wes + sequencing + wgs,,uk biobank + dbgap + adgc + eadi + charge + niagads + gerad perades
7.5e-09,0.92,0.02,rs138190086,17.0,61538148,,G/A,"Stage 1 + 2 (n = 82,771) | P","Stage 3A (n = 11,666) | 95% CIf",tsi + eur + ibs + gbr + eas + fin,meta + discovery + combined + replication,haplotype reference consortium (hrc) + 1000 genomes (1000g),genotyping + wes + sequencing + wgs,,uk biobank + dbgap + adgc + eadi + charge + niagads + gerad perades
0.21,0.92,0.02,rs138190086,17.0,61538148,,G/A,"Stage 3A (n = 11,666) | P","Stage 3A (n = 11,666) | 95% CIf",tsi + eur + ibs + gbr + eas + fin,meta + discovery + combined + replication,haplotype reference consortium (hrc) + 1000 genomes (1000g),genotyping + wes + sequencing + wgs,,uk biobank + dbgap + adgc + eadi + charge + niagads + gerad perades
5.3e-09,0.92,0.02,rs138190086,17.0,61538148,,G/A,"Overall (n = 94,437) | Meta P","Stage 3A (n = 11,666) | 95% CIf",tsi + eur + ibs + gbr + eas + fin,meta + discovery + combined + replication,haplotype reference consortium (hrc) + 1000 genomes (1000g),genotyping + wes + sequencing + wgs,,uk biobank + dbgap + adgc + eadi + charge + niagads + gerad perades
7.4e-08,0.89,0.308,rs2830500,21.0,28156856,,C/A,"Stage 1 + 2 (n = 82,771) | P","Stage 3A (n = 11,666) | 95% CIf",tsi + eur + ibs + gbr + eas + fin,meta + discovery + combined + replication,haplotype reference consortium (hrc) + 1000 genomes (1000g),genotyping + wes + sequencing + wgs,,uk biobank + dbgap + adgc + eadi + charge + niagads + gerad perades
0.13,0.89,0.308,rs2830500,21.0,28156856,,C/A,"Stage 3A (n = 11,666) | P","Stage 3A (n = 11,666) | 95% CIf",tsi + eur + ibs + gbr + eas + fin,meta + discovery + combined + replication,haplotype reference consortium (hrc) + 1000 genomes (1000g),genotyping + wes + sequencing + wgs,,uk biobank + dbgap + adgc + eadi + charge + niagads + gerad perades
2.6e-08,0.89,0.308,rs2830500,21.0,28156856,,C/A,"Overall (n = 94,437) | Meta P","Stage 3A (n = 11,666) | 95% CIf",tsi + eur + ibs + gbr + eas + fin,meta + discovery + combined + replication,haplotype reference consortium (hrc) + 1000 genomes (1000g),genotyping + wes + sequencing + wgs,,uk biobank + dbgap + adgc + eadi + charge + niagads + gerad perades
,3.0,,,,Stage 3B,,Stage 3B,"Stage 1 + 2 (n = 82,771) | P","Stage 3A (n = 11,666) | 95% CIf",tsi + eur + ibs + gbr + eas + fin,meta + discovery + combined + replication,haplotype reference consortium (hrc) + 1000 genomes (1000g),genotyping + wes + sequencing + wgs,,uk biobank + dbgap + adgc + eadi + charge + niagads + gerad perades
,3.0,,,,Stage 3B,,Stage 3B,"Stage 3A (n = 11,666) | P","Stage 3A (n = 11,666) | 95% CIf",tsi + eur + ibs + gbr + eas + fin,meta + discovery + combined + replication,haplotype reference consortium (hrc) + 1000 genomes (1000g),genotyping + wes + sequencing + wgs,,uk biobank + dbgap + adgc + eadi + charge + niagads + gerad perades
,3.0,,,,Stage 3B,,Stage 3B,"Overall (n = 94,437) | Meta P","Stage 3A (n = 11,666) | 95% CIf",tsi + eur + ibs + gbr + eas + fin,meta + discovery + combined + replication,haplotype reference consortium (hrc) + 1000 genomes (1000g),genotyping + wes + sequencing + wgs,,uk biobank + dbgap + adgc + eadi + charge + niagads + gerad perades
,3.0,,,,Stage 3B,,Stage 3B,"Stage 1 + 2 (n = 82,771) | P","Stage 3A (n = 11,666) | 95% CIf",tsi + eur + ibs + gbr + eas + fin,meta + discovery + combined + replication,haplotype reference consortium (hrc) + 1000 genomes (1000g),genotyping + wes + sequencing + wgs,,uk biobank + dbgap + adgc + eadi + charge + niagads + gerad perades
,3.0,,,,Stage 3B,,Stage 3B,"Stage 3A (n = 11,666) | P","Stage 3A (n = 11,666) | 95% CIf",tsi + eur + ibs + gbr + eas + fin,meta + discovery + combined + replication,haplotype reference consortium (hrc) + 1000 genomes (1000g),genotyping + wes + sequencing + wgs,,uk biobank + dbgap + adgc + eadi + charge + niagads + gerad perades
,3.0,,,,Stage 3B,,Stage 3B,"Overall (n = 94,437) | Meta P","Stage 3A (n = 11,666) | 95% CIf",tsi + eur + ibs + gbr + eas + fin,meta + discovery + combined + replication,haplotype reference consortium (hrc) + 1000 genomes (1000g),genotyping + wes + sequencing + wgs,,uk biobank + dbgap + adgc + eadi + charge + niagads + gerad perades
,95.0,,,,Positionb,,Major/ minor allele,"Stage 1 + 2 (n = 82,771) | P","Stage 3A (n = 11,666) | 95% CIf",tsi + eur + ibs + gbr + eas + fin,meta + discovery + combined + replication,haplotype reference consortium (hrc) + 1000 genomes (1000g),genotyping + wes + sequencing + wgs,,uk biobank + dbgap + adgc + eadi + charge + niagads + gerad perades
,95.0,,,,Positionb,,Major/ minor allele,"Stage 3A (n = 11,666) | P","Stage 3A (n = 11,666) | 95% CIf",tsi + eur + ibs + gbr + eas + fin,meta + discovery + combined + replication,haplotype reference consortium (hrc) + 1000 genomes (1000g),genotyping + wes + sequencing + wgs,,uk biobank + dbgap + adgc + eadi + charge + niagads + gerad perades
,95.0,,,,Positionb,,Major/ minor allele,"Overall (n = 94,437) | Meta P","Stage 3A (n = 11,666) | 95% CIf",tsi + eur + ibs + gbr + eas + fin,meta + discovery + combined + replication,haplotype reference consortium (hrc) + 1000 genomes (1000g),genotyping + wes + sequencing + wgs,,uk biobank + dbgap + adgc + eadi + charge + niagads + gerad perades
,95.0,,,,Positionb,,Major/ minor allele,"Stage 1 + 2 (n = 82,771) | P","Stage 3A (n = 11,666) | 95% CIf",tsi + eur + ibs + gbr + eas + fin,meta + discovery + combined + replication,haplotype reference consortium (hrc) + 1000 genomes (1000g),genotyping + wes + sequencing + wgs,,uk biobank + dbgap + adgc + eadi + charge + niagads + gerad perades
,95.0,,,,Positionb,,Major/ minor allele,"Stage 3A (n = 11,666) | P","Stage 3A (n = 11,666) | 95% CIf",tsi + eur + ibs + gbr + eas + fin,meta + discovery + combined + replication,haplotype reference consortium (hrc) + 1000 genomes (1000g),genotyping + wes + sequencing + wgs,,uk biobank + dbgap + adgc + eadi + charge + niagads + gerad perades
,95.0,,,,Positionb,,Major/ minor allele,"Overall (n = 94,437) | Meta P","Stage 3A (n = 11,666) | 95% CIf",tsi + eur + ibs + gbr + eas + fin,meta + discovery + combined + replication,haplotype reference consortium (hrc) + 1000 genomes (1000g),genotyping + wes + sequencing + wgs,,uk biobank + dbgap + adgc + eadi + charge + niagads + gerad perades
9.8e-06,0.63,0.01,rs71618613,5.0,29005985,,A/C,"Stage 1 + 2 (n = 82,771) | P","Stage 3A (n = 11,666) | 95% CIf",tsi + eur + ibs + gbr + eas + fin,meta + discovery + combined + replication,haplotype reference consortium (hrc) + 1000 genomes (1000g),genotyping + wes + sequencing + wgs,,uk biobank + dbgap + adgc + eadi + charge + niagads + gerad perades
0.0068,0.63,0.01,rs71618613,5.0,29005985,,A/C,"Stage 3A (n = 11,666) | P","Stage 3A (n = 11,666) | 95% CIf",tsi + eur + ibs + gbr + eas + fin,meta + discovery + combined + replication,haplotype reference consortium (hrc) + 1000 genomes (1000g),genotyping + wes + sequencing + wgs,,uk biobank + dbgap + adgc + eadi + charge + niagads + gerad perades
3.3e-07,0.63,0.01,rs71618613,5.0,29005985,,A/C,"Overall (n = 94,437) | Meta P","Stage 3A (n = 11,666) | 95% CIf",tsi + eur + ibs + gbr + eas + fin,meta + discovery + combined + replication,haplotype reference consortium (hrc) + 1000 genomes (1000g),genotyping + wes + sequencing + wgs,,uk biobank + dbgap + adgc + eadi + charge + niagads + gerad perades
7.8e-07,0.29,0.013,rs35868327,5.0,52665230,,A/C,"Stage 1 + 2 (n = 82,771) | P","Stage 3A (n = 11,666) | 95% CIf",tsi + eur + ibs + gbr + eas + fin,meta + discovery + combined + replication,haplotype reference consortium (hrc) + 1000 genomes (1000g),genotyping + wes + sequencing + wgs,,uk biobank + dbgap + adgc + eadi + charge + niagads + gerad perades
0.12,0.29,0.013,rs35868327,5.0,52665230,,A/C,"Stage 3A (n = 11,666) | P","Stage 3A (n = 11,666) | 95% CIf",tsi + eur + ibs + gbr + eas + fin,meta + discovery + combined + replication,haplotype reference consortium (hrc) + 1000 genomes (1000g),genotyping + wes + sequencing + wgs,,uk biobank + dbgap + adgc + eadi + charge + niagads + gerad perades
2.6e-07,0.29,0.013,rs35868327,5.0,52665230,,A/C,"Overall (n = 94,437) | Meta P","Stage 3A (n = 11,666) | 95% CIf",tsi + eur + ibs + gbr + eas + fin,meta + discovery + combined + replication,haplotype reference consortium (hrc) + 1000 genomes (1000g),genotyping + wes + sequencing + wgs,,uk biobank + dbgap + adgc + eadi + charge + niagads + gerad perades
4.5e-12,1.06,0.03,rs114812713,6.0,41034000,,G/C,"Stage 1 + 2 (n = 82,771) | P","Stage 3A (n = 11,666) | 95% CIf",tsi + eur + ibs + gbr + eas + fin,meta + discovery + combined + replication,haplotype reference consortium (hrc) + 1000 genomes (1000g),genotyping + wes + sequencing + wgs,,uk biobank + dbgap + adgc + eadi + charge + niagads + gerad perades
0.0072,1.06,0.03,rs114812713,6.0,41034000,,G/C,"Stage 3A (n = 11,666) | P","Stage 3A (n = 11,666) | 95% CIf",tsi + eur + ibs + gbr + eas + fin,meta + discovery + combined + replication,haplotype reference consortium (hrc) + 1000 genomes (1000g),genotyping + wes + sequencing + wgs,,uk biobank + dbgap + adgc + eadi + charge + niagads + gerad perades
2.1e-13,1.06,0.03,rs114812713,6.0,41034000,,G/C,"Overall (n = 94,437) | Meta P","Stage 3A (n = 11,666) | 95% CIf",tsi + eur + ibs + gbr + eas + fin,meta + discovery + combined + replication,haplotype reference consortium (hrc) + 1000 genomes (1000g),genotyping + wes + sequencing + wgs,,uk biobank + dbgap + adgc + eadi + charge + niagads + gerad perades
1.2e-07,0.96,0.116,rs62039712,16.0,79355857,,G/A,"Stage 1 + 2 (n = 82,771) | P","Stage 3A (n = 11,666) | 95% CIf",tsi + eur + ibs + gbr + eas + fin,meta + discovery + combined + replication,haplotype reference consortium (hrc) + 1000 genomes (1000g),genotyping + wes + sequencing + wgs,,uk biobank + dbgap + adgc + eadi + charge + niagads + gerad perades
0.13,0.96,0.116,rs62039712,16.0,79355857,,G/A,"Stage 3A (n = 11,666) | P","Stage 3A (n = 11,666) | 95% CIf",tsi + eur + ibs + gbr + eas + fin,meta + discovery + combined + replication,haplotype reference consortium (hrc) + 1000 genomes (1000g),genotyping + wes + sequencing + wgs,,uk biobank + dbgap + adgc + eadi + charge + niagads + gerad perades
3.7e-08,0.96,0.116,rs62039712,16.0,79355857,,G/A,"Overall (n = 94,437) | Meta P","Stage 3A (n = 11,666) | 95% CIf",tsi + eur + ibs + gbr + eas + fin,meta + discovery + combined + replication,haplotype reference consortium (hrc) + 1000 genomes (1000g),genotyping + wes + sequencing + wgs,,uk biobank + dbgap + adgc + eadi + charge + niagads + gerad perades
,,,,,,,,"Stage 1 + 2 (n = 82,771) | P","Overall (n = 94,437) | OR",tsi + eur + ibs + gbr + eas + fin,meta + discovery + combined + replication,haplotype reference consortium (hrc) + 1000 genomes (1000g),genotyping + wes + sequencing + wgs,,uk biobank + dbgap + adgc + eadi + charge + niagads + gerad perades
,,,,,,,,"Stage 3A (n = 11,666) | P","Overall (n = 94,437) | OR",tsi + eur + ibs + gbr + eas + fin,meta + discovery + combined + replication,haplotype reference consortium (hrc) + 1000 genomes (1000g),genotyping + wes + sequencing + wgs,,uk biobank + dbgap + adgc + eadi + charge + niagads + gerad perades
,,,,,,,,"Overall (n = 94,437) | Meta P","Overall (n = 94,437) | OR",tsi + eur + ibs + gbr + eas + fin,meta + discovery + combined + replication,haplotype reference consortium (hrc) + 1000 genomes (1000g),genotyping + wes + sequencing + wgs,,uk biobank + dbgap + adgc + eadi + charge + niagads + gerad perades
3.4e-07,0.94,0.476,rs4735340,8.0,95976251,,T/A,"Stage 1 + 2 (n = 82,771) | P","Overall (n = 94,437) | OR",tsi + eur + ibs + gbr + eas + fin,meta + discovery + combined + replication,haplotype reference consortium (hrc) + 1000 genomes (1000g),genotyping + wes + sequencing + wgs,,uk biobank + dbgap + adgc + eadi + charge + niagads + gerad perades
0.097,0.94,0.476,rs4735340,8.0,95976251,,T/A,"Stage 3A (n = 11,666) | P","Overall (n = 94,437) | OR",tsi + eur + ibs + gbr + eas + fin,meta + discovery + combined + replication,haplotype reference consortium (hrc) + 1000 genomes (1000g),genotyping + wes + sequencing + wgs,,uk biobank + dbgap + adgc + eadi + charge + niagads + gerad perades
9.2e-08,0.94,0.476,rs4735340,8.0,95976251,,T/A,"Overall (n = 94,437) | Meta P","Overall (n = 94,437) | OR",tsi + eur + ibs + gbr + eas + fin,meta + discovery + combined + replication,haplotype reference consortium (hrc) + 1000 genomes (1000g),genotyping + wes + sequencing + wgs,,uk biobank + dbgap + adgc + eadi + charge + niagads + gerad perades
2.3e-09,1.08,0.39,rs7920721,10.0,11720308,,A/G,"Stage 1 + 2 (n = 82,771) | P","Overall (n = 94,437) | OR",tsi + eur + ibs + gbr + eas + fin,meta + discovery + combined + replication,haplotype reference consortium (hrc) + 1000 genomes (1000g),genotyping + wes + sequencing + wgs,,uk biobank + dbgap + adgc + eadi + charge + niagads + gerad perades
0.0015,1.08,0.39,rs7920721,10.0,11720308,,A/G,"Stage 3A (n = 11,666) | P","Overall (n = 94,437) | OR",tsi + eur + ibs + gbr + eas + fin,meta + discovery + combined + replication,haplotype reference consortium (hrc) + 1000 genomes (1000g),genotyping + wes + sequencing + wgs,,uk biobank + dbgap + adgc + eadi + charge + niagads + gerad perades
1.8e-11,1.08,0.39,rs7920721,10.0,11720308,,A/G,"Overall (n = 94,437) | Meta P","Overall (n = 94,437) | OR",tsi + eur + ibs + gbr + eas + fin,meta + discovery + combined + replication,haplotype reference consortium (hrc) + 1000 genomes (1000g),genotyping + wes + sequencing + wgs,,uk biobank + dbgap + adgc + eadi + charge + niagads + gerad perades
2.7e-07,1.06,0.413,rs7295246,12.0,43967677,,T/G,"Stage 1 + 2 (n = 82,771) | P","Overall (n = 94,437) | OR",tsi + eur + ibs + gbr + eas + fin,meta + discovery + combined + replication,haplotype reference consortium (hrc) + 1000 genomes (1000g),genotyping + wes + sequencing + wgs,,uk biobank + dbgap + adgc + eadi + charge + niagads + gerad perades
0.45,1.06,0.413,rs7295246,12.0,43967677,,T/G,"Stage 3A (n = 11,666) | P","Overall (n = 94,437) | OR",tsi + eur + ibs + gbr + eas + fin,meta + discovery + combined + replication,haplotype reference consortium (hrc) + 1000 genomes (1000g),genotyping + wes + sequencing + wgs,,uk biobank + dbgap + adgc + eadi + charge + niagads + gerad perades
3.9e-07,1.06,0.413,rs7295246,12.0,43967677,,T/G,"Overall (n = 94,437) | Meta P","Overall (n = 94,437) | OR",tsi + eur + ibs + gbr + eas + fin,meta + discovery + combined + replication,haplotype reference consortium (hrc) + 1000 genomes (1000g),genotyping + wes + sequencing + wgs,,uk biobank + dbgap + adgc + eadi + charge + niagads + gerad perades
3.9e-07,0.94,0.333,rs10467994,15.0,51008687,,T/C,"Stage 1 + 2 (n = 82,771) | P","Overall (n = 94,437) | OR",tsi + eur + ibs + gbr + eas + fin,meta + discovery + combined + replication,haplotype reference consortium (hrc) + 1000 genomes (1000g),genotyping + wes + sequencing + wgs,,uk biobank + dbgap + adgc + eadi + charge + niagads + gerad perades
0.62,0.94,0.333,rs10467994,15.0,51008687,,T/C,"Stage 3A (n = 11,666) | P","Overall (n = 94,437) | OR",tsi + eur + ibs + gbr + eas + fin,meta + discovery + combined + replication,haplotype reference consortium (hrc) + 1000 genomes (1000g),genotyping + wes + sequencing + wgs,,uk biobank + dbgap + adgc + eadi + charge + niagads + gerad perades
4.3e-07,0.94,0.333,rs10467994,15.0,51008687,,T/C,"Overall (n = 94,437) | Meta P","Overall (n = 94,437) | OR",tsi + eur + ibs + gbr + eas + fin,meta + discovery + combined + replication,haplotype reference consortium (hrc) + 1000 genomes (1000g),genotyping + wes + sequencing + wgs,,uk biobank + dbgap + adgc + eadi + charge + niagads + gerad perades
1.3e-07,0.93,0.295,rs593742,15.0,59045774,,A/G,"Stage 1 + 2 (n = 82,771) | P","Overall (n = 94,437) | OR",tsi + eur + ibs + gbr + eas + fin,meta + discovery + combined + replication,haplotype reference consortium (hrc) + 1000 genomes (1000g),genotyping + wes + sequencing + wgs,,uk biobank + dbgap + adgc + eadi + charge + niagads + gerad perades
0.015,0.93,0.295,rs593742,15.0,59045774,,A/G,"Stage 3A (n = 11,666) | P","Overall (n = 94,437) | OR",tsi + eur + ibs + gbr + eas + fin,meta + discovery + combined + replication,haplotype reference consortium (hrc) + 1000 genomes (1000g),genotyping + wes + sequencing + wgs,,uk biobank + dbgap + adgc + eadi + charge + niagads + gerad perades
6.8e-09,0.93,0.295,rs593742,15.0,59045774,,A/G,"Overall (n = 94,437) | Meta P","Overall (n = 94,437) | OR",tsi + eur + ibs + gbr + eas + fin,meta + discovery + combined + replication,haplotype reference consortium (hrc) + 1000 genomes (1000g),genotyping + wes + sequencing + wgs,,uk biobank + dbgap + adgc + eadi + charge + niagads + gerad perades
8.4e-08,0.92,0.18,rs7185636,16.0,19808163,,T/C,"Stage 1 + 2 (n = 82,771) | P","Overall (n = 94,437) | OR",tsi + eur + ibs + gbr + eas + fin,meta + discovery + combined + replication,haplotype reference consortium (hrc) + 1000 genomes (1000g),genotyping + wes + sequencing + wgs,,uk biobank + dbgap + adgc + eadi + charge + niagads + gerad perades
0.11,0.92,0.18,rs7185636,16.0,19808163,,T/C,"Stage 3A (n = 11,666) | P","Overall (n = 94,437) | OR",tsi + eur + ibs + gbr + eas + fin,meta + discovery + combined + replication,haplotype reference consortium (hrc) + 1000 genomes (1000g),genotyping + wes + sequencing + wgs,,uk biobank + dbgap + adgc + eadi + charge + niagads + gerad perades
2.4e-08,0.92,0.18,rs7185636,16.0,19808163,,T/C,"Overall (n = 94,437) | Meta P","Overall (n = 94,437) | OR",tsi + eur + ibs + gbr + eas + fin,meta + discovery + combined + replication,haplotype reference consortium (hrc) + 1000 genomes (1000g),genotyping + wes + sequencing + wgs,,uk biobank + dbgap + adgc + eadi + charge + niagads + gerad perades
2.3e-07,0.94,0.44,rs2632516,17.0,56409089,,G/C,"Stage 1 + 2 (n = 82,771) | P","Overall (n = 94,437) | OR",tsi + eur + ibs + gbr + eas + fin,meta + discovery + combined + replication,haplotype reference consortium (hrc) + 1000 genomes (1000g),genotyping + wes + sequencing + wgs,,uk biobank + dbgap + adgc + eadi + charge + niagads + gerad perades
0.075,0.94,0.44,rs2632516,17.0,56409089,,G/C,"Stage 3A (n = 11,666) | P","Overall (n = 94,437) | OR",tsi + eur + ibs + gbr + eas + fin,meta + discovery + combined + replication,haplotype reference consortium (hrc) + 1000 genomes (1000g),genotyping + wes + sequencing + wgs,,uk biobank + dbgap + adgc + eadi + charge + niagads + gerad perades
5.3e-08,0.94,0.44,rs2632516,17.0,56409089,,G/C,"Overall (n = 94,437) | Meta P","Overall (n = 94,437) | OR",tsi + eur + ibs + gbr + eas + fin,meta + discovery + combined + replication,haplotype reference consortium (hrc) + 1000 genomes (1000g),genotyping + wes + sequencing + wgs,,uk biobank + dbgap + adgc + eadi + charge + niagads + gerad perades
7.5e-09,1.3,0.02,rs138190086,17.0,61538148,,G/A,"Stage 1 + 2 (n = 82,771) | P","Overall (n = 94,437) | OR",tsi + eur + ibs + gbr + eas + fin,meta + discovery + combined + replication,haplotype reference consortium (hrc) + 1000 genomes (1000g),genotyping + wes + sequencing + wgs,,uk biobank + dbgap + adgc + eadi + charge + niagads + gerad perades
0.21,1.3,0.02,rs138190086,17.0,61538148,,G/A,"Stage 3A (n = 11,666) | P","Overall (n = 94,437) | OR",tsi + eur + ibs + gbr + eas + fin,meta + discovery + combined + replication,haplotype reference consortium (hrc) + 1000 genomes (1000g),genotyping + wes + sequencing + wgs,,uk biobank + dbgap + adgc + eadi + charge + niagads + gerad perades
5.3e-09,1.3,0.02,rs138190086,17.0,61538148,,G/A,"Overall (n = 94,437) | Meta P","Overall (n = 94,437) | OR",tsi + eur + ibs + gbr + eas + fin,meta + discovery + combined + replication,haplotype reference consortium (hrc) + 1000 genomes (1000g),genotyping + wes + sequencing + wgs,,uk biobank + dbgap + adgc + eadi + charge + niagads + gerad perades
7.4e-08,0.93,0.308,rs2830500,21.0,28156856,,C/A,"Stage 1 + 2 (n = 82,771) | P","Overall (n = 94,437) | OR",tsi + eur + ibs + gbr + eas + fin,meta + discovery + combined + replication,haplotype reference consortium (hrc) + 1000 genomes (1000g),genotyping + wes + sequencing + wgs,,uk biobank + dbgap + adgc + eadi + charge + niagads + gerad perades
0.13,0.93,0.308,rs2830500,21.0,28156856,,C/A,"Stage 3A (n = 11,666) | P","Overall (n = 94,437) | OR",tsi + eur + ibs + gbr + eas + fin,meta + discovery + combined + replication,haplotype reference consortium (hrc) + 1000 genomes (1000g),genotyping + wes + sequencing + wgs,,uk biobank + dbgap + adgc + eadi + charge + niagads + gerad perades
2.6e-08,0.93,0.308,rs2830500,21.0,28156856,,C/A,"Overall (n = 94,437) | Meta P","Overall (n = 94,437) | OR",tsi + eur + ibs + gbr + eas + fin,meta + discovery + combined + replication,haplotype reference consortium (hrc) + 1000 genomes (1000g),genotyping + wes + sequencing + wgs,,uk biobank + dbgap + adgc + eadi + charge + niagads + gerad perades
,94.0,,,,Stage 3B,,Stage 3B,"Stage 1 + 2 (n = 82,771) | P","Overall (n = 94,437) | OR",tsi + eur + ibs + gbr + eas + fin,meta + discovery + combined + replication,haplotype reference consortium (hrc) + 1000 genomes (1000g),genotyping + wes + sequencing + wgs,,uk biobank + dbgap + adgc + eadi + charge + niagads + gerad perades
,94.0,,,,Stage 3B,,Stage 3B,"Stage 3A (n = 11,666) | P","Overall (n = 94,437) | OR",tsi + eur + ibs + gbr + eas + fin,meta + discovery + combined + replication,haplotype reference consortium (hrc) + 1000 genomes (1000g),genotyping + wes + sequencing + wgs,,uk biobank + dbgap + adgc + eadi + charge + niagads + gerad perades
,94.0,,,,Stage 3B,,Stage 3B,"Overall (n = 94,437) | Meta P","Overall (n = 94,437) | OR",tsi + eur + ibs + gbr + eas + fin,meta + discovery + combined + replication,haplotype reference consortium (hrc) + 1000 genomes (1000g),genotyping + wes + sequencing + wgs,,uk biobank + dbgap + adgc + eadi + charge + niagads + gerad perades
,94.0,,,,Stage 3B,,Stage 3B,"Stage 1 + 2 (n = 82,771) | P","Overall (n = 94,437) | OR",tsi + eur + ibs + gbr + eas + fin,meta + discovery + combined + replication,haplotype reference consortium (hrc) + 1000 genomes (1000g),genotyping + wes + sequencing + wgs,,uk biobank + dbgap + adgc + eadi + charge + niagads + gerad perades
,94.0,,,,Stage 3B,,Stage 3B,"Stage 3A (n = 11,666) | P","Overall (n = 94,437) | OR",tsi + eur + ibs + gbr + eas + fin,meta + discovery + combined + replication,haplotype reference consortium (hrc) + 1000 genomes (1000g),genotyping + wes + sequencing + wgs,,uk biobank + dbgap + adgc + eadi + charge + niagads + gerad perades
,94.0,,,,Stage 3B,,Stage 3B,"Overall (n = 94,437) | Meta P","Overall (n = 94,437) | OR",tsi + eur + ibs + gbr + eas + fin,meta + discovery + combined + replication,haplotype reference consortium (hrc) + 1000 genomes (1000g),genotyping + wes + sequencing + wgs,,uk biobank + dbgap + adgc + eadi + charge + niagads + gerad perades
,,,,,Positionb,,Major/ minor allele,"Stage 1 + 2 (n = 82,771) | P","Overall (n = 94,437) | OR",tsi + eur + ibs + gbr + eas + fin,meta + discovery + combined + replication,haplotype reference consortium (hrc) + 1000 genomes (1000g),genotyping + wes + sequencing + wgs,,uk biobank + dbgap + adgc + eadi + charge + niagads + gerad perades
,,,,,Positionb,,Major/ minor allele,"Stage 3A (n = 11,666) | P","Overall (n = 94,437) | OR",tsi + eur + ibs + gbr + eas + fin,meta + discovery + combined + replication,haplotype reference consortium (hrc) + 1000 genomes (1000g),genotyping + wes + sequencing + wgs,,uk biobank + dbgap + adgc + eadi + charge + niagads + gerad perades
,,,,,Positionb,,Major/ minor allele,"Overall (n = 94,437) | Meta P","Overall (n = 94,437) | OR",tsi + eur + ibs + gbr + eas + fin,meta + discovery + combined + replication,haplotype reference consortium (hrc) + 1000 genomes (1000g),genotyping + wes + sequencing + wgs,,uk biobank + dbgap + adgc + eadi + charge + niagads + gerad perades
,,,,,Positionb,,Major/ minor allele,"Stage 1 + 2 (n = 82,771) | P","Overall (n = 94,437) | OR",tsi + eur + ibs + gbr + eas + fin,meta + discovery + combined + replication,haplotype reference consortium (hrc) + 1000 genomes (1000g),genotyping + wes + sequencing + wgs,,uk biobank + dbgap + adgc + eadi + charge + niagads + gerad perades
,,,,,Positionb,,Major/ minor allele,"Stage 3A (n = 11,666) | P","Overall (n = 94,437) | OR",tsi + eur + ibs + gbr + eas + fin,meta + discovery + combined + replication,haplotype reference consortium (hrc) + 1000 genomes (1000g),genotyping + wes + sequencing + wgs,,uk biobank + dbgap + adgc + eadi + charge + niagads + gerad perades
,,,,,Positionb,,Major/ minor allele,"Overall (n = 94,437) | Meta P","Overall (n = 94,437) | OR",tsi + eur + ibs + gbr + eas + fin,meta + discovery + combined + replication,haplotype reference consortium (hrc) + 1000 genomes (1000g),genotyping + wes + sequencing + wgs,,uk biobank + dbgap + adgc + eadi + charge + niagads + gerad perades
9.8e-06,0.71,0.01,rs71618613,5.0,29005985,,A/C,"Stage 1 + 2 (n = 82,771) | P","Overall (n = 94,437) | OR",tsi + eur + ibs + gbr + eas + fin,meta + discovery + combined + replication,haplotype reference consortium (hrc) + 1000 genomes (1000g),genotyping + wes + sequencing + wgs,,uk biobank + dbgap + adgc + eadi + charge + niagads + gerad perades
0.0068,0.71,0.01,rs71618613,5.0,29005985,,A/C,"Stage 3A (n = 11,666) | P","Overall (n = 94,437) | OR",tsi + eur + ibs + gbr + eas + fin,meta + discovery + combined + replication,haplotype reference consortium (hrc) + 1000 genomes (1000g),genotyping + wes + sequencing + wgs,,uk biobank + dbgap + adgc + eadi + charge + niagads + gerad perades
3.3e-07,0.71,0.01,rs71618613,5.0,29005985,,A/C,"Overall (n = 94,437) | Meta P","Overall (n = 94,437) | OR",tsi + eur + ibs + gbr + eas + fin,meta + discovery + combined + replication,haplotype reference consortium (hrc) + 1000 genomes (1000g),genotyping + wes + sequencing + wgs,,uk biobank + dbgap + adgc + eadi + charge + niagads + gerad perades
7.8e-07,0.68,0.013,rs35868327,5.0,52665230,,A/C,"Stage 1 + 2 (n = 82,771) | P","Overall (n = 94,437) | OR",tsi + eur + ibs + gbr + eas + fin,meta + discovery + combined + replication,haplotype reference consortium (hrc) + 1000 genomes (1000g),genotyping + wes + sequencing + wgs,,uk biobank + dbgap + adgc + eadi + charge + niagads + gerad perades
0.12,0.68,0.013,rs35868327,5.0,52665230,,A/C,"Stage 3A (n = 11,666) | P","Overall (n = 94,437) | OR",tsi + eur + ibs + gbr + eas + fin,meta + discovery + combined + replication,haplotype reference consortium (hrc) + 1000 genomes (1000g),genotyping + wes + sequencing + wgs,,uk biobank + dbgap + adgc + eadi + charge + niagads + gerad perades
2.6e-07,0.68,0.013,rs35868327,5.0,52665230,,A/C,"Overall (n = 94,437) | Meta P","Overall (n = 94,437) | OR",tsi + eur + ibs + gbr + eas + fin,meta + discovery + combined + replication,haplotype reference consortium (hrc) + 1000 genomes (1000g),genotyping + wes + sequencing + wgs,,uk biobank + dbgap + adgc + eadi + charge + niagads + gerad perades
4.5e-12,1.32,0.03,rs114812713,6.0,41034000,,G/C,"Stage 1 + 2 (n = 82,771) | P","Overall (n = 94,437) | OR",tsi + eur + ibs + gbr + eas + fin,meta + discovery + combined + replication,haplotype reference consortium (hrc) + 1000 genomes (1000g),genotyping + wes + sequencing + wgs,,uk biobank + dbgap + adgc + eadi + charge + niagads + gerad perades
0.0072,1.32,0.03,rs114812713,6.0,41034000,,G/C,"Stage 3A (n = 11,666) | P","Overall (n = 94,437) | OR",tsi + eur + ibs + gbr + eas + fin,meta + discovery + combined + replication,haplotype reference consortium (hrc) + 1000 genomes (1000g),genotyping + wes + sequencing + wgs,,uk biobank + dbgap + adgc + eadi + charge + niagads + gerad perades
2.1e-13,1.32,0.03,rs114812713,6.0,41034000,,G/C,"Overall (n = 94,437) | Meta P","Overall (n = 94,437) | OR",tsi + eur + ibs + gbr + eas + fin,meta + discovery + combined + replication,haplotype reference consortium (hrc) + 1000 genomes (1000g),genotyping + wes + sequencing + wgs,,uk biobank + dbgap + adgc + eadi + charge + niagads + gerad perades
1.2e-07,1.16,0.116,rs62039712,16.0,79355857,,G/A,"Stage 1 + 2 (n = 82,771) | P","Overall (n = 94,437) | OR",tsi + eur + ibs + gbr + eas + fin,meta + discovery + combined + replication,haplotype reference consortium (hrc) + 1000 genomes (1000g),genotyping + wes + sequencing + wgs,,uk biobank + dbgap + adgc + eadi + charge + niagads + gerad perades
0.13,1.16,0.116,rs62039712,16.0,79355857,,G/A,"Stage 3A (n = 11,666) | P","Overall (n = 94,437) | OR",tsi + eur + ibs + gbr + eas + fin,meta + discovery + combined + replication,haplotype reference consortium (hrc) + 1000 genomes (1000g),genotyping + wes + sequencing + wgs,,uk biobank + dbgap + adgc + eadi + charge + niagads + gerad perades
3.7e-08,1.16,0.116,rs62039712,16.0,79355857,,G/A,"Overall (n = 94,437) | Meta P","Overall (n = 94,437) | OR",tsi + eur + ibs + gbr + eas + fin,meta + discovery + combined + replication,haplotype reference consortium (hrc) + 1000 genomes (1000g),genotyping + wes + sequencing + wgs,,uk biobank + dbgap + adgc + eadi + charge + niagads + gerad perades
,,,,,,,,"Stage 1 + 2 (n = 82,771) | P","Overall (n = 94,437) | 95% CIf",tsi + eur + ibs + gbr + eas + fin,meta + discovery + combined + replication,haplotype reference consortium (hrc) + 1000 genomes (1000g),genotyping + wes + sequencing + wgs,,uk biobank + dbgap + adgc + eadi + charge + niagads + gerad perades
,,,,,,,,"Stage 3A (n = 11,666) | P","Overall (n = 94,437) | 95% CIf",tsi + eur + ibs + gbr + eas + fin,meta + discovery + combined + replication,haplotype reference consortium (hrc) + 1000 genomes (1000g),genotyping + wes + sequencing + wgs,,uk biobank + dbgap + adgc + eadi + charge + niagads + gerad perades
,,,,,,,,"Overall (n = 94,437) | Meta P","Overall (n = 94,437) | 95% CIf",tsi + eur + ibs + gbr + eas + fin,meta + discovery + combined + replication,haplotype reference consortium (hrc) + 1000 genomes (1000g),genotyping + wes + sequencing + wgs,,uk biobank + dbgap + adgc + eadi + charge + niagads + gerad perades
3.4e-07,0.92,0.476,rs4735340,8.0,95976251,,T/A,"Stage 1 + 2 (n = 82,771) | P","Overall (n = 94,437) | 95% CIf",tsi + eur + ibs + gbr + eas + fin,meta + discovery + combined + replication,haplotype reference consortium (hrc) + 1000 genomes (1000g),genotyping + wes + sequencing + wgs,,uk biobank + dbgap + adgc + eadi + charge + niagads + gerad perades
0.097,0.92,0.476,rs4735340,8.0,95976251,,T/A,"Stage 3A (n = 11,666) | P","Overall (n = 94,437) | 95% CIf",tsi + eur + ibs + gbr + eas + fin,meta + discovery + combined + replication,haplotype reference consortium (hrc) + 1000 genomes (1000g),genotyping + wes + sequencing + wgs,,uk biobank + dbgap + adgc + eadi + charge + niagads + gerad perades
9.2e-08,0.92,0.476,rs4735340,8.0,95976251,,T/A,"Overall (n = 94,437) | Meta P","Overall (n = 94,437) | 95% CIf",tsi + eur + ibs + gbr + eas + fin,meta + discovery + combined + replication,haplotype reference consortium (hrc) + 1000 genomes (1000g),genotyping + wes + sequencing + wgs,,uk biobank + dbgap + adgc + eadi + charge + niagads + gerad perades
2.3e-09,1.06,0.39,rs7920721,10.0,11720308,,A/G,"Stage 1 + 2 (n = 82,771) | P","Overall (n = 94,437) | 95% CIf",tsi + eur + ibs + gbr + eas + fin,meta + discovery + combined + replication,haplotype reference consortium (hrc) + 1000 genomes (1000g),genotyping + wes + sequencing + wgs,,uk biobank + dbgap + adgc + eadi + charge + niagads + gerad perades
0.0015,1.06,0.39,rs7920721,10.0,11720308,,A/G,"Stage 3A (n = 11,666) | P","Overall (n = 94,437) | 95% CIf",tsi + eur + ibs + gbr + eas + fin,meta + discovery + combined + replication,haplotype reference consortium (hrc) + 1000 genomes (1000g),genotyping + wes + sequencing + wgs,,uk biobank + dbgap + adgc + eadi + charge + niagads + gerad perades
1.8e-11,1.06,0.39,rs7920721,10.0,11720308,,A/G,"Overall (n = 94,437) | Meta P","Overall (n = 94,437) | 95% CIf",tsi + eur + ibs + gbr + eas + fin,meta + discovery + combined + replication,haplotype reference consortium (hrc) + 1000 genomes (1000g),genotyping + wes + sequencing + wgs,,uk biobank + dbgap + adgc + eadi + charge + niagads + gerad perades
2.7e-07,1.04,0.413,rs7295246,12.0,43967677,,T/G,"Stage 1 + 2 (n = 82,771) | P","Overall (n = 94,437) | 95% CIf",tsi + eur + ibs + gbr + eas + fin,meta + discovery + combined + replication,haplotype reference consortium (hrc) + 1000 genomes (1000g),genotyping + wes + sequencing + wgs,,uk biobank + dbgap + adgc + eadi + charge + niagads + gerad perades
0.45,1.04,0.413,rs7295246,12.0,43967677,,T/G,"Stage 3A (n = 11,666) | P","Overall (n = 94,437) | 95% CIf",tsi + eur + ibs + gbr + eas + fin,meta + discovery + combined + replication,haplotype reference consortium (hrc) + 1000 genomes (1000g),genotyping + wes + sequencing + wgs,,uk biobank + dbgap + adgc + eadi + charge + niagads + gerad perades
3.9e-07,1.04,0.413,rs7295246,12.0,43967677,,T/G,"Overall (n = 94,437) | Meta P","Overall (n = 94,437) | 95% CIf",tsi + eur + ibs + gbr + eas + fin,meta + discovery + combined + replication,haplotype reference consortium (hrc) + 1000 genomes (1000g),genotyping + wes + sequencing + wgs,,uk biobank + dbgap + adgc + eadi + charge + niagads + gerad perades
3.9e-07,0.92,0.333,rs10467994,15.0,51008687,,T/C,"Stage 1 + 2 (n = 82,771) | P","Overall (n = 94,437) | 95% CIf",tsi + eur + ibs + gbr + eas + fin,meta + discovery + combined + replication,haplotype reference consortium (hrc) + 1000 genomes (1000g),genotyping + wes + sequencing + wgs,,uk biobank + dbgap + adgc + eadi + charge + niagads + gerad perades
0.62,0.92,0.333,rs10467994,15.0,51008687,,T/C,"Stage 3A (n = 11,666) | P","Overall (n = 94,437) | 95% CIf",tsi + eur + ibs + gbr + eas + fin,meta + discovery + combined + replication,haplotype reference consortium (hrc) + 1000 genomes (1000g),genotyping + wes + sequencing + wgs,,uk biobank + dbgap + adgc + eadi + charge + niagads + gerad perades
4.3e-07,0.92,0.333,rs10467994,15.0,51008687,,T/C,"Overall (n = 94,437) | Meta P","Overall (n = 94,437) | 95% CIf",tsi + eur + ibs + gbr + eas + fin,meta + discovery + combined + replication,haplotype reference consortium (hrc) + 1000 genomes (1000g),genotyping + wes + sequencing + wgs,,uk biobank + dbgap + adgc + eadi + charge + niagads + gerad perades
1.3e-07,0.91,0.295,rs593742,15.0,59045774,,A/G,"Stage 1 + 2 (n = 82,771) | P","Overall (n = 94,437) | 95% CIf",tsi + eur + ibs + gbr + eas + fin,meta + discovery + combined + replication,haplotype reference consortium (hrc) + 1000 genomes (1000g),genotyping + wes + sequencing + wgs,,uk biobank + dbgap + adgc + eadi + charge + niagads + gerad perades
0.015,0.91,0.295,rs593742,15.0,59045774,,A/G,"Stage 3A (n = 11,666) | P","Overall (n = 94,437) | 95% CIf",tsi + eur + ibs + gbr + eas + fin,meta + discovery + combined + replication,haplotype reference consortium (hrc) + 1000 genomes (1000g),genotyping + wes + sequencing + wgs,,uk biobank + dbgap + adgc + eadi + charge + niagads + gerad perades
6.8e-09,0.91,0.295,rs593742,15.0,59045774,,A/G,"Overall (n = 94,437) | Meta P","Overall (n = 94,437) | 95% CIf",tsi + eur + ibs + gbr + eas + fin,meta + discovery + combined + replication,haplotype reference consortium (hrc) + 1000 genomes (1000g),genotyping + wes + sequencing + wgs,,uk biobank + dbgap + adgc + eadi + charge + niagads + gerad perades
8.4e-08,0.89,0.18,rs7185636,16.0,19808163,,T/C,"Stage 1 + 2 (n = 82,771) | P","Overall (n = 94,437) | 95% CIf",tsi + eur + ibs + gbr + eas + fin,meta + discovery + combined + replication,haplotype reference consortium (hrc) + 1000 genomes (1000g),genotyping + wes + sequencing + wgs,,uk biobank + dbgap + adgc + eadi + charge + niagads + gerad perades
0.11,0.89,0.18,rs7185636,16.0,19808163,,T/C,"Stage 3A (n = 11,666) | P","Overall (n = 94,437) | 95% CIf",tsi + eur + ibs + gbr + eas + fin,meta + discovery + combined + replication,haplotype reference consortium (hrc) + 1000 genomes (1000g),genotyping + wes + sequencing + wgs,,uk biobank + dbgap + adgc + eadi + charge + niagads + gerad perades
2.4e-08,0.89,0.18,rs7185636,16.0,19808163,,T/C,"Overall (n = 94,437) | Meta P","Overall (n = 94,437) | 95% CIf",tsi + eur + ibs + gbr + eas + fin,meta + discovery + combined + replication,haplotype reference consortium (hrc) + 1000 genomes (1000g),genotyping + wes + sequencing + wgs,,uk biobank + dbgap + adgc + eadi + charge + niagads + gerad perades
2.3e-07,0.91,0.44,rs2632516,17.0,56409089,,G/C,"Stage 1 + 2 (n = 82,771) | P","Overall (n = 94,437) | 95% CIf",tsi + eur + ibs + gbr + eas + fin,meta + discovery + combined + replication,haplotype reference consortium (hrc) + 1000 genomes (1000g),genotyping + wes + sequencing + wgs,,uk biobank + dbgap + adgc + eadi + charge + niagads + gerad perades
0.075,0.91,0.44,rs2632516,17.0,56409089,,G/C,"Stage 3A (n = 11,666) | P","Overall (n = 94,437) | 95% CIf",tsi + eur + ibs + gbr + eas + fin,meta + discovery + combined + replication,haplotype reference consortium (hrc) + 1000 genomes (1000g),genotyping + wes + sequencing + wgs,,uk biobank + dbgap + adgc + eadi + charge + niagads + gerad perades
5.3e-08,0.91,0.44,rs2632516,17.0,56409089,,G/C,"Overall (n = 94,437) | Meta P","Overall (n = 94,437) | 95% CIf",tsi + eur + ibs + gbr + eas + fin,meta + discovery + combined + replication,haplotype reference consortium (hrc) + 1000 genomes (1000g),genotyping + wes + sequencing + wgs,,uk biobank + dbgap + adgc + eadi + charge + niagads + gerad perades
7.5e-09,1.19,0.02,rs138190086,17.0,61538148,,G/A,"Stage 1 + 2 (n = 82,771) | P","Overall (n = 94,437) | 95% CIf",tsi + eur + ibs + gbr + eas + fin,meta + discovery + combined + replication,haplotype reference consortium (hrc) + 1000 genomes (1000g),genotyping + wes + sequencing + wgs,,uk biobank + dbgap + adgc + eadi + charge + niagads + gerad perades
0.21,1.19,0.02,rs138190086,17.0,61538148,,G/A,"Stage 3A (n = 11,666) | P","Overall (n = 94,437) | 95% CIf",tsi + eur + ibs + gbr + eas + fin,meta + discovery + combined + replication,haplotype reference consortium (hrc) + 1000 genomes (1000g),genotyping + wes + sequencing + wgs,,uk biobank + dbgap + adgc + eadi + charge + niagads + gerad perades
5.3e-09,1.19,0.02,rs138190086,17.0,61538148,,G/A,"Overall (n = 94,437) | Meta P","Overall (n = 94,437) | 95% CIf",tsi + eur + ibs + gbr + eas + fin,meta + discovery + combined + replication,haplotype reference consortium (hrc) + 1000 genomes (1000g),genotyping + wes + sequencing + wgs,,uk biobank + dbgap + adgc + eadi + charge + niagads + gerad perades
7.4e-08,0.91,0.308,rs2830500,21.0,28156856,,C/A,"Stage 1 + 2 (n = 82,771) | P","Overall (n = 94,437) | 95% CIf",tsi + eur + ibs + gbr + eas + fin,meta + discovery + combined + replication,haplotype reference consortium (hrc) + 1000 genomes (1000g),genotyping + wes + sequencing + wgs,,uk biobank + dbgap + adgc + eadi + charge + niagads + gerad perades
0.13,0.91,0.308,rs2830500,21.0,28156856,,C/A,"Stage 3A (n = 11,666) | P","Overall (n = 94,437) | 95% CIf",tsi + eur + ibs + gbr + eas + fin,meta + discovery + combined + replication,haplotype reference consortium (hrc) + 1000 genomes (1000g),genotyping + wes + sequencing + wgs,,uk biobank + dbgap + adgc + eadi + charge + niagads + gerad perades
2.6e-08,0.91,0.308,rs2830500,21.0,28156856,,C/A,"Overall (n = 94,437) | Meta P","Overall (n = 94,437) | 95% CIf",tsi + eur + ibs + gbr + eas + fin,meta + discovery + combined + replication,haplotype reference consortium (hrc) + 1000 genomes (1000g),genotyping + wes + sequencing + wgs,,uk biobank + dbgap + adgc + eadi + charge + niagads + gerad perades
,94.0,,,,Stage 3B,,Stage 3B,"Stage 1 + 2 (n = 82,771) | P","Overall (n = 94,437) | 95% CIf",tsi + eur + ibs + gbr + eas + fin,meta + discovery + combined + replication,haplotype reference consortium (hrc) + 1000 genomes (1000g),genotyping + wes + sequencing + wgs,,uk biobank + dbgap + adgc + eadi + charge + niagads + gerad perades
,94.0,,,,Stage 3B,,Stage 3B,"Stage 3A (n = 11,666) | P","Overall (n = 94,437) | 95% CIf",tsi + eur + ibs + gbr + eas + fin,meta + discovery + combined + replication,haplotype reference consortium (hrc) + 1000 genomes (1000g),genotyping + wes + sequencing + wgs,,uk biobank + dbgap + adgc + eadi + charge + niagads + gerad perades
,94.0,,,,Stage 3B,,Stage 3B,"Overall (n = 94,437) | Meta P","Overall (n = 94,437) | 95% CIf",tsi + eur + ibs + gbr + eas + fin,meta + discovery + combined + replication,haplotype reference consortium (hrc) + 1000 genomes (1000g),genotyping + wes + sequencing + wgs,,uk biobank + dbgap + adgc + eadi + charge + niagads + gerad perades
,94.0,,,,Stage 3B,,Stage 3B,"Stage 1 + 2 (n = 82,771) | P","Overall (n = 94,437) | 95% CIf",tsi + eur + ibs + gbr + eas + fin,meta + discovery + combined + replication,haplotype reference consortium (hrc) + 1000 genomes (1000g),genotyping + wes + sequencing + wgs,,uk biobank + dbgap + adgc + eadi + charge + niagads + gerad perades
,94.0,,,,Stage 3B,,Stage 3B,"Stage 3A (n = 11,666) | P","Overall (n = 94,437) | 95% CIf",tsi + eur + ibs + gbr + eas + fin,meta + discovery + combined + replication,haplotype reference consortium (hrc) + 1000 genomes (1000g),genotyping + wes + sequencing + wgs,,uk biobank + dbgap + adgc + eadi + charge + niagads + gerad perades
,94.0,,,,Stage 3B,,Stage 3B,"Overall (n = 94,437) | Meta P","Overall (n = 94,437) | 95% CIf",tsi + eur + ibs + gbr + eas + fin,meta + discovery + combined + replication,haplotype reference consortium (hrc) + 1000 genomes (1000g),genotyping + wes + sequencing + wgs,,uk biobank + dbgap + adgc + eadi + charge + niagads + gerad perades
,95.0,,,,Positionb,,Major/ minor allele,"Stage 1 + 2 (n = 82,771) | P","Overall (n = 94,437) | 95% CIf",tsi + eur + ibs + gbr + eas + fin,meta + discovery + combined + replication,haplotype reference consortium (hrc) + 1000 genomes (1000g),genotyping + wes + sequencing + wgs,,uk biobank + dbgap + adgc + eadi + charge + niagads + gerad perades
,95.0,,,,Positionb,,Major/ minor allele,"Stage 3A (n = 11,666) | P","Overall (n = 94,437) | 95% CIf",tsi + eur + ibs + gbr + eas + fin,meta + discovery + combined + replication,haplotype reference consortium (hrc) + 1000 genomes (1000g),genotyping + wes + sequencing + wgs,,uk biobank + dbgap + adgc + eadi + charge + niagads + gerad perades
,95.0,,,,Positionb,,Major/ minor allele,"Overall (n = 94,437) | Meta P","Overall (n = 94,437) | 95% CIf",tsi + eur + ibs + gbr + eas + fin,meta + discovery + combined + replication,haplotype reference consortium (hrc) + 1000 genomes (1000g),genotyping + wes + sequencing + wgs,,uk biobank + dbgap + adgc + eadi + charge + niagads + gerad perades
,95.0,,,,Positionb,,Major/ minor allele,"Stage 1 + 2 (n = 82,771) | P","Overall (n = 94,437) | 95% CIf",tsi + eur + ibs + gbr + eas + fin,meta + discovery + combined + replication,haplotype reference consortium (hrc) + 1000 genomes (1000g),genotyping + wes + sequencing + wgs,,uk biobank + dbgap + adgc + eadi + charge + niagads + gerad perades
,95.0,,,,Positionb,,Major/ minor allele,"Stage 3A (n = 11,666) | P","Overall (n = 94,437) | 95% CIf",tsi + eur + ibs + gbr + eas + fin,meta + discovery + combined + replication,haplotype reference consortium (hrc) + 1000 genomes (1000g),genotyping + wes + sequencing + wgs,,uk biobank + dbgap + adgc + eadi + charge + niagads + gerad perades
,95.0,,,,Positionb,,Major/ minor allele,"Overall (n = 94,437) | Meta P","Overall (n = 94,437) | 95% CIf",tsi + eur + ibs + gbr + eas + fin,meta + discovery + combined + replication,haplotype reference consortium (hrc) + 1000 genomes (1000g),genotyping + wes + sequencing + wgs,,uk biobank + dbgap + adgc + eadi + charge + niagads + gerad perades
9.8e-06,0.63,0.01,rs71618613,5.0,29005985,,A/C,"Stage 1 + 2 (n = 82,771) | P","Overall (n = 94,437) | 95% CIf",tsi + eur + ibs + gbr + eas + fin,meta + discovery + combined + replication,haplotype reference consortium (hrc) + 1000 genomes (1000g),genotyping + wes + sequencing + wgs,,uk biobank + dbgap + adgc + eadi + charge + niagads + gerad perades
0.0068,0.63,0.01,rs71618613,5.0,29005985,,A/C,"Stage 3A (n = 11,666) | P","Overall (n = 94,437) | 95% CIf",tsi + eur + ibs + gbr + eas + fin,meta + discovery + combined + replication,haplotype reference consortium (hrc) + 1000 genomes (1000g),genotyping + wes + sequencing + wgs,,uk biobank + dbgap + adgc + eadi + charge + niagads + gerad perades
3.3e-07,0.63,0.01,rs71618613,5.0,29005985,,A/C,"Overall (n = 94,437) | Meta P","Overall (n = 94,437) | 95% CIf",tsi + eur + ibs + gbr + eas + fin,meta + discovery + combined + replication,haplotype reference consortium (hrc) + 1000 genomes (1000g),genotyping + wes + sequencing + wgs,,uk biobank + dbgap + adgc + eadi + charge + niagads + gerad perades
7.8e-07,0.59,0.013,rs35868327,5.0,52665230,,A/C,"Stage 1 + 2 (n = 82,771) | P","Overall (n = 94,437) | 95% CIf",tsi + eur + ibs + gbr + eas + fin,meta + discovery + combined + replication,haplotype reference consortium (hrc) + 1000 genomes (1000g),genotyping + wes + sequencing + wgs,,uk biobank + dbgap + adgc + eadi + charge + niagads + gerad perades
0.12,0.59,0.013,rs35868327,5.0,52665230,,A/C,"Stage 3A (n = 11,666) | P","Overall (n = 94,437) | 95% CIf",tsi + eur + ibs + gbr + eas + fin,meta + discovery + combined + replication,haplotype reference consortium (hrc) + 1000 genomes (1000g),genotyping + wes + sequencing + wgs,,uk biobank + dbgap + adgc + eadi + charge + niagads + gerad perades
2.6e-07,0.59,0.013,rs35868327,5.0,52665230,,A/C,"Overall (n = 94,437) | Meta P","Overall (n = 94,437) | 95% CIf",tsi + eur + ibs + gbr + eas + fin,meta + discovery + combined + replication,haplotype reference consortium (hrc) + 1000 genomes (1000g),genotyping + wes + sequencing + wgs,,uk biobank + dbgap + adgc + eadi + charge + niagads + gerad perades
4.5e-12,1.22,0.03,rs114812713,6.0,41034000,,G/C,"Stage 1 + 2 (n = 82,771) | P","Overall (n = 94,437) | 95% CIf",tsi + eur + ibs + gbr + eas + fin,meta + discovery + combined + replication,haplotype reference consortium (hrc) + 1000 genomes (1000g),genotyping + wes + sequencing + wgs,,uk biobank + dbgap + adgc + eadi + charge + niagads + gerad perades
0.0072,1.22,0.03,rs114812713,6.0,41034000,,G/C,"Stage 3A (n = 11,666) | P","Overall (n = 94,437) | 95% CIf",tsi + eur + ibs + gbr + eas + fin,meta + discovery + combined + replication,haplotype reference consortium (hrc) + 1000 genomes (1000g),genotyping + wes + sequencing + wgs,,uk biobank + dbgap + adgc + eadi + charge + niagads + gerad perades
2.1e-13,1.22,0.03,rs114812713,6.0,41034000,,G/C,"Overall (n = 94,437) | Meta P","Overall (n = 94,437) | 95% CIf",tsi + eur + ibs + gbr + eas + fin,meta + discovery + combined + replication,haplotype reference consortium (hrc) + 1000 genomes (1000g),genotyping + wes + sequencing + wgs,,uk biobank + dbgap + adgc + eadi + charge + niagads + gerad perades
1.2e-07,1.1,0.116,rs62039712,16.0,79355857,,G/A,"Stage 1 + 2 (n = 82,771) | P","Overall (n = 94,437) | 95% CIf",tsi + eur + ibs + gbr + eas + fin,meta + discovery + combined + replication,haplotype reference consortium (hrc) + 1000 genomes (1000g),genotyping + wes + sequencing + wgs,,uk biobank + dbgap + adgc + eadi + charge + niagads + gerad perades
0.13,1.1,0.116,rs62039712,16.0,79355857,,G/A,"Stage 3A (n = 11,666) | P","Overall (n = 94,437) | 95% CIf",tsi + eur + ibs + gbr + eas + fin,meta + discovery + combined + replication,haplotype reference consortium (hrc) + 1000 genomes (1000g),genotyping + wes + sequencing + wgs,,uk biobank + dbgap + adgc + eadi + charge + niagads + gerad perades
3.7e-08,1.1,0.116,rs62039712,16.0,79355857,,G/A,"Overall (n = 94,437) | Meta P","Overall (n = 94,437) | 95% CIf",tsi + eur + ibs + gbr + eas + fin,meta + discovery + combined + replication,haplotype reference consortium (hrc) + 1000 genomes (1000g),genotyping + wes + sequencing + wgs,,uk biobank + dbgap + adgc + eadi + charge + niagads + gerad perades
