P-value,Effect,AF,SNP,Chr,Position,RA1,RA2,Effect notes,SNP notes,AF notes,P-value notes,Population,Cohort,Stage,Imputation,Study type,Phenotype
5.26e-08,3.35,0.0237382,rs145348074,,6:149756107_C_G,,,,,,,,,,,,
4.83e-08,2.82,0.0379333,rs534551495,,9:128627091_C_G,,,,,,,,,,,,
5.59e-09,6.38,0.0119911,rs146729640,,17:11183894_G_A,,,,,,,,,,,,
0.0217,1565.0,,rs146729640,,17:11183894_G_A,,,N (controls),,,,European,CHARGE + ADNI + ADGC + nia-load + Amish,meta-analysis + discovery + replication,imputed to 1000 Genomes project + imputed to 1000 Genomes (1000G) + imputed to HRC + imputed to Haplotype Reference Consortium (HRC) + GLOBAL: imputed to 1000 Genomes,imputed to 1000 Genomes + GLOBAL: imputed to 1000 Genomes + GWAS + replication,Alzheimer’s disease + dementia
0.095,572.0,,rs146729640,,17:11183894_G_A,,,N (controls),,,,European,CHARGE + ADNI + ADGC + nia-load + Amish,meta-analysis + discovery + replication,imputed to 1000 Genomes project + imputed to 1000 Genomes (1000G) + imputed to HRC + imputed to Haplotype Reference Consortium (HRC) + GLOBAL: imputed to 1000 Genomes,imputed to 1000 Genomes + GLOBAL: imputed to 1000 Genomes + GWAS + replication,Alzheimer’s disease + dementia
0.0658,993.0,,rs146729640,,17:11183894_G_A,,,N (controls),,,,European,CHARGE + ADNI + ADGC + nia-load + Amish,meta-analysis + discovery + replication,imputed to 1000 Genomes project + imputed to 1000 Genomes (1000G) + imputed to HRC + imputed to Haplotype Reference Consortium (HRC) + GLOBAL: imputed to 1000 Genomes,imputed to 1000 Genomes + GLOBAL: imputed to 1000 Genomes + GWAS + replication,Alzheimer’s disease + dementia
0.0217,1.49,,rs146729640,,17:11183894_G_A,,,Hazard Ratio,,,,European,CHARGE + ADNI + ADGC + nia-load + Amish,meta-analysis + discovery + replication,imputed to 1000 Genomes project + imputed to 1000 Genomes (1000G) + imputed to HRC + imputed to Haplotype Reference Consortium (HRC) + GLOBAL: imputed to 1000 Genomes,imputed to 1000 Genomes + GLOBAL: imputed to 1000 Genomes + GWAS + replication,Alzheimer’s disease + dementia
0.095,1.35,,rs146729640,,17:11183894_G_A,,,Hazard Ratio,,,,European,CHARGE + ADNI + ADGC + nia-load + Amish,meta-analysis + discovery + replication,imputed to 1000 Genomes project + imputed to 1000 Genomes (1000G) + imputed to HRC + imputed to Haplotype Reference Consortium (HRC) + GLOBAL: imputed to 1000 Genomes,imputed to 1000 Genomes + GLOBAL: imputed to 1000 Genomes + GWAS + replication,Alzheimer’s disease + dementia
0.0658,1.82,,rs146729640,,17:11183894_G_A,,,Hazard Ratio,,,,European,CHARGE + ADNI + ADGC + nia-load + Amish,meta-analysis + discovery + replication,imputed to 1000 Genomes project + imputed to 1000 Genomes (1000G) + imputed to HRC + imputed to Haplotype Reference Consortium (HRC) + GLOBAL: imputed to 1000 Genomes,imputed to 1000 Genomes + GLOBAL: imputed to 1000 Genomes + GWAS + replication,Alzheimer’s disease + dementia
0.0217,1.06,,rs146729640,,17:11183894_G_A,,,Hazard Ratio 95% CI,,,,European,CHARGE + ADNI + ADGC + nia-load + Amish,meta-analysis + discovery + replication,imputed to 1000 Genomes project + imputed to 1000 Genomes (1000G) + imputed to HRC + imputed to Haplotype Reference Consortium (HRC) + GLOBAL: imputed to 1000 Genomes,imputed to 1000 Genomes + GLOBAL: imputed to 1000 Genomes + GWAS + replication,Alzheimer’s disease + dementia
0.095,0.95,,rs146729640,,17:11183894_G_A,,,Hazard Ratio 95% CI,,,,European,CHARGE + ADNI + ADGC + nia-load + Amish,meta-analysis + discovery + replication,imputed to 1000 Genomes project + imputed to 1000 Genomes (1000G) + imputed to HRC + imputed to Haplotype Reference Consortium (HRC) + GLOBAL: imputed to 1000 Genomes,imputed to 1000 Genomes + GLOBAL: imputed to 1000 Genomes + GWAS + replication,Alzheimer’s disease + dementia
0.0658,0.96,,rs146729640,,17:11183894_G_A,,,Hazard Ratio 95% CI,,,,European,CHARGE + ADNI + ADGC + nia-load + Amish,meta-analysis + discovery + replication,imputed to 1000 Genomes project + imputed to 1000 Genomes (1000G) + imputed to HRC + imputed to Haplotype Reference Consortium (HRC) + GLOBAL: imputed to 1000 Genomes,imputed to 1000 Genomes + GLOBAL: imputed to 1000 Genomes + GWAS + replication,Alzheimer’s disease + dementia
5.26e-08,,0.024,rs145348074,,,,6:149756107_C_G,,Variant (rs) | Variant (rs),MAF | MAF,P value | P value,European,CHARGE + ADNI + ADGC + nia-load + Amish,meta-analysis + discovery + replication,imputed to 1000 Genomes project + imputed to 1000 Genomes (1000G) + imputed to HRC + imputed to Haplotype Reference Consortium (HRC) + GLOBAL: imputed to 1000 Genomes,imputed to 1000 Genomes + GLOBAL: imputed to 1000 Genomes + GWAS + replication + imputed to 1000 Genomes + GWAS + GLOBAL: imputed to 1000 Genomes,Alzheimer’s disease + dementia
1e-07,,0.024,rs145348074,,,,6:149756107_C_G,,Variant (rs) | Variant (rs),MAF | MAF,Variants in LD (+/−500Kb) | P value,European,CHARGE + ADNI + ADGC + nia-load + Amish,meta-analysis + discovery + replication,imputed to 1000 Genomes project + imputed to 1000 Genomes (1000G) + imputed to HRC + imputed to Haplotype Reference Consortium (HRC) + GLOBAL: imputed to 1000 Genomes,imputed to 1000 Genomes + GLOBAL: imputed to 1000 Genomes + GWAS + replication + imputed to 1000 Genomes + GWAS + GLOBAL: imputed to 1000 Genomes,Alzheimer’s disease + dementia
5.26e-08,,,rs145348074,,,,6:149756107_C_G,,Variant (rs) | Variant (rs),Variants in LD (+/−500Kb) | r2,P value | P value,European,CHARGE + ADNI + ADGC + nia-load + Amish,meta-analysis + discovery + replication,imputed to 1000 Genomes project + imputed to Haplotype Reference Consortium (HRC) + GLOBAL: imputed to 1000 Genomes + imputed to 1000 Genomes (1000G) + imputed to 1000 Genomes project + imputed to 1000 Genomes (1000G) + imputed to HRC + imputed to Haplotype Reference Consortium (HRC) + GLOBAL: imputed to 1000 Genomes,imputed to 1000 Genomes + GLOBAL: imputed to 1000 Genomes + GWAS + replication + imputed to 1000 Genomes + GWAS + GLOBAL: imputed to 1000 Genomes,Alzheimer’s disease + dementia
1e-07,,,rs145348074,,,,6:149756107_C_G,,Variant (rs) | Variant (rs),Variants in LD (+/−500Kb) | r2,Variants in LD (+/−500Kb) | P value,European,CHARGE + ADNI + ADGC + nia-load + Amish,meta-analysis + discovery + replication,imputed to 1000 Genomes project + imputed to Haplotype Reference Consortium (HRC) + GLOBAL: imputed to 1000 Genomes + imputed to 1000 Genomes (1000G) + imputed to 1000 Genomes project + imputed to 1000 Genomes (1000G) + imputed to HRC + imputed to Haplotype Reference Consortium (HRC) + GLOBAL: imputed to 1000 Genomes,imputed to 1000 Genomes + GLOBAL: imputed to 1000 Genomes + GWAS + replication + imputed to 1000 Genomes + GWAS + GLOBAL: imputed to 1000 Genomes,Alzheimer’s disease + dementia
5.26e-08,,0.023,rs145348074,,,,6:149756107_C_G,,Variant (rs) | Variant (rs),Variants in LD (+/−500Kb) | MAF,P value | P value,European,CHARGE + ADNI + ADGC + nia-load + Amish,meta-analysis + discovery + replication,imputed to 1000 Genomes project + imputed to Haplotype Reference Consortium (HRC) + GLOBAL: imputed to 1000 Genomes + imputed to 1000 Genomes (1000G) + imputed to 1000 Genomes project + imputed to 1000 Genomes (1000G) + imputed to HRC + imputed to Haplotype Reference Consortium (HRC) + GLOBAL: imputed to 1000 Genomes,imputed to 1000 Genomes + GLOBAL: imputed to 1000 Genomes + GWAS + replication + imputed to 1000 Genomes + GWAS + GLOBAL: imputed to 1000 Genomes,Alzheimer’s disease + dementia
1e-07,,0.023,rs145348074,,,,6:149756107_C_G,,Variant (rs) | Variant (rs),Variants in LD (+/−500Kb) | MAF,Variants in LD (+/−500Kb) | P value,European,CHARGE + ADNI + ADGC + nia-load + Amish,meta-analysis + discovery + replication,imputed to 1000 Genomes project + imputed to Haplotype Reference Consortium (HRC) + GLOBAL: imputed to 1000 Genomes + imputed to 1000 Genomes (1000G) + imputed to 1000 Genomes project + imputed to 1000 Genomes (1000G) + imputed to HRC + imputed to Haplotype Reference Consortium (HRC) + GLOBAL: imputed to 1000 Genomes,imputed to 1000 Genomes + GLOBAL: imputed to 1000 Genomes + GWAS + replication + imputed to 1000 Genomes + GWAS + GLOBAL: imputed to 1000 Genomes,Alzheimer’s disease + dementia
5.26e-08,,0.024,rs145348074,,,,6:149756107_C_G,,Variant (rs) | Variant (rs),MAF | MAF,P value | P value,European,CHARGE + ADNI + ADGC + nia-load + Amish,meta-analysis + discovery + replication,imputed to 1000 Genomes project + imputed to 1000 Genomes (1000G) + imputed to HRC + imputed to Haplotype Reference Consortium (HRC) + GLOBAL: imputed to 1000 Genomes,imputed to 1000 Genomes + GLOBAL: imputed to 1000 Genomes + GWAS + replication + imputed to 1000 Genomes + GWAS + GLOBAL: imputed to 1000 Genomes,Alzheimer’s disease + dementia
1.29e-06,,0.024,rs145348074,,,,6:149756107_C_G,,Variant (rs) | Variant (rs),MAF | MAF,Variants in LD (+/−500Kb) | P value,European,CHARGE + ADNI + ADGC + nia-load + Amish,meta-analysis + discovery + replication,imputed to 1000 Genomes project + imputed to 1000 Genomes (1000G) + imputed to HRC + imputed to Haplotype Reference Consortium (HRC) + GLOBAL: imputed to 1000 Genomes,imputed to 1000 Genomes + GLOBAL: imputed to 1000 Genomes + GWAS + replication + imputed to 1000 Genomes + GWAS + GLOBAL: imputed to 1000 Genomes,Alzheimer’s disease + dementia
5.26e-08,,,rs145348074,,,,6:149756107_C_G,,Variant (rs) | Variant (rs),Variants in LD (+/−500Kb) | r2,P value | P value,European,CHARGE + ADNI + ADGC + nia-load + Amish,meta-analysis + discovery + replication,imputed to 1000 Genomes project + imputed to Haplotype Reference Consortium (HRC) + GLOBAL: imputed to 1000 Genomes + imputed to 1000 Genomes (1000G) + imputed to 1000 Genomes project + imputed to 1000 Genomes (1000G) + imputed to HRC + imputed to Haplotype Reference Consortium (HRC) + GLOBAL: imputed to 1000 Genomes,imputed to 1000 Genomes + GLOBAL: imputed to 1000 Genomes + GWAS + replication + imputed to 1000 Genomes + GWAS + GLOBAL: imputed to 1000 Genomes,Alzheimer’s disease + dementia
1.29e-06,,,rs145348074,,,,6:149756107_C_G,,Variant (rs) | Variant (rs),Variants in LD (+/−500Kb) | r2,Variants in LD (+/−500Kb) | P value,European,CHARGE + ADNI + ADGC + nia-load + Amish,meta-analysis + discovery + replication,imputed to 1000 Genomes project + imputed to Haplotype Reference Consortium (HRC) + GLOBAL: imputed to 1000 Genomes + imputed to 1000 Genomes (1000G) + imputed to 1000 Genomes project + imputed to 1000 Genomes (1000G) + imputed to HRC + imputed to Haplotype Reference Consortium (HRC) + GLOBAL: imputed to 1000 Genomes,imputed to 1000 Genomes + GLOBAL: imputed to 1000 Genomes + GWAS + replication + imputed to 1000 Genomes + GWAS + GLOBAL: imputed to 1000 Genomes,Alzheimer’s disease + dementia
5.26e-08,,0.015,rs145348074,,,,6:149756107_C_G,,Variant (rs) | Variant (rs),Variants in LD (+/−500Kb) | MAF,P value | P value,European,CHARGE + ADNI + ADGC + nia-load + Amish,meta-analysis + discovery + replication,imputed to 1000 Genomes project + imputed to Haplotype Reference Consortium (HRC) + GLOBAL: imputed to 1000 Genomes + imputed to 1000 Genomes (1000G) + imputed to 1000 Genomes project + imputed to 1000 Genomes (1000G) + imputed to HRC + imputed to Haplotype Reference Consortium (HRC) + GLOBAL: imputed to 1000 Genomes,imputed to 1000 Genomes + GLOBAL: imputed to 1000 Genomes + GWAS + replication + imputed to 1000 Genomes + GWAS + GLOBAL: imputed to 1000 Genomes,Alzheimer’s disease + dementia
1.29e-06,,0.015,rs145348074,,,,6:149756107_C_G,,Variant (rs) | Variant (rs),Variants in LD (+/−500Kb) | MAF,Variants in LD (+/−500Kb) | P value,European,CHARGE + ADNI + ADGC + nia-load + Amish,meta-analysis + discovery + replication,imputed to 1000 Genomes project + imputed to Haplotype Reference Consortium (HRC) + GLOBAL: imputed to 1000 Genomes + imputed to 1000 Genomes (1000G) + imputed to 1000 Genomes project + imputed to 1000 Genomes (1000G) + imputed to HRC + imputed to Haplotype Reference Consortium (HRC) + GLOBAL: imputed to 1000 Genomes,imputed to 1000 Genomes + GLOBAL: imputed to 1000 Genomes + GWAS + replication + imputed to 1000 Genomes + GWAS + GLOBAL: imputed to 1000 Genomes,Alzheimer’s disease + dementia
5.26e-08,,0.024,rs145348074,,,,6:149756107_C_G,,Variant (rs) | Variant (rs),MAF | MAF,P value | P value,European,CHARGE + ADNI + ADGC + nia-load + Amish,meta-analysis + discovery + replication,imputed to 1000 Genomes project + imputed to 1000 Genomes (1000G) + imputed to HRC + imputed to Haplotype Reference Consortium (HRC) + GLOBAL: imputed to 1000 Genomes,imputed to 1000 Genomes + GLOBAL: imputed to 1000 Genomes + GWAS + replication + imputed to 1000 Genomes + GWAS + GLOBAL: imputed to 1000 Genomes,Alzheimer’s disease + dementia
1.35e-06,,0.024,rs145348074,,,,6:149756107_C_G,,Variant (rs) | Variant (rs),MAF | MAF,Variants in LD (+/−500Kb) | P value,European,CHARGE + ADNI + ADGC + nia-load + Amish,meta-analysis + discovery + replication,imputed to 1000 Genomes project + imputed to 1000 Genomes (1000G) + imputed to HRC + imputed to Haplotype Reference Consortium (HRC) + GLOBAL: imputed to 1000 Genomes,imputed to 1000 Genomes + GLOBAL: imputed to 1000 Genomes + GWAS + replication + imputed to 1000 Genomes + GWAS + GLOBAL: imputed to 1000 Genomes,Alzheimer’s disease + dementia
5.26e-08,,,rs145348074,,,,6:149756107_C_G,,Variant (rs) | Variant (rs),Variants in LD (+/−500Kb) | r2,P value | P value,European,CHARGE + ADNI + ADGC + nia-load + Amish,meta-analysis + discovery + replication,imputed to 1000 Genomes project + imputed to Haplotype Reference Consortium (HRC) + GLOBAL: imputed to 1000 Genomes + imputed to 1000 Genomes (1000G) + imputed to 1000 Genomes project + imputed to 1000 Genomes (1000G) + imputed to HRC + imputed to Haplotype Reference Consortium (HRC) + GLOBAL: imputed to 1000 Genomes,imputed to 1000 Genomes + GLOBAL: imputed to 1000 Genomes + GWAS + replication + imputed to 1000 Genomes + GWAS + GLOBAL: imputed to 1000 Genomes,Alzheimer’s disease + dementia
1.35e-06,,,rs145348074,,,,6:149756107_C_G,,Variant (rs) | Variant (rs),Variants in LD (+/−500Kb) | r2,Variants in LD (+/−500Kb) | P value,European,CHARGE + ADNI + ADGC + nia-load + Amish,meta-analysis + discovery + replication,imputed to 1000 Genomes project + imputed to Haplotype Reference Consortium (HRC) + GLOBAL: imputed to 1000 Genomes + imputed to 1000 Genomes (1000G) + imputed to 1000 Genomes project + imputed to 1000 Genomes (1000G) + imputed to HRC + imputed to Haplotype Reference Consortium (HRC) + GLOBAL: imputed to 1000 Genomes,imputed to 1000 Genomes + GLOBAL: imputed to 1000 Genomes + GWAS + replication + imputed to 1000 Genomes + GWAS + GLOBAL: imputed to 1000 Genomes,Alzheimer’s disease + dementia
5.26e-08,,0.016,rs145348074,,,,6:149756107_C_G,,Variant (rs) | Variant (rs),Variants in LD (+/−500Kb) | MAF,P value | P value,European,CHARGE + ADNI + ADGC + nia-load + Amish,meta-analysis + discovery + replication,imputed to 1000 Genomes project + imputed to Haplotype Reference Consortium (HRC) + GLOBAL: imputed to 1000 Genomes + imputed to 1000 Genomes (1000G) + imputed to 1000 Genomes project + imputed to 1000 Genomes (1000G) + imputed to HRC + imputed to Haplotype Reference Consortium (HRC) + GLOBAL: imputed to 1000 Genomes,imputed to 1000 Genomes + GLOBAL: imputed to 1000 Genomes + GWAS + replication + imputed to 1000 Genomes + GWAS + GLOBAL: imputed to 1000 Genomes,Alzheimer’s disease + dementia
1.35e-06,,0.016,rs145348074,,,,6:149756107_C_G,,Variant (rs) | Variant (rs),Variants in LD (+/−500Kb) | MAF,Variants in LD (+/−500Kb) | P value,European,CHARGE + ADNI + ADGC + nia-load + Amish,meta-analysis + discovery + replication,imputed to 1000 Genomes project + imputed to Haplotype Reference Consortium (HRC) + GLOBAL: imputed to 1000 Genomes + imputed to 1000 Genomes (1000G) + imputed to 1000 Genomes project + imputed to 1000 Genomes (1000G) + imputed to HRC + imputed to Haplotype Reference Consortium (HRC) + GLOBAL: imputed to 1000 Genomes,imputed to 1000 Genomes + GLOBAL: imputed to 1000 Genomes + GWAS + replication + imputed to 1000 Genomes + GWAS + GLOBAL: imputed to 1000 Genomes,Alzheimer’s disease + dementia
5.26e-08,,0.024,rs145348074,,,,6:149756107_C_G,,Variant (rs) | Variant (rs),MAF | MAF,P value | P value,European,CHARGE + ADNI + ADGC + nia-load + Amish,meta-analysis + discovery + replication,imputed to 1000 Genomes project + imputed to 1000 Genomes (1000G) + imputed to HRC + imputed to Haplotype Reference Consortium (HRC) + GLOBAL: imputed to 1000 Genomes,imputed to 1000 Genomes + GLOBAL: imputed to 1000 Genomes + GWAS + replication + imputed to 1000 Genomes + GWAS + GLOBAL: imputed to 1000 Genomes,Alzheimer’s disease + dementia
1.44e-06,,0.024,rs145348074,,,,6:149756107_C_G,,Variant (rs) | Variant (rs),MAF | MAF,Variants in LD (+/−500Kb) | P value,European,CHARGE + ADNI + ADGC + nia-load + Amish,meta-analysis + discovery + replication,imputed to 1000 Genomes project + imputed to 1000 Genomes (1000G) + imputed to HRC + imputed to Haplotype Reference Consortium (HRC) + GLOBAL: imputed to 1000 Genomes,imputed to 1000 Genomes + GLOBAL: imputed to 1000 Genomes + GWAS + replication + imputed to 1000 Genomes + GWAS + GLOBAL: imputed to 1000 Genomes,Alzheimer’s disease + dementia
5.26e-08,,,rs145348074,,,,6:149756107_C_G,,Variant (rs) | Variant (rs),Variants in LD (+/−500Kb) | r2,P value | P value,European,CHARGE + ADNI + ADGC + nia-load + Amish,meta-analysis + discovery + replication,imputed to 1000 Genomes project + imputed to Haplotype Reference Consortium (HRC) + GLOBAL: imputed to 1000 Genomes + imputed to 1000 Genomes (1000G) + imputed to 1000 Genomes project + imputed to 1000 Genomes (1000G) + imputed to HRC + imputed to Haplotype Reference Consortium (HRC) + GLOBAL: imputed to 1000 Genomes,imputed to 1000 Genomes + GLOBAL: imputed to 1000 Genomes + GWAS + replication + imputed to 1000 Genomes + GWAS + GLOBAL: imputed to 1000 Genomes,Alzheimer’s disease + dementia
1.44e-06,,,rs145348074,,,,6:149756107_C_G,,Variant (rs) | Variant (rs),Variants in LD (+/−500Kb) | r2,Variants in LD (+/−500Kb) | P value,European,CHARGE + ADNI + ADGC + nia-load + Amish,meta-analysis + discovery + replication,imputed to 1000 Genomes project + imputed to Haplotype Reference Consortium (HRC) + GLOBAL: imputed to 1000 Genomes + imputed to 1000 Genomes (1000G) + imputed to 1000 Genomes project + imputed to 1000 Genomes (1000G) + imputed to HRC + imputed to Haplotype Reference Consortium (HRC) + GLOBAL: imputed to 1000 Genomes,imputed to 1000 Genomes + GLOBAL: imputed to 1000 Genomes + GWAS + replication + imputed to 1000 Genomes + GWAS + GLOBAL: imputed to 1000 Genomes,Alzheimer’s disease + dementia
5.26e-08,,0.016,rs145348074,,,,6:149756107_C_G,,Variant (rs) | Variant (rs),Variants in LD (+/−500Kb) | MAF,P value | P value,European,CHARGE + ADNI + ADGC + nia-load + Amish,meta-analysis + discovery + replication,imputed to 1000 Genomes project + imputed to Haplotype Reference Consortium (HRC) + GLOBAL: imputed to 1000 Genomes + imputed to 1000 Genomes (1000G) + imputed to 1000 Genomes project + imputed to 1000 Genomes (1000G) + imputed to HRC + imputed to Haplotype Reference Consortium (HRC) + GLOBAL: imputed to 1000 Genomes,imputed to 1000 Genomes + GLOBAL: imputed to 1000 Genomes + GWAS + replication + imputed to 1000 Genomes + GWAS + GLOBAL: imputed to 1000 Genomes,Alzheimer’s disease + dementia
1.44e-06,,0.016,rs145348074,,,,6:149756107_C_G,,Variant (rs) | Variant (rs),Variants in LD (+/−500Kb) | MAF,Variants in LD (+/−500Kb) | P value,European,CHARGE + ADNI + ADGC + nia-load + Amish,meta-analysis + discovery + replication,imputed to 1000 Genomes project + imputed to Haplotype Reference Consortium (HRC) + GLOBAL: imputed to 1000 Genomes + imputed to 1000 Genomes (1000G) + imputed to 1000 Genomes project + imputed to 1000 Genomes (1000G) + imputed to HRC + imputed to Haplotype Reference Consortium (HRC) + GLOBAL: imputed to 1000 Genomes,imputed to 1000 Genomes + GLOBAL: imputed to 1000 Genomes + GWAS + replication + imputed to 1000 Genomes + GWAS + GLOBAL: imputed to 1000 Genomes,Alzheimer’s disease + dementia
5.26e-08,,0.024,rs145348074,,,,6:149756107_C_G,,Variant (rs) | Variant (rs),MAF | MAF,P value | P value,European,CHARGE + ADNI + ADGC + nia-load + Amish,meta-analysis + discovery + replication,imputed to 1000 Genomes project + imputed to 1000 Genomes (1000G) + imputed to HRC + imputed to Haplotype Reference Consortium (HRC) + GLOBAL: imputed to 1000 Genomes,imputed to 1000 Genomes + GLOBAL: imputed to 1000 Genomes + GWAS + replication + imputed to 1000 Genomes + GWAS + GLOBAL: imputed to 1000 Genomes,Alzheimer’s disease + dementia
1.27e-06,,0.024,rs145348074,,,,6:149756107_C_G,,Variant (rs) | Variant (rs),MAF | MAF,Variants in LD (+/−500Kb) | P value,European,CHARGE + ADNI + ADGC + nia-load + Amish,meta-analysis + discovery + replication,imputed to 1000 Genomes project + imputed to 1000 Genomes (1000G) + imputed to HRC + imputed to Haplotype Reference Consortium (HRC) + GLOBAL: imputed to 1000 Genomes,imputed to 1000 Genomes + GLOBAL: imputed to 1000 Genomes + GWAS + replication + imputed to 1000 Genomes + GWAS + GLOBAL: imputed to 1000 Genomes,Alzheimer’s disease + dementia
5.26e-08,,,rs145348074,,,,6:149756107_C_G,,Variant (rs) | Variant (rs),Variants in LD (+/−500Kb) | r2,P value | P value,European,CHARGE + ADNI + ADGC + nia-load + Amish,meta-analysis + discovery + replication,imputed to 1000 Genomes project + imputed to Haplotype Reference Consortium (HRC) + GLOBAL: imputed to 1000 Genomes + imputed to 1000 Genomes (1000G) + imputed to 1000 Genomes project + imputed to 1000 Genomes (1000G) + imputed to HRC + imputed to Haplotype Reference Consortium (HRC) + GLOBAL: imputed to 1000 Genomes,imputed to 1000 Genomes + GLOBAL: imputed to 1000 Genomes + GWAS + replication + imputed to 1000 Genomes + GWAS + GLOBAL: imputed to 1000 Genomes,Alzheimer’s disease + dementia
1.27e-06,,,rs145348074,,,,6:149756107_C_G,,Variant (rs) | Variant (rs),Variants in LD (+/−500Kb) | r2,Variants in LD (+/−500Kb) | P value,European,CHARGE + ADNI + ADGC + nia-load + Amish,meta-analysis + discovery + replication,imputed to 1000 Genomes project + imputed to Haplotype Reference Consortium (HRC) + GLOBAL: imputed to 1000 Genomes + imputed to 1000 Genomes (1000G) + imputed to 1000 Genomes project + imputed to 1000 Genomes (1000G) + imputed to HRC + imputed to Haplotype Reference Consortium (HRC) + GLOBAL: imputed to 1000 Genomes,imputed to 1000 Genomes + GLOBAL: imputed to 1000 Genomes + GWAS + replication + imputed to 1000 Genomes + GWAS + GLOBAL: imputed to 1000 Genomes,Alzheimer’s disease + dementia
5.26e-08,,0.016,rs145348074,,,,6:149756107_C_G,,Variant (rs) | Variant (rs),Variants in LD (+/−500Kb) | MAF,P value | P value,European,CHARGE + ADNI + ADGC + nia-load + Amish,meta-analysis + discovery + replication,imputed to 1000 Genomes project + imputed to Haplotype Reference Consortium (HRC) + GLOBAL: imputed to 1000 Genomes + imputed to 1000 Genomes (1000G) + imputed to 1000 Genomes project + imputed to 1000 Genomes (1000G) + imputed to HRC + imputed to Haplotype Reference Consortium (HRC) + GLOBAL: imputed to 1000 Genomes,imputed to 1000 Genomes + GLOBAL: imputed to 1000 Genomes + GWAS + replication + imputed to 1000 Genomes + GWAS + GLOBAL: imputed to 1000 Genomes,Alzheimer’s disease + dementia
1.27e-06,,0.016,rs145348074,,,,6:149756107_C_G,,Variant (rs) | Variant (rs),Variants in LD (+/−500Kb) | MAF,Variants in LD (+/−500Kb) | P value,European,CHARGE + ADNI + ADGC + nia-load + Amish,meta-analysis + discovery + replication,imputed to 1000 Genomes project + imputed to Haplotype Reference Consortium (HRC) + GLOBAL: imputed to 1000 Genomes + imputed to 1000 Genomes (1000G) + imputed to 1000 Genomes project + imputed to 1000 Genomes (1000G) + imputed to HRC + imputed to Haplotype Reference Consortium (HRC) + GLOBAL: imputed to 1000 Genomes,imputed to 1000 Genomes + GLOBAL: imputed to 1000 Genomes + GWAS + replication + imputed to 1000 Genomes + GWAS + GLOBAL: imputed to 1000 Genomes,Alzheimer’s disease + dementia
5.26e-08,,0.024,rs145348074,,,,6:149756107_C_G,,Variant (rs) | Variant (rs),MAF | MAF,P value | P value,European,CHARGE + ADNI + ADGC + nia-load + Amish,meta-analysis + discovery + replication,imputed to 1000 Genomes project + imputed to 1000 Genomes (1000G) + imputed to HRC + imputed to Haplotype Reference Consortium (HRC) + GLOBAL: imputed to 1000 Genomes,imputed to 1000 Genomes + GLOBAL: imputed to 1000 Genomes + GWAS + replication + imputed to 1000 Genomes + GWAS + GLOBAL: imputed to 1000 Genomes,Alzheimer’s disease + dementia
1.58e-06,,0.024,rs145348074,,,,6:149756107_C_G,,Variant (rs) | Variant (rs),MAF | MAF,Variants in LD (+/−500Kb) | P value,European,CHARGE + ADNI + ADGC + nia-load + Amish,meta-analysis + discovery + replication,imputed to 1000 Genomes project + imputed to 1000 Genomes (1000G) + imputed to HRC + imputed to Haplotype Reference Consortium (HRC) + GLOBAL: imputed to 1000 Genomes,imputed to 1000 Genomes + GLOBAL: imputed to 1000 Genomes + GWAS + replication + imputed to 1000 Genomes + GWAS + GLOBAL: imputed to 1000 Genomes,Alzheimer’s disease + dementia
5.26e-08,,,rs145348074,,,,6:149756107_C_G,,Variant (rs) | Variant (rs),Variants in LD (+/−500Kb) | r2,P value | P value,European,CHARGE + ADNI + ADGC + nia-load + Amish,meta-analysis + discovery + replication,imputed to 1000 Genomes project + imputed to Haplotype Reference Consortium (HRC) + GLOBAL: imputed to 1000 Genomes + imputed to 1000 Genomes (1000G) + imputed to 1000 Genomes project + imputed to 1000 Genomes (1000G) + imputed to HRC + imputed to Haplotype Reference Consortium (HRC) + GLOBAL: imputed to 1000 Genomes,imputed to 1000 Genomes + GLOBAL: imputed to 1000 Genomes + GWAS + replication + imputed to 1000 Genomes + GWAS + GLOBAL: imputed to 1000 Genomes,Alzheimer’s disease + dementia
1.58e-06,,,rs145348074,,,,6:149756107_C_G,,Variant (rs) | Variant (rs),Variants in LD (+/−500Kb) | r2,Variants in LD (+/−500Kb) | P value,European,CHARGE + ADNI + ADGC + nia-load + Amish,meta-analysis + discovery + replication,imputed to 1000 Genomes project + imputed to Haplotype Reference Consortium (HRC) + GLOBAL: imputed to 1000 Genomes + imputed to 1000 Genomes (1000G) + imputed to 1000 Genomes project + imputed to 1000 Genomes (1000G) + imputed to HRC + imputed to Haplotype Reference Consortium (HRC) + GLOBAL: imputed to 1000 Genomes,imputed to 1000 Genomes + GLOBAL: imputed to 1000 Genomes + GWAS + replication + imputed to 1000 Genomes + GWAS + GLOBAL: imputed to 1000 Genomes,Alzheimer’s disease + dementia
5.26e-08,,0.016,rs145348074,,,,6:149756107_C_G,,Variant (rs) | Variant (rs),Variants in LD (+/−500Kb) | MAF,P value | P value,European,CHARGE + ADNI + ADGC + nia-load + Amish,meta-analysis + discovery + replication,imputed to 1000 Genomes project + imputed to Haplotype Reference Consortium (HRC) + GLOBAL: imputed to 1000 Genomes + imputed to 1000 Genomes (1000G) + imputed to 1000 Genomes project + imputed to 1000 Genomes (1000G) + imputed to HRC + imputed to Haplotype Reference Consortium (HRC) + GLOBAL: imputed to 1000 Genomes,imputed to 1000 Genomes + GLOBAL: imputed to 1000 Genomes + GWAS + replication + imputed to 1000 Genomes + GWAS + GLOBAL: imputed to 1000 Genomes,Alzheimer’s disease + dementia
1.58e-06,,0.016,rs145348074,,,,6:149756107_C_G,,Variant (rs) | Variant (rs),Variants in LD (+/−500Kb) | MAF,Variants in LD (+/−500Kb) | P value,European,CHARGE + ADNI + ADGC + nia-load + Amish,meta-analysis + discovery + replication,imputed to 1000 Genomes project + imputed to Haplotype Reference Consortium (HRC) + GLOBAL: imputed to 1000 Genomes + imputed to 1000 Genomes (1000G) + imputed to 1000 Genomes project + imputed to 1000 Genomes (1000G) + imputed to HRC + imputed to Haplotype Reference Consortium (HRC) + GLOBAL: imputed to 1000 Genomes,imputed to 1000 Genomes + GLOBAL: imputed to 1000 Genomes + GWAS + replication + imputed to 1000 Genomes + GWAS + GLOBAL: imputed to 1000 Genomes,Alzheimer’s disease + dementia
4.83e-08,,0.038,rs534551495,,,,9:128627091_C_G,,Variant (rs) | Variant (rs),MAF | MAF,P value | P value,European,CHARGE + ADNI + ADGC + nia-load + Amish,meta-analysis + discovery + replication,imputed to 1000 Genomes project + imputed to 1000 Genomes (1000G) + imputed to HRC + imputed to Haplotype Reference Consortium (HRC) + GLOBAL: imputed to 1000 Genomes,imputed to 1000 Genomes + GLOBAL: imputed to 1000 Genomes + GWAS + replication + imputed to 1000 Genomes + GWAS + GLOBAL: imputed to 1000 Genomes,Alzheimer’s disease + dementia
5.45e-08,,0.038,rs534551495,,,,9:128627091_C_G,,Variant (rs) | Variant (rs),MAF | MAF,Variants in LD (+/−500Kb) | P value,European,CHARGE + ADNI + ADGC + nia-load + Amish,meta-analysis + discovery + replication,imputed to 1000 Genomes project + imputed to 1000 Genomes (1000G) + imputed to HRC + imputed to Haplotype Reference Consortium (HRC) + GLOBAL: imputed to 1000 Genomes,imputed to 1000 Genomes + GLOBAL: imputed to 1000 Genomes + GWAS + replication + imputed to 1000 Genomes + GWAS + GLOBAL: imputed to 1000 Genomes,Alzheimer’s disease + dementia
4.83e-08,,,rs534551495,,,,9:128627091_C_G,,Variant (rs) | Variant (rs),Variants in LD (+/−500Kb) | r2,P value | P value,European,CHARGE + ADNI + ADGC + nia-load + Amish,meta-analysis + discovery + replication,imputed to 1000 Genomes project + imputed to Haplotype Reference Consortium (HRC) + GLOBAL: imputed to 1000 Genomes + imputed to 1000 Genomes (1000G) + imputed to 1000 Genomes project + imputed to 1000 Genomes (1000G) + imputed to HRC + imputed to Haplotype Reference Consortium (HRC) + GLOBAL: imputed to 1000 Genomes,imputed to 1000 Genomes + GLOBAL: imputed to 1000 Genomes + GWAS + replication + imputed to 1000 Genomes + GWAS + GLOBAL: imputed to 1000 Genomes,Alzheimer’s disease + dementia
5.45e-08,,,rs534551495,,,,9:128627091_C_G,,Variant (rs) | Variant (rs),Variants in LD (+/−500Kb) | r2,Variants in LD (+/−500Kb) | P value,European,CHARGE + ADNI + ADGC + nia-load + Amish,meta-analysis + discovery + replication,imputed to 1000 Genomes project + imputed to Haplotype Reference Consortium (HRC) + GLOBAL: imputed to 1000 Genomes + imputed to 1000 Genomes (1000G) + imputed to 1000 Genomes project + imputed to 1000 Genomes (1000G) + imputed to HRC + imputed to Haplotype Reference Consortium (HRC) + GLOBAL: imputed to 1000 Genomes,imputed to 1000 Genomes + GLOBAL: imputed to 1000 Genomes + GWAS + replication + imputed to 1000 Genomes + GWAS + GLOBAL: imputed to 1000 Genomes,Alzheimer’s disease + dementia
4.83e-08,,0.038,rs534551495,,,,9:128627091_C_G,,Variant (rs) | Variant (rs),Variants in LD (+/−500Kb) | MAF,P value | P value,European,CHARGE + ADNI + ADGC + nia-load + Amish,meta-analysis + discovery + replication,imputed to 1000 Genomes project + imputed to Haplotype Reference Consortium (HRC) + GLOBAL: imputed to 1000 Genomes + imputed to 1000 Genomes (1000G) + imputed to 1000 Genomes project + imputed to 1000 Genomes (1000G) + imputed to HRC + imputed to Haplotype Reference Consortium (HRC) + GLOBAL: imputed to 1000 Genomes,imputed to 1000 Genomes + GLOBAL: imputed to 1000 Genomes + GWAS + replication + imputed to 1000 Genomes + GWAS + GLOBAL: imputed to 1000 Genomes,Alzheimer’s disease + dementia
5.45e-08,,0.038,rs534551495,,,,9:128627091_C_G,,Variant (rs) | Variant (rs),Variants in LD (+/−500Kb) | MAF,Variants in LD (+/−500Kb) | P value,European,CHARGE + ADNI + ADGC + nia-load + Amish,meta-analysis + discovery + replication,imputed to 1000 Genomes project + imputed to Haplotype Reference Consortium (HRC) + GLOBAL: imputed to 1000 Genomes + imputed to 1000 Genomes (1000G) + imputed to 1000 Genomes project + imputed to 1000 Genomes (1000G) + imputed to HRC + imputed to Haplotype Reference Consortium (HRC) + GLOBAL: imputed to 1000 Genomes,imputed to 1000 Genomes + GLOBAL: imputed to 1000 Genomes + GWAS + replication + imputed to 1000 Genomes + GWAS + GLOBAL: imputed to 1000 Genomes,Alzheimer’s disease + dementia
4.83e-08,,0.038,rs534551495,,,,9:128627091_C_G,,Variant (rs) | Variant (rs),MAF | MAF,P value | P value,European,CHARGE + ADNI + ADGC + nia-load + Amish,meta-analysis + discovery + replication,imputed to 1000 Genomes project + imputed to 1000 Genomes (1000G) + imputed to HRC + imputed to Haplotype Reference Consortium (HRC) + GLOBAL: imputed to 1000 Genomes,imputed to 1000 Genomes + GLOBAL: imputed to 1000 Genomes + GWAS + replication + imputed to 1000 Genomes + GWAS + GLOBAL: imputed to 1000 Genomes,Alzheimer’s disease + dementia
6.46e-08,,0.038,rs534551495,,,,9:128627091_C_G,,Variant (rs) | Variant (rs),MAF | MAF,Variants in LD (+/−500Kb) | P value,European,CHARGE + ADNI + ADGC + nia-load + Amish,meta-analysis + discovery + replication,imputed to 1000 Genomes project + imputed to 1000 Genomes (1000G) + imputed to HRC + imputed to Haplotype Reference Consortium (HRC) + GLOBAL: imputed to 1000 Genomes,imputed to 1000 Genomes + GLOBAL: imputed to 1000 Genomes + GWAS + replication + imputed to 1000 Genomes + GWAS + GLOBAL: imputed to 1000 Genomes,Alzheimer’s disease + dementia
4.83e-08,,,rs534551495,,,,9:128627091_C_G,,Variant (rs) | Variant (rs),Variants in LD (+/−500Kb) | r2,P value | P value,European,CHARGE + ADNI + ADGC + nia-load + Amish,meta-analysis + discovery + replication,imputed to 1000 Genomes project + imputed to Haplotype Reference Consortium (HRC) + GLOBAL: imputed to 1000 Genomes + imputed to 1000 Genomes (1000G) + imputed to 1000 Genomes project + imputed to 1000 Genomes (1000G) + imputed to HRC + imputed to Haplotype Reference Consortium (HRC) + GLOBAL: imputed to 1000 Genomes,imputed to 1000 Genomes + GLOBAL: imputed to 1000 Genomes + GWAS + replication + imputed to 1000 Genomes + GWAS + GLOBAL: imputed to 1000 Genomes,Alzheimer’s disease + dementia
6.46e-08,,,rs534551495,,,,9:128627091_C_G,,Variant (rs) | Variant (rs),Variants in LD (+/−500Kb) | r2,Variants in LD (+/−500Kb) | P value,European,CHARGE + ADNI + ADGC + nia-load + Amish,meta-analysis + discovery + replication,imputed to 1000 Genomes project + imputed to Haplotype Reference Consortium (HRC) + GLOBAL: imputed to 1000 Genomes + imputed to 1000 Genomes (1000G) + imputed to 1000 Genomes project + imputed to 1000 Genomes (1000G) + imputed to HRC + imputed to Haplotype Reference Consortium (HRC) + GLOBAL: imputed to 1000 Genomes,imputed to 1000 Genomes + GLOBAL: imputed to 1000 Genomes + GWAS + replication + imputed to 1000 Genomes + GWAS + GLOBAL: imputed to 1000 Genomes,Alzheimer’s disease + dementia
4.83e-08,,0.038,rs534551495,,,,9:128627091_C_G,,Variant (rs) | Variant (rs),Variants in LD (+/−500Kb) | MAF,P value | P value,European,CHARGE + ADNI + ADGC + nia-load + Amish,meta-analysis + discovery + replication,imputed to 1000 Genomes project + imputed to Haplotype Reference Consortium (HRC) + GLOBAL: imputed to 1000 Genomes + imputed to 1000 Genomes (1000G) + imputed to 1000 Genomes project + imputed to 1000 Genomes (1000G) + imputed to HRC + imputed to Haplotype Reference Consortium (HRC) + GLOBAL: imputed to 1000 Genomes,imputed to 1000 Genomes + GLOBAL: imputed to 1000 Genomes + GWAS + replication + imputed to 1000 Genomes + GWAS + GLOBAL: imputed to 1000 Genomes,Alzheimer’s disease + dementia
6.46e-08,,0.038,rs534551495,,,,9:128627091_C_G,,Variant (rs) | Variant (rs),Variants in LD (+/−500Kb) | MAF,Variants in LD (+/−500Kb) | P value,European,CHARGE + ADNI + ADGC + nia-load + Amish,meta-analysis + discovery + replication,imputed to 1000 Genomes project + imputed to Haplotype Reference Consortium (HRC) + GLOBAL: imputed to 1000 Genomes + imputed to 1000 Genomes (1000G) + imputed to 1000 Genomes project + imputed to 1000 Genomes (1000G) + imputed to HRC + imputed to Haplotype Reference Consortium (HRC) + GLOBAL: imputed to 1000 Genomes,imputed to 1000 Genomes + GLOBAL: imputed to 1000 Genomes + GWAS + replication + imputed to 1000 Genomes + GWAS + GLOBAL: imputed to 1000 Genomes,Alzheimer’s disease + dementia
4.83e-08,,0.038,rs534551495,,,,9:128627091_C_G,,Variant (rs) | Variant (rs),MAF | MAF,P value | P value,European,CHARGE + ADNI + ADGC + nia-load + Amish,meta-analysis + discovery + replication,imputed to 1000 Genomes project + imputed to 1000 Genomes (1000G) + imputed to HRC + imputed to Haplotype Reference Consortium (HRC) + GLOBAL: imputed to 1000 Genomes,imputed to 1000 Genomes + GLOBAL: imputed to 1000 Genomes + GWAS + replication + imputed to 1000 Genomes + GWAS + GLOBAL: imputed to 1000 Genomes,Alzheimer’s disease + dementia
2.5e-07,,0.038,rs534551495,,,,9:128627091_C_G,,Variant (rs) | Variant (rs),MAF | MAF,Variants in LD (+/−500Kb) | P value,European,CHARGE + ADNI + ADGC + nia-load + Amish,meta-analysis + discovery + replication,imputed to 1000 Genomes project + imputed to 1000 Genomes (1000G) + imputed to HRC + imputed to Haplotype Reference Consortium (HRC) + GLOBAL: imputed to 1000 Genomes,imputed to 1000 Genomes + GLOBAL: imputed to 1000 Genomes + GWAS + replication + imputed to 1000 Genomes + GWAS + GLOBAL: imputed to 1000 Genomes,Alzheimer’s disease + dementia
4.83e-08,,,rs534551495,,,,9:128627091_C_G,,Variant (rs) | Variant (rs),Variants in LD (+/−500Kb) | r2,P value | P value,European,CHARGE + ADNI + ADGC + nia-load + Amish,meta-analysis + discovery + replication,imputed to 1000 Genomes project + imputed to Haplotype Reference Consortium (HRC) + GLOBAL: imputed to 1000 Genomes + imputed to 1000 Genomes (1000G) + imputed to 1000 Genomes project + imputed to 1000 Genomes (1000G) + imputed to HRC + imputed to Haplotype Reference Consortium (HRC) + GLOBAL: imputed to 1000 Genomes,imputed to 1000 Genomes + GLOBAL: imputed to 1000 Genomes + GWAS + replication + imputed to 1000 Genomes + GWAS + GLOBAL: imputed to 1000 Genomes,Alzheimer’s disease + dementia
2.5e-07,,,rs534551495,,,,9:128627091_C_G,,Variant (rs) | Variant (rs),Variants in LD (+/−500Kb) | r2,Variants in LD (+/−500Kb) | P value,European,CHARGE + ADNI + ADGC + nia-load + Amish,meta-analysis + discovery + replication,imputed to 1000 Genomes project + imputed to Haplotype Reference Consortium (HRC) + GLOBAL: imputed to 1000 Genomes + imputed to 1000 Genomes (1000G) + imputed to 1000 Genomes project + imputed to 1000 Genomes (1000G) + imputed to HRC + imputed to Haplotype Reference Consortium (HRC) + GLOBAL: imputed to 1000 Genomes,imputed to 1000 Genomes + GLOBAL: imputed to 1000 Genomes + GWAS + replication + imputed to 1000 Genomes + GWAS + GLOBAL: imputed to 1000 Genomes,Alzheimer’s disease + dementia
4.83e-08,,0.046,rs534551495,,,,9:128627091_C_G,,Variant (rs) | Variant (rs),Variants in LD (+/−500Kb) | MAF,P value | P value,European,CHARGE + ADNI + ADGC + nia-load + Amish,meta-analysis + discovery + replication,imputed to 1000 Genomes project + imputed to Haplotype Reference Consortium (HRC) + GLOBAL: imputed to 1000 Genomes + imputed to 1000 Genomes (1000G) + imputed to 1000 Genomes project + imputed to 1000 Genomes (1000G) + imputed to HRC + imputed to Haplotype Reference Consortium (HRC) + GLOBAL: imputed to 1000 Genomes,imputed to 1000 Genomes + GLOBAL: imputed to 1000 Genomes + GWAS + replication + imputed to 1000 Genomes + GWAS + GLOBAL: imputed to 1000 Genomes,Alzheimer’s disease + dementia
2.5e-07,,0.046,rs534551495,,,,9:128627091_C_G,,Variant (rs) | Variant (rs),Variants in LD (+/−500Kb) | MAF,Variants in LD (+/−500Kb) | P value,European,CHARGE + ADNI + ADGC + nia-load + Amish,meta-analysis + discovery + replication,imputed to 1000 Genomes project + imputed to Haplotype Reference Consortium (HRC) + GLOBAL: imputed to 1000 Genomes + imputed to 1000 Genomes (1000G) + imputed to 1000 Genomes project + imputed to 1000 Genomes (1000G) + imputed to HRC + imputed to Haplotype Reference Consortium (HRC) + GLOBAL: imputed to 1000 Genomes,imputed to 1000 Genomes + GLOBAL: imputed to 1000 Genomes + GWAS + replication + imputed to 1000 Genomes + GWAS + GLOBAL: imputed to 1000 Genomes,Alzheimer’s disease + dementia
4.83e-08,,0.038,rs534551495,,,,9:128627091_C_G,,Variant (rs) | Variant (rs),MAF | MAF,P value | P value,European,CHARGE + ADNI + ADGC + nia-load + Amish,meta-analysis + discovery + replication,imputed to 1000 Genomes project + imputed to 1000 Genomes (1000G) + imputed to HRC + imputed to Haplotype Reference Consortium (HRC) + GLOBAL: imputed to 1000 Genomes,imputed to 1000 Genomes + GLOBAL: imputed to 1000 Genomes + GWAS + replication + imputed to 1000 Genomes + GWAS + GLOBAL: imputed to 1000 Genomes,Alzheimer’s disease + dementia
1.33e-06,,0.038,rs534551495,,,,9:128627091_C_G,,Variant (rs) | Variant (rs),MAF | MAF,Variants in LD (+/−500Kb) | P value,European,CHARGE + ADNI + ADGC + nia-load + Amish,meta-analysis + discovery + replication,imputed to 1000 Genomes project + imputed to 1000 Genomes (1000G) + imputed to HRC + imputed to Haplotype Reference Consortium (HRC) + GLOBAL: imputed to 1000 Genomes,imputed to 1000 Genomes + GLOBAL: imputed to 1000 Genomes + GWAS + replication + imputed to 1000 Genomes + GWAS + GLOBAL: imputed to 1000 Genomes,Alzheimer’s disease + dementia
4.83e-08,,,rs534551495,,,,9:128627091_C_G,,Variant (rs) | Variant (rs),Variants in LD (+/−500Kb) | r2,P value | P value,European,CHARGE + ADNI + ADGC + nia-load + Amish,meta-analysis + discovery + replication,imputed to 1000 Genomes project + imputed to Haplotype Reference Consortium (HRC) + GLOBAL: imputed to 1000 Genomes + imputed to 1000 Genomes (1000G) + imputed to 1000 Genomes project + imputed to 1000 Genomes (1000G) + imputed to HRC + imputed to Haplotype Reference Consortium (HRC) + GLOBAL: imputed to 1000 Genomes,imputed to 1000 Genomes + GLOBAL: imputed to 1000 Genomes + GWAS + replication + imputed to 1000 Genomes + GWAS + GLOBAL: imputed to 1000 Genomes,Alzheimer’s disease + dementia
1.33e-06,,,rs534551495,,,,9:128627091_C_G,,Variant (rs) | Variant (rs),Variants in LD (+/−500Kb) | r2,Variants in LD (+/−500Kb) | P value,European,CHARGE + ADNI + ADGC + nia-load + Amish,meta-analysis + discovery + replication,imputed to 1000 Genomes project + imputed to Haplotype Reference Consortium (HRC) + GLOBAL: imputed to 1000 Genomes + imputed to 1000 Genomes (1000G) + imputed to 1000 Genomes project + imputed to 1000 Genomes (1000G) + imputed to HRC + imputed to Haplotype Reference Consortium (HRC) + GLOBAL: imputed to 1000 Genomes,imputed to 1000 Genomes + GLOBAL: imputed to 1000 Genomes + GWAS + replication + imputed to 1000 Genomes + GWAS + GLOBAL: imputed to 1000 Genomes,Alzheimer’s disease + dementia
4.83e-08,,0.042,rs534551495,,,,9:128627091_C_G,,Variant (rs) | Variant (rs),Variants in LD (+/−500Kb) | MAF,P value | P value,European,CHARGE + ADNI + ADGC + nia-load + Amish,meta-analysis + discovery + replication,imputed to 1000 Genomes project + imputed to Haplotype Reference Consortium (HRC) + GLOBAL: imputed to 1000 Genomes + imputed to 1000 Genomes (1000G) + imputed to 1000 Genomes project + imputed to 1000 Genomes (1000G) + imputed to HRC + imputed to Haplotype Reference Consortium (HRC) + GLOBAL: imputed to 1000 Genomes,imputed to 1000 Genomes + GLOBAL: imputed to 1000 Genomes + GWAS + replication + imputed to 1000 Genomes + GWAS + GLOBAL: imputed to 1000 Genomes,Alzheimer’s disease + dementia
1.33e-06,,0.042,rs534551495,,,,9:128627091_C_G,,Variant (rs) | Variant (rs),Variants in LD (+/−500Kb) | MAF,Variants in LD (+/−500Kb) | P value,European,CHARGE + ADNI + ADGC + nia-load + Amish,meta-analysis + discovery + replication,imputed to 1000 Genomes project + imputed to Haplotype Reference Consortium (HRC) + GLOBAL: imputed to 1000 Genomes + imputed to 1000 Genomes (1000G) + imputed to 1000 Genomes project + imputed to 1000 Genomes (1000G) + imputed to HRC + imputed to Haplotype Reference Consortium (HRC) + GLOBAL: imputed to 1000 Genomes,imputed to 1000 Genomes + GLOBAL: imputed to 1000 Genomes + GWAS + replication + imputed to 1000 Genomes + GWAS + GLOBAL: imputed to 1000 Genomes,Alzheimer’s disease + dementia
5.59e-09,,0.012,rs146729640,,,,17:11183894_G_A,,Variant (rs) | Variant (rs),MAF | MAF,P value | P value,European,CHARGE + ADNI + ADGC + nia-load + Amish,meta-analysis + discovery + replication,imputed to 1000 Genomes project + imputed to 1000 Genomes (1000G) + imputed to HRC + imputed to Haplotype Reference Consortium (HRC) + GLOBAL: imputed to 1000 Genomes,imputed to 1000 Genomes + GLOBAL: imputed to 1000 Genomes + GWAS + replication + imputed to 1000 Genomes + GWAS + GLOBAL: imputed to 1000 Genomes,Alzheimer’s disease + dementia
0.000472,,0.012,rs146729640,,,,17:11183894_G_A,,Variant (rs) | Variant (rs),MAF | MAF,Variants in LD (+/−500Kb) | P value,European,CHARGE + ADNI + ADGC + nia-load + Amish,meta-analysis + discovery + replication,imputed to 1000 Genomes project + imputed to 1000 Genomes (1000G) + imputed to HRC + imputed to Haplotype Reference Consortium (HRC) + GLOBAL: imputed to 1000 Genomes,imputed to 1000 Genomes + GLOBAL: imputed to 1000 Genomes + GWAS + replication + imputed to 1000 Genomes + GWAS + GLOBAL: imputed to 1000 Genomes,Alzheimer’s disease + dementia
5.59e-09,,,rs146729640,,,,17:11183894_G_A,,Variant (rs) | Variant (rs),Variants in LD (+/−500Kb) | r2,P value | P value,European,CHARGE + ADNI + ADGC + nia-load + Amish,meta-analysis + discovery + replication,imputed to 1000 Genomes project + imputed to Haplotype Reference Consortium (HRC) + GLOBAL: imputed to 1000 Genomes + imputed to 1000 Genomes (1000G) + imputed to 1000 Genomes project + imputed to 1000 Genomes (1000G) + imputed to HRC + imputed to Haplotype Reference Consortium (HRC) + GLOBAL: imputed to 1000 Genomes,imputed to 1000 Genomes + GLOBAL: imputed to 1000 Genomes + GWAS + replication + imputed to 1000 Genomes + GWAS + GLOBAL: imputed to 1000 Genomes,Alzheimer’s disease + dementia
0.000472,,,rs146729640,,,,17:11183894_G_A,,Variant (rs) | Variant (rs),Variants in LD (+/−500Kb) | r2,Variants in LD (+/−500Kb) | P value,European,CHARGE + ADNI + ADGC + nia-load + Amish,meta-analysis + discovery + replication,imputed to 1000 Genomes project + imputed to Haplotype Reference Consortium (HRC) + GLOBAL: imputed to 1000 Genomes + imputed to 1000 Genomes (1000G) + imputed to 1000 Genomes project + imputed to 1000 Genomes (1000G) + imputed to HRC + imputed to Haplotype Reference Consortium (HRC) + GLOBAL: imputed to 1000 Genomes,imputed to 1000 Genomes + GLOBAL: imputed to 1000 Genomes + GWAS + replication + imputed to 1000 Genomes + GWAS + GLOBAL: imputed to 1000 Genomes,Alzheimer’s disease + dementia
5.59e-09,,0.017,rs146729640,,,,17:11183894_G_A,,Variant (rs) | Variant (rs),Variants in LD (+/−500Kb) | MAF,P value | P value,European,CHARGE + ADNI + ADGC + nia-load + Amish,meta-analysis + discovery + replication,imputed to 1000 Genomes project + imputed to Haplotype Reference Consortium (HRC) + GLOBAL: imputed to 1000 Genomes + imputed to 1000 Genomes (1000G) + imputed to 1000 Genomes project + imputed to 1000 Genomes (1000G) + imputed to HRC + imputed to Haplotype Reference Consortium (HRC) + GLOBAL: imputed to 1000 Genomes,imputed to 1000 Genomes + GLOBAL: imputed to 1000 Genomes + GWAS + replication + imputed to 1000 Genomes + GWAS + GLOBAL: imputed to 1000 Genomes,Alzheimer’s disease + dementia
0.000472,,0.017,rs146729640,,,,17:11183894_G_A,,Variant (rs) | Variant (rs),Variants in LD (+/−500Kb) | MAF,Variants in LD (+/−500Kb) | P value,European,CHARGE + ADNI + ADGC + nia-load + Amish,meta-analysis + discovery + replication,imputed to 1000 Genomes project + imputed to Haplotype Reference Consortium (HRC) + GLOBAL: imputed to 1000 Genomes + imputed to 1000 Genomes (1000G) + imputed to 1000 Genomes project + imputed to 1000 Genomes (1000G) + imputed to HRC + imputed to Haplotype Reference Consortium (HRC) + GLOBAL: imputed to 1000 Genomes,imputed to 1000 Genomes + GLOBAL: imputed to 1000 Genomes + GWAS + replication + imputed to 1000 Genomes + GWAS + GLOBAL: imputed to 1000 Genomes,Alzheimer’s disease + dementia
5.26e-08,,0.024,,,,,6:149756107_C_G,,Variants in LD (+/−500Kb) | Variant,MAF | MAF,P value | P value,European,CHARGE + ADNI + ADGC + nia-load + Amish,meta-analysis + discovery + replication,imputed to 1000 Genomes project + imputed to 1000 Genomes (1000G) + imputed to HRC + imputed to Haplotype Reference Consortium (HRC) + GLOBAL: imputed to 1000 Genomes,imputed to 1000 Genomes + GLOBAL: imputed to 1000 Genomes + GWAS + replication + imputed to 1000 Genomes + GWAS + GLOBAL: imputed to 1000 Genomes,Alzheimer’s disease + dementia
1e-07,,0.024,,,,,6:149756107_C_G,,Variants in LD (+/−500Kb) | Variant,MAF | MAF,Variants in LD (+/−500Kb) | P value,European,CHARGE + ADNI + ADGC + nia-load + Amish,meta-analysis + discovery + replication,imputed to 1000 Genomes project + imputed to 1000 Genomes (1000G) + imputed to HRC + imputed to Haplotype Reference Consortium (HRC) + GLOBAL: imputed to 1000 Genomes,imputed to 1000 Genomes + GLOBAL: imputed to 1000 Genomes + GWAS + replication + imputed to 1000 Genomes + GWAS + GLOBAL: imputed to 1000 Genomes,Alzheimer’s disease + dementia
5.26e-08,,,,,,,6:149756107_C_G,,Variants in LD (+/−500Kb) | Variant,Variants in LD (+/−500Kb) | r2,P value | P value,European,CHARGE + ADNI + ADGC + nia-load + Amish,meta-analysis + discovery + replication,imputed to 1000 Genomes project + imputed to Haplotype Reference Consortium (HRC) + GLOBAL: imputed to 1000 Genomes + imputed to 1000 Genomes (1000G) + imputed to 1000 Genomes project + imputed to 1000 Genomes (1000G) + imputed to HRC + imputed to Haplotype Reference Consortium (HRC) + GLOBAL: imputed to 1000 Genomes,imputed to 1000 Genomes + GLOBAL: imputed to 1000 Genomes + GWAS + replication + imputed to 1000 Genomes + GWAS + GLOBAL: imputed to 1000 Genomes,Alzheimer’s disease + dementia
1e-07,,,,,,,6:149756107_C_G,,Variants in LD (+/−500Kb) | Variant,Variants in LD (+/−500Kb) | r2,Variants in LD (+/−500Kb) | P value,European,CHARGE + ADNI + ADGC + nia-load + Amish,meta-analysis + discovery + replication,imputed to 1000 Genomes project + imputed to Haplotype Reference Consortium (HRC) + GLOBAL: imputed to 1000 Genomes + imputed to 1000 Genomes (1000G) + imputed to 1000 Genomes project + imputed to 1000 Genomes (1000G) + imputed to HRC + imputed to Haplotype Reference Consortium (HRC) + GLOBAL: imputed to 1000 Genomes,imputed to 1000 Genomes + GLOBAL: imputed to 1000 Genomes + GWAS + replication + imputed to 1000 Genomes + GWAS + GLOBAL: imputed to 1000 Genomes,Alzheimer’s disease + dementia
5.26e-08,,0.023,,,,,6:149756107_C_G,,Variants in LD (+/−500Kb) | Variant,Variants in LD (+/−500Kb) | MAF,P value | P value,European,CHARGE + ADNI + ADGC + nia-load + Amish,meta-analysis + discovery + replication,imputed to 1000 Genomes project + imputed to Haplotype Reference Consortium (HRC) + GLOBAL: imputed to 1000 Genomes + imputed to 1000 Genomes (1000G) + imputed to 1000 Genomes project + imputed to 1000 Genomes (1000G) + imputed to HRC + imputed to Haplotype Reference Consortium (HRC) + GLOBAL: imputed to 1000 Genomes,imputed to 1000 Genomes + GLOBAL: imputed to 1000 Genomes + GWAS + replication + imputed to 1000 Genomes + GWAS + GLOBAL: imputed to 1000 Genomes,Alzheimer’s disease + dementia
1e-07,,0.023,,,,,6:149756107_C_G,,Variants in LD (+/−500Kb) | Variant,Variants in LD (+/−500Kb) | MAF,Variants in LD (+/−500Kb) | P value,European,CHARGE + ADNI + ADGC + nia-load + Amish,meta-analysis + discovery + replication,imputed to 1000 Genomes project + imputed to Haplotype Reference Consortium (HRC) + GLOBAL: imputed to 1000 Genomes + imputed to 1000 Genomes (1000G) + imputed to 1000 Genomes project + imputed to 1000 Genomes (1000G) + imputed to HRC + imputed to Haplotype Reference Consortium (HRC) + GLOBAL: imputed to 1000 Genomes,imputed to 1000 Genomes + GLOBAL: imputed to 1000 Genomes + GWAS + replication + imputed to 1000 Genomes + GWAS + GLOBAL: imputed to 1000 Genomes,Alzheimer’s disease + dementia
5.26e-08,,0.024,,,,,6:149756107_C_G,,Variants in LD (+/−500Kb) | Variant,MAF | MAF,P value | P value,European,CHARGE + ADNI + ADGC + nia-load + Amish,meta-analysis + discovery + replication,imputed to 1000 Genomes project + imputed to 1000 Genomes (1000G) + imputed to HRC + imputed to Haplotype Reference Consortium (HRC) + GLOBAL: imputed to 1000 Genomes,imputed to 1000 Genomes + GLOBAL: imputed to 1000 Genomes + GWAS + replication + imputed to 1000 Genomes + GWAS + GLOBAL: imputed to 1000 Genomes,Alzheimer’s disease + dementia
1.29e-06,,0.024,,,,,6:149756107_C_G,,Variants in LD (+/−500Kb) | Variant,MAF | MAF,Variants in LD (+/−500Kb) | P value,European,CHARGE + ADNI + ADGC + nia-load + Amish,meta-analysis + discovery + replication,imputed to 1000 Genomes project + imputed to 1000 Genomes (1000G) + imputed to HRC + imputed to Haplotype Reference Consortium (HRC) + GLOBAL: imputed to 1000 Genomes,imputed to 1000 Genomes + GLOBAL: imputed to 1000 Genomes + GWAS + replication + imputed to 1000 Genomes + GWAS + GLOBAL: imputed to 1000 Genomes,Alzheimer’s disease + dementia
5.26e-08,,,,,,,6:149756107_C_G,,Variants in LD (+/−500Kb) | Variant,Variants in LD (+/−500Kb) | r2,P value | P value,European,CHARGE + ADNI + ADGC + nia-load + Amish,meta-analysis + discovery + replication,imputed to 1000 Genomes project + imputed to Haplotype Reference Consortium (HRC) + GLOBAL: imputed to 1000 Genomes + imputed to 1000 Genomes (1000G) + imputed to 1000 Genomes project + imputed to 1000 Genomes (1000G) + imputed to HRC + imputed to Haplotype Reference Consortium (HRC) + GLOBAL: imputed to 1000 Genomes,imputed to 1000 Genomes + GLOBAL: imputed to 1000 Genomes + GWAS + replication + imputed to 1000 Genomes + GWAS + GLOBAL: imputed to 1000 Genomes,Alzheimer’s disease + dementia
1.29e-06,,,,,,,6:149756107_C_G,,Variants in LD (+/−500Kb) | Variant,Variants in LD (+/−500Kb) | r2,Variants in LD (+/−500Kb) | P value,European,CHARGE + ADNI + ADGC + nia-load + Amish,meta-analysis + discovery + replication,imputed to 1000 Genomes project + imputed to Haplotype Reference Consortium (HRC) + GLOBAL: imputed to 1000 Genomes + imputed to 1000 Genomes (1000G) + imputed to 1000 Genomes project + imputed to 1000 Genomes (1000G) + imputed to HRC + imputed to Haplotype Reference Consortium (HRC) + GLOBAL: imputed to 1000 Genomes,imputed to 1000 Genomes + GLOBAL: imputed to 1000 Genomes + GWAS + replication + imputed to 1000 Genomes + GWAS + GLOBAL: imputed to 1000 Genomes,Alzheimer’s disease + dementia
5.26e-08,,0.015,,,,,6:149756107_C_G,,Variants in LD (+/−500Kb) | Variant,Variants in LD (+/−500Kb) | MAF,P value | P value,European,CHARGE + ADNI + ADGC + nia-load + Amish,meta-analysis + discovery + replication,imputed to 1000 Genomes project + imputed to Haplotype Reference Consortium (HRC) + GLOBAL: imputed to 1000 Genomes + imputed to 1000 Genomes (1000G) + imputed to 1000 Genomes project + imputed to 1000 Genomes (1000G) + imputed to HRC + imputed to Haplotype Reference Consortium (HRC) + GLOBAL: imputed to 1000 Genomes,imputed to 1000 Genomes + GLOBAL: imputed to 1000 Genomes + GWAS + replication + imputed to 1000 Genomes + GWAS + GLOBAL: imputed to 1000 Genomes,Alzheimer’s disease + dementia
1.29e-06,,0.015,,,,,6:149756107_C_G,,Variants in LD (+/−500Kb) | Variant,Variants in LD (+/−500Kb) | MAF,Variants in LD (+/−500Kb) | P value,European,CHARGE + ADNI + ADGC + nia-load + Amish,meta-analysis + discovery + replication,imputed to 1000 Genomes project + imputed to Haplotype Reference Consortium (HRC) + GLOBAL: imputed to 1000 Genomes + imputed to 1000 Genomes (1000G) + imputed to 1000 Genomes project + imputed to 1000 Genomes (1000G) + imputed to HRC + imputed to Haplotype Reference Consortium (HRC) + GLOBAL: imputed to 1000 Genomes,imputed to 1000 Genomes + GLOBAL: imputed to 1000 Genomes + GWAS + replication + imputed to 1000 Genomes + GWAS + GLOBAL: imputed to 1000 Genomes,Alzheimer’s disease + dementia
5.26e-08,,0.024,,,,,6:149756107_C_G,,Variants in LD (+/−500Kb) | Variant,MAF | MAF,P value | P value,European,CHARGE + ADNI + ADGC + nia-load + Amish,meta-analysis + discovery + replication,imputed to 1000 Genomes project + imputed to 1000 Genomes (1000G) + imputed to HRC + imputed to Haplotype Reference Consortium (HRC) + GLOBAL: imputed to 1000 Genomes,imputed to 1000 Genomes + GLOBAL: imputed to 1000 Genomes + GWAS + replication + imputed to 1000 Genomes + GWAS + GLOBAL: imputed to 1000 Genomes,Alzheimer’s disease + dementia
1.35e-06,,0.024,,,,,6:149756107_C_G,,Variants in LD (+/−500Kb) | Variant,MAF | MAF,Variants in LD (+/−500Kb) | P value,European,CHARGE + ADNI + ADGC + nia-load + Amish,meta-analysis + discovery + replication,imputed to 1000 Genomes project + imputed to 1000 Genomes (1000G) + imputed to HRC + imputed to Haplotype Reference Consortium (HRC) + GLOBAL: imputed to 1000 Genomes,imputed to 1000 Genomes + GLOBAL: imputed to 1000 Genomes + GWAS + replication + imputed to 1000 Genomes + GWAS + GLOBAL: imputed to 1000 Genomes,Alzheimer’s disease + dementia
5.26e-08,,,,,,,6:149756107_C_G,,Variants in LD (+/−500Kb) | Variant,Variants in LD (+/−500Kb) | r2,P value | P value,European,CHARGE + ADNI + ADGC + nia-load + Amish,meta-analysis + discovery + replication,imputed to 1000 Genomes project + imputed to Haplotype Reference Consortium (HRC) + GLOBAL: imputed to 1000 Genomes + imputed to 1000 Genomes (1000G) + imputed to 1000 Genomes project + imputed to 1000 Genomes (1000G) + imputed to HRC + imputed to Haplotype Reference Consortium (HRC) + GLOBAL: imputed to 1000 Genomes,imputed to 1000 Genomes + GLOBAL: imputed to 1000 Genomes + GWAS + replication + imputed to 1000 Genomes + GWAS + GLOBAL: imputed to 1000 Genomes,Alzheimer’s disease + dementia
1.35e-06,,,,,,,6:149756107_C_G,,Variants in LD (+/−500Kb) | Variant,Variants in LD (+/−500Kb) | r2,Variants in LD (+/−500Kb) | P value,European,CHARGE + ADNI + ADGC + nia-load + Amish,meta-analysis + discovery + replication,imputed to 1000 Genomes project + imputed to Haplotype Reference Consortium (HRC) + GLOBAL: imputed to 1000 Genomes + imputed to 1000 Genomes (1000G) + imputed to 1000 Genomes project + imputed to 1000 Genomes (1000G) + imputed to HRC + imputed to Haplotype Reference Consortium (HRC) + GLOBAL: imputed to 1000 Genomes,imputed to 1000 Genomes + GLOBAL: imputed to 1000 Genomes + GWAS + replication + imputed to 1000 Genomes + GWAS + GLOBAL: imputed to 1000 Genomes,Alzheimer’s disease + dementia
5.26e-08,,0.016,,,,,6:149756107_C_G,,Variants in LD (+/−500Kb) | Variant,Variants in LD (+/−500Kb) | MAF,P value | P value,European,CHARGE + ADNI + ADGC + nia-load + Amish,meta-analysis + discovery + replication,imputed to 1000 Genomes project + imputed to Haplotype Reference Consortium (HRC) + GLOBAL: imputed to 1000 Genomes + imputed to 1000 Genomes (1000G) + imputed to 1000 Genomes project + imputed to 1000 Genomes (1000G) + imputed to HRC + imputed to Haplotype Reference Consortium (HRC) + GLOBAL: imputed to 1000 Genomes,imputed to 1000 Genomes + GLOBAL: imputed to 1000 Genomes + GWAS + replication + imputed to 1000 Genomes + GWAS + GLOBAL: imputed to 1000 Genomes,Alzheimer’s disease + dementia
1.35e-06,,0.016,,,,,6:149756107_C_G,,Variants in LD (+/−500Kb) | Variant,Variants in LD (+/−500Kb) | MAF,Variants in LD (+/−500Kb) | P value,European,CHARGE + ADNI + ADGC + nia-load + Amish,meta-analysis + discovery + replication,imputed to 1000 Genomes project + imputed to Haplotype Reference Consortium (HRC) + GLOBAL: imputed to 1000 Genomes + imputed to 1000 Genomes (1000G) + imputed to 1000 Genomes project + imputed to 1000 Genomes (1000G) + imputed to HRC + imputed to Haplotype Reference Consortium (HRC) + GLOBAL: imputed to 1000 Genomes,imputed to 1000 Genomes + GLOBAL: imputed to 1000 Genomes + GWAS + replication + imputed to 1000 Genomes + GWAS + GLOBAL: imputed to 1000 Genomes,Alzheimer’s disease + dementia
5.26e-08,,0.024,,,,,6:149756107_C_G,,Variants in LD (+/−500Kb) | Variant,MAF | MAF,P value | P value,European,CHARGE + ADNI + ADGC + nia-load + Amish,meta-analysis + discovery + replication,imputed to 1000 Genomes project + imputed to 1000 Genomes (1000G) + imputed to HRC + imputed to Haplotype Reference Consortium (HRC) + GLOBAL: imputed to 1000 Genomes,imputed to 1000 Genomes + GLOBAL: imputed to 1000 Genomes + GWAS + replication + imputed to 1000 Genomes + GWAS + GLOBAL: imputed to 1000 Genomes,Alzheimer’s disease + dementia
1.44e-06,,0.024,,,,,6:149756107_C_G,,Variants in LD (+/−500Kb) | Variant,MAF | MAF,Variants in LD (+/−500Kb) | P value,European,CHARGE + ADNI + ADGC + nia-load + Amish,meta-analysis + discovery + replication,imputed to 1000 Genomes project + imputed to 1000 Genomes (1000G) + imputed to HRC + imputed to Haplotype Reference Consortium (HRC) + GLOBAL: imputed to 1000 Genomes,imputed to 1000 Genomes + GLOBAL: imputed to 1000 Genomes + GWAS + replication + imputed to 1000 Genomes + GWAS + GLOBAL: imputed to 1000 Genomes,Alzheimer’s disease + dementia
5.26e-08,,,,,,,6:149756107_C_G,,Variants in LD (+/−500Kb) | Variant,Variants in LD (+/−500Kb) | r2,P value | P value,European,CHARGE + ADNI + ADGC + nia-load + Amish,meta-analysis + discovery + replication,imputed to 1000 Genomes project + imputed to Haplotype Reference Consortium (HRC) + GLOBAL: imputed to 1000 Genomes + imputed to 1000 Genomes (1000G) + imputed to 1000 Genomes project + imputed to 1000 Genomes (1000G) + imputed to HRC + imputed to Haplotype Reference Consortium (HRC) + GLOBAL: imputed to 1000 Genomes,imputed to 1000 Genomes + GLOBAL: imputed to 1000 Genomes + GWAS + replication + imputed to 1000 Genomes + GWAS + GLOBAL: imputed to 1000 Genomes,Alzheimer’s disease + dementia
1.44e-06,,,,,,,6:149756107_C_G,,Variants in LD (+/−500Kb) | Variant,Variants in LD (+/−500Kb) | r2,Variants in LD (+/−500Kb) | P value,European,CHARGE + ADNI + ADGC + nia-load + Amish,meta-analysis + discovery + replication,imputed to 1000 Genomes project + imputed to Haplotype Reference Consortium (HRC) + GLOBAL: imputed to 1000 Genomes + imputed to 1000 Genomes (1000G) + imputed to 1000 Genomes project + imputed to 1000 Genomes (1000G) + imputed to HRC + imputed to Haplotype Reference Consortium (HRC) + GLOBAL: imputed to 1000 Genomes,imputed to 1000 Genomes + GLOBAL: imputed to 1000 Genomes + GWAS + replication + imputed to 1000 Genomes + GWAS + GLOBAL: imputed to 1000 Genomes,Alzheimer’s disease + dementia
5.26e-08,,0.016,,,,,6:149756107_C_G,,Variants in LD (+/−500Kb) | Variant,Variants in LD (+/−500Kb) | MAF,P value | P value,European,CHARGE + ADNI + ADGC + nia-load + Amish,meta-analysis + discovery + replication,imputed to 1000 Genomes project + imputed to Haplotype Reference Consortium (HRC) + GLOBAL: imputed to 1000 Genomes + imputed to 1000 Genomes (1000G) + imputed to 1000 Genomes project + imputed to 1000 Genomes (1000G) + imputed to HRC + imputed to Haplotype Reference Consortium (HRC) + GLOBAL: imputed to 1000 Genomes,imputed to 1000 Genomes + GLOBAL: imputed to 1000 Genomes + GWAS + replication + imputed to 1000 Genomes + GWAS + GLOBAL: imputed to 1000 Genomes,Alzheimer’s disease + dementia
1.44e-06,,0.016,,,,,6:149756107_C_G,,Variants in LD (+/−500Kb) | Variant,Variants in LD (+/−500Kb) | MAF,Variants in LD (+/−500Kb) | P value,European,CHARGE + ADNI + ADGC + nia-load + Amish,meta-analysis + discovery + replication,imputed to 1000 Genomes project + imputed to Haplotype Reference Consortium (HRC) + GLOBAL: imputed to 1000 Genomes + imputed to 1000 Genomes (1000G) + imputed to 1000 Genomes project + imputed to 1000 Genomes (1000G) + imputed to HRC + imputed to Haplotype Reference Consortium (HRC) + GLOBAL: imputed to 1000 Genomes,imputed to 1000 Genomes + GLOBAL: imputed to 1000 Genomes + GWAS + replication + imputed to 1000 Genomes + GWAS + GLOBAL: imputed to 1000 Genomes,Alzheimer’s disease + dementia
5.26e-08,,0.024,,,,,6:149756107_C_G,,Variants in LD (+/−500Kb) | Variant,MAF | MAF,P value | P value,European,CHARGE + ADNI + ADGC + nia-load + Amish,meta-analysis + discovery + replication,imputed to 1000 Genomes project + imputed to 1000 Genomes (1000G) + imputed to HRC + imputed to Haplotype Reference Consortium (HRC) + GLOBAL: imputed to 1000 Genomes,imputed to 1000 Genomes + GLOBAL: imputed to 1000 Genomes + GWAS + replication + imputed to 1000 Genomes + GWAS + GLOBAL: imputed to 1000 Genomes,Alzheimer’s disease + dementia
1.27e-06,,0.024,,,,,6:149756107_C_G,,Variants in LD (+/−500Kb) | Variant,MAF | MAF,Variants in LD (+/−500Kb) | P value,European,CHARGE + ADNI + ADGC + nia-load + Amish,meta-analysis + discovery + replication,imputed to 1000 Genomes project + imputed to 1000 Genomes (1000G) + imputed to HRC + imputed to Haplotype Reference Consortium (HRC) + GLOBAL: imputed to 1000 Genomes,imputed to 1000 Genomes + GLOBAL: imputed to 1000 Genomes + GWAS + replication + imputed to 1000 Genomes + GWAS + GLOBAL: imputed to 1000 Genomes,Alzheimer’s disease + dementia
5.26e-08,,,,,,,6:149756107_C_G,,Variants in LD (+/−500Kb) | Variant,Variants in LD (+/−500Kb) | r2,P value | P value,European,CHARGE + ADNI + ADGC + nia-load + Amish,meta-analysis + discovery + replication,imputed to 1000 Genomes project + imputed to Haplotype Reference Consortium (HRC) + GLOBAL: imputed to 1000 Genomes + imputed to 1000 Genomes (1000G) + imputed to 1000 Genomes project + imputed to 1000 Genomes (1000G) + imputed to HRC + imputed to Haplotype Reference Consortium (HRC) + GLOBAL: imputed to 1000 Genomes,imputed to 1000 Genomes + GLOBAL: imputed to 1000 Genomes + GWAS + replication + imputed to 1000 Genomes + GWAS + GLOBAL: imputed to 1000 Genomes,Alzheimer’s disease + dementia
1.27e-06,,,,,,,6:149756107_C_G,,Variants in LD (+/−500Kb) | Variant,Variants in LD (+/−500Kb) | r2,Variants in LD (+/−500Kb) | P value,European,CHARGE + ADNI + ADGC + nia-load + Amish,meta-analysis + discovery + replication,imputed to 1000 Genomes project + imputed to Haplotype Reference Consortium (HRC) + GLOBAL: imputed to 1000 Genomes + imputed to 1000 Genomes (1000G) + imputed to 1000 Genomes project + imputed to 1000 Genomes (1000G) + imputed to HRC + imputed to Haplotype Reference Consortium (HRC) + GLOBAL: imputed to 1000 Genomes,imputed to 1000 Genomes + GLOBAL: imputed to 1000 Genomes + GWAS + replication + imputed to 1000 Genomes + GWAS + GLOBAL: imputed to 1000 Genomes,Alzheimer’s disease + dementia
5.26e-08,,0.016,,,,,6:149756107_C_G,,Variants in LD (+/−500Kb) | Variant,Variants in LD (+/−500Kb) | MAF,P value | P value,European,CHARGE + ADNI + ADGC + nia-load + Amish,meta-analysis + discovery + replication,imputed to 1000 Genomes project + imputed to Haplotype Reference Consortium (HRC) + GLOBAL: imputed to 1000 Genomes + imputed to 1000 Genomes (1000G) + imputed to 1000 Genomes project + imputed to 1000 Genomes (1000G) + imputed to HRC + imputed to Haplotype Reference Consortium (HRC) + GLOBAL: imputed to 1000 Genomes,imputed to 1000 Genomes + GLOBAL: imputed to 1000 Genomes + GWAS + replication + imputed to 1000 Genomes + GWAS + GLOBAL: imputed to 1000 Genomes,Alzheimer’s disease + dementia
1.27e-06,,0.016,,,,,6:149756107_C_G,,Variants in LD (+/−500Kb) | Variant,Variants in LD (+/−500Kb) | MAF,Variants in LD (+/−500Kb) | P value,European,CHARGE + ADNI + ADGC + nia-load + Amish,meta-analysis + discovery + replication,imputed to 1000 Genomes project + imputed to Haplotype Reference Consortium (HRC) + GLOBAL: imputed to 1000 Genomes + imputed to 1000 Genomes (1000G) + imputed to 1000 Genomes project + imputed to 1000 Genomes (1000G) + imputed to HRC + imputed to Haplotype Reference Consortium (HRC) + GLOBAL: imputed to 1000 Genomes,imputed to 1000 Genomes + GLOBAL: imputed to 1000 Genomes + GWAS + replication + imputed to 1000 Genomes + GWAS + GLOBAL: imputed to 1000 Genomes,Alzheimer’s disease + dementia
5.26e-08,,0.024,,,,,6:149756107_C_G,,Variants in LD (+/−500Kb) | Variant,MAF | MAF,P value | P value,European,CHARGE + ADNI + ADGC + nia-load + Amish,meta-analysis + discovery + replication,imputed to 1000 Genomes project + imputed to 1000 Genomes (1000G) + imputed to HRC + imputed to Haplotype Reference Consortium (HRC) + GLOBAL: imputed to 1000 Genomes,imputed to 1000 Genomes + GLOBAL: imputed to 1000 Genomes + GWAS + replication + imputed to 1000 Genomes + GWAS + GLOBAL: imputed to 1000 Genomes,Alzheimer’s disease + dementia
1.58e-06,,0.024,,,,,6:149756107_C_G,,Variants in LD (+/−500Kb) | Variant,MAF | MAF,Variants in LD (+/−500Kb) | P value,European,CHARGE + ADNI + ADGC + nia-load + Amish,meta-analysis + discovery + replication,imputed to 1000 Genomes project + imputed to 1000 Genomes (1000G) + imputed to HRC + imputed to Haplotype Reference Consortium (HRC) + GLOBAL: imputed to 1000 Genomes,imputed to 1000 Genomes + GLOBAL: imputed to 1000 Genomes + GWAS + replication + imputed to 1000 Genomes + GWAS + GLOBAL: imputed to 1000 Genomes,Alzheimer’s disease + dementia
5.26e-08,,,,,,,6:149756107_C_G,,Variants in LD (+/−500Kb) | Variant,Variants in LD (+/−500Kb) | r2,P value | P value,European,CHARGE + ADNI + ADGC + nia-load + Amish,meta-analysis + discovery + replication,imputed to 1000 Genomes project + imputed to Haplotype Reference Consortium (HRC) + GLOBAL: imputed to 1000 Genomes + imputed to 1000 Genomes (1000G) + imputed to 1000 Genomes project + imputed to 1000 Genomes (1000G) + imputed to HRC + imputed to Haplotype Reference Consortium (HRC) + GLOBAL: imputed to 1000 Genomes,imputed to 1000 Genomes + GLOBAL: imputed to 1000 Genomes + GWAS + replication + imputed to 1000 Genomes + GWAS + GLOBAL: imputed to 1000 Genomes,Alzheimer’s disease + dementia
1.58e-06,,,,,,,6:149756107_C_G,,Variants in LD (+/−500Kb) | Variant,Variants in LD (+/−500Kb) | r2,Variants in LD (+/−500Kb) | P value,European,CHARGE + ADNI + ADGC + nia-load + Amish,meta-analysis + discovery + replication,imputed to 1000 Genomes project + imputed to Haplotype Reference Consortium (HRC) + GLOBAL: imputed to 1000 Genomes + imputed to 1000 Genomes (1000G) + imputed to 1000 Genomes project + imputed to 1000 Genomes (1000G) + imputed to HRC + imputed to Haplotype Reference Consortium (HRC) + GLOBAL: imputed to 1000 Genomes,imputed to 1000 Genomes + GLOBAL: imputed to 1000 Genomes + GWAS + replication + imputed to 1000 Genomes + GWAS + GLOBAL: imputed to 1000 Genomes,Alzheimer’s disease + dementia
5.26e-08,,0.016,,,,,6:149756107_C_G,,Variants in LD (+/−500Kb) | Variant,Variants in LD (+/−500Kb) | MAF,P value | P value,European,CHARGE + ADNI + ADGC + nia-load + Amish,meta-analysis + discovery + replication,imputed to 1000 Genomes project + imputed to Haplotype Reference Consortium (HRC) + GLOBAL: imputed to 1000 Genomes + imputed to 1000 Genomes (1000G) + imputed to 1000 Genomes project + imputed to 1000 Genomes (1000G) + imputed to HRC + imputed to Haplotype Reference Consortium (HRC) + GLOBAL: imputed to 1000 Genomes,imputed to 1000 Genomes + GLOBAL: imputed to 1000 Genomes + GWAS + replication + imputed to 1000 Genomes + GWAS + GLOBAL: imputed to 1000 Genomes,Alzheimer’s disease + dementia
1.58e-06,,0.016,,,,,6:149756107_C_G,,Variants in LD (+/−500Kb) | Variant,Variants in LD (+/−500Kb) | MAF,Variants in LD (+/−500Kb) | P value,European,CHARGE + ADNI + ADGC + nia-load + Amish,meta-analysis + discovery + replication,imputed to 1000 Genomes project + imputed to Haplotype Reference Consortium (HRC) + GLOBAL: imputed to 1000 Genomes + imputed to 1000 Genomes (1000G) + imputed to 1000 Genomes project + imputed to 1000 Genomes (1000G) + imputed to HRC + imputed to Haplotype Reference Consortium (HRC) + GLOBAL: imputed to 1000 Genomes,imputed to 1000 Genomes + GLOBAL: imputed to 1000 Genomes + GWAS + replication + imputed to 1000 Genomes + GWAS + GLOBAL: imputed to 1000 Genomes,Alzheimer’s disease + dementia
4.83e-08,,0.038,,,,,9:128627091_C_G,,Variants in LD (+/−500Kb) | Variant,MAF | MAF,P value | P value,European,CHARGE + ADNI + ADGC + nia-load + Amish,meta-analysis + discovery + replication,imputed to 1000 Genomes project + imputed to 1000 Genomes (1000G) + imputed to HRC + imputed to Haplotype Reference Consortium (HRC) + GLOBAL: imputed to 1000 Genomes,imputed to 1000 Genomes + GLOBAL: imputed to 1000 Genomes + GWAS + replication + imputed to 1000 Genomes + GWAS + GLOBAL: imputed to 1000 Genomes,Alzheimer’s disease + dementia
5.45e-08,,0.038,,,,,9:128627091_C_G,,Variants in LD (+/−500Kb) | Variant,MAF | MAF,Variants in LD (+/−500Kb) | P value,European,CHARGE + ADNI + ADGC + nia-load + Amish,meta-analysis + discovery + replication,imputed to 1000 Genomes project + imputed to 1000 Genomes (1000G) + imputed to HRC + imputed to Haplotype Reference Consortium (HRC) + GLOBAL: imputed to 1000 Genomes,imputed to 1000 Genomes + GLOBAL: imputed to 1000 Genomes + GWAS + replication + imputed to 1000 Genomes + GWAS + GLOBAL: imputed to 1000 Genomes,Alzheimer’s disease + dementia
4.83e-08,,,,,,,9:128627091_C_G,,Variants in LD (+/−500Kb) | Variant,Variants in LD (+/−500Kb) | r2,P value | P value,European,CHARGE + ADNI + ADGC + nia-load + Amish,meta-analysis + discovery + replication,imputed to 1000 Genomes project + imputed to Haplotype Reference Consortium (HRC) + GLOBAL: imputed to 1000 Genomes + imputed to 1000 Genomes (1000G) + imputed to 1000 Genomes project + imputed to 1000 Genomes (1000G) + imputed to HRC + imputed to Haplotype Reference Consortium (HRC) + GLOBAL: imputed to 1000 Genomes,imputed to 1000 Genomes + GLOBAL: imputed to 1000 Genomes + GWAS + replication + imputed to 1000 Genomes + GWAS + GLOBAL: imputed to 1000 Genomes,Alzheimer’s disease + dementia
5.45e-08,,,,,,,9:128627091_C_G,,Variants in LD (+/−500Kb) | Variant,Variants in LD (+/−500Kb) | r2,Variants in LD (+/−500Kb) | P value,European,CHARGE + ADNI + ADGC + nia-load + Amish,meta-analysis + discovery + replication,imputed to 1000 Genomes project + imputed to Haplotype Reference Consortium (HRC) + GLOBAL: imputed to 1000 Genomes + imputed to 1000 Genomes (1000G) + imputed to 1000 Genomes project + imputed to 1000 Genomes (1000G) + imputed to HRC + imputed to Haplotype Reference Consortium (HRC) + GLOBAL: imputed to 1000 Genomes,imputed to 1000 Genomes + GLOBAL: imputed to 1000 Genomes + GWAS + replication + imputed to 1000 Genomes + GWAS + GLOBAL: imputed to 1000 Genomes,Alzheimer’s disease + dementia
4.83e-08,,0.038,,,,,9:128627091_C_G,,Variants in LD (+/−500Kb) | Variant,Variants in LD (+/−500Kb) | MAF,P value | P value,European,CHARGE + ADNI + ADGC + nia-load + Amish,meta-analysis + discovery + replication,imputed to 1000 Genomes project + imputed to Haplotype Reference Consortium (HRC) + GLOBAL: imputed to 1000 Genomes + imputed to 1000 Genomes (1000G) + imputed to 1000 Genomes project + imputed to 1000 Genomes (1000G) + imputed to HRC + imputed to Haplotype Reference Consortium (HRC) + GLOBAL: imputed to 1000 Genomes,imputed to 1000 Genomes + GLOBAL: imputed to 1000 Genomes + GWAS + replication + imputed to 1000 Genomes + GWAS + GLOBAL: imputed to 1000 Genomes,Alzheimer’s disease + dementia
5.45e-08,,0.038,,,,,9:128627091_C_G,,Variants in LD (+/−500Kb) | Variant,Variants in LD (+/−500Kb) | MAF,Variants in LD (+/−500Kb) | P value,European,CHARGE + ADNI + ADGC + nia-load + Amish,meta-analysis + discovery + replication,imputed to 1000 Genomes project + imputed to Haplotype Reference Consortium (HRC) + GLOBAL: imputed to 1000 Genomes + imputed to 1000 Genomes (1000G) + imputed to 1000 Genomes project + imputed to 1000 Genomes (1000G) + imputed to HRC + imputed to Haplotype Reference Consortium (HRC) + GLOBAL: imputed to 1000 Genomes,imputed to 1000 Genomes + GLOBAL: imputed to 1000 Genomes + GWAS + replication + imputed to 1000 Genomes + GWAS + GLOBAL: imputed to 1000 Genomes,Alzheimer’s disease + dementia
4.83e-08,,0.038,,,,,9:128627091_C_G,,Variants in LD (+/−500Kb) | Variant,MAF | MAF,P value | P value,European,CHARGE + ADNI + ADGC + nia-load + Amish,meta-analysis + discovery + replication,imputed to 1000 Genomes project + imputed to 1000 Genomes (1000G) + imputed to HRC + imputed to Haplotype Reference Consortium (HRC) + GLOBAL: imputed to 1000 Genomes,imputed to 1000 Genomes + GLOBAL: imputed to 1000 Genomes + GWAS + replication + imputed to 1000 Genomes + GWAS + GLOBAL: imputed to 1000 Genomes,Alzheimer’s disease + dementia
6.46e-08,,0.038,,,,,9:128627091_C_G,,Variants in LD (+/−500Kb) | Variant,MAF | MAF,Variants in LD (+/−500Kb) | P value,European,CHARGE + ADNI + ADGC + nia-load + Amish,meta-analysis + discovery + replication,imputed to 1000 Genomes project + imputed to 1000 Genomes (1000G) + imputed to HRC + imputed to Haplotype Reference Consortium (HRC) + GLOBAL: imputed to 1000 Genomes,imputed to 1000 Genomes + GLOBAL: imputed to 1000 Genomes + GWAS + replication + imputed to 1000 Genomes + GWAS + GLOBAL: imputed to 1000 Genomes,Alzheimer’s disease + dementia
4.83e-08,,,,,,,9:128627091_C_G,,Variants in LD (+/−500Kb) | Variant,Variants in LD (+/−500Kb) | r2,P value | P value,European,CHARGE + ADNI + ADGC + nia-load + Amish,meta-analysis + discovery + replication,imputed to 1000 Genomes project + imputed to Haplotype Reference Consortium (HRC) + GLOBAL: imputed to 1000 Genomes + imputed to 1000 Genomes (1000G) + imputed to 1000 Genomes project + imputed to 1000 Genomes (1000G) + imputed to HRC + imputed to Haplotype Reference Consortium (HRC) + GLOBAL: imputed to 1000 Genomes,imputed to 1000 Genomes + GLOBAL: imputed to 1000 Genomes + GWAS + replication + imputed to 1000 Genomes + GWAS + GLOBAL: imputed to 1000 Genomes,Alzheimer’s disease + dementia
6.46e-08,,,,,,,9:128627091_C_G,,Variants in LD (+/−500Kb) | Variant,Variants in LD (+/−500Kb) | r2,Variants in LD (+/−500Kb) | P value,European,CHARGE + ADNI + ADGC + nia-load + Amish,meta-analysis + discovery + replication,imputed to 1000 Genomes project + imputed to Haplotype Reference Consortium (HRC) + GLOBAL: imputed to 1000 Genomes + imputed to 1000 Genomes (1000G) + imputed to 1000 Genomes project + imputed to 1000 Genomes (1000G) + imputed to HRC + imputed to Haplotype Reference Consortium (HRC) + GLOBAL: imputed to 1000 Genomes,imputed to 1000 Genomes + GLOBAL: imputed to 1000 Genomes + GWAS + replication + imputed to 1000 Genomes + GWAS + GLOBAL: imputed to 1000 Genomes,Alzheimer’s disease + dementia
4.83e-08,,0.038,,,,,9:128627091_C_G,,Variants in LD (+/−500Kb) | Variant,Variants in LD (+/−500Kb) | MAF,P value | P value,European,CHARGE + ADNI + ADGC + nia-load + Amish,meta-analysis + discovery + replication,imputed to 1000 Genomes project + imputed to Haplotype Reference Consortium (HRC) + GLOBAL: imputed to 1000 Genomes + imputed to 1000 Genomes (1000G) + imputed to 1000 Genomes project + imputed to 1000 Genomes (1000G) + imputed to HRC + imputed to Haplotype Reference Consortium (HRC) + GLOBAL: imputed to 1000 Genomes,imputed to 1000 Genomes + GLOBAL: imputed to 1000 Genomes + GWAS + replication + imputed to 1000 Genomes + GWAS + GLOBAL: imputed to 1000 Genomes,Alzheimer’s disease + dementia
6.46e-08,,0.038,,,,,9:128627091_C_G,,Variants in LD (+/−500Kb) | Variant,Variants in LD (+/−500Kb) | MAF,Variants in LD (+/−500Kb) | P value,European,CHARGE + ADNI + ADGC + nia-load + Amish,meta-analysis + discovery + replication,imputed to 1000 Genomes project + imputed to Haplotype Reference Consortium (HRC) + GLOBAL: imputed to 1000 Genomes + imputed to 1000 Genomes (1000G) + imputed to 1000 Genomes project + imputed to 1000 Genomes (1000G) + imputed to HRC + imputed to Haplotype Reference Consortium (HRC) + GLOBAL: imputed to 1000 Genomes,imputed to 1000 Genomes + GLOBAL: imputed to 1000 Genomes + GWAS + replication + imputed to 1000 Genomes + GWAS + GLOBAL: imputed to 1000 Genomes,Alzheimer’s disease + dementia
4.83e-08,,0.038,,,,,9:128627091_C_G,,Variants in LD (+/−500Kb) | Variant,MAF | MAF,P value | P value,European,CHARGE + ADNI + ADGC + nia-load + Amish,meta-analysis + discovery + replication,imputed to 1000 Genomes project + imputed to 1000 Genomes (1000G) + imputed to HRC + imputed to Haplotype Reference Consortium (HRC) + GLOBAL: imputed to 1000 Genomes,imputed to 1000 Genomes + GLOBAL: imputed to 1000 Genomes + GWAS + replication + imputed to 1000 Genomes + GWAS + GLOBAL: imputed to 1000 Genomes,Alzheimer’s disease + dementia
2.5e-07,,0.038,,,,,9:128627091_C_G,,Variants in LD (+/−500Kb) | Variant,MAF | MAF,Variants in LD (+/−500Kb) | P value,European,CHARGE + ADNI + ADGC + nia-load + Amish,meta-analysis + discovery + replication,imputed to 1000 Genomes project + imputed to 1000 Genomes (1000G) + imputed to HRC + imputed to Haplotype Reference Consortium (HRC) + GLOBAL: imputed to 1000 Genomes,imputed to 1000 Genomes + GLOBAL: imputed to 1000 Genomes + GWAS + replication + imputed to 1000 Genomes + GWAS + GLOBAL: imputed to 1000 Genomes,Alzheimer’s disease + dementia
4.83e-08,,,,,,,9:128627091_C_G,,Variants in LD (+/−500Kb) | Variant,Variants in LD (+/−500Kb) | r2,P value | P value,European,CHARGE + ADNI + ADGC + nia-load + Amish,meta-analysis + discovery + replication,imputed to 1000 Genomes project + imputed to Haplotype Reference Consortium (HRC) + GLOBAL: imputed to 1000 Genomes + imputed to 1000 Genomes (1000G) + imputed to 1000 Genomes project + imputed to 1000 Genomes (1000G) + imputed to HRC + imputed to Haplotype Reference Consortium (HRC) + GLOBAL: imputed to 1000 Genomes,imputed to 1000 Genomes + GLOBAL: imputed to 1000 Genomes + GWAS + replication + imputed to 1000 Genomes + GWAS + GLOBAL: imputed to 1000 Genomes,Alzheimer’s disease + dementia
2.5e-07,,,,,,,9:128627091_C_G,,Variants in LD (+/−500Kb) | Variant,Variants in LD (+/−500Kb) | r2,Variants in LD (+/−500Kb) | P value,European,CHARGE + ADNI + ADGC + nia-load + Amish,meta-analysis + discovery + replication,imputed to 1000 Genomes project + imputed to Haplotype Reference Consortium (HRC) + GLOBAL: imputed to 1000 Genomes + imputed to 1000 Genomes (1000G) + imputed to 1000 Genomes project + imputed to 1000 Genomes (1000G) + imputed to HRC + imputed to Haplotype Reference Consortium (HRC) + GLOBAL: imputed to 1000 Genomes,imputed to 1000 Genomes + GLOBAL: imputed to 1000 Genomes + GWAS + replication + imputed to 1000 Genomes + GWAS + GLOBAL: imputed to 1000 Genomes,Alzheimer’s disease + dementia
4.83e-08,,0.046,,,,,9:128627091_C_G,,Variants in LD (+/−500Kb) | Variant,Variants in LD (+/−500Kb) | MAF,P value | P value,European,CHARGE + ADNI + ADGC + nia-load + Amish,meta-analysis + discovery + replication,imputed to 1000 Genomes project + imputed to Haplotype Reference Consortium (HRC) + GLOBAL: imputed to 1000 Genomes + imputed to 1000 Genomes (1000G) + imputed to 1000 Genomes project + imputed to 1000 Genomes (1000G) + imputed to HRC + imputed to Haplotype Reference Consortium (HRC) + GLOBAL: imputed to 1000 Genomes,imputed to 1000 Genomes + GLOBAL: imputed to 1000 Genomes + GWAS + replication + imputed to 1000 Genomes + GWAS + GLOBAL: imputed to 1000 Genomes,Alzheimer’s disease + dementia
2.5e-07,,0.046,,,,,9:128627091_C_G,,Variants in LD (+/−500Kb) | Variant,Variants in LD (+/−500Kb) | MAF,Variants in LD (+/−500Kb) | P value,European,CHARGE + ADNI + ADGC + nia-load + Amish,meta-analysis + discovery + replication,imputed to 1000 Genomes project + imputed to Haplotype Reference Consortium (HRC) + GLOBAL: imputed to 1000 Genomes + imputed to 1000 Genomes (1000G) + imputed to 1000 Genomes project + imputed to 1000 Genomes (1000G) + imputed to HRC + imputed to Haplotype Reference Consortium (HRC) + GLOBAL: imputed to 1000 Genomes,imputed to 1000 Genomes + GLOBAL: imputed to 1000 Genomes + GWAS + replication + imputed to 1000 Genomes + GWAS + GLOBAL: imputed to 1000 Genomes,Alzheimer’s disease + dementia
4.83e-08,,0.038,,,,,9:128627091_C_G,,Variants in LD (+/−500Kb) | Variant,MAF | MAF,P value | P value,European,CHARGE + ADNI + ADGC + nia-load + Amish,meta-analysis + discovery + replication,imputed to 1000 Genomes project + imputed to 1000 Genomes (1000G) + imputed to HRC + imputed to Haplotype Reference Consortium (HRC) + GLOBAL: imputed to 1000 Genomes,imputed to 1000 Genomes + GLOBAL: imputed to 1000 Genomes + GWAS + replication + imputed to 1000 Genomes + GWAS + GLOBAL: imputed to 1000 Genomes,Alzheimer’s disease + dementia
1.33e-06,,0.038,,,,,9:128627091_C_G,,Variants in LD (+/−500Kb) | Variant,MAF | MAF,Variants in LD (+/−500Kb) | P value,European,CHARGE + ADNI + ADGC + nia-load + Amish,meta-analysis + discovery + replication,imputed to 1000 Genomes project + imputed to 1000 Genomes (1000G) + imputed to HRC + imputed to Haplotype Reference Consortium (HRC) + GLOBAL: imputed to 1000 Genomes,imputed to 1000 Genomes + GLOBAL: imputed to 1000 Genomes + GWAS + replication + imputed to 1000 Genomes + GWAS + GLOBAL: imputed to 1000 Genomes,Alzheimer’s disease + dementia
4.83e-08,,,,,,,9:128627091_C_G,,Variants in LD (+/−500Kb) | Variant,Variants in LD (+/−500Kb) | r2,P value | P value,European,CHARGE + ADNI + ADGC + nia-load + Amish,meta-analysis + discovery + replication,imputed to 1000 Genomes project + imputed to Haplotype Reference Consortium (HRC) + GLOBAL: imputed to 1000 Genomes + imputed to 1000 Genomes (1000G) + imputed to 1000 Genomes project + imputed to 1000 Genomes (1000G) + imputed to HRC + imputed to Haplotype Reference Consortium (HRC) + GLOBAL: imputed to 1000 Genomes,imputed to 1000 Genomes + GLOBAL: imputed to 1000 Genomes + GWAS + replication + imputed to 1000 Genomes + GWAS + GLOBAL: imputed to 1000 Genomes,Alzheimer’s disease + dementia
1.33e-06,,,,,,,9:128627091_C_G,,Variants in LD (+/−500Kb) | Variant,Variants in LD (+/−500Kb) | r2,Variants in LD (+/−500Kb) | P value,European,CHARGE + ADNI + ADGC + nia-load + Amish,meta-analysis + discovery + replication,imputed to 1000 Genomes project + imputed to Haplotype Reference Consortium (HRC) + GLOBAL: imputed to 1000 Genomes + imputed to 1000 Genomes (1000G) + imputed to 1000 Genomes project + imputed to 1000 Genomes (1000G) + imputed to HRC + imputed to Haplotype Reference Consortium (HRC) + GLOBAL: imputed to 1000 Genomes,imputed to 1000 Genomes + GLOBAL: imputed to 1000 Genomes + GWAS + replication + imputed to 1000 Genomes + GWAS + GLOBAL: imputed to 1000 Genomes,Alzheimer’s disease + dementia
4.83e-08,,0.042,,,,,9:128627091_C_G,,Variants in LD (+/−500Kb) | Variant,Variants in LD (+/−500Kb) | MAF,P value | P value,European,CHARGE + ADNI + ADGC + nia-load + Amish,meta-analysis + discovery + replication,imputed to 1000 Genomes project + imputed to Haplotype Reference Consortium (HRC) + GLOBAL: imputed to 1000 Genomes + imputed to 1000 Genomes (1000G) + imputed to 1000 Genomes project + imputed to 1000 Genomes (1000G) + imputed to HRC + imputed to Haplotype Reference Consortium (HRC) + GLOBAL: imputed to 1000 Genomes,imputed to 1000 Genomes + GLOBAL: imputed to 1000 Genomes + GWAS + replication + imputed to 1000 Genomes + GWAS + GLOBAL: imputed to 1000 Genomes,Alzheimer’s disease + dementia
1.33e-06,,0.042,,,,,9:128627091_C_G,,Variants in LD (+/−500Kb) | Variant,Variants in LD (+/−500Kb) | MAF,Variants in LD (+/−500Kb) | P value,European,CHARGE + ADNI + ADGC + nia-load + Amish,meta-analysis + discovery + replication,imputed to 1000 Genomes project + imputed to Haplotype Reference Consortium (HRC) + GLOBAL: imputed to 1000 Genomes + imputed to 1000 Genomes (1000G) + imputed to 1000 Genomes project + imputed to 1000 Genomes (1000G) + imputed to HRC + imputed to Haplotype Reference Consortium (HRC) + GLOBAL: imputed to 1000 Genomes,imputed to 1000 Genomes + GLOBAL: imputed to 1000 Genomes + GWAS + replication + imputed to 1000 Genomes + GWAS + GLOBAL: imputed to 1000 Genomes,Alzheimer’s disease + dementia
5.59e-09,,0.012,,,,,17:11183894_G_A,,Variants in LD (+/−500Kb) | Variant,MAF | MAF,P value | P value,European,CHARGE + ADNI + ADGC + nia-load + Amish,meta-analysis + discovery + replication,imputed to 1000 Genomes project + imputed to 1000 Genomes (1000G) + imputed to HRC + imputed to Haplotype Reference Consortium (HRC) + GLOBAL: imputed to 1000 Genomes,imputed to 1000 Genomes + GLOBAL: imputed to 1000 Genomes + GWAS + replication + imputed to 1000 Genomes + GWAS + GLOBAL: imputed to 1000 Genomes,Alzheimer’s disease + dementia
0.000472,,0.012,,,,,17:11183894_G_A,,Variants in LD (+/−500Kb) | Variant,MAF | MAF,Variants in LD (+/−500Kb) | P value,European,CHARGE + ADNI + ADGC + nia-load + Amish,meta-analysis + discovery + replication,imputed to 1000 Genomes project + imputed to 1000 Genomes (1000G) + imputed to HRC + imputed to Haplotype Reference Consortium (HRC) + GLOBAL: imputed to 1000 Genomes,imputed to 1000 Genomes + GLOBAL: imputed to 1000 Genomes + GWAS + replication + imputed to 1000 Genomes + GWAS + GLOBAL: imputed to 1000 Genomes,Alzheimer’s disease + dementia
5.59e-09,,,,,,,17:11183894_G_A,,Variants in LD (+/−500Kb) | Variant,Variants in LD (+/−500Kb) | r2,P value | P value,European,CHARGE + ADNI + ADGC + nia-load + Amish,meta-analysis + discovery + replication,imputed to 1000 Genomes project + imputed to Haplotype Reference Consortium (HRC) + GLOBAL: imputed to 1000 Genomes + imputed to 1000 Genomes (1000G) + imputed to 1000 Genomes project + imputed to 1000 Genomes (1000G) + imputed to HRC + imputed to Haplotype Reference Consortium (HRC) + GLOBAL: imputed to 1000 Genomes,imputed to 1000 Genomes + GLOBAL: imputed to 1000 Genomes + GWAS + replication + imputed to 1000 Genomes + GWAS + GLOBAL: imputed to 1000 Genomes,Alzheimer’s disease + dementia
0.000472,,,,,,,17:11183894_G_A,,Variants in LD (+/−500Kb) | Variant,Variants in LD (+/−500Kb) | r2,Variants in LD (+/−500Kb) | P value,European,CHARGE + ADNI + ADGC + nia-load + Amish,meta-analysis + discovery + replication,imputed to 1000 Genomes project + imputed to Haplotype Reference Consortium (HRC) + GLOBAL: imputed to 1000 Genomes + imputed to 1000 Genomes (1000G) + imputed to 1000 Genomes project + imputed to 1000 Genomes (1000G) + imputed to HRC + imputed to Haplotype Reference Consortium (HRC) + GLOBAL: imputed to 1000 Genomes,imputed to 1000 Genomes + GLOBAL: imputed to 1000 Genomes + GWAS + replication + imputed to 1000 Genomes + GWAS + GLOBAL: imputed to 1000 Genomes,Alzheimer’s disease + dementia
5.59e-09,,0.017,,,,,17:11183894_G_A,,Variants in LD (+/−500Kb) | Variant,Variants in LD (+/−500Kb) | MAF,P value | P value,European,CHARGE + ADNI + ADGC + nia-load + Amish,meta-analysis + discovery + replication,imputed to 1000 Genomes project + imputed to Haplotype Reference Consortium (HRC) + GLOBAL: imputed to 1000 Genomes + imputed to 1000 Genomes (1000G) + imputed to 1000 Genomes project + imputed to 1000 Genomes (1000G) + imputed to HRC + imputed to Haplotype Reference Consortium (HRC) + GLOBAL: imputed to 1000 Genomes,imputed to 1000 Genomes + GLOBAL: imputed to 1000 Genomes + GWAS + replication + imputed to 1000 Genomes + GWAS + GLOBAL: imputed to 1000 Genomes,Alzheimer’s disease + dementia
0.000472,,0.017,,,,,17:11183894_G_A,,Variants in LD (+/−500Kb) | Variant,Variants in LD (+/−500Kb) | MAF,Variants in LD (+/−500Kb) | P value,European,CHARGE + ADNI + ADGC + nia-load + Amish,meta-analysis + discovery + replication,imputed to 1000 Genomes project + imputed to Haplotype Reference Consortium (HRC) + GLOBAL: imputed to 1000 Genomes + imputed to 1000 Genomes (1000G) + imputed to 1000 Genomes project + imputed to 1000 Genomes (1000G) + imputed to HRC + imputed to Haplotype Reference Consortium (HRC) + GLOBAL: imputed to 1000 Genomes,imputed to 1000 Genomes + GLOBAL: imputed to 1000 Genomes + GWAS + replication + imputed to 1000 Genomes + GWAS + GLOBAL: imputed to 1000 Genomes,Alzheimer’s disease + dementia
5.26e-08,,0.024,rs143831028,,,,6:149756107_C_G,,Variants in LD (+/−500Kb) | Variant (rs),MAF | MAF,P value | P value,European,CHARGE + ADNI + ADGC + nia-load + Amish,meta-analysis + discovery + replication,imputed to 1000 Genomes project + imputed to 1000 Genomes (1000G) + imputed to HRC + imputed to Haplotype Reference Consortium (HRC) + GLOBAL: imputed to 1000 Genomes,imputed to 1000 Genomes + GLOBAL: imputed to 1000 Genomes + GWAS + replication + imputed to 1000 Genomes + GWAS + GLOBAL: imputed to 1000 Genomes,Alzheimer’s disease + dementia
1e-07,,0.024,rs143831028,,,,6:149756107_C_G,,Variants in LD (+/−500Kb) | Variant (rs),MAF | MAF,Variants in LD (+/−500Kb) | P value,European,CHARGE + ADNI + ADGC + nia-load + Amish,meta-analysis + discovery + replication,imputed to 1000 Genomes project + imputed to 1000 Genomes (1000G) + imputed to HRC + imputed to Haplotype Reference Consortium (HRC) + GLOBAL: imputed to 1000 Genomes,imputed to 1000 Genomes + GLOBAL: imputed to 1000 Genomes + GWAS + replication + imputed to 1000 Genomes + GWAS + GLOBAL: imputed to 1000 Genomes,Alzheimer’s disease + dementia
5.26e-08,,,rs143831028,,,,6:149756107_C_G,,Variants in LD (+/−500Kb) | Variant (rs),Variants in LD (+/−500Kb) | r2,P value | P value,European,CHARGE + ADNI + ADGC + nia-load + Amish,meta-analysis + discovery + replication,imputed to 1000 Genomes project + imputed to Haplotype Reference Consortium (HRC) + GLOBAL: imputed to 1000 Genomes + imputed to 1000 Genomes (1000G) + imputed to 1000 Genomes project + imputed to 1000 Genomes (1000G) + imputed to HRC + imputed to Haplotype Reference Consortium (HRC) + GLOBAL: imputed to 1000 Genomes,imputed to 1000 Genomes + GLOBAL: imputed to 1000 Genomes + GWAS + replication + imputed to 1000 Genomes + GWAS + GLOBAL: imputed to 1000 Genomes,Alzheimer’s disease + dementia
1e-07,,,rs143831028,,,,6:149756107_C_G,,Variants in LD (+/−500Kb) | Variant (rs),Variants in LD (+/−500Kb) | r2,Variants in LD (+/−500Kb) | P value,European,CHARGE + ADNI + ADGC + nia-load + Amish,meta-analysis + discovery + replication,imputed to 1000 Genomes project + imputed to Haplotype Reference Consortium (HRC) + GLOBAL: imputed to 1000 Genomes + imputed to 1000 Genomes (1000G) + imputed to 1000 Genomes project + imputed to 1000 Genomes (1000G) + imputed to HRC + imputed to Haplotype Reference Consortium (HRC) + GLOBAL: imputed to 1000 Genomes,imputed to 1000 Genomes + GLOBAL: imputed to 1000 Genomes + GWAS + replication + imputed to 1000 Genomes + GWAS + GLOBAL: imputed to 1000 Genomes,Alzheimer’s disease + dementia
5.26e-08,,0.023,rs143831028,,,,6:149756107_C_G,,Variants in LD (+/−500Kb) | Variant (rs),Variants in LD (+/−500Kb) | MAF,P value | P value,European,CHARGE + ADNI + ADGC + nia-load + Amish,meta-analysis + discovery + replication,imputed to 1000 Genomes project + imputed to Haplotype Reference Consortium (HRC) + GLOBAL: imputed to 1000 Genomes + imputed to 1000 Genomes (1000G) + imputed to 1000 Genomes project + imputed to 1000 Genomes (1000G) + imputed to HRC + imputed to Haplotype Reference Consortium (HRC) + GLOBAL: imputed to 1000 Genomes,imputed to 1000 Genomes + GLOBAL: imputed to 1000 Genomes + GWAS + replication + imputed to 1000 Genomes + GWAS + GLOBAL: imputed to 1000 Genomes,Alzheimer’s disease + dementia
1e-07,,0.023,rs143831028,,,,6:149756107_C_G,,Variants in LD (+/−500Kb) | Variant (rs),Variants in LD (+/−500Kb) | MAF,Variants in LD (+/−500Kb) | P value,European,CHARGE + ADNI + ADGC + nia-load + Amish,meta-analysis + discovery + replication,imputed to 1000 Genomes project + imputed to Haplotype Reference Consortium (HRC) + GLOBAL: imputed to 1000 Genomes + imputed to 1000 Genomes (1000G) + imputed to 1000 Genomes project + imputed to 1000 Genomes (1000G) + imputed to HRC + imputed to Haplotype Reference Consortium (HRC) + GLOBAL: imputed to 1000 Genomes,imputed to 1000 Genomes + GLOBAL: imputed to 1000 Genomes + GWAS + replication + imputed to 1000 Genomes + GWAS + GLOBAL: imputed to 1000 Genomes,Alzheimer’s disease + dementia
5.26e-08,,0.024,rs192019712,,,,6:149756107_C_G,,Variants in LD (+/−500Kb) | Variant (rs),MAF | MAF,P value | P value,European,CHARGE + ADNI + ADGC + nia-load + Amish,meta-analysis + discovery + replication,imputed to 1000 Genomes project + imputed to 1000 Genomes (1000G) + imputed to HRC + imputed to Haplotype Reference Consortium (HRC) + GLOBAL: imputed to 1000 Genomes,imputed to 1000 Genomes + GLOBAL: imputed to 1000 Genomes + GWAS + replication + imputed to 1000 Genomes + GWAS + GLOBAL: imputed to 1000 Genomes,Alzheimer’s disease + dementia
1.29e-06,,0.024,rs192019712,,,,6:149756107_C_G,,Variants in LD (+/−500Kb) | Variant (rs),MAF | MAF,Variants in LD (+/−500Kb) | P value,European,CHARGE + ADNI + ADGC + nia-load + Amish,meta-analysis + discovery + replication,imputed to 1000 Genomes project + imputed to 1000 Genomes (1000G) + imputed to HRC + imputed to Haplotype Reference Consortium (HRC) + GLOBAL: imputed to 1000 Genomes,imputed to 1000 Genomes + GLOBAL: imputed to 1000 Genomes + GWAS + replication + imputed to 1000 Genomes + GWAS + GLOBAL: imputed to 1000 Genomes,Alzheimer’s disease + dementia
5.26e-08,,,rs192019712,,,,6:149756107_C_G,,Variants in LD (+/−500Kb) | Variant (rs),Variants in LD (+/−500Kb) | r2,P value | P value,European,CHARGE + ADNI + ADGC + nia-load + Amish,meta-analysis + discovery + replication,imputed to 1000 Genomes project + imputed to Haplotype Reference Consortium (HRC) + GLOBAL: imputed to 1000 Genomes + imputed to 1000 Genomes (1000G) + imputed to 1000 Genomes project + imputed to 1000 Genomes (1000G) + imputed to HRC + imputed to Haplotype Reference Consortium (HRC) + GLOBAL: imputed to 1000 Genomes,imputed to 1000 Genomes + GLOBAL: imputed to 1000 Genomes + GWAS + replication + imputed to 1000 Genomes + GWAS + GLOBAL: imputed to 1000 Genomes,Alzheimer’s disease + dementia
1.29e-06,,,rs192019712,,,,6:149756107_C_G,,Variants in LD (+/−500Kb) | Variant (rs),Variants in LD (+/−500Kb) | r2,Variants in LD (+/−500Kb) | P value,European,CHARGE + ADNI + ADGC + nia-load + Amish,meta-analysis + discovery + replication,imputed to 1000 Genomes project + imputed to Haplotype Reference Consortium (HRC) + GLOBAL: imputed to 1000 Genomes + imputed to 1000 Genomes (1000G) + imputed to 1000 Genomes project + imputed to 1000 Genomes (1000G) + imputed to HRC + imputed to Haplotype Reference Consortium (HRC) + GLOBAL: imputed to 1000 Genomes,imputed to 1000 Genomes + GLOBAL: imputed to 1000 Genomes + GWAS + replication + imputed to 1000 Genomes + GWAS + GLOBAL: imputed to 1000 Genomes,Alzheimer’s disease + dementia
5.26e-08,,0.015,rs192019712,,,,6:149756107_C_G,,Variants in LD (+/−500Kb) | Variant (rs),Variants in LD (+/−500Kb) | MAF,P value | P value,European,CHARGE + ADNI + ADGC + nia-load + Amish,meta-analysis + discovery + replication,imputed to 1000 Genomes project + imputed to Haplotype Reference Consortium (HRC) + GLOBAL: imputed to 1000 Genomes + imputed to 1000 Genomes (1000G) + imputed to 1000 Genomes project + imputed to 1000 Genomes (1000G) + imputed to HRC + imputed to Haplotype Reference Consortium (HRC) + GLOBAL: imputed to 1000 Genomes,imputed to 1000 Genomes + GLOBAL: imputed to 1000 Genomes + GWAS + replication + imputed to 1000 Genomes + GWAS + GLOBAL: imputed to 1000 Genomes,Alzheimer’s disease + dementia
1.29e-06,,0.015,rs192019712,,,,6:149756107_C_G,,Variants in LD (+/−500Kb) | Variant (rs),Variants in LD (+/−500Kb) | MAF,Variants in LD (+/−500Kb) | P value,European,CHARGE + ADNI + ADGC + nia-load + Amish,meta-analysis + discovery + replication,imputed to 1000 Genomes project + imputed to Haplotype Reference Consortium (HRC) + GLOBAL: imputed to 1000 Genomes + imputed to 1000 Genomes (1000G) + imputed to 1000 Genomes project + imputed to 1000 Genomes (1000G) + imputed to HRC + imputed to Haplotype Reference Consortium (HRC) + GLOBAL: imputed to 1000 Genomes,imputed to 1000 Genomes + GLOBAL: imputed to 1000 Genomes + GWAS + replication + imputed to 1000 Genomes + GWAS + GLOBAL: imputed to 1000 Genomes,Alzheimer’s disease + dementia
5.26e-08,,0.024,rs188874345,,,,6:149756107_C_G,,Variants in LD (+/−500Kb) | Variant (rs),MAF | MAF,P value | P value,European,CHARGE + ADNI + ADGC + nia-load + Amish,meta-analysis + discovery + replication,imputed to 1000 Genomes project + imputed to 1000 Genomes (1000G) + imputed to HRC + imputed to Haplotype Reference Consortium (HRC) + GLOBAL: imputed to 1000 Genomes,imputed to 1000 Genomes + GLOBAL: imputed to 1000 Genomes + GWAS + replication + imputed to 1000 Genomes + GWAS + GLOBAL: imputed to 1000 Genomes,Alzheimer’s disease + dementia
1.35e-06,,0.024,rs188874345,,,,6:149756107_C_G,,Variants in LD (+/−500Kb) | Variant (rs),MAF | MAF,Variants in LD (+/−500Kb) | P value,European,CHARGE + ADNI + ADGC + nia-load + Amish,meta-analysis + discovery + replication,imputed to 1000 Genomes project + imputed to 1000 Genomes (1000G) + imputed to HRC + imputed to Haplotype Reference Consortium (HRC) + GLOBAL: imputed to 1000 Genomes,imputed to 1000 Genomes + GLOBAL: imputed to 1000 Genomes + GWAS + replication + imputed to 1000 Genomes + GWAS + GLOBAL: imputed to 1000 Genomes,Alzheimer’s disease + dementia
5.26e-08,,,rs188874345,,,,6:149756107_C_G,,Variants in LD (+/−500Kb) | Variant (rs),Variants in LD (+/−500Kb) | r2,P value | P value,European,CHARGE + ADNI + ADGC + nia-load + Amish,meta-analysis + discovery + replication,imputed to 1000 Genomes project + imputed to Haplotype Reference Consortium (HRC) + GLOBAL: imputed to 1000 Genomes + imputed to 1000 Genomes (1000G) + imputed to 1000 Genomes project + imputed to 1000 Genomes (1000G) + imputed to HRC + imputed to Haplotype Reference Consortium (HRC) + GLOBAL: imputed to 1000 Genomes,imputed to 1000 Genomes + GLOBAL: imputed to 1000 Genomes + GWAS + replication + imputed to 1000 Genomes + GWAS + GLOBAL: imputed to 1000 Genomes,Alzheimer’s disease + dementia
1.35e-06,,,rs188874345,,,,6:149756107_C_G,,Variants in LD (+/−500Kb) | Variant (rs),Variants in LD (+/−500Kb) | r2,Variants in LD (+/−500Kb) | P value,European,CHARGE + ADNI + ADGC + nia-load + Amish,meta-analysis + discovery + replication,imputed to 1000 Genomes project + imputed to Haplotype Reference Consortium (HRC) + GLOBAL: imputed to 1000 Genomes + imputed to 1000 Genomes (1000G) + imputed to 1000 Genomes project + imputed to 1000 Genomes (1000G) + imputed to HRC + imputed to Haplotype Reference Consortium (HRC) + GLOBAL: imputed to 1000 Genomes,imputed to 1000 Genomes + GLOBAL: imputed to 1000 Genomes + GWAS + replication + imputed to 1000 Genomes + GWAS + GLOBAL: imputed to 1000 Genomes,Alzheimer’s disease + dementia
5.26e-08,,0.016,rs188874345,,,,6:149756107_C_G,,Variants in LD (+/−500Kb) | Variant (rs),Variants in LD (+/−500Kb) | MAF,P value | P value,European,CHARGE + ADNI + ADGC + nia-load + Amish,meta-analysis + discovery + replication,imputed to 1000 Genomes project + imputed to Haplotype Reference Consortium (HRC) + GLOBAL: imputed to 1000 Genomes + imputed to 1000 Genomes (1000G) + imputed to 1000 Genomes project + imputed to 1000 Genomes (1000G) + imputed to HRC + imputed to Haplotype Reference Consortium (HRC) + GLOBAL: imputed to 1000 Genomes,imputed to 1000 Genomes + GLOBAL: imputed to 1000 Genomes + GWAS + replication + imputed to 1000 Genomes + GWAS + GLOBAL: imputed to 1000 Genomes,Alzheimer’s disease + dementia
1.35e-06,,0.016,rs188874345,,,,6:149756107_C_G,,Variants in LD (+/−500Kb) | Variant (rs),Variants in LD (+/−500Kb) | MAF,Variants in LD (+/−500Kb) | P value,European,CHARGE + ADNI + ADGC + nia-load + Amish,meta-analysis + discovery + replication,imputed to 1000 Genomes project + imputed to Haplotype Reference Consortium (HRC) + GLOBAL: imputed to 1000 Genomes + imputed to 1000 Genomes (1000G) + imputed to 1000 Genomes project + imputed to 1000 Genomes (1000G) + imputed to HRC + imputed to Haplotype Reference Consortium (HRC) + GLOBAL: imputed to 1000 Genomes,imputed to 1000 Genomes + GLOBAL: imputed to 1000 Genomes + GWAS + replication + imputed to 1000 Genomes + GWAS + GLOBAL: imputed to 1000 Genomes,Alzheimer’s disease + dementia
5.26e-08,,0.024,rs530694742,,,,6:149756107_C_G,,Variants in LD (+/−500Kb) | Variant (rs),MAF | MAF,P value | P value,European,CHARGE + ADNI + ADGC + nia-load + Amish,meta-analysis + discovery + replication,imputed to 1000 Genomes project + imputed to 1000 Genomes (1000G) + imputed to HRC + imputed to Haplotype Reference Consortium (HRC) + GLOBAL: imputed to 1000 Genomes,imputed to 1000 Genomes + GLOBAL: imputed to 1000 Genomes + GWAS + replication + imputed to 1000 Genomes + GWAS + GLOBAL: imputed to 1000 Genomes,Alzheimer’s disease + dementia
1.44e-06,,0.024,rs530694742,,,,6:149756107_C_G,,Variants in LD (+/−500Kb) | Variant (rs),MAF | MAF,Variants in LD (+/−500Kb) | P value,European,CHARGE + ADNI + ADGC + nia-load + Amish,meta-analysis + discovery + replication,imputed to 1000 Genomes project + imputed to 1000 Genomes (1000G) + imputed to HRC + imputed to Haplotype Reference Consortium (HRC) + GLOBAL: imputed to 1000 Genomes,imputed to 1000 Genomes + GLOBAL: imputed to 1000 Genomes + GWAS + replication + imputed to 1000 Genomes + GWAS + GLOBAL: imputed to 1000 Genomes,Alzheimer’s disease + dementia
5.26e-08,,,rs530694742,,,,6:149756107_C_G,,Variants in LD (+/−500Kb) | Variant (rs),Variants in LD (+/−500Kb) | r2,P value | P value,European,CHARGE + ADNI + ADGC + nia-load + Amish,meta-analysis + discovery + replication,imputed to 1000 Genomes project + imputed to Haplotype Reference Consortium (HRC) + GLOBAL: imputed to 1000 Genomes + imputed to 1000 Genomes (1000G) + imputed to 1000 Genomes project + imputed to 1000 Genomes (1000G) + imputed to HRC + imputed to Haplotype Reference Consortium (HRC) + GLOBAL: imputed to 1000 Genomes,imputed to 1000 Genomes + GLOBAL: imputed to 1000 Genomes + GWAS + replication + imputed to 1000 Genomes + GWAS + GLOBAL: imputed to 1000 Genomes,Alzheimer’s disease + dementia
1.44e-06,,,rs530694742,,,,6:149756107_C_G,,Variants in LD (+/−500Kb) | Variant (rs),Variants in LD (+/−500Kb) | r2,Variants in LD (+/−500Kb) | P value,European,CHARGE + ADNI + ADGC + nia-load + Amish,meta-analysis + discovery + replication,imputed to 1000 Genomes project + imputed to Haplotype Reference Consortium (HRC) + GLOBAL: imputed to 1000 Genomes + imputed to 1000 Genomes (1000G) + imputed to 1000 Genomes project + imputed to 1000 Genomes (1000G) + imputed to HRC + imputed to Haplotype Reference Consortium (HRC) + GLOBAL: imputed to 1000 Genomes,imputed to 1000 Genomes + GLOBAL: imputed to 1000 Genomes + GWAS + replication + imputed to 1000 Genomes + GWAS + GLOBAL: imputed to 1000 Genomes,Alzheimer’s disease + dementia
5.26e-08,,0.016,rs530694742,,,,6:149756107_C_G,,Variants in LD (+/−500Kb) | Variant (rs),Variants in LD (+/−500Kb) | MAF,P value | P value,European,CHARGE + ADNI + ADGC + nia-load + Amish,meta-analysis + discovery + replication,imputed to 1000 Genomes project + imputed to Haplotype Reference Consortium (HRC) + GLOBAL: imputed to 1000 Genomes + imputed to 1000 Genomes (1000G) + imputed to 1000 Genomes project + imputed to 1000 Genomes (1000G) + imputed to HRC + imputed to Haplotype Reference Consortium (HRC) + GLOBAL: imputed to 1000 Genomes,imputed to 1000 Genomes + GLOBAL: imputed to 1000 Genomes + GWAS + replication + imputed to 1000 Genomes + GWAS + GLOBAL: imputed to 1000 Genomes,Alzheimer’s disease + dementia
1.44e-06,,0.016,rs530694742,,,,6:149756107_C_G,,Variants in LD (+/−500Kb) | Variant (rs),Variants in LD (+/−500Kb) | MAF,Variants in LD (+/−500Kb) | P value,European,CHARGE + ADNI + ADGC + nia-load + Amish,meta-analysis + discovery + replication,imputed to 1000 Genomes project + imputed to Haplotype Reference Consortium (HRC) + GLOBAL: imputed to 1000 Genomes + imputed to 1000 Genomes (1000G) + imputed to 1000 Genomes project + imputed to 1000 Genomes (1000G) + imputed to HRC + imputed to Haplotype Reference Consortium (HRC) + GLOBAL: imputed to 1000 Genomes,imputed to 1000 Genomes + GLOBAL: imputed to 1000 Genomes + GWAS + replication + imputed to 1000 Genomes + GWAS + GLOBAL: imputed to 1000 Genomes,Alzheimer’s disease + dementia
5.26e-08,,0.024,rs142372487,,,,6:149756107_C_G,,Variants in LD (+/−500Kb) | Variant (rs),MAF | MAF,P value | P value,European,CHARGE + ADNI + ADGC + nia-load + Amish,meta-analysis + discovery + replication,imputed to 1000 Genomes project + imputed to 1000 Genomes (1000G) + imputed to HRC + imputed to Haplotype Reference Consortium (HRC) + GLOBAL: imputed to 1000 Genomes,imputed to 1000 Genomes + GLOBAL: imputed to 1000 Genomes + GWAS + replication + imputed to 1000 Genomes + GWAS + GLOBAL: imputed to 1000 Genomes,Alzheimer’s disease + dementia
1.27e-06,,0.024,rs142372487,,,,6:149756107_C_G,,Variants in LD (+/−500Kb) | Variant (rs),MAF | MAF,Variants in LD (+/−500Kb) | P value,European,CHARGE + ADNI + ADGC + nia-load + Amish,meta-analysis + discovery + replication,imputed to 1000 Genomes project + imputed to 1000 Genomes (1000G) + imputed to HRC + imputed to Haplotype Reference Consortium (HRC) + GLOBAL: imputed to 1000 Genomes,imputed to 1000 Genomes + GLOBAL: imputed to 1000 Genomes + GWAS + replication + imputed to 1000 Genomes + GWAS + GLOBAL: imputed to 1000 Genomes,Alzheimer’s disease + dementia
5.26e-08,,,rs142372487,,,,6:149756107_C_G,,Variants in LD (+/−500Kb) | Variant (rs),Variants in LD (+/−500Kb) | r2,P value | P value,European,CHARGE + ADNI + ADGC + nia-load + Amish,meta-analysis + discovery + replication,imputed to 1000 Genomes project + imputed to Haplotype Reference Consortium (HRC) + GLOBAL: imputed to 1000 Genomes + imputed to 1000 Genomes (1000G) + imputed to 1000 Genomes project + imputed to 1000 Genomes (1000G) + imputed to HRC + imputed to Haplotype Reference Consortium (HRC) + GLOBAL: imputed to 1000 Genomes,imputed to 1000 Genomes + GLOBAL: imputed to 1000 Genomes + GWAS + replication + imputed to 1000 Genomes + GWAS + GLOBAL: imputed to 1000 Genomes,Alzheimer’s disease + dementia
1.27e-06,,,rs142372487,,,,6:149756107_C_G,,Variants in LD (+/−500Kb) | Variant (rs),Variants in LD (+/−500Kb) | r2,Variants in LD (+/−500Kb) | P value,European,CHARGE + ADNI + ADGC + nia-load + Amish,meta-analysis + discovery + replication,imputed to 1000 Genomes project + imputed to Haplotype Reference Consortium (HRC) + GLOBAL: imputed to 1000 Genomes + imputed to 1000 Genomes (1000G) + imputed to 1000 Genomes project + imputed to 1000 Genomes (1000G) + imputed to HRC + imputed to Haplotype Reference Consortium (HRC) + GLOBAL: imputed to 1000 Genomes,imputed to 1000 Genomes + GLOBAL: imputed to 1000 Genomes + GWAS + replication + imputed to 1000 Genomes + GWAS + GLOBAL: imputed to 1000 Genomes,Alzheimer’s disease + dementia
5.26e-08,,0.016,rs142372487,,,,6:149756107_C_G,,Variants in LD (+/−500Kb) | Variant (rs),Variants in LD (+/−500Kb) | MAF,P value | P value,European,CHARGE + ADNI + ADGC + nia-load + Amish,meta-analysis + discovery + replication,imputed to 1000 Genomes project + imputed to Haplotype Reference Consortium (HRC) + GLOBAL: imputed to 1000 Genomes + imputed to 1000 Genomes (1000G) + imputed to 1000 Genomes project + imputed to 1000 Genomes (1000G) + imputed to HRC + imputed to Haplotype Reference Consortium (HRC) + GLOBAL: imputed to 1000 Genomes,imputed to 1000 Genomes + GLOBAL: imputed to 1000 Genomes + GWAS + replication + imputed to 1000 Genomes + GWAS + GLOBAL: imputed to 1000 Genomes,Alzheimer’s disease + dementia
1.27e-06,,0.016,rs142372487,,,,6:149756107_C_G,,Variants in LD (+/−500Kb) | Variant (rs),Variants in LD (+/−500Kb) | MAF,Variants in LD (+/−500Kb) | P value,European,CHARGE + ADNI + ADGC + nia-load + Amish,meta-analysis + discovery + replication,imputed to 1000 Genomes project + imputed to Haplotype Reference Consortium (HRC) + GLOBAL: imputed to 1000 Genomes + imputed to 1000 Genomes (1000G) + imputed to 1000 Genomes project + imputed to 1000 Genomes (1000G) + imputed to HRC + imputed to Haplotype Reference Consortium (HRC) + GLOBAL: imputed to 1000 Genomes,imputed to 1000 Genomes + GLOBAL: imputed to 1000 Genomes + GWAS + replication + imputed to 1000 Genomes + GWAS + GLOBAL: imputed to 1000 Genomes,Alzheimer’s disease + dementia
5.26e-08,,0.024,rs541233509,,,,6:149756107_C_G,,Variants in LD (+/−500Kb) | Variant (rs),MAF | MAF,P value | P value,European,CHARGE + ADNI + ADGC + nia-load + Amish,meta-analysis + discovery + replication,imputed to 1000 Genomes project + imputed to 1000 Genomes (1000G) + imputed to HRC + imputed to Haplotype Reference Consortium (HRC) + GLOBAL: imputed to 1000 Genomes,imputed to 1000 Genomes + GLOBAL: imputed to 1000 Genomes + GWAS + replication + imputed to 1000 Genomes + GWAS + GLOBAL: imputed to 1000 Genomes,Alzheimer’s disease + dementia
1.58e-06,,0.024,rs541233509,,,,6:149756107_C_G,,Variants in LD (+/−500Kb) | Variant (rs),MAF | MAF,Variants in LD (+/−500Kb) | P value,European,CHARGE + ADNI + ADGC + nia-load + Amish,meta-analysis + discovery + replication,imputed to 1000 Genomes project + imputed to 1000 Genomes (1000G) + imputed to HRC + imputed to Haplotype Reference Consortium (HRC) + GLOBAL: imputed to 1000 Genomes,imputed to 1000 Genomes + GLOBAL: imputed to 1000 Genomes + GWAS + replication + imputed to 1000 Genomes + GWAS + GLOBAL: imputed to 1000 Genomes,Alzheimer’s disease + dementia
5.26e-08,,,rs541233509,,,,6:149756107_C_G,,Variants in LD (+/−500Kb) | Variant (rs),Variants in LD (+/−500Kb) | r2,P value | P value,European,CHARGE + ADNI + ADGC + nia-load + Amish,meta-analysis + discovery + replication,imputed to 1000 Genomes project + imputed to Haplotype Reference Consortium (HRC) + GLOBAL: imputed to 1000 Genomes + imputed to 1000 Genomes (1000G) + imputed to 1000 Genomes project + imputed to 1000 Genomes (1000G) + imputed to HRC + imputed to Haplotype Reference Consortium (HRC) + GLOBAL: imputed to 1000 Genomes,imputed to 1000 Genomes + GLOBAL: imputed to 1000 Genomes + GWAS + replication + imputed to 1000 Genomes + GWAS + GLOBAL: imputed to 1000 Genomes,Alzheimer’s disease + dementia
1.58e-06,,,rs541233509,,,,6:149756107_C_G,,Variants in LD (+/−500Kb) | Variant (rs),Variants in LD (+/−500Kb) | r2,Variants in LD (+/−500Kb) | P value,European,CHARGE + ADNI + ADGC + nia-load + Amish,meta-analysis + discovery + replication,imputed to 1000 Genomes project + imputed to Haplotype Reference Consortium (HRC) + GLOBAL: imputed to 1000 Genomes + imputed to 1000 Genomes (1000G) + imputed to 1000 Genomes project + imputed to 1000 Genomes (1000G) + imputed to HRC + imputed to Haplotype Reference Consortium (HRC) + GLOBAL: imputed to 1000 Genomes,imputed to 1000 Genomes + GLOBAL: imputed to 1000 Genomes + GWAS + replication + imputed to 1000 Genomes + GWAS + GLOBAL: imputed to 1000 Genomes,Alzheimer’s disease + dementia
5.26e-08,,0.016,rs541233509,,,,6:149756107_C_G,,Variants in LD (+/−500Kb) | Variant (rs),Variants in LD (+/−500Kb) | MAF,P value | P value,European,CHARGE + ADNI + ADGC + nia-load + Amish,meta-analysis + discovery + replication,imputed to 1000 Genomes project + imputed to Haplotype Reference Consortium (HRC) + GLOBAL: imputed to 1000 Genomes + imputed to 1000 Genomes (1000G) + imputed to 1000 Genomes project + imputed to 1000 Genomes (1000G) + imputed to HRC + imputed to Haplotype Reference Consortium (HRC) + GLOBAL: imputed to 1000 Genomes,imputed to 1000 Genomes + GLOBAL: imputed to 1000 Genomes + GWAS + replication + imputed to 1000 Genomes + GWAS + GLOBAL: imputed to 1000 Genomes,Alzheimer’s disease + dementia
1.58e-06,,0.016,rs541233509,,,,6:149756107_C_G,,Variants in LD (+/−500Kb) | Variant (rs),Variants in LD (+/−500Kb) | MAF,Variants in LD (+/−500Kb) | P value,European,CHARGE + ADNI + ADGC + nia-load + Amish,meta-analysis + discovery + replication,imputed to 1000 Genomes project + imputed to Haplotype Reference Consortium (HRC) + GLOBAL: imputed to 1000 Genomes + imputed to 1000 Genomes (1000G) + imputed to 1000 Genomes project + imputed to 1000 Genomes (1000G) + imputed to HRC + imputed to Haplotype Reference Consortium (HRC) + GLOBAL: imputed to 1000 Genomes,imputed to 1000 Genomes + GLOBAL: imputed to 1000 Genomes + GWAS + replication + imputed to 1000 Genomes + GWAS + GLOBAL: imputed to 1000 Genomes,Alzheimer’s disease + dementia
4.83e-08,,0.038,rs141138977,,,,9:128627091_C_G,,Variants in LD (+/−500Kb) | Variant (rs),MAF | MAF,P value | P value,European,CHARGE + ADNI + ADGC + nia-load + Amish,meta-analysis + discovery + replication,imputed to 1000 Genomes project + imputed to 1000 Genomes (1000G) + imputed to HRC + imputed to Haplotype Reference Consortium (HRC) + GLOBAL: imputed to 1000 Genomes,imputed to 1000 Genomes + GLOBAL: imputed to 1000 Genomes + GWAS + replication + imputed to 1000 Genomes + GWAS + GLOBAL: imputed to 1000 Genomes,Alzheimer’s disease + dementia
5.45e-08,,0.038,rs141138977,,,,9:128627091_C_G,,Variants in LD (+/−500Kb) | Variant (rs),MAF | MAF,Variants in LD (+/−500Kb) | P value,European,CHARGE + ADNI + ADGC + nia-load + Amish,meta-analysis + discovery + replication,imputed to 1000 Genomes project + imputed to 1000 Genomes (1000G) + imputed to HRC + imputed to Haplotype Reference Consortium (HRC) + GLOBAL: imputed to 1000 Genomes,imputed to 1000 Genomes + GLOBAL: imputed to 1000 Genomes + GWAS + replication + imputed to 1000 Genomes + GWAS + GLOBAL: imputed to 1000 Genomes,Alzheimer’s disease + dementia
4.83e-08,,,rs141138977,,,,9:128627091_C_G,,Variants in LD (+/−500Kb) | Variant (rs),Variants in LD (+/−500Kb) | r2,P value | P value,European,CHARGE + ADNI + ADGC + nia-load + Amish,meta-analysis + discovery + replication,imputed to 1000 Genomes project + imputed to Haplotype Reference Consortium (HRC) + GLOBAL: imputed to 1000 Genomes + imputed to 1000 Genomes (1000G) + imputed to 1000 Genomes project + imputed to 1000 Genomes (1000G) + imputed to HRC + imputed to Haplotype Reference Consortium (HRC) + GLOBAL: imputed to 1000 Genomes,imputed to 1000 Genomes + GLOBAL: imputed to 1000 Genomes + GWAS + replication + imputed to 1000 Genomes + GWAS + GLOBAL: imputed to 1000 Genomes,Alzheimer’s disease + dementia
5.45e-08,,,rs141138977,,,,9:128627091_C_G,,Variants in LD (+/−500Kb) | Variant (rs),Variants in LD (+/−500Kb) | r2,Variants in LD (+/−500Kb) | P value,European,CHARGE + ADNI + ADGC + nia-load + Amish,meta-analysis + discovery + replication,imputed to 1000 Genomes project + imputed to Haplotype Reference Consortium (HRC) + GLOBAL: imputed to 1000 Genomes + imputed to 1000 Genomes (1000G) + imputed to 1000 Genomes project + imputed to 1000 Genomes (1000G) + imputed to HRC + imputed to Haplotype Reference Consortium (HRC) + GLOBAL: imputed to 1000 Genomes,imputed to 1000 Genomes + GLOBAL: imputed to 1000 Genomes + GWAS + replication + imputed to 1000 Genomes + GWAS + GLOBAL: imputed to 1000 Genomes,Alzheimer’s disease + dementia
4.83e-08,,0.038,rs141138977,,,,9:128627091_C_G,,Variants in LD (+/−500Kb) | Variant (rs),Variants in LD (+/−500Kb) | MAF,P value | P value,European,CHARGE + ADNI + ADGC + nia-load + Amish,meta-analysis + discovery + replication,imputed to 1000 Genomes project + imputed to Haplotype Reference Consortium (HRC) + GLOBAL: imputed to 1000 Genomes + imputed to 1000 Genomes (1000G) + imputed to 1000 Genomes project + imputed to 1000 Genomes (1000G) + imputed to HRC + imputed to Haplotype Reference Consortium (HRC) + GLOBAL: imputed to 1000 Genomes,imputed to 1000 Genomes + GLOBAL: imputed to 1000 Genomes + GWAS + replication + imputed to 1000 Genomes + GWAS + GLOBAL: imputed to 1000 Genomes,Alzheimer’s disease + dementia
5.45e-08,,0.038,rs141138977,,,,9:128627091_C_G,,Variants in LD (+/−500Kb) | Variant (rs),Variants in LD (+/−500Kb) | MAF,Variants in LD (+/−500Kb) | P value,European,CHARGE + ADNI + ADGC + nia-load + Amish,meta-analysis + discovery + replication,imputed to 1000 Genomes project + imputed to Haplotype Reference Consortium (HRC) + GLOBAL: imputed to 1000 Genomes + imputed to 1000 Genomes (1000G) + imputed to 1000 Genomes project + imputed to 1000 Genomes (1000G) + imputed to HRC + imputed to Haplotype Reference Consortium (HRC) + GLOBAL: imputed to 1000 Genomes,imputed to 1000 Genomes + GLOBAL: imputed to 1000 Genomes + GWAS + replication + imputed to 1000 Genomes + GWAS + GLOBAL: imputed to 1000 Genomes,Alzheimer’s disease + dementia
4.83e-08,,0.038,rs140984313,,,,9:128627091_C_G,,Variants in LD (+/−500Kb) | Variant (rs),MAF | MAF,P value | P value,European,CHARGE + ADNI + ADGC + nia-load + Amish,meta-analysis + discovery + replication,imputed to 1000 Genomes project + imputed to 1000 Genomes (1000G) + imputed to HRC + imputed to Haplotype Reference Consortium (HRC) + GLOBAL: imputed to 1000 Genomes,imputed to 1000 Genomes + GLOBAL: imputed to 1000 Genomes + GWAS + replication + imputed to 1000 Genomes + GWAS + GLOBAL: imputed to 1000 Genomes,Alzheimer’s disease + dementia
6.46e-08,,0.038,rs140984313,,,,9:128627091_C_G,,Variants in LD (+/−500Kb) | Variant (rs),MAF | MAF,Variants in LD (+/−500Kb) | P value,European,CHARGE + ADNI + ADGC + nia-load + Amish,meta-analysis + discovery + replication,imputed to 1000 Genomes project + imputed to 1000 Genomes (1000G) + imputed to HRC + imputed to Haplotype Reference Consortium (HRC) + GLOBAL: imputed to 1000 Genomes,imputed to 1000 Genomes + GLOBAL: imputed to 1000 Genomes + GWAS + replication + imputed to 1000 Genomes + GWAS + GLOBAL: imputed to 1000 Genomes,Alzheimer’s disease + dementia
4.83e-08,,,rs140984313,,,,9:128627091_C_G,,Variants in LD (+/−500Kb) | Variant (rs),Variants in LD (+/−500Kb) | r2,P value | P value,European,CHARGE + ADNI + ADGC + nia-load + Amish,meta-analysis + discovery + replication,imputed to 1000 Genomes project + imputed to Haplotype Reference Consortium (HRC) + GLOBAL: imputed to 1000 Genomes + imputed to 1000 Genomes (1000G) + imputed to 1000 Genomes project + imputed to 1000 Genomes (1000G) + imputed to HRC + imputed to Haplotype Reference Consortium (HRC) + GLOBAL: imputed to 1000 Genomes,imputed to 1000 Genomes + GLOBAL: imputed to 1000 Genomes + GWAS + replication + imputed to 1000 Genomes + GWAS + GLOBAL: imputed to 1000 Genomes,Alzheimer’s disease + dementia
6.46e-08,,,rs140984313,,,,9:128627091_C_G,,Variants in LD (+/−500Kb) | Variant (rs),Variants in LD (+/−500Kb) | r2,Variants in LD (+/−500Kb) | P value,European,CHARGE + ADNI + ADGC + nia-load + Amish,meta-analysis + discovery + replication,imputed to 1000 Genomes project + imputed to Haplotype Reference Consortium (HRC) + GLOBAL: imputed to 1000 Genomes + imputed to 1000 Genomes (1000G) + imputed to 1000 Genomes project + imputed to 1000 Genomes (1000G) + imputed to HRC + imputed to Haplotype Reference Consortium (HRC) + GLOBAL: imputed to 1000 Genomes,imputed to 1000 Genomes + GLOBAL: imputed to 1000 Genomes + GWAS + replication + imputed to 1000 Genomes + GWAS + GLOBAL: imputed to 1000 Genomes,Alzheimer’s disease + dementia
4.83e-08,,0.038,rs140984313,,,,9:128627091_C_G,,Variants in LD (+/−500Kb) | Variant (rs),Variants in LD (+/−500Kb) | MAF,P value | P value,European,CHARGE + ADNI + ADGC + nia-load + Amish,meta-analysis + discovery + replication,imputed to 1000 Genomes project + imputed to Haplotype Reference Consortium (HRC) + GLOBAL: imputed to 1000 Genomes + imputed to 1000 Genomes (1000G) + imputed to 1000 Genomes project + imputed to 1000 Genomes (1000G) + imputed to HRC + imputed to Haplotype Reference Consortium (HRC) + GLOBAL: imputed to 1000 Genomes,imputed to 1000 Genomes + GLOBAL: imputed to 1000 Genomes + GWAS + replication + imputed to 1000 Genomes + GWAS + GLOBAL: imputed to 1000 Genomes,Alzheimer’s disease + dementia
6.46e-08,,0.038,rs140984313,,,,9:128627091_C_G,,Variants in LD (+/−500Kb) | Variant (rs),Variants in LD (+/−500Kb) | MAF,Variants in LD (+/−500Kb) | P value,European,CHARGE + ADNI + ADGC + nia-load + Amish,meta-analysis + discovery + replication,imputed to 1000 Genomes project + imputed to Haplotype Reference Consortium (HRC) + GLOBAL: imputed to 1000 Genomes + imputed to 1000 Genomes (1000G) + imputed to 1000 Genomes project + imputed to 1000 Genomes (1000G) + imputed to HRC + imputed to Haplotype Reference Consortium (HRC) + GLOBAL: imputed to 1000 Genomes,imputed to 1000 Genomes + GLOBAL: imputed to 1000 Genomes + GWAS + replication + imputed to 1000 Genomes + GWAS + GLOBAL: imputed to 1000 Genomes,Alzheimer’s disease + dementia
4.83e-08,,0.038,rs113929904,,,,9:128627091_C_G,,Variants in LD (+/−500Kb) | Variant (rs),MAF | MAF,P value | P value,European,CHARGE + ADNI + ADGC + nia-load + Amish,meta-analysis + discovery + replication,imputed to 1000 Genomes project + imputed to 1000 Genomes (1000G) + imputed to HRC + imputed to Haplotype Reference Consortium (HRC) + GLOBAL: imputed to 1000 Genomes,imputed to 1000 Genomes + GLOBAL: imputed to 1000 Genomes + GWAS + replication + imputed to 1000 Genomes + GWAS + GLOBAL: imputed to 1000 Genomes,Alzheimer’s disease + dementia
2.5e-07,,0.038,rs113929904,,,,9:128627091_C_G,,Variants in LD (+/−500Kb) | Variant (rs),MAF | MAF,Variants in LD (+/−500Kb) | P value,European,CHARGE + ADNI + ADGC + nia-load + Amish,meta-analysis + discovery + replication,imputed to 1000 Genomes project + imputed to 1000 Genomes (1000G) + imputed to HRC + imputed to Haplotype Reference Consortium (HRC) + GLOBAL: imputed to 1000 Genomes,imputed to 1000 Genomes + GLOBAL: imputed to 1000 Genomes + GWAS + replication + imputed to 1000 Genomes + GWAS + GLOBAL: imputed to 1000 Genomes,Alzheimer’s disease + dementia
4.83e-08,,,rs113929904,,,,9:128627091_C_G,,Variants in LD (+/−500Kb) | Variant (rs),Variants in LD (+/−500Kb) | r2,P value | P value,European,CHARGE + ADNI + ADGC + nia-load + Amish,meta-analysis + discovery + replication,imputed to 1000 Genomes project + imputed to Haplotype Reference Consortium (HRC) + GLOBAL: imputed to 1000 Genomes + imputed to 1000 Genomes (1000G) + imputed to 1000 Genomes project + imputed to 1000 Genomes (1000G) + imputed to HRC + imputed to Haplotype Reference Consortium (HRC) + GLOBAL: imputed to 1000 Genomes,imputed to 1000 Genomes + GLOBAL: imputed to 1000 Genomes + GWAS + replication + imputed to 1000 Genomes + GWAS + GLOBAL: imputed to 1000 Genomes,Alzheimer’s disease + dementia
2.5e-07,,,rs113929904,,,,9:128627091_C_G,,Variants in LD (+/−500Kb) | Variant (rs),Variants in LD (+/−500Kb) | r2,Variants in LD (+/−500Kb) | P value,European,CHARGE + ADNI + ADGC + nia-load + Amish,meta-analysis + discovery + replication,imputed to 1000 Genomes project + imputed to Haplotype Reference Consortium (HRC) + GLOBAL: imputed to 1000 Genomes + imputed to 1000 Genomes (1000G) + imputed to 1000 Genomes project + imputed to 1000 Genomes (1000G) + imputed to HRC + imputed to Haplotype Reference Consortium (HRC) + GLOBAL: imputed to 1000 Genomes,imputed to 1000 Genomes + GLOBAL: imputed to 1000 Genomes + GWAS + replication + imputed to 1000 Genomes + GWAS + GLOBAL: imputed to 1000 Genomes,Alzheimer’s disease + dementia
4.83e-08,,0.046,rs113929904,,,,9:128627091_C_G,,Variants in LD (+/−500Kb) | Variant (rs),Variants in LD (+/−500Kb) | MAF,P value | P value,European,CHARGE + ADNI + ADGC + nia-load + Amish,meta-analysis + discovery + replication,imputed to 1000 Genomes project + imputed to Haplotype Reference Consortium (HRC) + GLOBAL: imputed to 1000 Genomes + imputed to 1000 Genomes (1000G) + imputed to 1000 Genomes project + imputed to 1000 Genomes (1000G) + imputed to HRC + imputed to Haplotype Reference Consortium (HRC) + GLOBAL: imputed to 1000 Genomes,imputed to 1000 Genomes + GLOBAL: imputed to 1000 Genomes + GWAS + replication + imputed to 1000 Genomes + GWAS + GLOBAL: imputed to 1000 Genomes,Alzheimer’s disease + dementia
2.5e-07,,0.046,rs113929904,,,,9:128627091_C_G,,Variants in LD (+/−500Kb) | Variant (rs),Variants in LD (+/−500Kb) | MAF,Variants in LD (+/−500Kb) | P value,European,CHARGE + ADNI + ADGC + nia-load + Amish,meta-analysis + discovery + replication,imputed to 1000 Genomes project + imputed to Haplotype Reference Consortium (HRC) + GLOBAL: imputed to 1000 Genomes + imputed to 1000 Genomes (1000G) + imputed to 1000 Genomes project + imputed to 1000 Genomes (1000G) + imputed to HRC + imputed to Haplotype Reference Consortium (HRC) + GLOBAL: imputed to 1000 Genomes,imputed to 1000 Genomes + GLOBAL: imputed to 1000 Genomes + GWAS + replication + imputed to 1000 Genomes + GWAS + GLOBAL: imputed to 1000 Genomes,Alzheimer’s disease + dementia
4.83e-08,,0.038,rs149607027,,,,9:128627091_C_G,,Variants in LD (+/−500Kb) | Variant (rs),MAF | MAF,P value | P value,European,CHARGE + ADNI + ADGC + nia-load + Amish,meta-analysis + discovery + replication,imputed to 1000 Genomes project + imputed to 1000 Genomes (1000G) + imputed to HRC + imputed to Haplotype Reference Consortium (HRC) + GLOBAL: imputed to 1000 Genomes,imputed to 1000 Genomes + GLOBAL: imputed to 1000 Genomes + GWAS + replication + imputed to 1000 Genomes + GWAS + GLOBAL: imputed to 1000 Genomes,Alzheimer’s disease + dementia
1.33e-06,,0.038,rs149607027,,,,9:128627091_C_G,,Variants in LD (+/−500Kb) | Variant (rs),MAF | MAF,Variants in LD (+/−500Kb) | P value,European,CHARGE + ADNI + ADGC + nia-load + Amish,meta-analysis + discovery + replication,imputed to 1000 Genomes project + imputed to 1000 Genomes (1000G) + imputed to HRC + imputed to Haplotype Reference Consortium (HRC) + GLOBAL: imputed to 1000 Genomes,imputed to 1000 Genomes + GLOBAL: imputed to 1000 Genomes + GWAS + replication + imputed to 1000 Genomes + GWAS + GLOBAL: imputed to 1000 Genomes,Alzheimer’s disease + dementia
4.83e-08,,,rs149607027,,,,9:128627091_C_G,,Variants in LD (+/−500Kb) | Variant (rs),Variants in LD (+/−500Kb) | r2,P value | P value,European,CHARGE + ADNI + ADGC + nia-load + Amish,meta-analysis + discovery + replication,imputed to 1000 Genomes project + imputed to Haplotype Reference Consortium (HRC) + GLOBAL: imputed to 1000 Genomes + imputed to 1000 Genomes (1000G) + imputed to 1000 Genomes project + imputed to 1000 Genomes (1000G) + imputed to HRC + imputed to Haplotype Reference Consortium (HRC) + GLOBAL: imputed to 1000 Genomes,imputed to 1000 Genomes + GLOBAL: imputed to 1000 Genomes + GWAS + replication + imputed to 1000 Genomes + GWAS + GLOBAL: imputed to 1000 Genomes,Alzheimer’s disease + dementia
1.33e-06,,,rs149607027,,,,9:128627091_C_G,,Variants in LD (+/−500Kb) | Variant (rs),Variants in LD (+/−500Kb) | r2,Variants in LD (+/−500Kb) | P value,European,CHARGE + ADNI + ADGC + nia-load + Amish,meta-analysis + discovery + replication,imputed to 1000 Genomes project + imputed to Haplotype Reference Consortium (HRC) + GLOBAL: imputed to 1000 Genomes + imputed to 1000 Genomes (1000G) + imputed to 1000 Genomes project + imputed to 1000 Genomes (1000G) + imputed to HRC + imputed to Haplotype Reference Consortium (HRC) + GLOBAL: imputed to 1000 Genomes,imputed to 1000 Genomes + GLOBAL: imputed to 1000 Genomes + GWAS + replication + imputed to 1000 Genomes + GWAS + GLOBAL: imputed to 1000 Genomes,Alzheimer’s disease + dementia
4.83e-08,,0.042,rs149607027,,,,9:128627091_C_G,,Variants in LD (+/−500Kb) | Variant (rs),Variants in LD (+/−500Kb) | MAF,P value | P value,European,CHARGE + ADNI + ADGC + nia-load + Amish,meta-analysis + discovery + replication,imputed to 1000 Genomes project + imputed to Haplotype Reference Consortium (HRC) + GLOBAL: imputed to 1000 Genomes + imputed to 1000 Genomes (1000G) + imputed to 1000 Genomes project + imputed to 1000 Genomes (1000G) + imputed to HRC + imputed to Haplotype Reference Consortium (HRC) + GLOBAL: imputed to 1000 Genomes,imputed to 1000 Genomes + GLOBAL: imputed to 1000 Genomes + GWAS + replication + imputed to 1000 Genomes + GWAS + GLOBAL: imputed to 1000 Genomes,Alzheimer’s disease + dementia
1.33e-06,,0.042,rs149607027,,,,9:128627091_C_G,,Variants in LD (+/−500Kb) | Variant (rs),Variants in LD (+/−500Kb) | MAF,Variants in LD (+/−500Kb) | P value,European,CHARGE + ADNI + ADGC + nia-load + Amish,meta-analysis + discovery + replication,imputed to 1000 Genomes project + imputed to Haplotype Reference Consortium (HRC) + GLOBAL: imputed to 1000 Genomes + imputed to 1000 Genomes (1000G) + imputed to 1000 Genomes project + imputed to 1000 Genomes (1000G) + imputed to HRC + imputed to Haplotype Reference Consortium (HRC) + GLOBAL: imputed to 1000 Genomes,imputed to 1000 Genomes + GLOBAL: imputed to 1000 Genomes + GWAS + replication + imputed to 1000 Genomes + GWAS + GLOBAL: imputed to 1000 Genomes,Alzheimer’s disease + dementia
5.59e-09,,0.012,rs111837116,,,,17:11183894_G_A,,Variants in LD (+/−500Kb) | Variant (rs),MAF | MAF,P value | P value,European,CHARGE + ADNI + ADGC + nia-load + Amish,meta-analysis + discovery + replication,imputed to 1000 Genomes project + imputed to 1000 Genomes (1000G) + imputed to HRC + imputed to Haplotype Reference Consortium (HRC) + GLOBAL: imputed to 1000 Genomes,imputed to 1000 Genomes + GLOBAL: imputed to 1000 Genomes + GWAS + replication + imputed to 1000 Genomes + GWAS + GLOBAL: imputed to 1000 Genomes,Alzheimer’s disease + dementia
0.000472,,0.012,rs111837116,,,,17:11183894_G_A,,Variants in LD (+/−500Kb) | Variant (rs),MAF | MAF,Variants in LD (+/−500Kb) | P value,European,CHARGE + ADNI + ADGC + nia-load + Amish,meta-analysis + discovery + replication,imputed to 1000 Genomes project + imputed to 1000 Genomes (1000G) + imputed to HRC + imputed to Haplotype Reference Consortium (HRC) + GLOBAL: imputed to 1000 Genomes,imputed to 1000 Genomes + GLOBAL: imputed to 1000 Genomes + GWAS + replication + imputed to 1000 Genomes + GWAS + GLOBAL: imputed to 1000 Genomes,Alzheimer’s disease + dementia
5.59e-09,,,rs111837116,,,,17:11183894_G_A,,Variants in LD (+/−500Kb) | Variant (rs),Variants in LD (+/−500Kb) | r2,P value | P value,European,CHARGE + ADNI + ADGC + nia-load + Amish,meta-analysis + discovery + replication,imputed to 1000 Genomes project + imputed to Haplotype Reference Consortium (HRC) + GLOBAL: imputed to 1000 Genomes + imputed to 1000 Genomes (1000G) + imputed to 1000 Genomes project + imputed to 1000 Genomes (1000G) + imputed to HRC + imputed to Haplotype Reference Consortium (HRC) + GLOBAL: imputed to 1000 Genomes,imputed to 1000 Genomes + GLOBAL: imputed to 1000 Genomes + GWAS + replication + imputed to 1000 Genomes + GWAS + GLOBAL: imputed to 1000 Genomes,Alzheimer’s disease + dementia
0.000472,,,rs111837116,,,,17:11183894_G_A,,Variants in LD (+/−500Kb) | Variant (rs),Variants in LD (+/−500Kb) | r2,Variants in LD (+/−500Kb) | P value,European,CHARGE + ADNI + ADGC + nia-load + Amish,meta-analysis + discovery + replication,imputed to 1000 Genomes project + imputed to Haplotype Reference Consortium (HRC) + GLOBAL: imputed to 1000 Genomes + imputed to 1000 Genomes (1000G) + imputed to 1000 Genomes project + imputed to 1000 Genomes (1000G) + imputed to HRC + imputed to Haplotype Reference Consortium (HRC) + GLOBAL: imputed to 1000 Genomes,imputed to 1000 Genomes + GLOBAL: imputed to 1000 Genomes + GWAS + replication + imputed to 1000 Genomes + GWAS + GLOBAL: imputed to 1000 Genomes,Alzheimer’s disease + dementia
5.59e-09,,0.017,rs111837116,,,,17:11183894_G_A,,Variants in LD (+/−500Kb) | Variant (rs),Variants in LD (+/−500Kb) | MAF,P value | P value,European,CHARGE + ADNI + ADGC + nia-load + Amish,meta-analysis + discovery + replication,imputed to 1000 Genomes project + imputed to Haplotype Reference Consortium (HRC) + GLOBAL: imputed to 1000 Genomes + imputed to 1000 Genomes (1000G) + imputed to 1000 Genomes project + imputed to 1000 Genomes (1000G) + imputed to HRC + imputed to Haplotype Reference Consortium (HRC) + GLOBAL: imputed to 1000 Genomes,imputed to 1000 Genomes + GLOBAL: imputed to 1000 Genomes + GWAS + replication + imputed to 1000 Genomes + GWAS + GLOBAL: imputed to 1000 Genomes,Alzheimer’s disease + dementia
0.000472,,0.017,rs111837116,,,,17:11183894_G_A,,Variants in LD (+/−500Kb) | Variant (rs),Variants in LD (+/−500Kb) | MAF,Variants in LD (+/−500Kb) | P value,European,CHARGE + ADNI + ADGC + nia-load + Amish,meta-analysis + discovery + replication,imputed to 1000 Genomes project + imputed to Haplotype Reference Consortium (HRC) + GLOBAL: imputed to 1000 Genomes + imputed to 1000 Genomes (1000G) + imputed to 1000 Genomes project + imputed to 1000 Genomes (1000G) + imputed to HRC + imputed to Haplotype Reference Consortium (HRC) + GLOBAL: imputed to 1000 Genomes,imputed to 1000 Genomes + GLOBAL: imputed to 1000 Genomes + GWAS + replication + imputed to 1000 Genomes + GWAS + GLOBAL: imputed to 1000 Genomes,Alzheimer’s disease + dementia
5.59e-09,6.38,0.012,,17.0,1520,,,,Variant,,,European,CHARGE + ADNI + ADGC + nia-load + Amish,meta-analysis + discovery + replication,imputed to 1000 Genomes project + imputed to 1000 Genomes (1000G) + imputed to HRC + imputed to Haplotype Reference Consortium (HRC) + GLOBAL: imputed to 1000 Genomes,imputed to 1000 Genomes + GLOBAL: imputed to 1000 Genomes + GWAS + replication,Alzheimer’s disease + dementia
0.0217,1.49,0.012,,17.0,3350,,,,Variant,,,European,CHARGE + ADNI + ADGC + nia-load + Amish,meta-analysis + discovery + replication,imputed to 1000 Genomes project + imputed to 1000 Genomes (1000G) + imputed to HRC + imputed to Haplotype Reference Consortium (HRC) + GLOBAL: imputed to 1000 Genomes,imputed to 1000 Genomes + GLOBAL: imputed to 1000 Genomes + GWAS + replication,Alzheimer’s disease + dementia
4.83e-08,2.82,0.038,,9.0,1520,,,,Variant,,,European,CHARGE + ADNI + ADGC + nia-load + Amish,meta-analysis + discovery + replication,imputed to 1000 Genomes project + imputed to 1000 Genomes (1000G) + imputed to HRC + imputed to Haplotype Reference Consortium (HRC) + GLOBAL: imputed to 1000 Genomes,imputed to 1000 Genomes + GLOBAL: imputed to 1000 Genomes + GWAS + replication,Alzheimer’s disease + dementia
0.9356,0.98,0.006,,9.0,3350,,,,Variant,,,European,CHARGE + ADNI + ADGC + nia-load + Amish,meta-analysis + discovery + replication,imputed to 1000 Genomes project + imputed to 1000 Genomes (1000G) + imputed to HRC + imputed to Haplotype Reference Consortium (HRC) + GLOBAL: imputed to 1000 Genomes,imputed to 1000 Genomes + GLOBAL: imputed to 1000 Genomes + GWAS + replication,Alzheimer’s disease + dementia
5.26e-08,3.35,0.024,,6.0,1520,,,,Variant,,,European,CHARGE + ADNI + ADGC + nia-load + Amish,meta-analysis + discovery + replication,imputed to 1000 Genomes project + imputed to 1000 Genomes (1000G) + imputed to HRC + imputed to Haplotype Reference Consortium (HRC) + GLOBAL: imputed to 1000 Genomes,imputed to 1000 Genomes + GLOBAL: imputed to 1000 Genomes + GWAS + replication,Alzheimer’s disease + dementia
0.4164,1.16,0.013,,6.0,3350,,,,Variant,,,European,CHARGE + ADNI + ADGC + nia-load + Amish,meta-analysis + discovery + replication,imputed to 1000 Genomes project + imputed to 1000 Genomes (1000G) + imputed to HRC + imputed to Haplotype Reference Consortium (HRC) + GLOBAL: imputed to 1000 Genomes,imputed to 1000 Genomes + GLOBAL: imputed to 1000 Genomes + GWAS + replication,Alzheimer’s disease + dementia
5.59e-09,6.38,0.012,rs146729640,17.0,1520,,,,Variant (rs),,,European,CHARGE + ADNI + ADGC + nia-load + Amish,meta-analysis + discovery + replication,imputed to 1000 Genomes project + imputed to 1000 Genomes (1000G) + imputed to HRC + imputed to Haplotype Reference Consortium (HRC) + GLOBAL: imputed to 1000 Genomes,imputed to 1000 Genomes + GLOBAL: imputed to 1000 Genomes + GWAS + replication,Alzheimer’s disease + dementia
0.0217,1.49,0.012,rs146729640,17.0,3350,,,,Variant (rs),,,European,CHARGE + ADNI + ADGC + nia-load + Amish,meta-analysis + discovery + replication,imputed to 1000 Genomes project + imputed to 1000 Genomes (1000G) + imputed to HRC + imputed to Haplotype Reference Consortium (HRC) + GLOBAL: imputed to 1000 Genomes,imputed to 1000 Genomes + GLOBAL: imputed to 1000 Genomes + GWAS + replication,Alzheimer’s disease + dementia
4.83e-08,2.82,0.038,rs534551495,9.0,1520,,,,Variant (rs),,,European,CHARGE + ADNI + ADGC + nia-load + Amish,meta-analysis + discovery + replication,imputed to 1000 Genomes project + imputed to 1000 Genomes (1000G) + imputed to HRC + imputed to Haplotype Reference Consortium (HRC) + GLOBAL: imputed to 1000 Genomes,imputed to 1000 Genomes + GLOBAL: imputed to 1000 Genomes + GWAS + replication,Alzheimer’s disease + dementia
0.9356,0.98,0.006,rs534551495,9.0,3350,,,,Variant (rs),,,European,CHARGE + ADNI + ADGC + nia-load + Amish,meta-analysis + discovery + replication,imputed to 1000 Genomes project + imputed to 1000 Genomes (1000G) + imputed to HRC + imputed to Haplotype Reference Consortium (HRC) + GLOBAL: imputed to 1000 Genomes,imputed to 1000 Genomes + GLOBAL: imputed to 1000 Genomes + GWAS + replication,Alzheimer’s disease + dementia
5.26e-08,3.35,0.024,rs145348074,6.0,1520,,,,Variant (rs),,,European,CHARGE + ADNI + ADGC + nia-load + Amish,meta-analysis + discovery + replication,imputed to 1000 Genomes project + imputed to 1000 Genomes (1000G) + imputed to HRC + imputed to Haplotype Reference Consortium (HRC) + GLOBAL: imputed to 1000 Genomes,imputed to 1000 Genomes + GLOBAL: imputed to 1000 Genomes + GWAS + replication,Alzheimer’s disease + dementia
0.4164,1.16,0.013,rs145348074,6.0,3350,,,,Variant (rs),,,European,CHARGE + ADNI + ADGC + nia-load + Amish,meta-analysis + discovery + replication,imputed to 1000 Genomes project + imputed to 1000 Genomes (1000G) + imputed to HRC + imputed to Haplotype Reference Consortium (HRC) + GLOBAL: imputed to 1000 Genomes,imputed to 1000 Genomes + GLOBAL: imputed to 1000 Genomes + GWAS + replication,Alzheimer’s disease + dementia
5.59e-09,6.38,,rs146729640,,17:11183894_G_A,,,Hazard Ratio,,,,European,CHARGE + ADNI + ADGC + nia-load + Amish,meta-analysis + discovery + replication,imputed to 1000 Genomes project + imputed to 1000 Genomes (1000G) + imputed to HRC + imputed to Haplotype Reference Consortium (HRC) + GLOBAL: imputed to 1000 Genomes,imputed to 1000 Genomes + GLOBAL: imputed to 1000 Genomes + GWAS + replication,Alzheimer’s disease + dementia
0.0232,2.93,,rs146729640,,17:11183894_G_A,,,Hazard Ratio,,,,European,CHARGE + ADNI + ADGC + nia-load + Amish,meta-analysis + discovery + replication,imputed to 1000 Genomes project + imputed to 1000 Genomes (1000G) + imputed to HRC + imputed to Haplotype Reference Consortium (HRC) + GLOBAL: imputed to 1000 Genomes,imputed to 1000 Genomes + GLOBAL: imputed to 1000 Genomes + GWAS + replication,Alzheimer’s disease + dementia
8.44e-09,8.96,,rs146729640,,17:11183894_G_A,,,Hazard Ratio,,,,European,CHARGE + ADNI + ADGC + nia-load + Amish,meta-analysis + discovery + replication,imputed to 1000 Genomes project + imputed to 1000 Genomes (1000G) + imputed to HRC + imputed to Haplotype Reference Consortium (HRC) + GLOBAL: imputed to 1000 Genomes,imputed to 1000 Genomes + GLOBAL: imputed to 1000 Genomes + GWAS + replication,Alzheimer’s disease + dementia
5.59e-09,3.42,,rs146729640,,17:11183894_G_A,,,Hazard Ratio 95% CI,,,,European,CHARGE + ADNI + ADGC + nia-load + Amish,meta-analysis + discovery + replication,imputed to 1000 Genomes project + imputed to 1000 Genomes (1000G) + imputed to HRC + imputed to Haplotype Reference Consortium (HRC) + GLOBAL: imputed to 1000 Genomes,imputed to 1000 Genomes + GLOBAL: imputed to 1000 Genomes + GWAS + replication,Alzheimer’s disease + dementia
0.0232,1.16,,rs146729640,,17:11183894_G_A,,,Hazard Ratio 95% CI,,,,European,CHARGE + ADNI + ADGC + nia-load + Amish,meta-analysis + discovery + replication,imputed to 1000 Genomes project + imputed to 1000 Genomes (1000G) + imputed to HRC + imputed to Haplotype Reference Consortium (HRC) + GLOBAL: imputed to 1000 Genomes,imputed to 1000 Genomes + GLOBAL: imputed to 1000 Genomes + GWAS + replication,Alzheimer’s disease + dementia
8.44e-09,4.25,,rs146729640,,17:11183894_G_A,,,Hazard Ratio 95% CI,,,,European,CHARGE + ADNI + ADGC + nia-load + Amish,meta-analysis + discovery + replication,imputed to 1000 Genomes project + imputed to 1000 Genomes (1000G) + imputed to HRC + imputed to Haplotype Reference Consortium (HRC) + GLOBAL: imputed to 1000 Genomes,imputed to 1000 Genomes + GLOBAL: imputed to 1000 Genomes + GWAS + replication,Alzheimer’s disease + dementia
,,1785.0,,,,,,,,,,,,,,,
,,,,,,,,,,,,,,,,,
,,,,,,,,,,,,,,,,,
,,73.1,,,,,,,,,,,,,,,
,,1326.0,,,,,,,,,,,,,,,
,,459.0,,,,,,,,,,,,,,,
,,72.5,,,,,,,,,,,,,,,
,,74.8,,,,,,,,,,,,,,,
,,,,,,,,Number of observations,,,,European,CHARGE + ADNI + ADGC + nia-load + Amish,meta-analysis + discovery + replication,imputed to 1000 Genomes project + imputed to 1000 Genomes (1000G) + imputed to HRC + imputed to Haplotype Reference Consortium (HRC) + GLOBAL: imputed to 1000 Genomes,imputed to 1000 Genomes + GLOBAL: imputed to 1000 Genomes + GWAS + replication,Alzheimer’s disease + dementia
,4872.0,,rs146729640,,,,,Number of observations,,,,European,CHARGE + ADNI + ADGC + nia-load + Amish,meta-analysis + discovery + replication,imputed to 1000 Genomes project + imputed to 1000 Genomes (1000G) + imputed to HRC + imputed to Haplotype Reference Consortium (HRC) + GLOBAL: imputed to 1000 Genomes,imputed to 1000 Genomes + GLOBAL: imputed to 1000 Genomes + GWAS + replication,Alzheimer’s disease + dementia
0.1308,4872.0,,rs146729640,,,,,Number of observations,,,,European,CHARGE + ADNI + ADGC + nia-load + Amish,meta-analysis + discovery + replication,imputed to 1000 Genomes project + imputed to 1000 Genomes (1000G) + imputed to HRC + imputed to Haplotype Reference Consortium (HRC) + GLOBAL: imputed to 1000 Genomes,imputed to 1000 Genomes + GLOBAL: imputed to 1000 Genomes + GWAS + replication,Alzheimer’s disease + dementia
0.0178,2293.0,,rs146729640,,,,,Number of observations,,,,European,CHARGE + ADNI + ADGC + nia-load + Amish,meta-analysis + discovery + replication,imputed to 1000 Genomes project + imputed to 1000 Genomes (1000G) + imputed to HRC + imputed to Haplotype Reference Consortium (HRC) + GLOBAL: imputed to 1000 Genomes,imputed to 1000 Genomes + GLOBAL: imputed to 1000 Genomes + GWAS + replication,Alzheimer’s disease + dementia
0.1219,2293.0,,rs146729640,,,,,Number of observations,,,,European,CHARGE + ADNI + ADGC + nia-load + Amish,meta-analysis + discovery + replication,imputed to 1000 Genomes project + imputed to 1000 Genomes (1000G) + imputed to HRC + imputed to Haplotype Reference Consortium (HRC) + GLOBAL: imputed to 1000 Genomes,imputed to 1000 Genomes + GLOBAL: imputed to 1000 Genomes + GWAS + replication,Alzheimer’s disease + dementia
,2579.0,,rs146729640,,,,,Number of observations,,,,European,CHARGE + ADNI + ADGC + nia-load + Amish,meta-analysis + discovery + replication,imputed to 1000 Genomes project + imputed to 1000 Genomes (1000G) + imputed to HRC + imputed to Haplotype Reference Consortium (HRC) + GLOBAL: imputed to 1000 Genomes,imputed to 1000 Genomes + GLOBAL: imputed to 1000 Genomes + GWAS + replication,Alzheimer’s disease + dementia
0.0831,2579.0,,rs146729640,,,,,Number of observations,,,,European,CHARGE + ADNI + ADGC + nia-load + Amish,meta-analysis + discovery + replication,imputed to 1000 Genomes project + imputed to 1000 Genomes (1000G) + imputed to HRC + imputed to Haplotype Reference Consortium (HRC) + GLOBAL: imputed to 1000 Genomes,imputed to 1000 Genomes + GLOBAL: imputed to 1000 Genomes + GWAS + replication,Alzheimer’s disease + dementia
,,,,,,,,Meta-Analysis results.1,,,,European,CHARGE + ADNI + ADGC + nia-load + Amish,meta-analysis + discovery + replication,imputed to 1000 Genomes project + imputed to 1000 Genomes (1000G) + imputed to HRC + imputed to Haplotype Reference Consortium (HRC) + GLOBAL: imputed to 1000 Genomes,imputed to 1000 Genomes + GLOBAL: imputed to 1000 Genomes + GWAS + replication,Alzheimer’s disease + dementia
,2.07,,rs146729640,,,,,Meta-Analysis results.1,,,,European,CHARGE + ADNI + ADGC + nia-load + Amish,meta-analysis + discovery + replication,imputed to 1000 Genomes project + imputed to 1000 Genomes (1000G) + imputed to HRC + imputed to Haplotype Reference Consortium (HRC) + GLOBAL: imputed to 1000 Genomes,imputed to 1000 Genomes + GLOBAL: imputed to 1000 Genomes + GWAS + replication,Alzheimer’s disease + dementia
0.1308,3.0,,rs146729640,,,,,Meta-Analysis results.1,,,,European,CHARGE + ADNI + ADGC + nia-load + Amish,meta-analysis + discovery + replication,imputed to 1000 Genomes project + imputed to 1000 Genomes (1000G) + imputed to HRC + imputed to Haplotype Reference Consortium (HRC) + GLOBAL: imputed to 1000 Genomes,imputed to 1000 Genomes + GLOBAL: imputed to 1000 Genomes + GWAS + replication,Alzheimer’s disease + dementia
0.0178,1.5,,rs146729640,,,,,Meta-Analysis results.1,,,,European,CHARGE + ADNI + ADGC + nia-load + Amish,meta-analysis + discovery + replication,imputed to 1000 Genomes project + imputed to 1000 Genomes (1000G) + imputed to HRC + imputed to Haplotype Reference Consortium (HRC) + GLOBAL: imputed to 1000 Genomes,imputed to 1000 Genomes + GLOBAL: imputed to 1000 Genomes + GWAS + replication,Alzheimer’s disease + dementia
0.1219,1.76,,rs146729640,,,,,Meta-Analysis results.1,,,,European,CHARGE + ADNI + ADGC + nia-load + Amish,meta-analysis + discovery + replication,imputed to 1000 Genomes project + imputed to 1000 Genomes (1000G) + imputed to HRC + imputed to Haplotype Reference Consortium (HRC) + GLOBAL: imputed to 1000 Genomes,imputed to 1000 Genomes + GLOBAL: imputed to 1000 Genomes + GWAS + replication,Alzheimer’s disease + dementia
,3.56,,rs146729640,,,,,Meta-Analysis results.1,,,,European,CHARGE + ADNI + ADGC + nia-load + Amish,meta-analysis + discovery + replication,imputed to 1000 Genomes project + imputed to 1000 Genomes (1000G) + imputed to HRC + imputed to Haplotype Reference Consortium (HRC) + GLOBAL: imputed to 1000 Genomes,imputed to 1000 Genomes + GLOBAL: imputed to 1000 Genomes + GWAS + replication,Alzheimer’s disease + dementia
0.0831,3.99,,rs146729640,,,,,Meta-Analysis results.1,,,,European,CHARGE + ADNI + ADGC + nia-load + Amish,meta-analysis + discovery + replication,imputed to 1000 Genomes project + imputed to 1000 Genomes (1000G) + imputed to HRC + imputed to Haplotype Reference Consortium (HRC) + GLOBAL: imputed to 1000 Genomes,imputed to 1000 Genomes + GLOBAL: imputed to 1000 Genomes + GWAS + replication,Alzheimer’s disease + dementia
,95.0,,,,,,,Meta-Analysis results.2,,,,European,CHARGE + ADNI + ADGC + nia-load + Amish,meta-analysis + discovery + replication,imputed to 1000 Genomes project + imputed to 1000 Genomes (1000G) + imputed to HRC + imputed to Haplotype Reference Consortium (HRC) + GLOBAL: imputed to 1000 Genomes,imputed to 1000 Genomes + GLOBAL: imputed to 1000 Genomes + GWAS + replication,Alzheimer’s disease + dementia
,1.54,,rs146729640,,,,,Meta-Analysis results.2,,,,European,CHARGE + ADNI + ADGC + nia-load + Amish,meta-analysis + discovery + replication,imputed to 1000 Genomes project + imputed to 1000 Genomes (1000G) + imputed to HRC + imputed to Haplotype Reference Consortium (HRC) + GLOBAL: imputed to 1000 Genomes,imputed to 1000 Genomes + GLOBAL: imputed to 1000 Genomes + GWAS + replication,Alzheimer’s disease + dementia
0.1308,0.72,,rs146729640,,,,,Meta-Analysis results.2,,,,European,CHARGE + ADNI + ADGC + nia-load + Amish,meta-analysis + discovery + replication,imputed to 1000 Genomes project + imputed to 1000 Genomes (1000G) + imputed to HRC + imputed to Haplotype Reference Consortium (HRC) + GLOBAL: imputed to 1000 Genomes,imputed to 1000 Genomes + GLOBAL: imputed to 1000 Genomes + GWAS + replication,Alzheimer’s disease + dementia
0.0178,1.072,,rs146729640,,,,,Meta-Analysis results.2,,,,European,CHARGE + ADNI + ADGC + nia-load + Amish,meta-analysis + discovery + replication,imputed to 1000 Genomes project + imputed to 1000 Genomes (1000G) + imputed to HRC + imputed to Haplotype Reference Consortium (HRC) + GLOBAL: imputed to 1000 Genomes,imputed to 1000 Genomes + GLOBAL: imputed to 1000 Genomes + GWAS + replication,Alzheimer’s disease + dementia
0.1219,0.86,,rs146729640,,,,,Meta-Analysis results.2,,,,European,CHARGE + ADNI + ADGC + nia-load + Amish,meta-analysis + discovery + replication,imputed to 1000 Genomes project + imputed to 1000 Genomes (1000G) + imputed to HRC + imputed to Haplotype Reference Consortium (HRC) + GLOBAL: imputed to 1000 Genomes,imputed to 1000 Genomes + GLOBAL: imputed to 1000 Genomes + GWAS + replication,Alzheimer’s disease + dementia
,2.19,,rs146729640,,,,,Meta-Analysis results.2,,,,European,CHARGE + ADNI + ADGC + nia-load + Amish,meta-analysis + discovery + replication,imputed to 1000 Genomes project + imputed to 1000 Genomes (1000G) + imputed to HRC + imputed to Haplotype Reference Consortium (HRC) + GLOBAL: imputed to 1000 Genomes,imputed to 1000 Genomes + GLOBAL: imputed to 1000 Genomes + GWAS + replication,Alzheimer’s disease + dementia
0.0831,0.83,,rs146729640,,,,,Meta-Analysis results.2,,,,European,CHARGE + ADNI + ADGC + nia-load + Amish,meta-analysis + discovery + replication,imputed to 1000 Genomes project + imputed to 1000 Genomes (1000G) + imputed to HRC + imputed to Haplotype Reference Consortium (HRC) + GLOBAL: imputed to 1000 Genomes,imputed to 1000 Genomes + GLOBAL: imputed to 1000 Genomes + GWAS + replication,Alzheimer’s disease + dementia
