P-value,Effect,AF,SNP,Chr,Position,RA1,RA2,Effect notes,P-value notes,Population,Cohort,Stage,Imputation,Study type,Phenotype
,4.0,,,,A,,A,OR,p,Afr + AMR + EAS + EUR + 1000 Genomes Project + SAS,UK Biobank,Singlevariant analysis + Metaanalysis results + Metaanalysis + Genebased analysis,GLOBAL: imputed to 1000 Genomes + TOPMed,,APOE + Genetic risk factors + Inflammation + Alzheimers disease + BMI + Sex + Longevity + Mitochondria + Genegene interaction + Insulin + Oxidative stress
,4.0,,,,A,,A,OR,p.1,Afr + AMR + EAS + EUR + 1000 Genomes Project + SAS,UK Biobank,Singlevariant analysis + Metaanalysis results + Metaanalysis + Genebased analysis,GLOBAL: imputed to 1000 Genomes + TOPMed,,APOE + Genetic risk factors + Inflammation + Alzheimers disease + BMI + Sex + Longevity + Mitochondria + Genegene interaction + Insulin + Oxidative stress
0.003,0.873,,rs13183641,5.0,95147287,,T,OR,p,Afr + AMR + EAS + EUR + 1000 Genomes Project + SAS,UK Biobank,Singlevariant analysis + Metaanalysis results + Metaanalysis + Genebased analysis,GLOBAL: imputed to 1000 Genomes + TOPMed,,APOE + Genetic risk factors + Inflammation + Alzheimers disease + BMI + Sex + Longevity + Mitochondria + Genegene interaction + Insulin + Oxidative stress
0.01,0.873,,rs13183641,5.0,95147287,,T,OR,p.1,Afr + AMR + EAS + EUR + 1000 Genomes Project + SAS,UK Biobank,Singlevariant analysis + Metaanalysis results + Metaanalysis + Genebased analysis,GLOBAL: imputed to 1000 Genomes + TOPMed,,APOE + Genetic risk factors + Inflammation + Alzheimers disease + BMI + Sex + Longevity + Mitochondria + Genegene interaction + Insulin + Oxidative stress
0.008,0.886,,rs4561,5.0,95152313,,G,OR,p,Afr + AMR + EAS + EUR + 1000 Genomes Project + SAS,UK Biobank,Singlevariant analysis + Metaanalysis results + Metaanalysis + Genebased analysis,GLOBAL: imputed to 1000 Genomes + TOPMed,,APOE + Genetic risk factors + Inflammation + Alzheimers disease + BMI + Sex + Longevity + Mitochondria + Genegene interaction + Insulin + Oxidative stress
0.011,0.886,,rs4561,5.0,95152313,,G,OR,p.1,Afr + AMR + EAS + EUR + 1000 Genomes Project + SAS,UK Biobank,Singlevariant analysis + Metaanalysis results + Metaanalysis + Genebased analysis,GLOBAL: imputed to 1000 Genomes + TOPMed,,APOE + Genetic risk factors + Inflammation + Alzheimers disease + BMI + Sex + Longevity + Mitochondria + Genegene interaction + Insulin + Oxidative stress
0.015,1.119,,rs2348974,5.0,95143394,,C,OR,p,Afr + AMR + EAS + EUR + 1000 Genomes Project + SAS,UK Biobank,Singlevariant analysis + Metaanalysis results + Metaanalysis + Genebased analysis,GLOBAL: imputed to 1000 Genomes + TOPMed,,APOE + Genetic risk factors + Inflammation + Alzheimers disease + BMI + Sex + Longevity + Mitochondria + Genegene interaction + Insulin + Oxidative stress
0.014,1.119,,rs2348974,5.0,95143394,,C,OR,p.1,Afr + AMR + EAS + EUR + 1000 Genomes Project + SAS,UK Biobank,Singlevariant analysis + Metaanalysis results + Metaanalysis + Genebased analysis,GLOBAL: imputed to 1000 Genomes + TOPMed,,APOE + Genetic risk factors + Inflammation + Alzheimers disease + BMI + Sex + Longevity + Mitochondria + Genegene interaction + Insulin + Oxidative stress
0.038,0.908,,rs6556881,5.0,95134419,,G,OR,p,Afr + AMR + EAS + EUR + 1000 Genomes Project + SAS,UK Biobank,Singlevariant analysis + Metaanalysis results + Metaanalysis + Genebased analysis,GLOBAL: imputed to 1000 Genomes + TOPMed,,APOE + Genetic risk factors + Inflammation + Alzheimers disease + BMI + Sex + Longevity + Mitochondria + Genegene interaction + Insulin + Oxidative stress
0.034,0.908,,rs6556881,5.0,95134419,,G,OR,p.1,Afr + AMR + EAS + EUR + 1000 Genomes Project + SAS,UK Biobank,Singlevariant analysis + Metaanalysis results + Metaanalysis + Genebased analysis,GLOBAL: imputed to 1000 Genomes + TOPMed,,APOE + Genetic risk factors + Inflammation + Alzheimers disease + BMI + Sex + Longevity + Mitochondria + Genegene interaction + Insulin + Oxidative stress
0.029,1.11,,rs34886287,5.0,80077309,,C,OR,p,Afr + AMR + EAS + EUR + 1000 Genomes Project + SAS,UK Biobank,Singlevariant analysis + Metaanalysis results + Metaanalysis + Genebased analysis,GLOBAL: imputed to 1000 Genomes + TOPMed,,APOE + Genetic risk factors + Inflammation + Alzheimers disease + BMI + Sex + Longevity + Mitochondria + Genegene interaction + Insulin + Oxidative stress
0.007,1.11,,rs34886287,5.0,80077309,,C,OR,p.1,Afr + AMR + EAS + EUR + 1000 Genomes Project + SAS,UK Biobank,Singlevariant analysis + Metaanalysis results + Metaanalysis + Genebased analysis,GLOBAL: imputed to 1000 Genomes + TOPMed,,APOE + Genetic risk factors + Inflammation + Alzheimers disease + BMI + Sex + Longevity + Mitochondria + Genegene interaction + Insulin + Oxidative stress
0.048,1.111,,rs2645429,8.0,11660051,,A,OR,p,Afr + AMR + EAS + EUR + 1000 Genomes Project + SAS,UK Biobank,Singlevariant analysis + Metaanalysis results + Metaanalysis + Genebased analysis,GLOBAL: imputed to 1000 Genomes + TOPMed,,APOE + Genetic risk factors + Inflammation + Alzheimers disease + BMI + Sex + Longevity + Mitochondria + Genegene interaction + Insulin + Oxidative stress
0.016,1.111,,rs2645429,8.0,11660051,,A,OR,p.1,Afr + AMR + EAS + EUR + 1000 Genomes Project + SAS,UK Biobank,Singlevariant analysis + Metaanalysis results + Metaanalysis + Genebased analysis,GLOBAL: imputed to 1000 Genomes + TOPMed,,APOE + Genetic risk factors + Inflammation + Alzheimers disease + BMI + Sex + Longevity + Mitochondria + Genegene interaction + Insulin + Oxidative stress
0.027,0.902,,rs2645433,8.0,11657921,,C,OR,p,Afr + AMR + EAS + EUR + 1000 Genomes Project + SAS,UK Biobank,Singlevariant analysis + Metaanalysis results + Metaanalysis + Genebased analysis,GLOBAL: imputed to 1000 Genomes + TOPMed,,APOE + Genetic risk factors + Inflammation + Alzheimers disease + BMI + Sex + Longevity + Mitochondria + Genegene interaction + Insulin + Oxidative stress
0.035,0.902,,rs2645433,8.0,11657921,,C,OR,p.1,Afr + AMR + EAS + EUR + 1000 Genomes Project + SAS,UK Biobank,Singlevariant analysis + Metaanalysis results + Metaanalysis + Genebased analysis,GLOBAL: imputed to 1000 Genomes + TOPMed,,APOE + Genetic risk factors + Inflammation + Alzheimers disease + BMI + Sex + Longevity + Mitochondria + Genegene interaction + Insulin + Oxidative stress
0.037,1.26,,rs112267867,9.0,118905353,,A,OR,p,Afr + AMR + EAS + EUR + 1000 Genomes Project + SAS,UK Biobank,Singlevariant analysis + Metaanalysis results + Metaanalysis + Genebased analysis,GLOBAL: imputed to 1000 Genomes + TOPMed,,APOE + Genetic risk factors + Inflammation + Alzheimers disease + BMI + Sex + Longevity + Mitochondria + Genegene interaction + Insulin + Oxidative stress
0.044,1.26,,rs112267867,9.0,118905353,,A,OR,p.1,Afr + AMR + EAS + EUR + 1000 Genomes Project + SAS,UK Biobank,Singlevariant analysis + Metaanalysis results + Metaanalysis + Genebased analysis,GLOBAL: imputed to 1000 Genomes + TOPMed,,APOE + Genetic risk factors + Inflammation + Alzheimers disease + BMI + Sex + Longevity + Mitochondria + Genegene interaction + Insulin + Oxidative stress
0.006,0.836,,rs6583817,10.0,94247247,,T,OR,p,Afr + AMR + EAS + EUR + 1000 Genomes Project + SAS,UK Biobank,Singlevariant analysis + Metaanalysis results + Metaanalysis + Genebased analysis,GLOBAL: imputed to 1000 Genomes + TOPMed,,APOE + Genetic risk factors + Inflammation + Alzheimers disease + BMI + Sex + Longevity + Mitochondria + Genegene interaction + Insulin + Oxidative stress
0.005,0.836,,rs6583817,10.0,94247247,,T,OR,p.1,Afr + AMR + EAS + EUR + 1000 Genomes Project + SAS,UK Biobank,Singlevariant analysis + Metaanalysis results + Metaanalysis + Genebased analysis,GLOBAL: imputed to 1000 Genomes + TOPMed,,APOE + Genetic risk factors + Inflammation + Alzheimers disease + BMI + Sex + Longevity + Mitochondria + Genegene interaction + Insulin + Oxidative stress
0.042,0.895,,rs4752254,10.0,120910136,,C,OR,p,Afr + AMR + EAS + EUR + 1000 Genomes Project + SAS,UK Biobank,Singlevariant analysis + Metaanalysis results + Metaanalysis + Genebased analysis,GLOBAL: imputed to 1000 Genomes + TOPMed,,APOE + Genetic risk factors + Inflammation + Alzheimers disease + BMI + Sex + Longevity + Mitochondria + Genegene interaction + Insulin + Oxidative stress
0.036,0.895,,rs4752254,10.0,120910136,,C,OR,p.1,Afr + AMR + EAS + EUR + 1000 Genomes Project + SAS,UK Biobank,Singlevariant analysis + Metaanalysis results + Metaanalysis + Genebased analysis,GLOBAL: imputed to 1000 Genomes + TOPMed,,APOE + Genetic risk factors + Inflammation + Alzheimers disease + BMI + Sex + Longevity + Mitochondria + Genegene interaction + Insulin + Oxidative stress
0.016,1.23,,rs2860173,19.0,7129086,,A,OR,p,Afr + AMR + EAS + EUR + 1000 Genomes Project + SAS,UK Biobank,Singlevariant analysis + Metaanalysis results + Metaanalysis + Genebased analysis,GLOBAL: imputed to 1000 Genomes + TOPMed,,APOE + Genetic risk factors + Inflammation + Alzheimers disease + BMI + Sex + Longevity + Mitochondria + Genegene interaction + Insulin + Oxidative stress
0.039,1.23,,rs2860173,19.0,7129086,,A,OR,p.1,Afr + AMR + EAS + EUR + 1000 Genomes Project + SAS,UK Biobank,Singlevariant analysis + Metaanalysis results + Metaanalysis + Genebased analysis,GLOBAL: imputed to 1000 Genomes + TOPMed,,APOE + Genetic risk factors + Inflammation + Alzheimers disease + BMI + Sex + Longevity + Mitochondria + Genegene interaction + Insulin + Oxidative stress
0.042,1.169,,rs12979722,19.0,7118878,,C,OR,p,Afr + AMR + EAS + EUR + 1000 Genomes Project + SAS,UK Biobank,Singlevariant analysis + Metaanalysis results + Metaanalysis + Genebased analysis,GLOBAL: imputed to 1000 Genomes + TOPMed,,APOE + Genetic risk factors + Inflammation + Alzheimers disease + BMI + Sex + Longevity + Mitochondria + Genegene interaction + Insulin + Oxidative stress
0.006,1.169,,rs12979722,19.0,7118878,,C,OR,p.1,Afr + AMR + EAS + EUR + 1000 Genomes Project + SAS,UK Biobank,Singlevariant analysis + Metaanalysis results + Metaanalysis + Genebased analysis,GLOBAL: imputed to 1000 Genomes + TOPMed,,APOE + Genetic risk factors + Inflammation + Alzheimers disease + BMI + Sex + Longevity + Mitochondria + Genegene interaction + Insulin + Oxidative stress
,4.0,,,,B,,B,OR,p,Afr + AMR + EAS + EUR + 1000 Genomes Project + SAS,UK Biobank,Singlevariant analysis + Metaanalysis results + Metaanalysis + Genebased analysis,GLOBAL: imputed to 1000 Genomes + TOPMed,,APOE + Genetic risk factors + Inflammation + Alzheimers disease + BMI + Sex + Longevity + Mitochondria + Genegene interaction + Insulin + Oxidative stress
,4.0,,,,B,,B,OR,p.1,Afr + AMR + EAS + EUR + 1000 Genomes Project + SAS,UK Biobank,Singlevariant analysis + Metaanalysis results + Metaanalysis + Genebased analysis,GLOBAL: imputed to 1000 Genomes + TOPMed,,APOE + Genetic risk factors + Inflammation + Alzheimers disease + BMI + Sex + Longevity + Mitochondria + Genegene interaction + Insulin + Oxidative stress
0.005,1.45,,rs78686161,1.0,242065356,,A,OR,p,Afr + AMR + EAS + EUR + 1000 Genomes Project + SAS,UK Biobank,Singlevariant analysis + Metaanalysis results + Metaanalysis + Genebased analysis,GLOBAL: imputed to 1000 Genomes + TOPMed,,APOE + Genetic risk factors + Inflammation + Alzheimers disease + BMI + Sex + Longevity + Mitochondria + Genegene interaction + Insulin + Oxidative stress
0.006,1.45,,rs78686161,1.0,242065356,,A,OR,p.1,Afr + AMR + EAS + EUR + 1000 Genomes Project + SAS,UK Biobank,Singlevariant analysis + Metaanalysis results + Metaanalysis + Genebased analysis,GLOBAL: imputed to 1000 Genomes + TOPMed,,APOE + Genetic risk factors + Inflammation + Alzheimers disease + BMI + Sex + Longevity + Mitochondria + Genegene interaction + Insulin + Oxidative stress
0.009,0.859,,rs670548,6.0,53366989,,C,OR,p,Afr + AMR + EAS + EUR + 1000 Genomes Project + SAS,UK Biobank,Singlevariant analysis + Metaanalysis results + Metaanalysis + Genebased analysis,GLOBAL: imputed to 1000 Genomes + TOPMed,,APOE + Genetic risk factors + Inflammation + Alzheimers disease + BMI + Sex + Longevity + Mitochondria + Genegene interaction + Insulin + Oxidative stress
0.015,0.859,,rs670548,6.0,53366989,,C,OR,p.1,Afr + AMR + EAS + EUR + 1000 Genomes Project + SAS,UK Biobank,Singlevariant analysis + Metaanalysis results + Metaanalysis + Genebased analysis,GLOBAL: imputed to 1000 Genomes + TOPMed,,APOE + Genetic risk factors + Inflammation + Alzheimers disease + BMI + Sex + Longevity + Mitochondria + Genegene interaction + Insulin + Oxidative stress
0.03,1.167,,rs7740677,6.0,46649231,,C,OR,p,Afr + AMR + EAS + EUR + 1000 Genomes Project + SAS,UK Biobank,Singlevariant analysis + Metaanalysis results + Metaanalysis + Genebased analysis,GLOBAL: imputed to 1000 Genomes + TOPMed,,APOE + Genetic risk factors + Inflammation + Alzheimers disease + BMI + Sex + Longevity + Mitochondria + Genegene interaction + Insulin + Oxidative stress
0.013,1.167,,rs7740677,6.0,46649231,,C,OR,p.1,Afr + AMR + EAS + EUR + 1000 Genomes Project + SAS,UK Biobank,Singlevariant analysis + Metaanalysis results + Metaanalysis + Genebased analysis,GLOBAL: imputed to 1000 Genomes + TOPMed,,APOE + Genetic risk factors + Inflammation + Alzheimers disease + BMI + Sex + Longevity + Mitochondria + Genegene interaction + Insulin + Oxidative stress
0.033,0.832,,rs17069665,6.0,108941468,,G,OR,p,Afr + AMR + EAS + EUR + 1000 Genomes Project + SAS,UK Biobank,Singlevariant analysis + Metaanalysis results + Metaanalysis + Genebased analysis,GLOBAL: imputed to 1000 Genomes + TOPMed,,APOE + Genetic risk factors + Inflammation + Alzheimers disease + BMI + Sex + Longevity + Mitochondria + Genegene interaction + Insulin + Oxidative stress
0.031,0.832,,rs17069665,6.0,108941468,,G,OR,p.1,Afr + AMR + EAS + EUR + 1000 Genomes Project + SAS,UK Biobank,Singlevariant analysis + Metaanalysis results + Metaanalysis + Genebased analysis,GLOBAL: imputed to 1000 Genomes + TOPMed,,APOE + Genetic risk factors + Inflammation + Alzheimers disease + BMI + Sex + Longevity + Mitochondria + Genegene interaction + Insulin + Oxidative stress
0.038,0.848,,rs2684794,15.0,99484953,,C,OR,p,Afr + AMR + EAS + EUR + 1000 Genomes Project + SAS,UK Biobank,Singlevariant analysis + Metaanalysis results + Metaanalysis + Genebased analysis,GLOBAL: imputed to 1000 Genomes + TOPMed,,APOE + Genetic risk factors + Inflammation + Alzheimers disease + BMI + Sex + Longevity + Mitochondria + Genegene interaction + Insulin + Oxidative stress
0.049,0.848,,rs2684794,15.0,99484953,,C,OR,p.1,Afr + AMR + EAS + EUR + 1000 Genomes Project + SAS,UK Biobank,Singlevariant analysis + Metaanalysis results + Metaanalysis + Genebased analysis,GLOBAL: imputed to 1000 Genomes + TOPMed,,APOE + Genetic risk factors + Inflammation + Alzheimers disease + BMI + Sex + Longevity + Mitochondria + Genegene interaction + Insulin + Oxidative stress
0.036,1.126,,rs7245548,19.0,45981840,,T,OR,p,Afr + AMR + EAS + EUR + 1000 Genomes Project + SAS,UK Biobank,Singlevariant analysis + Metaanalysis results + Metaanalysis + Genebased analysis,GLOBAL: imputed to 1000 Genomes + TOPMed,,APOE + Genetic risk factors + Inflammation + Alzheimers disease + BMI + Sex + Longevity + Mitochondria + Genegene interaction + Insulin + Oxidative stress
0.049,1.126,,rs7245548,19.0,45981840,,T,OR,p.1,Afr + AMR + EAS + EUR + 1000 Genomes Project + SAS,UK Biobank,Singlevariant analysis + Metaanalysis results + Metaanalysis + Genebased analysis,GLOBAL: imputed to 1000 Genomes + TOPMed,,APOE + Genetic risk factors + Inflammation + Alzheimers disease + BMI + Sex + Longevity + Mitochondria + Genegene interaction + Insulin + Oxidative stress
0.042,0.889,,rs4803825,19.0,45986483,,G,OR,p,Afr + AMR + EAS + EUR + 1000 Genomes Project + SAS,UK Biobank,Singlevariant analysis + Metaanalysis results + Metaanalysis + Genebased analysis,GLOBAL: imputed to 1000 Genomes + TOPMed,,APOE + Genetic risk factors + Inflammation + Alzheimers disease + BMI + Sex + Longevity + Mitochondria + Genegene interaction + Insulin + Oxidative stress
0.012,0.889,,rs4803825,19.0,45986483,,G,OR,p.1,Afr + AMR + EAS + EUR + 1000 Genomes Project + SAS,UK Biobank,Singlevariant analysis + Metaanalysis results + Metaanalysis + Genebased analysis,GLOBAL: imputed to 1000 Genomes + TOPMed,,APOE + Genetic risk factors + Inflammation + Alzheimers disease + BMI + Sex + Longevity + Mitochondria + Genegene interaction + Insulin + Oxidative stress
0.046,1.129,,rs4328554,19.0,7249830,,T,OR,p,Afr + AMR + EAS + EUR + 1000 Genomes Project + SAS,UK Biobank,Singlevariant analysis + Metaanalysis results + Metaanalysis + Genebased analysis,GLOBAL: imputed to 1000 Genomes + TOPMed,,APOE + Genetic risk factors + Inflammation + Alzheimers disease + BMI + Sex + Longevity + Mitochondria + Genegene interaction + Insulin + Oxidative stress
0.014,1.129,,rs4328554,19.0,7249830,,T,OR,p.1,Afr + AMR + EAS + EUR + 1000 Genomes Project + SAS,UK Biobank,Singlevariant analysis + Metaanalysis results + Metaanalysis + Genebased analysis,GLOBAL: imputed to 1000 Genomes + TOPMed,,APOE + Genetic risk factors + Inflammation + Alzheimers disease + BMI + Sex + Longevity + Mitochondria + Genegene interaction + Insulin + Oxidative stress
,4.0,,,,C,,C,OR,p,Afr + AMR + EAS + EUR + 1000 Genomes Project + SAS,UK Biobank,Singlevariant analysis + Metaanalysis results + Metaanalysis + Genebased analysis,GLOBAL: imputed to 1000 Genomes + TOPMed,,APOE + Genetic risk factors + Inflammation + Alzheimers disease + BMI + Sex + Longevity + Mitochondria + Genegene interaction + Insulin + Oxidative stress
,4.0,,,,C,,C,OR,p.1,Afr + AMR + EAS + EUR + 1000 Genomes Project + SAS,UK Biobank,Singlevariant analysis + Metaanalysis results + Metaanalysis + Genebased analysis,GLOBAL: imputed to 1000 Genomes + TOPMed,,APOE + Genetic risk factors + Inflammation + Alzheimers disease + BMI + Sex + Longevity + Mitochondria + Genegene interaction + Insulin + Oxidative stress
0.018,0.858,,rs17882672,6.0,53408883,,T,OR,p,Afr + AMR + EAS + EUR + 1000 Genomes Project + SAS,UK Biobank,Singlevariant analysis + Metaanalysis results + Metaanalysis + Genebased analysis,GLOBAL: imputed to 1000 Genomes + TOPMed,,APOE + Genetic risk factors + Inflammation + Alzheimers disease + BMI + Sex + Longevity + Mitochondria + Genegene interaction + Insulin + Oxidative stress
0.018,0.858,,rs17882672,6.0,53408883,,T,OR,p.1,Afr + AMR + EAS + EUR + 1000 Genomes Project + SAS,UK Biobank,Singlevariant analysis + Metaanalysis results + Metaanalysis + Genebased analysis,GLOBAL: imputed to 1000 Genomes + TOPMed,,APOE + Genetic risk factors + Inflammation + Alzheimers disease + BMI + Sex + Longevity + Mitochondria + Genegene interaction + Insulin + Oxidative stress
0.017,0.878,,rs7092649,10.0,60005202,,A,OR,p,Afr + AMR + EAS + EUR + 1000 Genomes Project + SAS,UK Biobank,Singlevariant analysis + Metaanalysis results + Metaanalysis + Genebased analysis,GLOBAL: imputed to 1000 Genomes + TOPMed,,APOE + Genetic risk factors + Inflammation + Alzheimers disease + BMI + Sex + Longevity + Mitochondria + Genegene interaction + Insulin + Oxidative stress
0.037,0.878,,rs7092649,10.0,60005202,,A,OR,p.1,Afr + AMR + EAS + EUR + 1000 Genomes Project + SAS,UK Biobank,Singlevariant analysis + Metaanalysis results + Metaanalysis + Genebased analysis,GLOBAL: imputed to 1000 Genomes + TOPMed,,APOE + Genetic risk factors + Inflammation + Alzheimers disease + BMI + Sex + Longevity + Mitochondria + Genegene interaction + Insulin + Oxidative stress
0.025,1.139,,rs17636964,10.0,59953046,,C,OR,p,Afr + AMR + EAS + EUR + 1000 Genomes Project + SAS,UK Biobank,Singlevariant analysis + Metaanalysis results + Metaanalysis + Genebased analysis,GLOBAL: imputed to 1000 Genomes + TOPMed,,APOE + Genetic risk factors + Inflammation + Alzheimers disease + BMI + Sex + Longevity + Mitochondria + Genegene interaction + Insulin + Oxidative stress
0.029,1.139,,rs17636964,10.0,59953046,,C,OR,p.1,Afr + AMR + EAS + EUR + 1000 Genomes Project + SAS,UK Biobank,Singlevariant analysis + Metaanalysis results + Metaanalysis + Genebased analysis,GLOBAL: imputed to 1000 Genomes + TOPMed,,APOE + Genetic risk factors + Inflammation + Alzheimers disease + BMI + Sex + Longevity + Mitochondria + Genegene interaction + Insulin + Oxidative stress
0.038,0.826,,rs1625716,10.0,59960083,,G,OR,p,Afr + AMR + EAS + EUR + 1000 Genomes Project + SAS,UK Biobank,Singlevariant analysis + Metaanalysis results + Metaanalysis + Genebased analysis,GLOBAL: imputed to 1000 Genomes + TOPMed,,APOE + Genetic risk factors + Inflammation + Alzheimers disease + BMI + Sex + Longevity + Mitochondria + Genegene interaction + Insulin + Oxidative stress
0.033,0.826,,rs1625716,10.0,59960083,,G,OR,p.1,Afr + AMR + EAS + EUR + 1000 Genomes Project + SAS,UK Biobank,Singlevariant analysis + Metaanalysis results + Metaanalysis + Genebased analysis,GLOBAL: imputed to 1000 Genomes + TOPMed,,APOE + Genetic risk factors + Inflammation + Alzheimers disease + BMI + Sex + Longevity + Mitochondria + Genegene interaction + Insulin + Oxidative stress
0.002,0.861,,rs7138318,12.0,104736394,,C,OR,p,Afr + AMR + EAS + EUR + 1000 Genomes Project + SAS,UK Biobank,Singlevariant analysis + Metaanalysis results + Metaanalysis + Genebased analysis,GLOBAL: imputed to 1000 Genomes + TOPMed,,APOE + Genetic risk factors + Inflammation + Alzheimers disease + BMI + Sex + Longevity + Mitochondria + Genegene interaction + Insulin + Oxidative stress
0.024,0.861,,rs7138318,12.0,104736394,,C,OR,p.1,Afr + AMR + EAS + EUR + 1000 Genomes Project + SAS,UK Biobank,Singlevariant analysis + Metaanalysis results + Metaanalysis + Genebased analysis,GLOBAL: imputed to 1000 Genomes + TOPMed,,APOE + Genetic risk factors + Inflammation + Alzheimers disease + BMI + Sex + Longevity + Mitochondria + Genegene interaction + Insulin + Oxidative stress
0.018,0.81,,rs7979495,12.0,104625779,,G,OR,p,Afr + AMR + EAS + EUR + 1000 Genomes Project + SAS,UK Biobank,Singlevariant analysis + Metaanalysis results + Metaanalysis + Genebased analysis,GLOBAL: imputed to 1000 Genomes + TOPMed,,APOE + Genetic risk factors + Inflammation + Alzheimers disease + BMI + Sex + Longevity + Mitochondria + Genegene interaction + Insulin + Oxidative stress
0.047,0.81,,rs7979495,12.0,104625779,,G,OR,p.1,Afr + AMR + EAS + EUR + 1000 Genomes Project + SAS,UK Biobank,Singlevariant analysis + Metaanalysis results + Metaanalysis + Genebased analysis,GLOBAL: imputed to 1000 Genomes + TOPMed,,APOE + Genetic risk factors + Inflammation + Alzheimers disease + BMI + Sex + Longevity + Mitochondria + Genegene interaction + Insulin + Oxidative stress
0.003,1.232,,rs141516621,19.0,7280152,,A,OR,p,Afr + AMR + EAS + EUR + 1000 Genomes Project + SAS,UK Biobank,Singlevariant analysis + Metaanalysis results + Metaanalysis + Genebased analysis,GLOBAL: imputed to 1000 Genomes + TOPMed,,APOE + Genetic risk factors + Inflammation + Alzheimers disease + BMI + Sex + Longevity + Mitochondria + Genegene interaction + Insulin + Oxidative stress
0.043,1.232,,rs141516621,19.0,7280152,,A,OR,p.1,Afr + AMR + EAS + EUR + 1000 Genomes Project + SAS,UK Biobank,Singlevariant analysis + Metaanalysis results + Metaanalysis + Genebased analysis,GLOBAL: imputed to 1000 Genomes + TOPMed,,APOE + Genetic risk factors + Inflammation + Alzheimers disease + BMI + Sex + Longevity + Mitochondria + Genegene interaction + Insulin + Oxidative stress
0.048,1.141,,rs7258382,19.0,7262569,,C,OR,p,Afr + AMR + EAS + EUR + 1000 Genomes Project + SAS,UK Biobank,Singlevariant analysis + Metaanalysis results + Metaanalysis + Genebased analysis,GLOBAL: imputed to 1000 Genomes + TOPMed,,APOE + Genetic risk factors + Inflammation + Alzheimers disease + BMI + Sex + Longevity + Mitochondria + Genegene interaction + Insulin + Oxidative stress
0.027,1.141,,rs7258382,19.0,7262569,,C,OR,p.1,Afr + AMR + EAS + EUR + 1000 Genomes Project + SAS,UK Biobank,Singlevariant analysis + Metaanalysis results + Metaanalysis + Genebased analysis,GLOBAL: imputed to 1000 Genomes + TOPMed,,APOE + Genetic risk factors + Inflammation + Alzheimers disease + BMI + Sex + Longevity + Mitochondria + Genegene interaction + Insulin + Oxidative stress
,4.0,,,,D,,D,OR,p,Afr + AMR + EAS + EUR + 1000 Genomes Project + SAS,UK Biobank,Singlevariant analysis + Metaanalysis results + Metaanalysis + Genebased analysis,GLOBAL: imputed to 1000 Genomes + TOPMed,,APOE + Genetic risk factors + Inflammation + Alzheimers disease + BMI + Sex + Longevity + Mitochondria + Genegene interaction + Insulin + Oxidative stress
,4.0,,,,D,,D,OR,p.1,Afr + AMR + EAS + EUR + 1000 Genomes Project + SAS,UK Biobank,Singlevariant analysis + Metaanalysis results + Metaanalysis + Genebased analysis,GLOBAL: imputed to 1000 Genomes + TOPMed,,APOE + Genetic risk factors + Inflammation + Alzheimers disease + BMI + Sex + Longevity + Mitochondria + Genegene interaction + Insulin + Oxidative stress
0.011,1.098,,rs2010704,2.0,31622465,,A,OR,p,Afr + AMR + EAS + EUR + 1000 Genomes Project + SAS,UK Biobank,Singlevariant analysis + Metaanalysis results + Metaanalysis + Genebased analysis,GLOBAL: imputed to 1000 Genomes + TOPMed,,APOE + Genetic risk factors + Inflammation + Alzheimers disease + BMI + Sex + Longevity + Mitochondria + Genegene interaction + Insulin + Oxidative stress
0.03,1.098,,rs2010704,2.0,31622465,,A,OR,p.1,Afr + AMR + EAS + EUR + 1000 Genomes Project + SAS,UK Biobank,Singlevariant analysis + Metaanalysis results + Metaanalysis + Genebased analysis,GLOBAL: imputed to 1000 Genomes + TOPMed,,APOE + Genetic risk factors + Inflammation + Alzheimers disease + BMI + Sex + Longevity + Mitochondria + Genegene interaction + Insulin + Oxidative stress
0.034,1.092,,rs147249797,2.0,31601541,,T,OR,p,Afr + AMR + EAS + EUR + 1000 Genomes Project + SAS,UK Biobank,Singlevariant analysis + Metaanalysis results + Metaanalysis + Genebased analysis,GLOBAL: imputed to 1000 Genomes + TOPMed,,APOE + Genetic risk factors + Inflammation + Alzheimers disease + BMI + Sex + Longevity + Mitochondria + Genegene interaction + Insulin + Oxidative stress
0.029,1.092,,rs147249797,2.0,31601541,,T,OR,p.1,Afr + AMR + EAS + EUR + 1000 Genomes Project + SAS,UK Biobank,Singlevariant analysis + Metaanalysis results + Metaanalysis + Genebased analysis,GLOBAL: imputed to 1000 Genomes + TOPMed,,APOE + Genetic risk factors + Inflammation + Alzheimers disease + BMI + Sex + Longevity + Mitochondria + Genegene interaction + Insulin + Oxidative stress
0.038,1.078,,,9.0,110065158,,C,OR,p,Afr + AMR + EAS + EUR + 1000 Genomes Project + SAS,UK Biobank,Singlevariant analysis + Metaanalysis results + Metaanalysis + Genebased analysis,GLOBAL: imputed to 1000 Genomes + TOPMed,,APOE + Genetic risk factors + Inflammation + Alzheimers disease + BMI + Sex + Longevity + Mitochondria + Genegene interaction + Insulin + Oxidative stress
0.041,1.078,,,9.0,110065158,,C,OR,p.1,Afr + AMR + EAS + EUR + 1000 Genomes Project + SAS,UK Biobank,Singlevariant analysis + Metaanalysis results + Metaanalysis + Genebased analysis,GLOBAL: imputed to 1000 Genomes + TOPMed,,APOE + Genetic risk factors + Inflammation + Alzheimers disease + BMI + Sex + Longevity + Mitochondria + Genegene interaction + Insulin + Oxidative stress
0.032,1.157,,rs2494741,14.0,105249322,,T,OR,p,Afr + AMR + EAS + EUR + 1000 Genomes Project + SAS,UK Biobank,Singlevariant analysis + Metaanalysis results + Metaanalysis + Genebased analysis,GLOBAL: imputed to 1000 Genomes + TOPMed,,APOE + Genetic risk factors + Inflammation + Alzheimers disease + BMI + Sex + Longevity + Mitochondria + Genegene interaction + Insulin + Oxidative stress
0.002,1.157,,rs2494741,14.0,105249322,,T,OR,p.1,Afr + AMR + EAS + EUR + 1000 Genomes Project + SAS,UK Biobank,Singlevariant analysis + Metaanalysis results + Metaanalysis + Genebased analysis,GLOBAL: imputed to 1000 Genomes + TOPMed,,APOE + Genetic risk factors + Inflammation + Alzheimers disease + BMI + Sex + Longevity + Mitochondria + Genegene interaction + Insulin + Oxidative stress
,4.0,,,,A,,A,OR.1,p,Afr + AMR + EAS + EUR + 1000 Genomes Project + SAS,UK Biobank,Singlevariant analysis + Metaanalysis results + Metaanalysis + Genebased analysis,GLOBAL: imputed to 1000 Genomes + TOPMed,,APOE + Genetic risk factors + Inflammation + Alzheimers disease + BMI + Sex + Longevity + Mitochondria + Genegene interaction + Insulin + Oxidative stress
,4.0,,,,A,,A,OR.1,p.1,Afr + AMR + EAS + EUR + 1000 Genomes Project + SAS,UK Biobank,Singlevariant analysis + Metaanalysis results + Metaanalysis + Genebased analysis,GLOBAL: imputed to 1000 Genomes + TOPMed,,APOE + Genetic risk factors + Inflammation + Alzheimers disease + BMI + Sex + Longevity + Mitochondria + Genegene interaction + Insulin + Oxidative stress
0.003,0.909,,rs13183641,5.0,95147287,,T,OR.1,p,Afr + AMR + EAS + EUR + 1000 Genomes Project + SAS,UK Biobank,Singlevariant analysis + Metaanalysis results + Metaanalysis + Genebased analysis,GLOBAL: imputed to 1000 Genomes + TOPMed,,APOE + Genetic risk factors + Inflammation + Alzheimers disease + BMI + Sex + Longevity + Mitochondria + Genegene interaction + Insulin + Oxidative stress
0.01,0.909,,rs13183641,5.0,95147287,,T,OR.1,p.1,Afr + AMR + EAS + EUR + 1000 Genomes Project + SAS,UK Biobank,Singlevariant analysis + Metaanalysis results + Metaanalysis + Genebased analysis,GLOBAL: imputed to 1000 Genomes + TOPMed,,APOE + Genetic risk factors + Inflammation + Alzheimers disease + BMI + Sex + Longevity + Mitochondria + Genegene interaction + Insulin + Oxidative stress
0.008,0.91,,rs4561,5.0,95152313,,G,OR.1,p,Afr + AMR + EAS + EUR + 1000 Genomes Project + SAS,UK Biobank,Singlevariant analysis + Metaanalysis results + Metaanalysis + Genebased analysis,GLOBAL: imputed to 1000 Genomes + TOPMed,,APOE + Genetic risk factors + Inflammation + Alzheimers disease + BMI + Sex + Longevity + Mitochondria + Genegene interaction + Insulin + Oxidative stress
0.011,0.91,,rs4561,5.0,95152313,,G,OR.1,p.1,Afr + AMR + EAS + EUR + 1000 Genomes Project + SAS,UK Biobank,Singlevariant analysis + Metaanalysis results + Metaanalysis + Genebased analysis,GLOBAL: imputed to 1000 Genomes + TOPMed,,APOE + Genetic risk factors + Inflammation + Alzheimers disease + BMI + Sex + Longevity + Mitochondria + Genegene interaction + Insulin + Oxidative stress
0.015,1.093,,rs2348974,5.0,95143394,,C,OR.1,p,Afr + AMR + EAS + EUR + 1000 Genomes Project + SAS,UK Biobank,Singlevariant analysis + Metaanalysis results + Metaanalysis + Genebased analysis,GLOBAL: imputed to 1000 Genomes + TOPMed,,APOE + Genetic risk factors + Inflammation + Alzheimers disease + BMI + Sex + Longevity + Mitochondria + Genegene interaction + Insulin + Oxidative stress
0.014,1.093,,rs2348974,5.0,95143394,,C,OR.1,p.1,Afr + AMR + EAS + EUR + 1000 Genomes Project + SAS,UK Biobank,Singlevariant analysis + Metaanalysis results + Metaanalysis + Genebased analysis,GLOBAL: imputed to 1000 Genomes + TOPMed,,APOE + Genetic risk factors + Inflammation + Alzheimers disease + BMI + Sex + Longevity + Mitochondria + Genegene interaction + Insulin + Oxidative stress
0.038,0.925,,rs6556881,5.0,95134419,,G,OR.1,p,Afr + AMR + EAS + EUR + 1000 Genomes Project + SAS,UK Biobank,Singlevariant analysis + Metaanalysis results + Metaanalysis + Genebased analysis,GLOBAL: imputed to 1000 Genomes + TOPMed,,APOE + Genetic risk factors + Inflammation + Alzheimers disease + BMI + Sex + Longevity + Mitochondria + Genegene interaction + Insulin + Oxidative stress
0.034,0.925,,rs6556881,5.0,95134419,,G,OR.1,p.1,Afr + AMR + EAS + EUR + 1000 Genomes Project + SAS,UK Biobank,Singlevariant analysis + Metaanalysis results + Metaanalysis + Genebased analysis,GLOBAL: imputed to 1000 Genomes + TOPMed,,APOE + Genetic risk factors + Inflammation + Alzheimers disease + BMI + Sex + Longevity + Mitochondria + Genegene interaction + Insulin + Oxidative stress
0.029,1.105,,rs34886287,5.0,80077309,,C,OR.1,p,Afr + AMR + EAS + EUR + 1000 Genomes Project + SAS,UK Biobank,Singlevariant analysis + Metaanalysis results + Metaanalysis + Genebased analysis,GLOBAL: imputed to 1000 Genomes + TOPMed,,APOE + Genetic risk factors + Inflammation + Alzheimers disease + BMI + Sex + Longevity + Mitochondria + Genegene interaction + Insulin + Oxidative stress
0.007,1.105,,rs34886287,5.0,80077309,,C,OR.1,p.1,Afr + AMR + EAS + EUR + 1000 Genomes Project + SAS,UK Biobank,Singlevariant analysis + Metaanalysis results + Metaanalysis + Genebased analysis,GLOBAL: imputed to 1000 Genomes + TOPMed,,APOE + Genetic risk factors + Inflammation + Alzheimers disease + BMI + Sex + Longevity + Mitochondria + Genegene interaction + Insulin + Oxidative stress
0.048,0.902,,rs2645429,8.0,11660051,,A,OR.1,p,Afr + AMR + EAS + EUR + 1000 Genomes Project + SAS,UK Biobank,Singlevariant analysis + Metaanalysis results + Metaanalysis + Genebased analysis,GLOBAL: imputed to 1000 Genomes + TOPMed,,APOE + Genetic risk factors + Inflammation + Alzheimers disease + BMI + Sex + Longevity + Mitochondria + Genegene interaction + Insulin + Oxidative stress
0.016,0.902,,rs2645429,8.0,11660051,,A,OR.1,p.1,Afr + AMR + EAS + EUR + 1000 Genomes Project + SAS,UK Biobank,Singlevariant analysis + Metaanalysis results + Metaanalysis + Genebased analysis,GLOBAL: imputed to 1000 Genomes + TOPMed,,APOE + Genetic risk factors + Inflammation + Alzheimers disease + BMI + Sex + Longevity + Mitochondria + Genegene interaction + Insulin + Oxidative stress
0.027,1.081,,rs2645433,8.0,11657921,,C,OR.1,p,Afr + AMR + EAS + EUR + 1000 Genomes Project + SAS,UK Biobank,Singlevariant analysis + Metaanalysis results + Metaanalysis + Genebased analysis,GLOBAL: imputed to 1000 Genomes + TOPMed,,APOE + Genetic risk factors + Inflammation + Alzheimers disease + BMI + Sex + Longevity + Mitochondria + Genegene interaction + Insulin + Oxidative stress
0.035,1.081,,rs2645433,8.0,11657921,,C,OR.1,p.1,Afr + AMR + EAS + EUR + 1000 Genomes Project + SAS,UK Biobank,Singlevariant analysis + Metaanalysis results + Metaanalysis + Genebased analysis,GLOBAL: imputed to 1000 Genomes + TOPMed,,APOE + Genetic risk factors + Inflammation + Alzheimers disease + BMI + Sex + Longevity + Mitochondria + Genegene interaction + Insulin + Oxidative stress
0.037,1.179,,rs112267867,9.0,118905353,,A,OR.1,p,Afr + AMR + EAS + EUR + 1000 Genomes Project + SAS,UK Biobank,Singlevariant analysis + Metaanalysis results + Metaanalysis + Genebased analysis,GLOBAL: imputed to 1000 Genomes + TOPMed,,APOE + Genetic risk factors + Inflammation + Alzheimers disease + BMI + Sex + Longevity + Mitochondria + Genegene interaction + Insulin + Oxidative stress
0.044,1.179,,rs112267867,9.0,118905353,,A,OR.1,p.1,Afr + AMR + EAS + EUR + 1000 Genomes Project + SAS,UK Biobank,Singlevariant analysis + Metaanalysis results + Metaanalysis + Genebased analysis,GLOBAL: imputed to 1000 Genomes + TOPMed,,APOE + Genetic risk factors + Inflammation + Alzheimers disease + BMI + Sex + Longevity + Mitochondria + Genegene interaction + Insulin + Oxidative stress
0.006,0.859,,rs6583817,10.0,94247247,,T,OR.1,p,Afr + AMR + EAS + EUR + 1000 Genomes Project + SAS,UK Biobank,Singlevariant analysis + Metaanalysis results + Metaanalysis + Genebased analysis,GLOBAL: imputed to 1000 Genomes + TOPMed,,APOE + Genetic risk factors + Inflammation + Alzheimers disease + BMI + Sex + Longevity + Mitochondria + Genegene interaction + Insulin + Oxidative stress
0.005,0.859,,rs6583817,10.0,94247247,,T,OR.1,p.1,Afr + AMR + EAS + EUR + 1000 Genomes Project + SAS,UK Biobank,Singlevariant analysis + Metaanalysis results + Metaanalysis + Genebased analysis,GLOBAL: imputed to 1000 Genomes + TOPMed,,APOE + Genetic risk factors + Inflammation + Alzheimers disease + BMI + Sex + Longevity + Mitochondria + Genegene interaction + Insulin + Oxidative stress
0.042,1.094,,rs4752254,10.0,120910136,,C,OR.1,p,Afr + AMR + EAS + EUR + 1000 Genomes Project + SAS,UK Biobank,Singlevariant analysis + Metaanalysis results + Metaanalysis + Genebased analysis,GLOBAL: imputed to 1000 Genomes + TOPMed,,APOE + Genetic risk factors + Inflammation + Alzheimers disease + BMI + Sex + Longevity + Mitochondria + Genegene interaction + Insulin + Oxidative stress
0.036,1.094,,rs4752254,10.0,120910136,,C,OR.1,p.1,Afr + AMR + EAS + EUR + 1000 Genomes Project + SAS,UK Biobank,Singlevariant analysis + Metaanalysis results + Metaanalysis + Genebased analysis,GLOBAL: imputed to 1000 Genomes + TOPMed,,APOE + Genetic risk factors + Inflammation + Alzheimers disease + BMI + Sex + Longevity + Mitochondria + Genegene interaction + Insulin + Oxidative stress
0.016,0.87,,rs2860173,19.0,7129086,,A,OR.1,p,Afr + AMR + EAS + EUR + 1000 Genomes Project + SAS,UK Biobank,Singlevariant analysis + Metaanalysis results + Metaanalysis + Genebased analysis,GLOBAL: imputed to 1000 Genomes + TOPMed,,APOE + Genetic risk factors + Inflammation + Alzheimers disease + BMI + Sex + Longevity + Mitochondria + Genegene interaction + Insulin + Oxidative stress
0.039,0.87,,rs2860173,19.0,7129086,,A,OR.1,p.1,Afr + AMR + EAS + EUR + 1000 Genomes Project + SAS,UK Biobank,Singlevariant analysis + Metaanalysis results + Metaanalysis + Genebased analysis,GLOBAL: imputed to 1000 Genomes + TOPMed,,APOE + Genetic risk factors + Inflammation + Alzheimers disease + BMI + Sex + Longevity + Mitochondria + Genegene interaction + Insulin + Oxidative stress
0.042,0.846,,rs12979722,19.0,7118878,,C,OR.1,p,Afr + AMR + EAS + EUR + 1000 Genomes Project + SAS,UK Biobank,Singlevariant analysis + Metaanalysis results + Metaanalysis + Genebased analysis,GLOBAL: imputed to 1000 Genomes + TOPMed,,APOE + Genetic risk factors + Inflammation + Alzheimers disease + BMI + Sex + Longevity + Mitochondria + Genegene interaction + Insulin + Oxidative stress
0.006,0.846,,rs12979722,19.0,7118878,,C,OR.1,p.1,Afr + AMR + EAS + EUR + 1000 Genomes Project + SAS,UK Biobank,Singlevariant analysis + Metaanalysis results + Metaanalysis + Genebased analysis,GLOBAL: imputed to 1000 Genomes + TOPMed,,APOE + Genetic risk factors + Inflammation + Alzheimers disease + BMI + Sex + Longevity + Mitochondria + Genegene interaction + Insulin + Oxidative stress
,4.0,,,,B,,B,OR.1,p,Afr + AMR + EAS + EUR + 1000 Genomes Project + SAS,UK Biobank,Singlevariant analysis + Metaanalysis results + Metaanalysis + Genebased analysis,GLOBAL: imputed to 1000 Genomes + TOPMed,,APOE + Genetic risk factors + Inflammation + Alzheimers disease + BMI + Sex + Longevity + Mitochondria + Genegene interaction + Insulin + Oxidative stress
,4.0,,,,B,,B,OR.1,p.1,Afr + AMR + EAS + EUR + 1000 Genomes Project + SAS,UK Biobank,Singlevariant analysis + Metaanalysis results + Metaanalysis + Genebased analysis,GLOBAL: imputed to 1000 Genomes + TOPMed,,APOE + Genetic risk factors + Inflammation + Alzheimers disease + BMI + Sex + Longevity + Mitochondria + Genegene interaction + Insulin + Oxidative stress
0.005,1.303,,rs78686161,1.0,242065356,,A,OR.1,p,Afr + AMR + EAS + EUR + 1000 Genomes Project + SAS,UK Biobank,Singlevariant analysis + Metaanalysis results + Metaanalysis + Genebased analysis,GLOBAL: imputed to 1000 Genomes + TOPMed,,APOE + Genetic risk factors + Inflammation + Alzheimers disease + BMI + Sex + Longevity + Mitochondria + Genegene interaction + Insulin + Oxidative stress
0.006,1.303,,rs78686161,1.0,242065356,,A,OR.1,p.1,Afr + AMR + EAS + EUR + 1000 Genomes Project + SAS,UK Biobank,Singlevariant analysis + Metaanalysis results + Metaanalysis + Genebased analysis,GLOBAL: imputed to 1000 Genomes + TOPMed,,APOE + Genetic risk factors + Inflammation + Alzheimers disease + BMI + Sex + Longevity + Mitochondria + Genegene interaction + Insulin + Oxidative stress
0.009,1.123,,rs670548,6.0,53366989,,C,OR.1,p,Afr + AMR + EAS + EUR + 1000 Genomes Project + SAS,UK Biobank,Singlevariant analysis + Metaanalysis results + Metaanalysis + Genebased analysis,GLOBAL: imputed to 1000 Genomes + TOPMed,,APOE + Genetic risk factors + Inflammation + Alzheimers disease + BMI + Sex + Longevity + Mitochondria + Genegene interaction + Insulin + Oxidative stress
0.015,1.123,,rs670548,6.0,53366989,,C,OR.1,p.1,Afr + AMR + EAS + EUR + 1000 Genomes Project + SAS,UK Biobank,Singlevariant analysis + Metaanalysis results + Metaanalysis + Genebased analysis,GLOBAL: imputed to 1000 Genomes + TOPMed,,APOE + Genetic risk factors + Inflammation + Alzheimers disease + BMI + Sex + Longevity + Mitochondria + Genegene interaction + Insulin + Oxidative stress
0.03,1.154,,rs7740677,6.0,46649231,,C,OR.1,p,Afr + AMR + EAS + EUR + 1000 Genomes Project + SAS,UK Biobank,Singlevariant analysis + Metaanalysis results + Metaanalysis + Genebased analysis,GLOBAL: imputed to 1000 Genomes + TOPMed,,APOE + Genetic risk factors + Inflammation + Alzheimers disease + BMI + Sex + Longevity + Mitochondria + Genegene interaction + Insulin + Oxidative stress
0.013,1.154,,rs7740677,6.0,46649231,,C,OR.1,p.1,Afr + AMR + EAS + EUR + 1000 Genomes Project + SAS,UK Biobank,Singlevariant analysis + Metaanalysis results + Metaanalysis + Genebased analysis,GLOBAL: imputed to 1000 Genomes + TOPMed,,APOE + Genetic risk factors + Inflammation + Alzheimers disease + BMI + Sex + Longevity + Mitochondria + Genegene interaction + Insulin + Oxidative stress
0.033,1.169,,rs17069665,6.0,108941468,,G,OR.1,p,Afr + AMR + EAS + EUR + 1000 Genomes Project + SAS,UK Biobank,Singlevariant analysis + Metaanalysis results + Metaanalysis + Genebased analysis,GLOBAL: imputed to 1000 Genomes + TOPMed,,APOE + Genetic risk factors + Inflammation + Alzheimers disease + BMI + Sex + Longevity + Mitochondria + Genegene interaction + Insulin + Oxidative stress
0.031,1.169,,rs17069665,6.0,108941468,,G,OR.1,p.1,Afr + AMR + EAS + EUR + 1000 Genomes Project + SAS,UK Biobank,Singlevariant analysis + Metaanalysis results + Metaanalysis + Genebased analysis,GLOBAL: imputed to 1000 Genomes + TOPMed,,APOE + Genetic risk factors + Inflammation + Alzheimers disease + BMI + Sex + Longevity + Mitochondria + Genegene interaction + Insulin + Oxidative stress
0.038,1.135,,rs2684794,15.0,99484953,,C,OR.1,p,Afr + AMR + EAS + EUR + 1000 Genomes Project + SAS,UK Biobank,Singlevariant analysis + Metaanalysis results + Metaanalysis + Genebased analysis,GLOBAL: imputed to 1000 Genomes + TOPMed,,APOE + Genetic risk factors + Inflammation + Alzheimers disease + BMI + Sex + Longevity + Mitochondria + Genegene interaction + Insulin + Oxidative stress
0.049,1.135,,rs2684794,15.0,99484953,,C,OR.1,p.1,Afr + AMR + EAS + EUR + 1000 Genomes Project + SAS,UK Biobank,Singlevariant analysis + Metaanalysis results + Metaanalysis + Genebased analysis,GLOBAL: imputed to 1000 Genomes + TOPMed,,APOE + Genetic risk factors + Inflammation + Alzheimers disease + BMI + Sex + Longevity + Mitochondria + Genegene interaction + Insulin + Oxidative stress
0.036,0.912,,rs7245548,19.0,45981840,,T,OR.1,p,Afr + AMR + EAS + EUR + 1000 Genomes Project + SAS,UK Biobank,Singlevariant analysis + Metaanalysis results + Metaanalysis + Genebased analysis,GLOBAL: imputed to 1000 Genomes + TOPMed,,APOE + Genetic risk factors + Inflammation + Alzheimers disease + BMI + Sex + Longevity + Mitochondria + Genegene interaction + Insulin + Oxidative stress
0.049,0.912,,rs7245548,19.0,45981840,,T,OR.1,p.1,Afr + AMR + EAS + EUR + 1000 Genomes Project + SAS,UK Biobank,Singlevariant analysis + Metaanalysis results + Metaanalysis + Genebased analysis,GLOBAL: imputed to 1000 Genomes + TOPMed,,APOE + Genetic risk factors + Inflammation + Alzheimers disease + BMI + Sex + Longevity + Mitochondria + Genegene interaction + Insulin + Oxidative stress
0.042,1.128,,rs4803825,19.0,45986483,,G,OR.1,p,Afr + AMR + EAS + EUR + 1000 Genomes Project + SAS,UK Biobank,Singlevariant analysis + Metaanalysis results + Metaanalysis + Genebased analysis,GLOBAL: imputed to 1000 Genomes + TOPMed,,APOE + Genetic risk factors + Inflammation + Alzheimers disease + BMI + Sex + Longevity + Mitochondria + Genegene interaction + Insulin + Oxidative stress
0.012,1.128,,rs4803825,19.0,45986483,,G,OR.1,p.1,Afr + AMR + EAS + EUR + 1000 Genomes Project + SAS,UK Biobank,Singlevariant analysis + Metaanalysis results + Metaanalysis + Genebased analysis,GLOBAL: imputed to 1000 Genomes + TOPMed,,APOE + Genetic risk factors + Inflammation + Alzheimers disease + BMI + Sex + Longevity + Mitochondria + Genegene interaction + Insulin + Oxidative stress
0.046,1.13,,rs4328554,19.0,7249830,,T,OR.1,p,Afr + AMR + EAS + EUR + 1000 Genomes Project + SAS,UK Biobank,Singlevariant analysis + Metaanalysis results + Metaanalysis + Genebased analysis,GLOBAL: imputed to 1000 Genomes + TOPMed,,APOE + Genetic risk factors + Inflammation + Alzheimers disease + BMI + Sex + Longevity + Mitochondria + Genegene interaction + Insulin + Oxidative stress
0.014,1.13,,rs4328554,19.0,7249830,,T,OR.1,p.1,Afr + AMR + EAS + EUR + 1000 Genomes Project + SAS,UK Biobank,Singlevariant analysis + Metaanalysis results + Metaanalysis + Genebased analysis,GLOBAL: imputed to 1000 Genomes + TOPMed,,APOE + Genetic risk factors + Inflammation + Alzheimers disease + BMI + Sex + Longevity + Mitochondria + Genegene interaction + Insulin + Oxidative stress
,4.0,,,,C,,C,OR.1,p,Afr + AMR + EAS + EUR + 1000 Genomes Project + SAS,UK Biobank,Singlevariant analysis + Metaanalysis results + Metaanalysis + Genebased analysis,GLOBAL: imputed to 1000 Genomes + TOPMed,,APOE + Genetic risk factors + Inflammation + Alzheimers disease + BMI + Sex + Longevity + Mitochondria + Genegene interaction + Insulin + Oxidative stress
,4.0,,,,C,,C,OR.1,p.1,Afr + AMR + EAS + EUR + 1000 Genomes Project + SAS,UK Biobank,Singlevariant analysis + Metaanalysis results + Metaanalysis + Genebased analysis,GLOBAL: imputed to 1000 Genomes + TOPMed,,APOE + Genetic risk factors + Inflammation + Alzheimers disease + BMI + Sex + Longevity + Mitochondria + Genegene interaction + Insulin + Oxidative stress
0.018,1.236,,rs17882672,6.0,53408883,,T,OR.1,p,Afr + AMR + EAS + EUR + 1000 Genomes Project + SAS,UK Biobank,Singlevariant analysis + Metaanalysis results + Metaanalysis + Genebased analysis,GLOBAL: imputed to 1000 Genomes + TOPMed,,APOE + Genetic risk factors + Inflammation + Alzheimers disease + BMI + Sex + Longevity + Mitochondria + Genegene interaction + Insulin + Oxidative stress
0.018,1.236,,rs17882672,6.0,53408883,,T,OR.1,p.1,Afr + AMR + EAS + EUR + 1000 Genomes Project + SAS,UK Biobank,Singlevariant analysis + Metaanalysis results + Metaanalysis + Genebased analysis,GLOBAL: imputed to 1000 Genomes + TOPMed,,APOE + Genetic risk factors + Inflammation + Alzheimers disease + BMI + Sex + Longevity + Mitochondria + Genegene interaction + Insulin + Oxidative stress
0.017,0.866,,rs7092649,10.0,60005202,,A,OR.1,p,Afr + AMR + EAS + EUR + 1000 Genomes Project + SAS,UK Biobank,Singlevariant analysis + Metaanalysis results + Metaanalysis + Genebased analysis,GLOBAL: imputed to 1000 Genomes + TOPMed,,APOE + Genetic risk factors + Inflammation + Alzheimers disease + BMI + Sex + Longevity + Mitochondria + Genegene interaction + Insulin + Oxidative stress
0.037,0.866,,rs7092649,10.0,60005202,,A,OR.1,p.1,Afr + AMR + EAS + EUR + 1000 Genomes Project + SAS,UK Biobank,Singlevariant analysis + Metaanalysis results + Metaanalysis + Genebased analysis,GLOBAL: imputed to 1000 Genomes + TOPMed,,APOE + Genetic risk factors + Inflammation + Alzheimers disease + BMI + Sex + Longevity + Mitochondria + Genegene interaction + Insulin + Oxidative stress
0.025,1.167,,rs17636964,10.0,59953046,,C,OR.1,p,Afr + AMR + EAS + EUR + 1000 Genomes Project + SAS,UK Biobank,Singlevariant analysis + Metaanalysis results + Metaanalysis + Genebased analysis,GLOBAL: imputed to 1000 Genomes + TOPMed,,APOE + Genetic risk factors + Inflammation + Alzheimers disease + BMI + Sex + Longevity + Mitochondria + Genegene interaction + Insulin + Oxidative stress
0.029,1.167,,rs17636964,10.0,59953046,,C,OR.1,p.1,Afr + AMR + EAS + EUR + 1000 Genomes Project + SAS,UK Biobank,Singlevariant analysis + Metaanalysis results + Metaanalysis + Genebased analysis,GLOBAL: imputed to 1000 Genomes + TOPMed,,APOE + Genetic risk factors + Inflammation + Alzheimers disease + BMI + Sex + Longevity + Mitochondria + Genegene interaction + Insulin + Oxidative stress
0.038,0.784,,rs1625716,10.0,59960083,,G,OR.1,p,Afr + AMR + EAS + EUR + 1000 Genomes Project + SAS,UK Biobank,Singlevariant analysis + Metaanalysis results + Metaanalysis + Genebased analysis,GLOBAL: imputed to 1000 Genomes + TOPMed,,APOE + Genetic risk factors + Inflammation + Alzheimers disease + BMI + Sex + Longevity + Mitochondria + Genegene interaction + Insulin + Oxidative stress
0.033,0.784,,rs1625716,10.0,59960083,,G,OR.1,p.1,Afr + AMR + EAS + EUR + 1000 Genomes Project + SAS,UK Biobank,Singlevariant analysis + Metaanalysis results + Metaanalysis + Genebased analysis,GLOBAL: imputed to 1000 Genomes + TOPMed,,APOE + Genetic risk factors + Inflammation + Alzheimers disease + BMI + Sex + Longevity + Mitochondria + Genegene interaction + Insulin + Oxidative stress
0.002,1.146,,rs7138318,12.0,104736394,,C,OR.1,p,Afr + AMR + EAS + EUR + 1000 Genomes Project + SAS,UK Biobank,Singlevariant analysis + Metaanalysis results + Metaanalysis + Genebased analysis,GLOBAL: imputed to 1000 Genomes + TOPMed,,APOE + Genetic risk factors + Inflammation + Alzheimers disease + BMI + Sex + Longevity + Mitochondria + Genegene interaction + Insulin + Oxidative stress
0.024,1.146,,rs7138318,12.0,104736394,,C,OR.1,p.1,Afr + AMR + EAS + EUR + 1000 Genomes Project + SAS,UK Biobank,Singlevariant analysis + Metaanalysis results + Metaanalysis + Genebased analysis,GLOBAL: imputed to 1000 Genomes + TOPMed,,APOE + Genetic risk factors + Inflammation + Alzheimers disease + BMI + Sex + Longevity + Mitochondria + Genegene interaction + Insulin + Oxidative stress
0.018,1.247,,rs7979495,12.0,104625779,,G,OR.1,p,Afr + AMR + EAS + EUR + 1000 Genomes Project + SAS,UK Biobank,Singlevariant analysis + Metaanalysis results + Metaanalysis + Genebased analysis,GLOBAL: imputed to 1000 Genomes + TOPMed,,APOE + Genetic risk factors + Inflammation + Alzheimers disease + BMI + Sex + Longevity + Mitochondria + Genegene interaction + Insulin + Oxidative stress
0.047,1.247,,rs7979495,12.0,104625779,,G,OR.1,p.1,Afr + AMR + EAS + EUR + 1000 Genomes Project + SAS,UK Biobank,Singlevariant analysis + Metaanalysis results + Metaanalysis + Genebased analysis,GLOBAL: imputed to 1000 Genomes + TOPMed,,APOE + Genetic risk factors + Inflammation + Alzheimers disease + BMI + Sex + Longevity + Mitochondria + Genegene interaction + Insulin + Oxidative stress
0.003,0.844,,rs141516621,19.0,7280152,,A,OR.1,p,Afr + AMR + EAS + EUR + 1000 Genomes Project + SAS,UK Biobank,Singlevariant analysis + Metaanalysis results + Metaanalysis + Genebased analysis,GLOBAL: imputed to 1000 Genomes + TOPMed,,APOE + Genetic risk factors + Inflammation + Alzheimers disease + BMI + Sex + Longevity + Mitochondria + Genegene interaction + Insulin + Oxidative stress
0.043,0.844,,rs141516621,19.0,7280152,,A,OR.1,p.1,Afr + AMR + EAS + EUR + 1000 Genomes Project + SAS,UK Biobank,Singlevariant analysis + Metaanalysis results + Metaanalysis + Genebased analysis,GLOBAL: imputed to 1000 Genomes + TOPMed,,APOE + Genetic risk factors + Inflammation + Alzheimers disease + BMI + Sex + Longevity + Mitochondria + Genegene interaction + Insulin + Oxidative stress
0.048,0.841,,rs7258382,19.0,7262569,,C,OR.1,p,Afr + AMR + EAS + EUR + 1000 Genomes Project + SAS,UK Biobank,Singlevariant analysis + Metaanalysis results + Metaanalysis + Genebased analysis,GLOBAL: imputed to 1000 Genomes + TOPMed,,APOE + Genetic risk factors + Inflammation + Alzheimers disease + BMI + Sex + Longevity + Mitochondria + Genegene interaction + Insulin + Oxidative stress
0.027,0.841,,rs7258382,19.0,7262569,,C,OR.1,p.1,Afr + AMR + EAS + EUR + 1000 Genomes Project + SAS,UK Biobank,Singlevariant analysis + Metaanalysis results + Metaanalysis + Genebased analysis,GLOBAL: imputed to 1000 Genomes + TOPMed,,APOE + Genetic risk factors + Inflammation + Alzheimers disease + BMI + Sex + Longevity + Mitochondria + Genegene interaction + Insulin + Oxidative stress
,4.0,,,,D,,D,OR.1,p,Afr + AMR + EAS + EUR + 1000 Genomes Project + SAS,UK Biobank,Singlevariant analysis + Metaanalysis results + Metaanalysis + Genebased analysis,GLOBAL: imputed to 1000 Genomes + TOPMed,,APOE + Genetic risk factors + Inflammation + Alzheimers disease + BMI + Sex + Longevity + Mitochondria + Genegene interaction + Insulin + Oxidative stress
,4.0,,,,D,,D,OR.1,p.1,Afr + AMR + EAS + EUR + 1000 Genomes Project + SAS,UK Biobank,Singlevariant analysis + Metaanalysis results + Metaanalysis + Genebased analysis,GLOBAL: imputed to 1000 Genomes + TOPMed,,APOE + Genetic risk factors + Inflammation + Alzheimers disease + BMI + Sex + Longevity + Mitochondria + Genegene interaction + Insulin + Oxidative stress
0.011,1.106,,rs2010704,2.0,31622465,,A,OR.1,p,Afr + AMR + EAS + EUR + 1000 Genomes Project + SAS,UK Biobank,Singlevariant analysis + Metaanalysis results + Metaanalysis + Genebased analysis,GLOBAL: imputed to 1000 Genomes + TOPMed,,APOE + Genetic risk factors + Inflammation + Alzheimers disease + BMI + Sex + Longevity + Mitochondria + Genegene interaction + Insulin + Oxidative stress
0.03,1.106,,rs2010704,2.0,31622465,,A,OR.1,p.1,Afr + AMR + EAS + EUR + 1000 Genomes Project + SAS,UK Biobank,Singlevariant analysis + Metaanalysis results + Metaanalysis + Genebased analysis,GLOBAL: imputed to 1000 Genomes + TOPMed,,APOE + Genetic risk factors + Inflammation + Alzheimers disease + BMI + Sex + Longevity + Mitochondria + Genegene interaction + Insulin + Oxidative stress
0.034,1.123,,rs147249797,2.0,31601541,,T,OR.1,p,Afr + AMR + EAS + EUR + 1000 Genomes Project + SAS,UK Biobank,Singlevariant analysis + Metaanalysis results + Metaanalysis + Genebased analysis,GLOBAL: imputed to 1000 Genomes + TOPMed,,APOE + Genetic risk factors + Inflammation + Alzheimers disease + BMI + Sex + Longevity + Mitochondria + Genegene interaction + Insulin + Oxidative stress
0.029,1.123,,rs147249797,2.0,31601541,,T,OR.1,p.1,Afr + AMR + EAS + EUR + 1000 Genomes Project + SAS,UK Biobank,Singlevariant analysis + Metaanalysis results + Metaanalysis + Genebased analysis,GLOBAL: imputed to 1000 Genomes + TOPMed,,APOE + Genetic risk factors + Inflammation + Alzheimers disease + BMI + Sex + Longevity + Mitochondria + Genegene interaction + Insulin + Oxidative stress
0.038,0.909,,,9.0,110065158,,C,OR.1,p,Afr + AMR + EAS + EUR + 1000 Genomes Project + SAS,UK Biobank,Singlevariant analysis + Metaanalysis results + Metaanalysis + Genebased analysis,GLOBAL: imputed to 1000 Genomes + TOPMed,,APOE + Genetic risk factors + Inflammation + Alzheimers disease + BMI + Sex + Longevity + Mitochondria + Genegene interaction + Insulin + Oxidative stress
0.041,0.909,,,9.0,110065158,,C,OR.1,p.1,Afr + AMR + EAS + EUR + 1000 Genomes Project + SAS,UK Biobank,Singlevariant analysis + Metaanalysis results + Metaanalysis + Genebased analysis,GLOBAL: imputed to 1000 Genomes + TOPMed,,APOE + Genetic risk factors + Inflammation + Alzheimers disease + BMI + Sex + Longevity + Mitochondria + Genegene interaction + Insulin + Oxidative stress
0.032,0.754,,rs2494741,14.0,105249322,,T,OR.1,p,Afr + AMR + EAS + EUR + 1000 Genomes Project + SAS,UK Biobank,Singlevariant analysis + Metaanalysis results + Metaanalysis + Genebased analysis,GLOBAL: imputed to 1000 Genomes + TOPMed,,APOE + Genetic risk factors + Inflammation + Alzheimers disease + BMI + Sex + Longevity + Mitochondria + Genegene interaction + Insulin + Oxidative stress
0.002,0.754,,rs2494741,14.0,105249322,,T,OR.1,p.1,Afr + AMR + EAS + EUR + 1000 Genomes Project + SAS,UK Biobank,Singlevariant analysis + Metaanalysis results + Metaanalysis + Genebased analysis,GLOBAL: imputed to 1000 Genomes + TOPMed,,APOE + Genetic risk factors + Inflammation + Alzheimers disease + BMI + Sex + Longevity + Mitochondria + Genegene interaction + Insulin + Oxidative stress
,,,,,,,,,"p‐value (10,000 permutations) | APOE*4+ females",Afr + AMR + EAS + EUR + 1000 Genomes Project + SAS,UK Biobank,Singlevariant analysis + Metaanalysis results + Metaanalysis + Genebased analysis,GLOBAL: imputed to 1000 Genomes + TOPMed,,APOE + Genetic risk factors + Inflammation + Alzheimers disease + BMI + Sex + Longevity + Mitochondria + Genegene interaction + Insulin + Oxidative stress
0.0001,,,rs3757949,,,,,,"p‐value (10,000 permutations) | APOE*4+ females",Afr + AMR + EAS + EUR + 1000 Genomes Project + SAS,UK Biobank,Singlevariant analysis + Metaanalysis results + Metaanalysis + Genebased analysis,GLOBAL: imputed to 1000 Genomes + TOPMed,,APOE + Genetic risk factors + Inflammation + Alzheimers disease + BMI + Sex + Longevity + Mitochondria + Genegene interaction + Insulin + Oxidative stress
0.0002,,,rs62491484,,,,,,"p‐value (10,000 permutations) | APOE*4+ females",Afr + AMR + EAS + EUR + 1000 Genomes Project + SAS,UK Biobank,Singlevariant analysis + Metaanalysis results + Metaanalysis + Genebased analysis,GLOBAL: imputed to 1000 Genomes + TOPMed,,APOE + Genetic risk factors + Inflammation + Alzheimers disease + BMI + Sex + Longevity + Mitochondria + Genegene interaction + Insulin + Oxidative stress
0.0001,,,rs62491484,,,,,,"p‐value (10,000 permutations) | APOE*4+ females",Afr + AMR + EAS + EUR + 1000 Genomes Project + SAS,UK Biobank,Singlevariant analysis + Metaanalysis results + Metaanalysis + Genebased analysis,GLOBAL: imputed to 1000 Genomes + TOPMed,,APOE + Genetic risk factors + Inflammation + Alzheimers disease + BMI + Sex + Longevity + Mitochondria + Genegene interaction + Insulin + Oxidative stress
0.0001,,,rs2686186,,,,,,"p‐value (10,000 permutations) | APOE*4+ females",Afr + AMR + EAS + EUR + 1000 Genomes Project + SAS,UK Biobank,Singlevariant analysis + Metaanalysis results + Metaanalysis + Genebased analysis,GLOBAL: imputed to 1000 Genomes + TOPMed,,APOE + Genetic risk factors + Inflammation + Alzheimers disease + BMI + Sex + Longevity + Mitochondria + Genegene interaction + Insulin + Oxidative stress
,,,,,,,,,"p‐value (10,000 permutations) | APOE*4+ females",Afr + AMR + EAS + EUR + 1000 Genomes Project + SAS,UK Biobank,Singlevariant analysis + Metaanalysis results + Metaanalysis + Genebased analysis,GLOBAL: imputed to 1000 Genomes + TOPMed,,APOE + Genetic risk factors + Inflammation + Alzheimers disease + BMI + Sex + Longevity + Mitochondria + Genegene interaction + Insulin + Oxidative stress
0.8127,,,rs4674302,,,,,,"p‐value (10,000 permutations) | APOE*4+ females",Afr + AMR + EAS + EUR + 1000 Genomes Project + SAS,UK Biobank,Singlevariant analysis + Metaanalysis results + Metaanalysis + Genebased analysis,GLOBAL: imputed to 1000 Genomes + TOPMed,,APOE + Genetic risk factors + Inflammation + Alzheimers disease + BMI + Sex + Longevity + Mitochondria + Genegene interaction + Insulin + Oxidative stress
0.5017,,,rs56190996,,,,,,"p‐value (10,000 permutations) | APOE*4+ females",Afr + AMR + EAS + EUR + 1000 Genomes Project + SAS,UK Biobank,Singlevariant analysis + Metaanalysis results + Metaanalysis + Genebased analysis,GLOBAL: imputed to 1000 Genomes + TOPMed,,APOE + Genetic risk factors + Inflammation + Alzheimers disease + BMI + Sex + Longevity + Mitochondria + Genegene interaction + Insulin + Oxidative stress
0.9976,,,rs7563682,,,,,,"p‐value (10,000 permutations) | APOE*4+ females",Afr + AMR + EAS + EUR + 1000 Genomes Project + SAS,UK Biobank,Singlevariant analysis + Metaanalysis results + Metaanalysis + Genebased analysis,GLOBAL: imputed to 1000 Genomes + TOPMed,,APOE + Genetic risk factors + Inflammation + Alzheimers disease + BMI + Sex + Longevity + Mitochondria + Genegene interaction + Insulin + Oxidative stress
,,,,,,,,,"p‐value (10,000 permutations) | APOE*4+ females",Afr + AMR + EAS + EUR + 1000 Genomes Project + SAS,UK Biobank,Singlevariant analysis + Metaanalysis results + Metaanalysis + Genebased analysis,GLOBAL: imputed to 1000 Genomes + TOPMed,,APOE + Genetic risk factors + Inflammation + Alzheimers disease + BMI + Sex + Longevity + Mitochondria + Genegene interaction + Insulin + Oxidative stress
0.7629,,,rs11573680,,,,,,"p‐value (10,000 permutations) | APOE*4+ females",Afr + AMR + EAS + EUR + 1000 Genomes Project + SAS,UK Biobank,Singlevariant analysis + Metaanalysis results + Metaanalysis + Genebased analysis,GLOBAL: imputed to 1000 Genomes + TOPMed,,APOE + Genetic risk factors + Inflammation + Alzheimers disease + BMI + Sex + Longevity + Mitochondria + Genegene interaction + Insulin + Oxidative stress
0.6723,,,rs6214,,,,,,"p‐value (10,000 permutations) | APOE*4+ females",Afr + AMR + EAS + EUR + 1000 Genomes Project + SAS,UK Biobank,Singlevariant analysis + Metaanalysis results + Metaanalysis + Genebased analysis,GLOBAL: imputed to 1000 Genomes + TOPMed,,APOE + Genetic risk factors + Inflammation + Alzheimers disease + BMI + Sex + Longevity + Mitochondria + Genegene interaction + Insulin + Oxidative stress
0.2953,,,rs11573680,,,,,,"p‐value (10,000 permutations) | APOE*4+ females",Afr + AMR + EAS + EUR + 1000 Genomes Project + SAS,UK Biobank,Singlevariant analysis + Metaanalysis results + Metaanalysis + Genebased analysis,GLOBAL: imputed to 1000 Genomes + TOPMed,,APOE + Genetic risk factors + Inflammation + Alzheimers disease + BMI + Sex + Longevity + Mitochondria + Genegene interaction + Insulin + Oxidative stress
0.5058,,,rs1776178,,,,,,"p‐value (10,000 permutations) | APOE*4+ females",Afr + AMR + EAS + EUR + 1000 Genomes Project + SAS,UK Biobank,Singlevariant analysis + Metaanalysis results + Metaanalysis + Genebased analysis,GLOBAL: imputed to 1000 Genomes + TOPMed,,APOE + Genetic risk factors + Inflammation + Alzheimers disease + BMI + Sex + Longevity + Mitochondria + Genegene interaction + Insulin + Oxidative stress
,,,,,,,,,"p‐value (10,000 permutations) | APOE*4+ males",Afr + AMR + EAS + EUR + 1000 Genomes Project + SAS,UK Biobank,Singlevariant analysis + Metaanalysis results + Metaanalysis + Genebased analysis,GLOBAL: imputed to 1000 Genomes + TOPMed,,APOE + Genetic risk factors + Inflammation + Alzheimers disease + BMI + Sex + Longevity + Mitochondria + Genegene interaction + Insulin + Oxidative stress
0.1945,,,rs3757949,,,,,,"p‐value (10,000 permutations) | APOE*4+ males",Afr + AMR + EAS + EUR + 1000 Genomes Project + SAS,UK Biobank,Singlevariant analysis + Metaanalysis results + Metaanalysis + Genebased analysis,GLOBAL: imputed to 1000 Genomes + TOPMed,,APOE + Genetic risk factors + Inflammation + Alzheimers disease + BMI + Sex + Longevity + Mitochondria + Genegene interaction + Insulin + Oxidative stress
0.6143,,,rs62491484,,,,,,"p‐value (10,000 permutations) | APOE*4+ males",Afr + AMR + EAS + EUR + 1000 Genomes Project + SAS,UK Biobank,Singlevariant analysis + Metaanalysis results + Metaanalysis + Genebased analysis,GLOBAL: imputed to 1000 Genomes + TOPMed,,APOE + Genetic risk factors + Inflammation + Alzheimers disease + BMI + Sex + Longevity + Mitochondria + Genegene interaction + Insulin + Oxidative stress
0.8034,,,rs62491484,,,,,,"p‐value (10,000 permutations) | APOE*4+ males",Afr + AMR + EAS + EUR + 1000 Genomes Project + SAS,UK Biobank,Singlevariant analysis + Metaanalysis results + Metaanalysis + Genebased analysis,GLOBAL: imputed to 1000 Genomes + TOPMed,,APOE + Genetic risk factors + Inflammation + Alzheimers disease + BMI + Sex + Longevity + Mitochondria + Genegene interaction + Insulin + Oxidative stress
0.9389,,,rs2686186,,,,,,"p‐value (10,000 permutations) | APOE*4+ males",Afr + AMR + EAS + EUR + 1000 Genomes Project + SAS,UK Biobank,Singlevariant analysis + Metaanalysis results + Metaanalysis + Genebased analysis,GLOBAL: imputed to 1000 Genomes + TOPMed,,APOE + Genetic risk factors + Inflammation + Alzheimers disease + BMI + Sex + Longevity + Mitochondria + Genegene interaction + Insulin + Oxidative stress
,,,,,,,,,"p‐value (10,000 permutations) | APOE*4+ males",Afr + AMR + EAS + EUR + 1000 Genomes Project + SAS,UK Biobank,Singlevariant analysis + Metaanalysis results + Metaanalysis + Genebased analysis,GLOBAL: imputed to 1000 Genomes + TOPMed,,APOE + Genetic risk factors + Inflammation + Alzheimers disease + BMI + Sex + Longevity + Mitochondria + Genegene interaction + Insulin + Oxidative stress
0.0001,,,rs4674302,,,,,,"p‐value (10,000 permutations) | APOE*4+ males",Afr + AMR + EAS + EUR + 1000 Genomes Project + SAS,UK Biobank,Singlevariant analysis + Metaanalysis results + Metaanalysis + Genebased analysis,GLOBAL: imputed to 1000 Genomes + TOPMed,,APOE + Genetic risk factors + Inflammation + Alzheimers disease + BMI + Sex + Longevity + Mitochondria + Genegene interaction + Insulin + Oxidative stress
0.0002,,,rs56190996,,,,,,"p‐value (10,000 permutations) | APOE*4+ males",Afr + AMR + EAS + EUR + 1000 Genomes Project + SAS,UK Biobank,Singlevariant analysis + Metaanalysis results + Metaanalysis + Genebased analysis,GLOBAL: imputed to 1000 Genomes + TOPMed,,APOE + Genetic risk factors + Inflammation + Alzheimers disease + BMI + Sex + Longevity + Mitochondria + Genegene interaction + Insulin + Oxidative stress
0.0001,,,rs7563682,,,,,,"p‐value (10,000 permutations) | APOE*4+ males",Afr + AMR + EAS + EUR + 1000 Genomes Project + SAS,UK Biobank,Singlevariant analysis + Metaanalysis results + Metaanalysis + Genebased analysis,GLOBAL: imputed to 1000 Genomes + TOPMed,,APOE + Genetic risk factors + Inflammation + Alzheimers disease + BMI + Sex + Longevity + Mitochondria + Genegene interaction + Insulin + Oxidative stress
,,,,,,,,,"p‐value (10,000 permutations) | APOE*4+ males",Afr + AMR + EAS + EUR + 1000 Genomes Project + SAS,UK Biobank,Singlevariant analysis + Metaanalysis results + Metaanalysis + Genebased analysis,GLOBAL: imputed to 1000 Genomes + TOPMed,,APOE + Genetic risk factors + Inflammation + Alzheimers disease + BMI + Sex + Longevity + Mitochondria + Genegene interaction + Insulin + Oxidative stress
0.0318,,,rs11573680,,,,,,"p‐value (10,000 permutations) | APOE*4+ males",Afr + AMR + EAS + EUR + 1000 Genomes Project + SAS,UK Biobank,Singlevariant analysis + Metaanalysis results + Metaanalysis + Genebased analysis,GLOBAL: imputed to 1000 Genomes + TOPMed,,APOE + Genetic risk factors + Inflammation + Alzheimers disease + BMI + Sex + Longevity + Mitochondria + Genegene interaction + Insulin + Oxidative stress
0.8911,,,rs6214,,,,,,"p‐value (10,000 permutations) | APOE*4+ males",Afr + AMR + EAS + EUR + 1000 Genomes Project + SAS,UK Biobank,Singlevariant analysis + Metaanalysis results + Metaanalysis + Genebased analysis,GLOBAL: imputed to 1000 Genomes + TOPMed,,APOE + Genetic risk factors + Inflammation + Alzheimers disease + BMI + Sex + Longevity + Mitochondria + Genegene interaction + Insulin + Oxidative stress
0.8032,,,rs11573680,,,,,,"p‐value (10,000 permutations) | APOE*4+ males",Afr + AMR + EAS + EUR + 1000 Genomes Project + SAS,UK Biobank,Singlevariant analysis + Metaanalysis results + Metaanalysis + Genebased analysis,GLOBAL: imputed to 1000 Genomes + TOPMed,,APOE + Genetic risk factors + Inflammation + Alzheimers disease + BMI + Sex + Longevity + Mitochondria + Genegene interaction + Insulin + Oxidative stress
0.9903,,,rs1776178,,,,,,"p‐value (10,000 permutations) | APOE*4+ males",Afr + AMR + EAS + EUR + 1000 Genomes Project + SAS,UK Biobank,Singlevariant analysis + Metaanalysis results + Metaanalysis + Genebased analysis,GLOBAL: imputed to 1000 Genomes + TOPMed,,APOE + Genetic risk factors + Inflammation + Alzheimers disease + BMI + Sex + Longevity + Mitochondria + Genegene interaction + Insulin + Oxidative stress
,,,,,,,,,"p‐value (10,000 permutations) | APOE*4− females",Afr + AMR + EAS + EUR + 1000 Genomes Project + SAS,UK Biobank,Singlevariant analysis + Metaanalysis results + Metaanalysis + Genebased analysis,GLOBAL: imputed to 1000 Genomes + TOPMed,,APOE + Genetic risk factors + Inflammation + Alzheimers disease + BMI + Sex + Longevity + Mitochondria + Genegene interaction + Insulin + Oxidative stress
0.7051,,,rs3757949,,,,,,"p‐value (10,000 permutations) | APOE*4− females",Afr + AMR + EAS + EUR + 1000 Genomes Project + SAS,UK Biobank,Singlevariant analysis + Metaanalysis results + Metaanalysis + Genebased analysis,GLOBAL: imputed to 1000 Genomes + TOPMed,,APOE + Genetic risk factors + Inflammation + Alzheimers disease + BMI + Sex + Longevity + Mitochondria + Genegene interaction + Insulin + Oxidative stress
0.8744,,,rs62491484,,,,,,"p‐value (10,000 permutations) | APOE*4− females",Afr + AMR + EAS + EUR + 1000 Genomes Project + SAS,UK Biobank,Singlevariant analysis + Metaanalysis results + Metaanalysis + Genebased analysis,GLOBAL: imputed to 1000 Genomes + TOPMed,,APOE + Genetic risk factors + Inflammation + Alzheimers disease + BMI + Sex + Longevity + Mitochondria + Genegene interaction + Insulin + Oxidative stress
0.9658,,,rs62491484,,,,,,"p‐value (10,000 permutations) | APOE*4− females",Afr + AMR + EAS + EUR + 1000 Genomes Project + SAS,UK Biobank,Singlevariant analysis + Metaanalysis results + Metaanalysis + Genebased analysis,GLOBAL: imputed to 1000 Genomes + TOPMed,,APOE + Genetic risk factors + Inflammation + Alzheimers disease + BMI + Sex + Longevity + Mitochondria + Genegene interaction + Insulin + Oxidative stress
0.6944,,,rs2686186,,,,,,"p‐value (10,000 permutations) | APOE*4− females",Afr + AMR + EAS + EUR + 1000 Genomes Project + SAS,UK Biobank,Singlevariant analysis + Metaanalysis results + Metaanalysis + Genebased analysis,GLOBAL: imputed to 1000 Genomes + TOPMed,,APOE + Genetic risk factors + Inflammation + Alzheimers disease + BMI + Sex + Longevity + Mitochondria + Genegene interaction + Insulin + Oxidative stress
,,,,,,,,,"p‐value (10,000 permutations) | APOE*4− females",Afr + AMR + EAS + EUR + 1000 Genomes Project + SAS,UK Biobank,Singlevariant analysis + Metaanalysis results + Metaanalysis + Genebased analysis,GLOBAL: imputed to 1000 Genomes + TOPMed,,APOE + Genetic risk factors + Inflammation + Alzheimers disease + BMI + Sex + Longevity + Mitochondria + Genegene interaction + Insulin + Oxidative stress
0.9709,,,rs4674302,,,,,,"p‐value (10,000 permutations) | APOE*4− females",Afr + AMR + EAS + EUR + 1000 Genomes Project + SAS,UK Biobank,Singlevariant analysis + Metaanalysis results + Metaanalysis + Genebased analysis,GLOBAL: imputed to 1000 Genomes + TOPMed,,APOE + Genetic risk factors + Inflammation + Alzheimers disease + BMI + Sex + Longevity + Mitochondria + Genegene interaction + Insulin + Oxidative stress
0.2057,,,rs56190996,,,,,,"p‐value (10,000 permutations) | APOE*4− females",Afr + AMR + EAS + EUR + 1000 Genomes Project + SAS,UK Biobank,Singlevariant analysis + Metaanalysis results + Metaanalysis + Genebased analysis,GLOBAL: imputed to 1000 Genomes + TOPMed,,APOE + Genetic risk factors + Inflammation + Alzheimers disease + BMI + Sex + Longevity + Mitochondria + Genegene interaction + Insulin + Oxidative stress
0.9992,,,rs7563682,,,,,,"p‐value (10,000 permutations) | APOE*4− females",Afr + AMR + EAS + EUR + 1000 Genomes Project + SAS,UK Biobank,Singlevariant analysis + Metaanalysis results + Metaanalysis + Genebased analysis,GLOBAL: imputed to 1000 Genomes + TOPMed,,APOE + Genetic risk factors + Inflammation + Alzheimers disease + BMI + Sex + Longevity + Mitochondria + Genegene interaction + Insulin + Oxidative stress
,,,,,,,,,"p‐value (10,000 permutations) | APOE*4− females",Afr + AMR + EAS + EUR + 1000 Genomes Project + SAS,UK Biobank,Singlevariant analysis + Metaanalysis results + Metaanalysis + Genebased analysis,GLOBAL: imputed to 1000 Genomes + TOPMed,,APOE + Genetic risk factors + Inflammation + Alzheimers disease + BMI + Sex + Longevity + Mitochondria + Genegene interaction + Insulin + Oxidative stress
0.7856,,,rs11573680,,,,,,"p‐value (10,000 permutations) | APOE*4− females",Afr + AMR + EAS + EUR + 1000 Genomes Project + SAS,UK Biobank,Singlevariant analysis + Metaanalysis results + Metaanalysis + Genebased analysis,GLOBAL: imputed to 1000 Genomes + TOPMed,,APOE + Genetic risk factors + Inflammation + Alzheimers disease + BMI + Sex + Longevity + Mitochondria + Genegene interaction + Insulin + Oxidative stress
0.5558,,,rs6214,,,,,,"p‐value (10,000 permutations) | APOE*4− females",Afr + AMR + EAS + EUR + 1000 Genomes Project + SAS,UK Biobank,Singlevariant analysis + Metaanalysis results + Metaanalysis + Genebased analysis,GLOBAL: imputed to 1000 Genomes + TOPMed,,APOE + Genetic risk factors + Inflammation + Alzheimers disease + BMI + Sex + Longevity + Mitochondria + Genegene interaction + Insulin + Oxidative stress
0.9899,,,rs11573680,,,,,,"p‐value (10,000 permutations) | APOE*4− females",Afr + AMR + EAS + EUR + 1000 Genomes Project + SAS,UK Biobank,Singlevariant analysis + Metaanalysis results + Metaanalysis + Genebased analysis,GLOBAL: imputed to 1000 Genomes + TOPMed,,APOE + Genetic risk factors + Inflammation + Alzheimers disease + BMI + Sex + Longevity + Mitochondria + Genegene interaction + Insulin + Oxidative stress
0.9301,,,rs1776178,,,,,,"p‐value (10,000 permutations) | APOE*4− females",Afr + AMR + EAS + EUR + 1000 Genomes Project + SAS,UK Biobank,Singlevariant analysis + Metaanalysis results + Metaanalysis + Genebased analysis,GLOBAL: imputed to 1000 Genomes + TOPMed,,APOE + Genetic risk factors + Inflammation + Alzheimers disease + BMI + Sex + Longevity + Mitochondria + Genegene interaction + Insulin + Oxidative stress
,,,,,,,,,"p‐value (10,000 permutations) | APOE*4− males",Afr + AMR + EAS + EUR + 1000 Genomes Project + SAS,UK Biobank,Singlevariant analysis + Metaanalysis results + Metaanalysis + Genebased analysis,GLOBAL: imputed to 1000 Genomes + TOPMed,,APOE + Genetic risk factors + Inflammation + Alzheimers disease + BMI + Sex + Longevity + Mitochondria + Genegene interaction + Insulin + Oxidative stress
0.6106,,,rs3757949,,,,,,"p‐value (10,000 permutations) | APOE*4− males",Afr + AMR + EAS + EUR + 1000 Genomes Project + SAS,UK Biobank,Singlevariant analysis + Metaanalysis results + Metaanalysis + Genebased analysis,GLOBAL: imputed to 1000 Genomes + TOPMed,,APOE + Genetic risk factors + Inflammation + Alzheimers disease + BMI + Sex + Longevity + Mitochondria + Genegene interaction + Insulin + Oxidative stress
0.0294,,,rs62491484,,,,,,"p‐value (10,000 permutations) | APOE*4− males",Afr + AMR + EAS + EUR + 1000 Genomes Project + SAS,UK Biobank,Singlevariant analysis + Metaanalysis results + Metaanalysis + Genebased analysis,GLOBAL: imputed to 1000 Genomes + TOPMed,,APOE + Genetic risk factors + Inflammation + Alzheimers disease + BMI + Sex + Longevity + Mitochondria + Genegene interaction + Insulin + Oxidative stress
0.4729,,,rs62491484,,,,,,"p‐value (10,000 permutations) | APOE*4− males",Afr + AMR + EAS + EUR + 1000 Genomes Project + SAS,UK Biobank,Singlevariant analysis + Metaanalysis results + Metaanalysis + Genebased analysis,GLOBAL: imputed to 1000 Genomes + TOPMed,,APOE + Genetic risk factors + Inflammation + Alzheimers disease + BMI + Sex + Longevity + Mitochondria + Genegene interaction + Insulin + Oxidative stress
0.824,,,rs2686186,,,,,,"p‐value (10,000 permutations) | APOE*4− males",Afr + AMR + EAS + EUR + 1000 Genomes Project + SAS,UK Biobank,Singlevariant analysis + Metaanalysis results + Metaanalysis + Genebased analysis,GLOBAL: imputed to 1000 Genomes + TOPMed,,APOE + Genetic risk factors + Inflammation + Alzheimers disease + BMI + Sex + Longevity + Mitochondria + Genegene interaction + Insulin + Oxidative stress
,,,,,,,,,"p‐value (10,000 permutations) | APOE*4− males",Afr + AMR + EAS + EUR + 1000 Genomes Project + SAS,UK Biobank,Singlevariant analysis + Metaanalysis results + Metaanalysis + Genebased analysis,GLOBAL: imputed to 1000 Genomes + TOPMed,,APOE + Genetic risk factors + Inflammation + Alzheimers disease + BMI + Sex + Longevity + Mitochondria + Genegene interaction + Insulin + Oxidative stress
0.9489,,,rs4674302,,,,,,"p‐value (10,000 permutations) | APOE*4− males",Afr + AMR + EAS + EUR + 1000 Genomes Project + SAS,UK Biobank,Singlevariant analysis + Metaanalysis results + Metaanalysis + Genebased analysis,GLOBAL: imputed to 1000 Genomes + TOPMed,,APOE + Genetic risk factors + Inflammation + Alzheimers disease + BMI + Sex + Longevity + Mitochondria + Genegene interaction + Insulin + Oxidative stress
0.2499,,,rs56190996,,,,,,"p‐value (10,000 permutations) | APOE*4− males",Afr + AMR + EAS + EUR + 1000 Genomes Project + SAS,UK Biobank,Singlevariant analysis + Metaanalysis results + Metaanalysis + Genebased analysis,GLOBAL: imputed to 1000 Genomes + TOPMed,,APOE + Genetic risk factors + Inflammation + Alzheimers disease + BMI + Sex + Longevity + Mitochondria + Genegene interaction + Insulin + Oxidative stress
0.206,,,rs7563682,,,,,,"p‐value (10,000 permutations) | APOE*4− males",Afr + AMR + EAS + EUR + 1000 Genomes Project + SAS,UK Biobank,Singlevariant analysis + Metaanalysis results + Metaanalysis + Genebased analysis,GLOBAL: imputed to 1000 Genomes + TOPMed,,APOE + Genetic risk factors + Inflammation + Alzheimers disease + BMI + Sex + Longevity + Mitochondria + Genegene interaction + Insulin + Oxidative stress
,,,,,,,,,"p‐value (10,000 permutations) | APOE*4− males",Afr + AMR + EAS + EUR + 1000 Genomes Project + SAS,UK Biobank,Singlevariant analysis + Metaanalysis results + Metaanalysis + Genebased analysis,GLOBAL: imputed to 1000 Genomes + TOPMed,,APOE + Genetic risk factors + Inflammation + Alzheimers disease + BMI + Sex + Longevity + Mitochondria + Genegene interaction + Insulin + Oxidative stress
0.0004,,,rs11573680,,,,,,"p‐value (10,000 permutations) | APOE*4− males",Afr + AMR + EAS + EUR + 1000 Genomes Project + SAS,UK Biobank,Singlevariant analysis + Metaanalysis results + Metaanalysis + Genebased analysis,GLOBAL: imputed to 1000 Genomes + TOPMed,,APOE + Genetic risk factors + Inflammation + Alzheimers disease + BMI + Sex + Longevity + Mitochondria + Genegene interaction + Insulin + Oxidative stress
0.0004,,,rs6214,,,,,,"p‐value (10,000 permutations) | APOE*4− males",Afr + AMR + EAS + EUR + 1000 Genomes Project + SAS,UK Biobank,Singlevariant analysis + Metaanalysis results + Metaanalysis + Genebased analysis,GLOBAL: imputed to 1000 Genomes + TOPMed,,APOE + Genetic risk factors + Inflammation + Alzheimers disease + BMI + Sex + Longevity + Mitochondria + Genegene interaction + Insulin + Oxidative stress
0.0001,,,rs11573680,,,,,,"p‐value (10,000 permutations) | APOE*4− males",Afr + AMR + EAS + EUR + 1000 Genomes Project + SAS,UK Biobank,Singlevariant analysis + Metaanalysis results + Metaanalysis + Genebased analysis,GLOBAL: imputed to 1000 Genomes + TOPMed,,APOE + Genetic risk factors + Inflammation + Alzheimers disease + BMI + Sex + Longevity + Mitochondria + Genegene interaction + Insulin + Oxidative stress
0.0003,,,rs1776178,,,,,,"p‐value (10,000 permutations) | APOE*4− males",Afr + AMR + EAS + EUR + 1000 Genomes Project + SAS,UK Biobank,Singlevariant analysis + Metaanalysis results + Metaanalysis + Genebased analysis,GLOBAL: imputed to 1000 Genomes + TOPMed,,APOE + Genetic risk factors + Inflammation + Alzheimers disease + BMI + Sex + Longevity + Mitochondria + Genegene interaction + Insulin + Oxidative stress
,81.7,,,,2115,,,Mean age LOAD (SD) | F,,Afr + AMR + EAS + EUR + 1000 Genomes Project + SAS,UK Biobank,Singlevariant analysis + Metaanalysis results + Metaanalysis + Genebased analysis,GLOBAL: imputed to 1000 Genomes + TOPMed,,APOE + Genetic risk factors + Inflammation + Alzheimers disease + BMI + Sex + Longevity + Mitochondria + Genegene interaction + Insulin + Oxidative stress
,74.1,,,,6427,,,Mean age LOAD (SD) | F,,Afr + AMR + EAS + EUR + 1000 Genomes Project + SAS,UK Biobank,Singlevariant analysis + Metaanalysis results + Metaanalysis + Genebased analysis,GLOBAL: imputed to 1000 Genomes + TOPMed,,APOE + Genetic risk factors + Inflammation + Alzheimers disease + BMI + Sex + Longevity + Mitochondria + Genegene interaction + Insulin + Oxidative stress
,73.7,,,,239,,,Mean age LOAD (SD) | F,,Afr + AMR + EAS + EUR + 1000 Genomes Project + SAS,UK Biobank,Singlevariant analysis + Metaanalysis results + Metaanalysis + Genebased analysis,GLOBAL: imputed to 1000 Genomes + TOPMed,,APOE + Genetic risk factors + Inflammation + Alzheimers disease + BMI + Sex + Longevity + Mitochondria + Genegene interaction + Insulin + Oxidative stress
,74.3,,,,749,,,Mean age LOAD (SD) | F,,Afr + AMR + EAS + EUR + 1000 Genomes Project + SAS,UK Biobank,Singlevariant analysis + Metaanalysis results + Metaanalysis + Genebased analysis,GLOBAL: imputed to 1000 Genomes + TOPMed,,APOE + Genetic risk factors + Inflammation + Alzheimers disease + BMI + Sex + Longevity + Mitochondria + Genegene interaction + Insulin + Oxidative stress
,74.0,,,,1375,,,Mean age LOAD (SD) | F,,Afr + AMR + EAS + EUR + 1000 Genomes Project + SAS,UK Biobank,Singlevariant analysis + Metaanalysis results + Metaanalysis + Genebased analysis,GLOBAL: imputed to 1000 Genomes + TOPMed,,APOE + Genetic risk factors + Inflammation + Alzheimers disease + BMI + Sex + Longevity + Mitochondria + Genegene interaction + Insulin + Oxidative stress
,73.9,,,,302,,,Mean age LOAD (SD) | F,,Afr + AMR + EAS + EUR + 1000 Genomes Project + SAS,UK Biobank,Singlevariant analysis + Metaanalysis results + Metaanalysis + Genebased analysis,GLOBAL: imputed to 1000 Genomes + TOPMed,,APOE + Genetic risk factors + Inflammation + Alzheimers disease + BMI + Sex + Longevity + Mitochondria + Genegene interaction + Insulin + Oxidative stress
,72.7,,,,1544,,,Mean age LOAD (SD) | F,,Afr + AMR + EAS + EUR + 1000 Genomes Project + SAS,UK Biobank,Singlevariant analysis + Metaanalysis results + Metaanalysis + Genebased analysis,GLOBAL: imputed to 1000 Genomes + TOPMed,,APOE + Genetic risk factors + Inflammation + Alzheimers disease + BMI + Sex + Longevity + Mitochondria + Genegene interaction + Insulin + Oxidative stress
,73.8,,,,1730,,,Mean age LOAD (SD) | F,,Afr + AMR + EAS + EUR + 1000 Genomes Project + SAS,UK Biobank,Singlevariant analysis + Metaanalysis results + Metaanalysis + Genebased analysis,GLOBAL: imputed to 1000 Genomes + TOPMed,,APOE + Genetic risk factors + Inflammation + Alzheimers disease + BMI + Sex + Longevity + Mitochondria + Genegene interaction + Insulin + Oxidative stress
,70.6,,,,466,,,Mean age LOAD (SD) | F,,Afr + AMR + EAS + EUR + 1000 Genomes Project + SAS,UK Biobank,Singlevariant analysis + Metaanalysis results + Metaanalysis + Genebased analysis,GLOBAL: imputed to 1000 Genomes + TOPMed,,APOE + Genetic risk factors + Inflammation + Alzheimers disease + BMI + Sex + Longevity + Mitochondria + Genegene interaction + Insulin + Oxidative stress
,86.9,,,,379,,,Mean age LOAD (SD) | F,,Afr + AMR + EAS + EUR + 1000 Genomes Project + SAS,UK Biobank,Singlevariant analysis + Metaanalysis results + Metaanalysis + Genebased analysis,GLOBAL: imputed to 1000 Genomes + TOPMed,,APOE + Genetic risk factors + Inflammation + Alzheimers disease + BMI + Sex + Longevity + Mitochondria + Genegene interaction + Insulin + Oxidative stress
,84.3,,,,1131,,,Mean age LOAD (SD) | F,,Afr + AMR + EAS + EUR + 1000 Genomes Project + SAS,UK Biobank,Singlevariant analysis + Metaanalysis results + Metaanalysis + Genebased analysis,GLOBAL: imputed to 1000 Genomes + TOPMed,,APOE + Genetic risk factors + Inflammation + Alzheimers disease + BMI + Sex + Longevity + Mitochondria + Genegene interaction + Insulin + Oxidative stress
,74.0,,,,1012,,,Mean age LOAD (SD) | F,,Afr + AMR + EAS + EUR + 1000 Genomes Project + SAS,UK Biobank,Singlevariant analysis + Metaanalysis results + Metaanalysis + Genebased analysis,GLOBAL: imputed to 1000 Genomes + TOPMed,,APOE + Genetic risk factors + Inflammation + Alzheimers disease + BMI + Sex + Longevity + Mitochondria + Genegene interaction + Insulin + Oxidative stress
,73.2,,,,1667,,,Mean age LOAD (SD) | F,,Afr + AMR + EAS + EUR + 1000 Genomes Project + SAS,UK Biobank,Singlevariant analysis + Metaanalysis results + Metaanalysis + Genebased analysis,GLOBAL: imputed to 1000 Genomes + TOPMed,,APOE + Genetic risk factors + Inflammation + Alzheimers disease + BMI + Sex + Longevity + Mitochondria + Genegene interaction + Insulin + Oxidative stress
,73.6,,,,1257,,,Mean age LOAD (SD) | F,,Afr + AMR + EAS + EUR + 1000 Genomes Project + SAS,UK Biobank,Singlevariant analysis + Metaanalysis results + Metaanalysis + Genebased analysis,GLOBAL: imputed to 1000 Genomes + TOPMed,,APOE + Genetic risk factors + Inflammation + Alzheimers disease + BMI + Sex + Longevity + Mitochondria + Genegene interaction + Insulin + Oxidative stress
,76.6,,,,373,,,Mean age LOAD (SD) | F,,Afr + AMR + EAS + EUR + 1000 Genomes Project + SAS,UK Biobank,Singlevariant analysis + Metaanalysis results + Metaanalysis + Genebased analysis,GLOBAL: imputed to 1000 Genomes + TOPMed,,APOE + Genetic risk factors + Inflammation + Alzheimers disease + BMI + Sex + Longevity + Mitochondria + Genegene interaction + Insulin + Oxidative stress
,76.6,,,,20766,,,Mean age LOAD (SD) | F,,Afr + AMR + EAS + EUR + 1000 Genomes Project + SAS,UK Biobank,Singlevariant analysis + Metaanalysis results + Metaanalysis + Genebased analysis,GLOBAL: imputed to 1000 Genomes + TOPMed,,APOE + Genetic risk factors + Inflammation + Alzheimers disease + BMI + Sex + Longevity + Mitochondria + Genegene interaction + Insulin + Oxidative stress
,80.4,,,,2115,,,Mean age LOAD (SD) | M,,Afr + AMR + EAS + EUR + 1000 Genomes Project + SAS,UK Biobank,Singlevariant analysis + Metaanalysis results + Metaanalysis + Genebased analysis,GLOBAL: imputed to 1000 Genomes + TOPMed,,APOE + Genetic risk factors + Inflammation + Alzheimers disease + BMI + Sex + Longevity + Mitochondria + Genegene interaction + Insulin + Oxidative stress
,72.5,,,,6427,,,Mean age LOAD (SD) | M,,Afr + AMR + EAS + EUR + 1000 Genomes Project + SAS,UK Biobank,Singlevariant analysis + Metaanalysis results + Metaanalysis + Genebased analysis,GLOBAL: imputed to 1000 Genomes + TOPMed,,APOE + Genetic risk factors + Inflammation + Alzheimers disease + BMI + Sex + Longevity + Mitochondria + Genegene interaction + Insulin + Oxidative stress
,74.2,,,,239,,,Mean age LOAD (SD) | M,,Afr + AMR + EAS + EUR + 1000 Genomes Project + SAS,UK Biobank,Singlevariant analysis + Metaanalysis results + Metaanalysis + Genebased analysis,GLOBAL: imputed to 1000 Genomes + TOPMed,,APOE + Genetic risk factors + Inflammation + Alzheimers disease + BMI + Sex + Longevity + Mitochondria + Genegene interaction + Insulin + Oxidative stress
,75.8,,,,749,,,Mean age LOAD (SD) | M,,Afr + AMR + EAS + EUR + 1000 Genomes Project + SAS,UK Biobank,Singlevariant analysis + Metaanalysis results + Metaanalysis + Genebased analysis,GLOBAL: imputed to 1000 Genomes + TOPMed,,APOE + Genetic risk factors + Inflammation + Alzheimers disease + BMI + Sex + Longevity + Mitochondria + Genegene interaction + Insulin + Oxidative stress
,73.9,,,,1375,,,Mean age LOAD (SD) | M,,Afr + AMR + EAS + EUR + 1000 Genomes Project + SAS,UK Biobank,Singlevariant analysis + Metaanalysis results + Metaanalysis + Genebased analysis,GLOBAL: imputed to 1000 Genomes + TOPMed,,APOE + Genetic risk factors + Inflammation + Alzheimers disease + BMI + Sex + Longevity + Mitochondria + Genegene interaction + Insulin + Oxidative stress
,70.3,,,,302,,,Mean age LOAD (SD) | M,,Afr + AMR + EAS + EUR + 1000 Genomes Project + SAS,UK Biobank,Singlevariant analysis + Metaanalysis results + Metaanalysis + Genebased analysis,GLOBAL: imputed to 1000 Genomes + TOPMed,,APOE + Genetic risk factors + Inflammation + Alzheimers disease + BMI + Sex + Longevity + Mitochondria + Genegene interaction + Insulin + Oxidative stress
,71.9,,,,1544,,,Mean age LOAD (SD) | M,,Afr + AMR + EAS + EUR + 1000 Genomes Project + SAS,UK Biobank,Singlevariant analysis + Metaanalysis results + Metaanalysis + Genebased analysis,GLOBAL: imputed to 1000 Genomes + TOPMed,,APOE + Genetic risk factors + Inflammation + Alzheimers disease + BMI + Sex + Longevity + Mitochondria + Genegene interaction + Insulin + Oxidative stress
,73.9,,,,1730,,,Mean age LOAD (SD) | M,,Afr + AMR + EAS + EUR + 1000 Genomes Project + SAS,UK Biobank,Singlevariant analysis + Metaanalysis results + Metaanalysis + Genebased analysis,GLOBAL: imputed to 1000 Genomes + TOPMed,,APOE + Genetic risk factors + Inflammation + Alzheimers disease + BMI + Sex + Longevity + Mitochondria + Genegene interaction + Insulin + Oxidative stress
,70.8,,,,466,,,Mean age LOAD (SD) | M,,Afr + AMR + EAS + EUR + 1000 Genomes Project + SAS,UK Biobank,Singlevariant analysis + Metaanalysis results + Metaanalysis + Genebased analysis,GLOBAL: imputed to 1000 Genomes + TOPMed,,APOE + Genetic risk factors + Inflammation + Alzheimers disease + BMI + Sex + Longevity + Mitochondria + Genegene interaction + Insulin + Oxidative stress
,84.6,,,,379,,,Mean age LOAD (SD) | M,,Afr + AMR + EAS + EUR + 1000 Genomes Project + SAS,UK Biobank,Singlevariant analysis + Metaanalysis results + Metaanalysis + Genebased analysis,GLOBAL: imputed to 1000 Genomes + TOPMed,,APOE + Genetic risk factors + Inflammation + Alzheimers disease + BMI + Sex + Longevity + Mitochondria + Genegene interaction + Insulin + Oxidative stress
,83.8,,,,1131,,,Mean age LOAD (SD) | M,,Afr + AMR + EAS + EUR + 1000 Genomes Project + SAS,UK Biobank,Singlevariant analysis + Metaanalysis results + Metaanalysis + Genebased analysis,GLOBAL: imputed to 1000 Genomes + TOPMed,,APOE + Genetic risk factors + Inflammation + Alzheimers disease + BMI + Sex + Longevity + Mitochondria + Genegene interaction + Insulin + Oxidative stress
,72.2,,,,1012,,,Mean age LOAD (SD) | M,,Afr + AMR + EAS + EUR + 1000 Genomes Project + SAS,UK Biobank,Singlevariant analysis + Metaanalysis results + Metaanalysis + Genebased analysis,GLOBAL: imputed to 1000 Genomes + TOPMed,,APOE + Genetic risk factors + Inflammation + Alzheimers disease + BMI + Sex + Longevity + Mitochondria + Genegene interaction + Insulin + Oxidative stress
,73.0,,,,1667,,,Mean age LOAD (SD) | M,,Afr + AMR + EAS + EUR + 1000 Genomes Project + SAS,UK Biobank,Singlevariant analysis + Metaanalysis results + Metaanalysis + Genebased analysis,GLOBAL: imputed to 1000 Genomes + TOPMed,,APOE + Genetic risk factors + Inflammation + Alzheimers disease + BMI + Sex + Longevity + Mitochondria + Genegene interaction + Insulin + Oxidative stress
,71.5,,,,1257,,,Mean age LOAD (SD) | M,,Afr + AMR + EAS + EUR + 1000 Genomes Project + SAS,UK Biobank,Singlevariant analysis + Metaanalysis results + Metaanalysis + Genebased analysis,GLOBAL: imputed to 1000 Genomes + TOPMed,,APOE + Genetic risk factors + Inflammation + Alzheimers disease + BMI + Sex + Longevity + Mitochondria + Genegene interaction + Insulin + Oxidative stress
,75.3,,,,373,,,Mean age LOAD (SD) | M,,Afr + AMR + EAS + EUR + 1000 Genomes Project + SAS,UK Biobank,Singlevariant analysis + Metaanalysis results + Metaanalysis + Genebased analysis,GLOBAL: imputed to 1000 Genomes + TOPMed,,APOE + Genetic risk factors + Inflammation + Alzheimers disease + BMI + Sex + Longevity + Mitochondria + Genegene interaction + Insulin + Oxidative stress
,75.3,,,,20766,,,Mean age LOAD (SD) | M,,Afr + AMR + EAS + EUR + 1000 Genomes Project + SAS,UK Biobank,Singlevariant analysis + Metaanalysis results + Metaanalysis + Genebased analysis,GLOBAL: imputed to 1000 Genomes + TOPMed,,APOE + Genetic risk factors + Inflammation + Alzheimers disease + BMI + Sex + Longevity + Mitochondria + Genegene interaction + Insulin + Oxidative stress
,82.5,,,,2115,,,Mean age controls (SD) | F,,Afr + AMR + EAS + EUR + 1000 Genomes Project + SAS,UK Biobank,Singlevariant analysis + Metaanalysis results + Metaanalysis + Genebased analysis,GLOBAL: imputed to 1000 Genomes + TOPMed,,APOE + Genetic risk factors + Inflammation + Alzheimers disease + BMI + Sex + Longevity + Mitochondria + Genegene interaction + Insulin + Oxidative stress
,79.5,,,,6427,,,Mean age controls (SD) | F,,Afr + AMR + EAS + EUR + 1000 Genomes Project + SAS,UK Biobank,Singlevariant analysis + Metaanalysis results + Metaanalysis + Genebased analysis,GLOBAL: imputed to 1000 Genomes + TOPMed,,APOE + Genetic risk factors + Inflammation + Alzheimers disease + BMI + Sex + Longevity + Mitochondria + Genegene interaction + Insulin + Oxidative stress
,78.5,,,,239,,,Mean age controls (SD) | F,,Afr + AMR + EAS + EUR + 1000 Genomes Project + SAS,UK Biobank,Singlevariant analysis + Metaanalysis results + Metaanalysis + Genebased analysis,GLOBAL: imputed to 1000 Genomes + TOPMed,,APOE + Genetic risk factors + Inflammation + Alzheimers disease + BMI + Sex + Longevity + Mitochondria + Genegene interaction + Insulin + Oxidative stress
,78.7,,,,749,,,Mean age controls (SD) | F,,Afr + AMR + EAS + EUR + 1000 Genomes Project + SAS,UK Biobank,Singlevariant analysis + Metaanalysis results + Metaanalysis + Genebased analysis,GLOBAL: imputed to 1000 Genomes + TOPMed,,APOE + Genetic risk factors + Inflammation + Alzheimers disease + BMI + Sex + Longevity + Mitochondria + Genegene interaction + Insulin + Oxidative stress
,73.9,,,,1375,,,Mean age controls (SD) | F,,Afr + AMR + EAS + EUR + 1000 Genomes Project + SAS,UK Biobank,Singlevariant analysis + Metaanalysis results + Metaanalysis + Genebased analysis,GLOBAL: imputed to 1000 Genomes + TOPMed,,APOE + Genetic risk factors + Inflammation + Alzheimers disease + BMI + Sex + Longevity + Mitochondria + Genegene interaction + Insulin + Oxidative stress
,70.3,,,,302,,,Mean age controls (SD) | F,,Afr + AMR + EAS + EUR + 1000 Genomes Project + SAS,UK Biobank,Singlevariant analysis + Metaanalysis results + Metaanalysis + Genebased analysis,GLOBAL: imputed to 1000 Genomes + TOPMed,,APOE + Genetic risk factors + Inflammation + Alzheimers disease + BMI + Sex + Longevity + Mitochondria + Genegene interaction + Insulin + Oxidative stress
,75.3,,,,1544,,,Mean age controls (SD) | F,,Afr + AMR + EAS + EUR + 1000 Genomes Project + SAS,UK Biobank,Singlevariant analysis + Metaanalysis results + Metaanalysis + Genebased analysis,GLOBAL: imputed to 1000 Genomes + TOPMed,,APOE + Genetic risk factors + Inflammation + Alzheimers disease + BMI + Sex + Longevity + Mitochondria + Genegene interaction + Insulin + Oxidative stress
,73.7,,,,1730,,,Mean age controls (SD) | F,,Afr + AMR + EAS + EUR + 1000 Genomes Project + SAS,UK Biobank,Singlevariant analysis + Metaanalysis results + Metaanalysis + Genebased analysis,GLOBAL: imputed to 1000 Genomes + TOPMed,,APOE + Genetic risk factors + Inflammation + Alzheimers disease + BMI + Sex + Longevity + Mitochondria + Genegene interaction + Insulin + Oxidative stress
,71.5,,,,466,,,Mean age controls (SD) | F,,Afr + AMR + EAS + EUR + 1000 Genomes Project + SAS,UK Biobank,Singlevariant analysis + Metaanalysis results + Metaanalysis + Genebased analysis,GLOBAL: imputed to 1000 Genomes + TOPMed,,APOE + Genetic risk factors + Inflammation + Alzheimers disease + BMI + Sex + Longevity + Mitochondria + Genegene interaction + Insulin + Oxidative stress
,87.7,,,,379,,,Mean age controls (SD) | F,,Afr + AMR + EAS + EUR + 1000 Genomes Project + SAS,UK Biobank,Singlevariant analysis + Metaanalysis results + Metaanalysis + Genebased analysis,GLOBAL: imputed to 1000 Genomes + TOPMed,,APOE + Genetic risk factors + Inflammation + Alzheimers disease + BMI + Sex + Longevity + Mitochondria + Genegene interaction + Insulin + Oxidative stress
,85.8,,,,1131,,,Mean age controls (SD) | F,,Afr + AMR + EAS + EUR + 1000 Genomes Project + SAS,UK Biobank,Singlevariant analysis + Metaanalysis results + Metaanalysis + Genebased analysis,GLOBAL: imputed to 1000 Genomes + TOPMed,,APOE + Genetic risk factors + Inflammation + Alzheimers disease + BMI + Sex + Longevity + Mitochondria + Genegene interaction + Insulin + Oxidative stress
,82.5,,,,1012,,,Mean age controls (SD) | F,,Afr + AMR + EAS + EUR + 1000 Genomes Project + SAS,UK Biobank,Singlevariant analysis + Metaanalysis results + Metaanalysis + Genebased analysis,GLOBAL: imputed to 1000 Genomes + TOPMed,,APOE + Genetic risk factors + Inflammation + Alzheimers disease + BMI + Sex + Longevity + Mitochondria + Genegene interaction + Insulin + Oxidative stress
,75.9,,,,1667,,,Mean age controls (SD) | F,,Afr + AMR + EAS + EUR + 1000 Genomes Project + SAS,UK Biobank,Singlevariant analysis + Metaanalysis results + Metaanalysis + Genebased analysis,GLOBAL: imputed to 1000 Genomes + TOPMed,,APOE + Genetic risk factors + Inflammation + Alzheimers disease + BMI + Sex + Longevity + Mitochondria + Genegene interaction + Insulin + Oxidative stress
,73.4,,,,1257,,,Mean age controls (SD) | F,,Afr + AMR + EAS + EUR + 1000 Genomes Project + SAS,UK Biobank,Singlevariant analysis + Metaanalysis results + Metaanalysis + Genebased analysis,GLOBAL: imputed to 1000 Genomes + TOPMed,,APOE + Genetic risk factors + Inflammation + Alzheimers disease + BMI + Sex + Longevity + Mitochondria + Genegene interaction + Insulin + Oxidative stress
,77.6,,,,373,,,Mean age controls (SD) | F,,Afr + AMR + EAS + EUR + 1000 Genomes Project + SAS,UK Biobank,Singlevariant analysis + Metaanalysis results + Metaanalysis + Genebased analysis,GLOBAL: imputed to 1000 Genomes + TOPMed,,APOE + Genetic risk factors + Inflammation + Alzheimers disease + BMI + Sex + Longevity + Mitochondria + Genegene interaction + Insulin + Oxidative stress
,77.6,,,,20766,,,Mean age controls (SD) | F,,Afr + AMR + EAS + EUR + 1000 Genomes Project + SAS,UK Biobank,Singlevariant analysis + Metaanalysis results + Metaanalysis + Genebased analysis,GLOBAL: imputed to 1000 Genomes + TOPMed,,APOE + Genetic risk factors + Inflammation + Alzheimers disease + BMI + Sex + Longevity + Mitochondria + Genegene interaction + Insulin + Oxidative stress
,81.7,,,,2115,,,Mean age controls (SD) | M,,Afr + AMR + EAS + EUR + 1000 Genomes Project + SAS,UK Biobank,Singlevariant analysis + Metaanalysis results + Metaanalysis + Genebased analysis,GLOBAL: imputed to 1000 Genomes + TOPMed,,APOE + Genetic risk factors + Inflammation + Alzheimers disease + BMI + Sex + Longevity + Mitochondria + Genegene interaction + Insulin + Oxidative stress
,80.1,,,,6427,,,Mean age controls (SD) | M,,Afr + AMR + EAS + EUR + 1000 Genomes Project + SAS,UK Biobank,Singlevariant analysis + Metaanalysis results + Metaanalysis + Genebased analysis,GLOBAL: imputed to 1000 Genomes + TOPMed,,APOE + Genetic risk factors + Inflammation + Alzheimers disease + BMI + Sex + Longevity + Mitochondria + Genegene interaction + Insulin + Oxidative stress
,78.5,,,,239,,,Mean age controls (SD) | M,,Afr + AMR + EAS + EUR + 1000 Genomes Project + SAS,UK Biobank,Singlevariant analysis + Metaanalysis results + Metaanalysis + Genebased analysis,GLOBAL: imputed to 1000 Genomes + TOPMed,,APOE + Genetic risk factors + Inflammation + Alzheimers disease + BMI + Sex + Longevity + Mitochondria + Genegene interaction + Insulin + Oxidative stress
,79.6,,,,749,,,Mean age controls (SD) | M,,Afr + AMR + EAS + EUR + 1000 Genomes Project + SAS,UK Biobank,Singlevariant analysis + Metaanalysis results + Metaanalysis + Genebased analysis,GLOBAL: imputed to 1000 Genomes + TOPMed,,APOE + Genetic risk factors + Inflammation + Alzheimers disease + BMI + Sex + Longevity + Mitochondria + Genegene interaction + Insulin + Oxidative stress
,75.0,,,,1375,,,Mean age controls (SD) | M,,Afr + AMR + EAS + EUR + 1000 Genomes Project + SAS,UK Biobank,Singlevariant analysis + Metaanalysis results + Metaanalysis + Genebased analysis,GLOBAL: imputed to 1000 Genomes + TOPMed,,APOE + Genetic risk factors + Inflammation + Alzheimers disease + BMI + Sex + Longevity + Mitochondria + Genegene interaction + Insulin + Oxidative stress
,68.9,,,,302,,,Mean age controls (SD) | M,,Afr + AMR + EAS + EUR + 1000 Genomes Project + SAS,UK Biobank,Singlevariant analysis + Metaanalysis results + Metaanalysis + Genebased analysis,GLOBAL: imputed to 1000 Genomes + TOPMed,,APOE + Genetic risk factors + Inflammation + Alzheimers disease + BMI + Sex + Longevity + Mitochondria + Genegene interaction + Insulin + Oxidative stress
,75.8,,,,1544,,,Mean age controls (SD) | M,,Afr + AMR + EAS + EUR + 1000 Genomes Project + SAS,UK Biobank,Singlevariant analysis + Metaanalysis results + Metaanalysis + Genebased analysis,GLOBAL: imputed to 1000 Genomes + TOPMed,,APOE + Genetic risk factors + Inflammation + Alzheimers disease + BMI + Sex + Longevity + Mitochondria + Genegene interaction + Insulin + Oxidative stress
,73.4,,,,1730,,,Mean age controls (SD) | M,,Afr + AMR + EAS + EUR + 1000 Genomes Project + SAS,UK Biobank,Singlevariant analysis + Metaanalysis results + Metaanalysis + Genebased analysis,GLOBAL: imputed to 1000 Genomes + TOPMed,,APOE + Genetic risk factors + Inflammation + Alzheimers disease + BMI + Sex + Longevity + Mitochondria + Genegene interaction + Insulin + Oxidative stress
,72.2,,,,466,,,Mean age controls (SD) | M,,Afr + AMR + EAS + EUR + 1000 Genomes Project + SAS,UK Biobank,Singlevariant analysis + Metaanalysis results + Metaanalysis + Genebased analysis,GLOBAL: imputed to 1000 Genomes + TOPMed,,APOE + Genetic risk factors + Inflammation + Alzheimers disease + BMI + Sex + Longevity + Mitochondria + Genegene interaction + Insulin + Oxidative stress
,86.5,,,,379,,,Mean age controls (SD) | M,,Afr + AMR + EAS + EUR + 1000 Genomes Project + SAS,UK Biobank,Singlevariant analysis + Metaanalysis results + Metaanalysis + Genebased analysis,GLOBAL: imputed to 1000 Genomes + TOPMed,,APOE + Genetic risk factors + Inflammation + Alzheimers disease + BMI + Sex + Longevity + Mitochondria + Genegene interaction + Insulin + Oxidative stress
,86.2,,,,1131,,,Mean age controls (SD) | M,,Afr + AMR + EAS + EUR + 1000 Genomes Project + SAS,UK Biobank,Singlevariant analysis + Metaanalysis results + Metaanalysis + Genebased analysis,GLOBAL: imputed to 1000 Genomes + TOPMed,,APOE + Genetic risk factors + Inflammation + Alzheimers disease + BMI + Sex + Longevity + Mitochondria + Genegene interaction + Insulin + Oxidative stress
,79.3,,,,1012,,,Mean age controls (SD) | M,,Afr + AMR + EAS + EUR + 1000 Genomes Project + SAS,UK Biobank,Singlevariant analysis + Metaanalysis results + Metaanalysis + Genebased analysis,GLOBAL: imputed to 1000 Genomes + TOPMed,,APOE + Genetic risk factors + Inflammation + Alzheimers disease + BMI + Sex + Longevity + Mitochondria + Genegene interaction + Insulin + Oxidative stress
,75.2,,,,1667,,,Mean age controls (SD) | M,,Afr + AMR + EAS + EUR + 1000 Genomes Project + SAS,UK Biobank,Singlevariant analysis + Metaanalysis results + Metaanalysis + Genebased analysis,GLOBAL: imputed to 1000 Genomes + TOPMed,,APOE + Genetic risk factors + Inflammation + Alzheimers disease + BMI + Sex + Longevity + Mitochondria + Genegene interaction + Insulin + Oxidative stress
,74.2,,,,1257,,,Mean age controls (SD) | M,,Afr + AMR + EAS + EUR + 1000 Genomes Project + SAS,UK Biobank,Singlevariant analysis + Metaanalysis results + Metaanalysis + Genebased analysis,GLOBAL: imputed to 1000 Genomes + TOPMed,,APOE + Genetic risk factors + Inflammation + Alzheimers disease + BMI + Sex + Longevity + Mitochondria + Genegene interaction + Insulin + Oxidative stress
,76.5,,,,373,,,Mean age controls (SD) | M,,Afr + AMR + EAS + EUR + 1000 Genomes Project + SAS,UK Biobank,Singlevariant analysis + Metaanalysis results + Metaanalysis + Genebased analysis,GLOBAL: imputed to 1000 Genomes + TOPMed,,APOE + Genetic risk factors + Inflammation + Alzheimers disease + BMI + Sex + Longevity + Mitochondria + Genegene interaction + Insulin + Oxidative stress
,76.5,,,,20766,,,Mean age controls (SD) | M,,Afr + AMR + EAS + EUR + 1000 Genomes Project + SAS,UK Biobank,Singlevariant analysis + Metaanalysis results + Metaanalysis + Genebased analysis,GLOBAL: imputed to 1000 Genomes + TOPMed,,APOE + Genetic risk factors + Inflammation + Alzheimers disease + BMI + Sex + Longevity + Mitochondria + Genegene interaction + Insulin + Oxidative stress
,1.216,,,,,,,,N of variants with p < 0.05,Afr + AMR + EAS + EUR + 1000 Genomes Project + SAS,UK Biobank,Singlevariant analysis + Metaanalysis results + Metaanalysis + Genebased analysis,GLOBAL: imputed to 1000 Genomes + TOPMed,,APOE + Genetic risk factors + Inflammation + Alzheimers disease + BMI + Sex + Longevity + Mitochondria + Genegene interaction + Insulin + Oxidative stress
,1.295,,,,,,,,N of variants with p < 0.05,Afr + AMR + EAS + EUR + 1000 Genomes Project + SAS,UK Biobank,Singlevariant analysis + Metaanalysis results + Metaanalysis + Genebased analysis,GLOBAL: imputed to 1000 Genomes + TOPMed,,APOE + Genetic risk factors + Inflammation + Alzheimers disease + BMI + Sex + Longevity + Mitochondria + Genegene interaction + Insulin + Oxidative stress
,0.932,,,,,,,,N of variants with p < 0.05,Afr + AMR + EAS + EUR + 1000 Genomes Project + SAS,UK Biobank,Singlevariant analysis + Metaanalysis results + Metaanalysis + Genebased analysis,GLOBAL: imputed to 1000 Genomes + TOPMed,,APOE + Genetic risk factors + Inflammation + Alzheimers disease + BMI + Sex + Longevity + Mitochondria + Genegene interaction + Insulin + Oxidative stress
,1.112,,,,,,,,N of variants with p < 0.05,Afr + AMR + EAS + EUR + 1000 Genomes Project + SAS,UK Biobank,Singlevariant analysis + Metaanalysis results + Metaanalysis + Genebased analysis,GLOBAL: imputed to 1000 Genomes + TOPMed,,APOE + Genetic risk factors + Inflammation + Alzheimers disease + BMI + Sex + Longevity + Mitochondria + Genegene interaction + Insulin + Oxidative stress
,1.112,,,,,,,,N of variants with p < 0.05,Afr + AMR + EAS + EUR + 1000 Genomes Project + SAS,UK Biobank,Singlevariant analysis + Metaanalysis results + Metaanalysis + Genebased analysis,GLOBAL: imputed to 1000 Genomes + TOPMed,,APOE + Genetic risk factors + Inflammation + Alzheimers disease + BMI + Sex + Longevity + Mitochondria + Genegene interaction + Insulin + Oxidative stress
,1.446,,,,,,,,N of variants with p < 0.05,Afr + AMR + EAS + EUR + 1000 Genomes Project + SAS,UK Biobank,Singlevariant analysis + Metaanalysis results + Metaanalysis + Genebased analysis,GLOBAL: imputed to 1000 Genomes + TOPMed,,APOE + Genetic risk factors + Inflammation + Alzheimers disease + BMI + Sex + Longevity + Mitochondria + Genegene interaction + Insulin + Oxidative stress
,1.331,,,,,,,,N of variants with p < 0.05,Afr + AMR + EAS + EUR + 1000 Genomes Project + SAS,UK Biobank,Singlevariant analysis + Metaanalysis results + Metaanalysis + Genebased analysis,GLOBAL: imputed to 1000 Genomes + TOPMed,,APOE + Genetic risk factors + Inflammation + Alzheimers disease + BMI + Sex + Longevity + Mitochondria + Genegene interaction + Insulin + Oxidative stress
0.118,1.216,,,,,,,,Enrichment p,Afr + AMR + EAS + EUR + 1000 Genomes Project + SAS,UK Biobank,Singlevariant analysis + Metaanalysis results + Metaanalysis + Genebased analysis,GLOBAL: imputed to 1000 Genomes + TOPMed,,APOE + Genetic risk factors + Inflammation + Alzheimers disease + BMI + Sex + Longevity + Mitochondria + Genegene interaction + Insulin + Oxidative stress
0.036,1.295,,,,,,,,Enrichment p,Afr + AMR + EAS + EUR + 1000 Genomes Project + SAS,UK Biobank,Singlevariant analysis + Metaanalysis results + Metaanalysis + Genebased analysis,GLOBAL: imputed to 1000 Genomes + TOPMed,,APOE + Genetic risk factors + Inflammation + Alzheimers disease + BMI + Sex + Longevity + Mitochondria + Genegene interaction + Insulin + Oxidative stress
0.597,0.932,,,,,,,,Enrichment p,Afr + AMR + EAS + EUR + 1000 Genomes Project + SAS,UK Biobank,Singlevariant analysis + Metaanalysis results + Metaanalysis + Genebased analysis,GLOBAL: imputed to 1000 Genomes + TOPMed,,APOE + Genetic risk factors + Inflammation + Alzheimers disease + BMI + Sex + Longevity + Mitochondria + Genegene interaction + Insulin + Oxidative stress
0.406,1.112,,,,,,,,Enrichment p,Afr + AMR + EAS + EUR + 1000 Genomes Project + SAS,UK Biobank,Singlevariant analysis + Metaanalysis results + Metaanalysis + Genebased analysis,GLOBAL: imputed to 1000 Genomes + TOPMed,,APOE + Genetic risk factors + Inflammation + Alzheimers disease + BMI + Sex + Longevity + Mitochondria + Genegene interaction + Insulin + Oxidative stress
0.406,1.112,,,,,,,,Enrichment p,Afr + AMR + EAS + EUR + 1000 Genomes Project + SAS,UK Biobank,Singlevariant analysis + Metaanalysis results + Metaanalysis + Genebased analysis,GLOBAL: imputed to 1000 Genomes + TOPMed,,APOE + Genetic risk factors + Inflammation + Alzheimers disease + BMI + Sex + Longevity + Mitochondria + Genegene interaction + Insulin + Oxidative stress
0.002,1.446,,,,,,,,Enrichment p,Afr + AMR + EAS + EUR + 1000 Genomes Project + SAS,UK Biobank,Singlevariant analysis + Metaanalysis results + Metaanalysis + Genebased analysis,GLOBAL: imputed to 1000 Genomes + TOPMed,,APOE + Genetic risk factors + Inflammation + Alzheimers disease + BMI + Sex + Longevity + Mitochondria + Genegene interaction + Insulin + Oxidative stress
0.02,1.331,,,,,,,,Enrichment p,Afr + AMR + EAS + EUR + 1000 Genomes Project + SAS,UK Biobank,Singlevariant analysis + Metaanalysis results + Metaanalysis + Genebased analysis,GLOBAL: imputed to 1000 Genomes + TOPMed,,APOE + Genetic risk factors + Inflammation + Alzheimers disease + BMI + Sex + Longevity + Mitochondria + Genegene interaction + Insulin + Oxidative stress
