P-value,Effect,AF,SNP,Chr,Position,RA1,RA2,P-value notes,Effect notes,Cohort,Population,Stage,Imputation,Study type,Phenotype,Population details,Stage details
,,,,,,,,Common variant Pa,,igap + uk biobank + international genomics of alzheimers project,Caucasian + Multi-ethnic + Caribbean Hispanic + African American + Asian,Stage 2 + Discovery + Joint-analysis + Replication + Meta-analysis + Validation + Stage 3 + Stage 1,"1,000 genomes + pre-phasing + pre-analysis quality control + thousands of genomes + 1,000 genomes project + imputation + phasing",genotyping + sequencing,pittsburgh compound b + alzheimeras disease + complex traits,race + tsi + ceu + ibs + fin + gbr + ethnic + ancestry + non-european + european ancestry,meta-analyses + association analysis + meta-analysis
,20.0,,,,,,,Common variant Pa,,igap + uk biobank + international genomics of alzheimers project,Caucasian + Multi-ethnic + Caribbean Hispanic + African American + Asian,Stage 2 + Discovery + Joint-analysis + Replication + Meta-analysis + Validation + Stage 3 + Stage 1,"1,000 genomes + pre-phasing + pre-analysis quality control + thousands of genomes + 1,000 genomes project + imputation + phasing",genotyping + sequencing,pittsburgh compound b + alzheimeras disease + complex traits,race + tsi + ceu + ibs + fin + gbr + ethnic + ancestry + non-european + european ancestry,meta-analyses + association analysis + meta-analysis
,10.0,,,,,,,Common variant Pa,,igap + uk biobank + international genomics of alzheimers project,Caucasian + Multi-ethnic + Caribbean Hispanic + African American + Asian,Stage 2 + Discovery + Joint-analysis + Replication + Meta-analysis + Validation + Stage 3 + Stage 1,"1,000 genomes + pre-phasing + pre-analysis quality control + thousands of genomes + 1,000 genomes project + imputation + phasing",genotyping + sequencing,pittsburgh compound b + alzheimeras disease + complex traits,race + tsi + ceu + ibs + fin + gbr + ethnic + ancestry + non-european + european ancestry,meta-analyses + association analysis + meta-analysis
,39.0,,,,,,,Common variant Pa,,igap + uk biobank + international genomics of alzheimers project,Caucasian + Multi-ethnic + Caribbean Hispanic + African American + Asian,Stage 2 + Discovery + Joint-analysis + Replication + Meta-analysis + Validation + Stage 3 + Stage 1,"1,000 genomes + pre-phasing + pre-analysis quality control + thousands of genomes + 1,000 genomes project + imputation + phasing",genotyping + sequencing,pittsburgh compound b + alzheimeras disease + complex traits,race + tsi + ceu + ibs + fin + gbr + ethnic + ancestry + non-european + european ancestry,meta-analyses + association analysis + meta-analysis
,12.0,,,,,,,Common variant Pa,,igap + uk biobank + international genomics of alzheimers project,Caucasian + Multi-ethnic + Caribbean Hispanic + African American + Asian,Stage 2 + Discovery + Joint-analysis + Replication + Meta-analysis + Validation + Stage 3 + Stage 1,"1,000 genomes + pre-phasing + pre-analysis quality control + thousands of genomes + 1,000 genomes project + imputation + phasing",genotyping + sequencing,pittsburgh compound b + alzheimeras disease + complex traits,race + tsi + ceu + ibs + fin + gbr + ethnic + ancestry + non-european + european ancestry,meta-analyses + association analysis + meta-analysis
,17.0,,,,,,,Common variant Pa,,igap + uk biobank + international genomics of alzheimers project,Caucasian + Multi-ethnic + Caribbean Hispanic + African American + Asian,Stage 2 + Discovery + Joint-analysis + Replication + Meta-analysis + Validation + Stage 3 + Stage 1,"1,000 genomes + pre-phasing + pre-analysis quality control + thousands of genomes + 1,000 genomes project + imputation + phasing",genotyping + sequencing,pittsburgh compound b + alzheimeras disease + complex traits,race + tsi + ceu + ibs + fin + gbr + ethnic + ancestry + non-european + european ancestry,meta-analyses + association analysis + meta-analysis
,35.0,,,,,,,Common variant Pa,,igap + uk biobank + international genomics of alzheimers project,Caucasian + Multi-ethnic + Caribbean Hispanic + African American + Asian,Stage 2 + Discovery + Joint-analysis + Replication + Meta-analysis + Validation + Stage 3 + Stage 1,"1,000 genomes + pre-phasing + pre-analysis quality control + thousands of genomes + 1,000 genomes project + imputation + phasing",genotyping + sequencing,pittsburgh compound b + alzheimeras disease + complex traits,race + tsi + ceu + ibs + fin + gbr + ethnic + ancestry + non-european + european ancestry,meta-analyses + association analysis + meta-analysis
,18.0,,,,,,,Common variant Pa,,igap + uk biobank + international genomics of alzheimers project,Caucasian + Multi-ethnic + Caribbean Hispanic + African American + Asian,Stage 2 + Discovery + Joint-analysis + Replication + Meta-analysis + Validation + Stage 3 + Stage 1,"1,000 genomes + pre-phasing + pre-analysis quality control + thousands of genomes + 1,000 genomes project + imputation + phasing",genotyping + sequencing,pittsburgh compound b + alzheimeras disease + complex traits,race + tsi + ceu + ibs + fin + gbr + ethnic + ancestry + non-european + european ancestry,meta-analyses + association analysis + meta-analysis
,10.0,,,,,,,Common variant Pa,,igap + uk biobank + international genomics of alzheimers project,Caucasian + Multi-ethnic + Caribbean Hispanic + African American + Asian,Stage 2 + Discovery + Joint-analysis + Replication + Meta-analysis + Validation + Stage 3 + Stage 1,"1,000 genomes + pre-phasing + pre-analysis quality control + thousands of genomes + 1,000 genomes project + imputation + phasing",genotyping + sequencing,pittsburgh compound b + alzheimeras disease + complex traits,race + tsi + ceu + ibs + fin + gbr + ethnic + ancestry + non-european + european ancestry,meta-analyses + association analysis + meta-analysis
,382.0,,,,,,,Common variant Pa,,igap + uk biobank + international genomics of alzheimers project,Caucasian + Multi-ethnic + Caribbean Hispanic + African American + Asian,Stage 2 + Discovery + Joint-analysis + Replication + Meta-analysis + Validation + Stage 3 + Stage 1,"1,000 genomes + pre-phasing + pre-analysis quality control + thousands of genomes + 1,000 genomes project + imputation + phasing",genotyping + sequencing,pittsburgh compound b + alzheimeras disease + complex traits,race + tsi + ceu + ibs + fin + gbr + ethnic + ancestry + non-european + european ancestry,meta-analyses + association analysis + meta-analysis
,,,,,,,,Common variant q value,,uk biobank,Caucasian + Multi-ethnic + Caribbean Hispanic + African American + Asian,Stage 2 + Discovery + Joint-analysis + Replication + Meta-analysis + Validation + Stage 3 + Stage 1,"1,000 genomes + pre-phasing + pre-analysis quality control + 1,000 genomes project + imputation + phasing",genotyping + sequencing,complex traits,race + tsi + ceu + ibs + fin + gbr + ethnic + ancestry + non-european + european ancestry,summary statistics + association analysis + meta-analysis
0.00095,20.0,,,,,,,Common variant q value,,uk biobank,Caucasian + Multi-ethnic + Caribbean Hispanic + African American + Asian,Stage 2 + Discovery + Joint-analysis + Replication + Meta-analysis + Validation + Stage 3 + Stage 1,"1,000 genomes + pre-phasing + pre-analysis quality control + 1,000 genomes project + imputation + phasing",genotyping + sequencing,complex traits,race + tsi + ceu + ibs + fin + gbr + ethnic + ancestry + non-european + european ancestry,summary statistics + association analysis + meta-analysis
0.0014,10.0,,,,,,,Common variant q value,,uk biobank,Caucasian + Multi-ethnic + Caribbean Hispanic + African American + Asian,Stage 2 + Discovery + Joint-analysis + Replication + Meta-analysis + Validation + Stage 3 + Stage 1,"1,000 genomes + pre-phasing + pre-analysis quality control + 1,000 genomes project + imputation + phasing",genotyping + sequencing,complex traits,race + tsi + ceu + ibs + fin + gbr + ethnic + ancestry + non-european + european ancestry,summary statistics + association analysis + meta-analysis
0.0025,39.0,,,,,,,Common variant q value,,uk biobank,Caucasian + Multi-ethnic + Caribbean Hispanic + African American + Asian,Stage 2 + Discovery + Joint-analysis + Replication + Meta-analysis + Validation + Stage 3 + Stage 1,"1,000 genomes + pre-phasing + pre-analysis quality control + 1,000 genomes project + imputation + phasing",genotyping + sequencing,complex traits,race + tsi + ceu + ibs + fin + gbr + ethnic + ancestry + non-european + european ancestry,summary statistics + association analysis + meta-analysis
0.0058,12.0,,,,,,,Common variant q value,,uk biobank,Caucasian + Multi-ethnic + Caribbean Hispanic + African American + Asian,Stage 2 + Discovery + Joint-analysis + Replication + Meta-analysis + Validation + Stage 3 + Stage 1,"1,000 genomes + pre-phasing + pre-analysis quality control + 1,000 genomes project + imputation + phasing",genotyping + sequencing,complex traits,race + tsi + ceu + ibs + fin + gbr + ethnic + ancestry + non-european + european ancestry,summary statistics + association analysis + meta-analysis
0.0067,17.0,,,,,,,Common variant q value,,uk biobank,Caucasian + Multi-ethnic + Caribbean Hispanic + African American + Asian,Stage 2 + Discovery + Joint-analysis + Replication + Meta-analysis + Validation + Stage 3 + Stage 1,"1,000 genomes + pre-phasing + pre-analysis quality control + 1,000 genomes project + imputation + phasing",genotyping + sequencing,complex traits,race + tsi + ceu + ibs + fin + gbr + ethnic + ancestry + non-european + european ancestry,summary statistics + association analysis + meta-analysis
0.0067,35.0,,,,,,,Common variant q value,,uk biobank,Caucasian + Multi-ethnic + Caribbean Hispanic + African American + Asian,Stage 2 + Discovery + Joint-analysis + Replication + Meta-analysis + Validation + Stage 3 + Stage 1,"1,000 genomes + pre-phasing + pre-analysis quality control + 1,000 genomes project + imputation + phasing",genotyping + sequencing,complex traits,race + tsi + ceu + ibs + fin + gbr + ethnic + ancestry + non-european + european ancestry,summary statistics + association analysis + meta-analysis
0.015,18.0,,,,,,,Common variant q value,,uk biobank,Caucasian + Multi-ethnic + Caribbean Hispanic + African American + Asian,Stage 2 + Discovery + Joint-analysis + Replication + Meta-analysis + Validation + Stage 3 + Stage 1,"1,000 genomes + pre-phasing + pre-analysis quality control + 1,000 genomes project + imputation + phasing",genotyping + sequencing,complex traits,race + tsi + ceu + ibs + fin + gbr + ethnic + ancestry + non-european + european ancestry,summary statistics + association analysis + meta-analysis
0.026,10.0,,,,,,,Common variant q value,,uk biobank,Caucasian + Multi-ethnic + Caribbean Hispanic + African American + Asian,Stage 2 + Discovery + Joint-analysis + Replication + Meta-analysis + Validation + Stage 3 + Stage 1,"1,000 genomes + pre-phasing + pre-analysis quality control + 1,000 genomes project + imputation + phasing",genotyping + sequencing,complex traits,race + tsi + ceu + ibs + fin + gbr + ethnic + ancestry + non-european + european ancestry,summary statistics + association analysis + meta-analysis
0.046,382.0,,,,,,,Common variant q value,,uk biobank,Caucasian + Multi-ethnic + Caribbean Hispanic + African American + Asian,Stage 2 + Discovery + Joint-analysis + Replication + Meta-analysis + Validation + Stage 3 + Stage 1,"1,000 genomes + pre-phasing + pre-analysis quality control + 1,000 genomes project + imputation + phasing",genotyping + sequencing,complex traits,race + tsi + ceu + ibs + fin + gbr + ethnic + ancestry + non-european + european ancestry,summary statistics + association analysis + meta-analysis
,,,,,,,,Rare variant Pa,,igap + uk biobank + international genomics of alzheimers project,Caucasian + Multi-ethnic + Caribbean Hispanic + African American + Asian,Stage 2 + Discovery + Joint-analysis + Replication + Meta-analysis + Validation + Stage 3 + Stage 1,"1,000 genomes + pre-phasing + pre-analysis quality control + thousands of genomes + 1,000 genomes project + imputation + phasing",genotyping + sequencing,alzheimer disease + alzheimeras disease + complex traits + pittsburgh compound b + alzheimers disease,race + tsi + ceu + ibs + fin + gbr + ethnic + ancestry + non-european + european ancestry,association analysis
0.067,20.0,,,,,,,Rare variant Pa,,igap + uk biobank + international genomics of alzheimers project,Caucasian + Multi-ethnic + Caribbean Hispanic + African American + Asian,Stage 2 + Discovery + Joint-analysis + Replication + Meta-analysis + Validation + Stage 3 + Stage 1,"1,000 genomes + pre-phasing + pre-analysis quality control + thousands of genomes + 1,000 genomes project + imputation + phasing",genotyping + sequencing,alzheimer disease + alzheimeras disease + complex traits + pittsburgh compound b + alzheimers disease,race + tsi + ceu + ibs + fin + gbr + ethnic + ancestry + non-european + european ancestry,association analysis
0.049,10.0,,,,,,,Rare variant Pa,,igap + uk biobank + international genomics of alzheimers project,Caucasian + Multi-ethnic + Caribbean Hispanic + African American + Asian,Stage 2 + Discovery + Joint-analysis + Replication + Meta-analysis + Validation + Stage 3 + Stage 1,"1,000 genomes + pre-phasing + pre-analysis quality control + thousands of genomes + 1,000 genomes project + imputation + phasing",genotyping + sequencing,alzheimer disease + alzheimeras disease + complex traits + pittsburgh compound b + alzheimers disease,race + tsi + ceu + ibs + fin + gbr + ethnic + ancestry + non-european + european ancestry,association analysis
0.017,39.0,,,,,,,Rare variant Pa,,igap + uk biobank + international genomics of alzheimers project,Caucasian + Multi-ethnic + Caribbean Hispanic + African American + Asian,Stage 2 + Discovery + Joint-analysis + Replication + Meta-analysis + Validation + Stage 3 + Stage 1,"1,000 genomes + pre-phasing + pre-analysis quality control + thousands of genomes + 1,000 genomes project + imputation + phasing",genotyping + sequencing,alzheimer disease + alzheimeras disease + complex traits + pittsburgh compound b + alzheimers disease,race + tsi + ceu + ibs + fin + gbr + ethnic + ancestry + non-european + european ancestry,association analysis
0.056,12.0,,,,,,,Rare variant Pa,,igap + uk biobank + international genomics of alzheimers project,Caucasian + Multi-ethnic + Caribbean Hispanic + African American + Asian,Stage 2 + Discovery + Joint-analysis + Replication + Meta-analysis + Validation + Stage 3 + Stage 1,"1,000 genomes + pre-phasing + pre-analysis quality control + thousands of genomes + 1,000 genomes project + imputation + phasing",genotyping + sequencing,alzheimer disease + alzheimeras disease + complex traits + pittsburgh compound b + alzheimers disease,race + tsi + ceu + ibs + fin + gbr + ethnic + ancestry + non-european + european ancestry,association analysis
0.03,17.0,,,,,,,Rare variant Pa,,igap + uk biobank + international genomics of alzheimers project,Caucasian + Multi-ethnic + Caribbean Hispanic + African American + Asian,Stage 2 + Discovery + Joint-analysis + Replication + Meta-analysis + Validation + Stage 3 + Stage 1,"1,000 genomes + pre-phasing + pre-analysis quality control + thousands of genomes + 1,000 genomes project + imputation + phasing",genotyping + sequencing,alzheimer disease + alzheimeras disease + complex traits + pittsburgh compound b + alzheimers disease,race + tsi + ceu + ibs + fin + gbr + ethnic + ancestry + non-european + european ancestry,association analysis
0.12,35.0,,,,,,,Rare variant Pa,,igap + uk biobank + international genomics of alzheimers project,Caucasian + Multi-ethnic + Caribbean Hispanic + African American + Asian,Stage 2 + Discovery + Joint-analysis + Replication + Meta-analysis + Validation + Stage 3 + Stage 1,"1,000 genomes + pre-phasing + pre-analysis quality control + thousands of genomes + 1,000 genomes project + imputation + phasing",genotyping + sequencing,alzheimer disease + alzheimeras disease + complex traits + pittsburgh compound b + alzheimers disease,race + tsi + ceu + ibs + fin + gbr + ethnic + ancestry + non-european + european ancestry,association analysis
0.18,18.0,,,,,,,Rare variant Pa,,igap + uk biobank + international genomics of alzheimers project,Caucasian + Multi-ethnic + Caribbean Hispanic + African American + Asian,Stage 2 + Discovery + Joint-analysis + Replication + Meta-analysis + Validation + Stage 3 + Stage 1,"1,000 genomes + pre-phasing + pre-analysis quality control + thousands of genomes + 1,000 genomes project + imputation + phasing",genotyping + sequencing,alzheimer disease + alzheimeras disease + complex traits + pittsburgh compound b + alzheimers disease,race + tsi + ceu + ibs + fin + gbr + ethnic + ancestry + non-european + european ancestry,association analysis
0.77,10.0,,,,,,,Rare variant Pa,,igap + uk biobank + international genomics of alzheimers project,Caucasian + Multi-ethnic + Caribbean Hispanic + African American + Asian,Stage 2 + Discovery + Joint-analysis + Replication + Meta-analysis + Validation + Stage 3 + Stage 1,"1,000 genomes + pre-phasing + pre-analysis quality control + thousands of genomes + 1,000 genomes project + imputation + phasing",genotyping + sequencing,alzheimer disease + alzheimeras disease + complex traits + pittsburgh compound b + alzheimers disease,race + tsi + ceu + ibs + fin + gbr + ethnic + ancestry + non-european + european ancestry,association analysis
0.2,382.0,,,,,,,Rare variant Pa,,igap + uk biobank + international genomics of alzheimers project,Caucasian + Multi-ethnic + Caribbean Hispanic + African American + Asian,Stage 2 + Discovery + Joint-analysis + Replication + Meta-analysis + Validation + Stage 3 + Stage 1,"1,000 genomes + pre-phasing + pre-analysis quality control + thousands of genomes + 1,000 genomes project + imputation + phasing",genotyping + sequencing,alzheimer disease + alzheimeras disease + complex traits + pittsburgh compound b + alzheimers disease,race + tsi + ceu + ibs + fin + gbr + ethnic + ancestry + non-european + european ancestry,association analysis
,,,,,,,,Rare variant q value,,uk biobank,Caucasian + Multi-ethnic + Caribbean Hispanic + African American + Asian,Stage 2 + Discovery + Joint-analysis + Replication + Meta-analysis + Validation + Stage 3 + Stage 1,"1,000 genomes project + pre-phasing + imputation + pre-analysis quality control",genotyping + sequencing,complex traits,race + tsi + ceu + ibs + fin + gbr + ethnic + ancestry + non-european + european ancestry,summary statistics + meta-analysis
0.84,20.0,,,,,,,Rare variant q value,,uk biobank,Caucasian + Multi-ethnic + Caribbean Hispanic + African American + Asian,Stage 2 + Discovery + Joint-analysis + Replication + Meta-analysis + Validation + Stage 3 + Stage 1,"1,000 genomes project + pre-phasing + imputation + pre-analysis quality control",genotyping + sequencing,complex traits,race + tsi + ceu + ibs + fin + gbr + ethnic + ancestry + non-european + european ancestry,summary statistics + meta-analysis
0.84,10.0,,,,,,,Rare variant q value,,uk biobank,Caucasian + Multi-ethnic + Caribbean Hispanic + African American + Asian,Stage 2 + Discovery + Joint-analysis + Replication + Meta-analysis + Validation + Stage 3 + Stage 1,"1,000 genomes project + pre-phasing + imputation + pre-analysis quality control",genotyping + sequencing,complex traits,race + tsi + ceu + ibs + fin + gbr + ethnic + ancestry + non-european + european ancestry,summary statistics + meta-analysis
0.81,39.0,,,,,,,Rare variant q value,,uk biobank,Caucasian + Multi-ethnic + Caribbean Hispanic + African American + Asian,Stage 2 + Discovery + Joint-analysis + Replication + Meta-analysis + Validation + Stage 3 + Stage 1,"1,000 genomes project + pre-phasing + imputation + pre-analysis quality control",genotyping + sequencing,complex traits,race + tsi + ceu + ibs + fin + gbr + ethnic + ancestry + non-european + european ancestry,summary statistics + meta-analysis
0.84,12.0,,,,,,,Rare variant q value,,uk biobank,Caucasian + Multi-ethnic + Caribbean Hispanic + African American + Asian,Stage 2 + Discovery + Joint-analysis + Replication + Meta-analysis + Validation + Stage 3 + Stage 1,"1,000 genomes project + pre-phasing + imputation + pre-analysis quality control",genotyping + sequencing,complex traits,race + tsi + ceu + ibs + fin + gbr + ethnic + ancestry + non-european + european ancestry,summary statistics + meta-analysis
0.81,17.0,,,,,,,Rare variant q value,,uk biobank,Caucasian + Multi-ethnic + Caribbean Hispanic + African American + Asian,Stage 2 + Discovery + Joint-analysis + Replication + Meta-analysis + Validation + Stage 3 + Stage 1,"1,000 genomes project + pre-phasing + imputation + pre-analysis quality control",genotyping + sequencing,complex traits,race + tsi + ceu + ibs + fin + gbr + ethnic + ancestry + non-european + european ancestry,summary statistics + meta-analysis
0.84,35.0,,,,,,,Rare variant q value,,uk biobank,Caucasian + Multi-ethnic + Caribbean Hispanic + African American + Asian,Stage 2 + Discovery + Joint-analysis + Replication + Meta-analysis + Validation + Stage 3 + Stage 1,"1,000 genomes project + pre-phasing + imputation + pre-analysis quality control",genotyping + sequencing,complex traits,race + tsi + ceu + ibs + fin + gbr + ethnic + ancestry + non-european + european ancestry,summary statistics + meta-analysis
0.84,18.0,,,,,,,Rare variant q value,,uk biobank,Caucasian + Multi-ethnic + Caribbean Hispanic + African American + Asian,Stage 2 + Discovery + Joint-analysis + Replication + Meta-analysis + Validation + Stage 3 + Stage 1,"1,000 genomes project + pre-phasing + imputation + pre-analysis quality control",genotyping + sequencing,complex traits,race + tsi + ceu + ibs + fin + gbr + ethnic + ancestry + non-european + european ancestry,summary statistics + meta-analysis
0.85,10.0,,,,,,,Rare variant q value,,uk biobank,Caucasian + Multi-ethnic + Caribbean Hispanic + African American + Asian,Stage 2 + Discovery + Joint-analysis + Replication + Meta-analysis + Validation + Stage 3 + Stage 1,"1,000 genomes project + pre-phasing + imputation + pre-analysis quality control",genotyping + sequencing,complex traits,race + tsi + ceu + ibs + fin + gbr + ethnic + ancestry + non-european + european ancestry,summary statistics + meta-analysis
0.84,382.0,,,,,,,Rare variant q value,,uk biobank,Caucasian + Multi-ethnic + Caribbean Hispanic + African American + Asian,Stage 2 + Discovery + Joint-analysis + Replication + Meta-analysis + Validation + Stage 3 + Stage 1,"1,000 genomes project + pre-phasing + imputation + pre-analysis quality control",genotyping + sequencing,complex traits,race + tsi + ceu + ibs + fin + gbr + ethnic + ancestry + non-european + european ancestry,summary statistics + meta-analysis
,1.16,0.187,rs4844610,1.0,207802552.0,C/A,,"stage 1 discovery ( n /thinspace = /thinspace63,926).P","stage 1 discovery ( n /thinspace = /thinspace63,926).OR",uk biobank + adgc + international genomics of alzheimers project + eadi + ld hub + databasestudy + geradperades + igap + charge,Caucasian + Multi-ethnic + Caribbean Hispanic + African American + Asian,Stage 2 + Discovery + Joint-analysis + Replication + Meta-analysis + Validation + Stage 3 + Stage 1,"1,000 genomes + pre-phasing + pre-analysis quality control + machminimac + shapeitimpute2 + thousands of genomes + 1,000 genomes project + imputation + phasing",genotyping + sequencing,multiple sclerosis + pittsburgh compound b + complex traits + apoptosis,race + tsi + ceu + ibs + fin + gbr + ethnic + ancestry + non-european + european ancestry,discovery + meta-analysis + stage + summary statistics + meta-analyses + association analysis
,1.16,0.187,rs4844610,1.0,207802552.0,C/A,,"stage 2 ( n /thinspace = /thinspace18,845).P","stage 1 discovery ( n /thinspace = /thinspace63,926).OR",uk biobank + adgc + international genomics of alzheimers project + eadi + ld hub + geradperades + databasestudy + igap + charge,Caucasian + Multi-ethnic + Caribbean Hispanic + African American + Asian,Stage 2 + Discovery + Joint-analysis + Replication + Meta-analysis + Validation + Stage 3 + Stage 1,"1,000 genomes + pre-phasing + pre-analysis quality control + machminimac + shapeitimpute2 + thousands of genomes + 1,000 genomes project + imputation + phasing",genotyping + sequencing,multiple sclerosis + pittsburgh compound b + complex traits + apoptosis,race + tsi + ceu + ibs + fin + gbr + ethnic + ancestry + non-european + european ancestry,discovery + meta-analysis + stage + summary statistics + meta-analyses + association analysis + combined
,1.16,0.187,rs4844610,1.0,207802552.0,C/A,,"Overall stage 1/thinspace + /thinspacestage 2 ( n /thinspace = /thinspace82,771).Meta P","stage 1 discovery ( n /thinspace = /thinspace63,926).OR",uk biobank + adgc + international genomics of alzheimers project + eadi + ld hub + geradperades + databasestudy + igap + charge,Caucasian + Multi-ethnic + Caribbean Hispanic + African American + Asian,Stage 2 + Discovery + Joint-analysis + Replication + Meta-analysis + Validation + Stage 3 + Stage 1,"1,000 genomes + pre-phasing + pre-analysis quality control + machminimac + shapeitimpute2 + thousands of genomes + 1,000 genomes project + imputation + phasing",genotyping + sequencing,multiple sclerosis + pittsburgh compound b + apoptosis,race + tsi + ceu + ibs + fin + gbr + ethnic + ancestry + non-european + european ancestry,discovery + meta + meta-analysis + stage + summary statistics + meta-analyses + association analysis + combined
,1.16,0.187,rs4844610,1.0,207802552.0,C/A,,"Overall stage 1/thinspace + /thinspacestage 2 ( n /thinspace = /thinspace82,771).I 2 (%), P","stage 1 discovery ( n /thinspace = /thinspace63,926).OR",uk biobank + adgc + international genomics of alzheimers project + eadi + ld hub + geradperades + databasestudy + igap + charge,Caucasian + Multi-ethnic + Caribbean Hispanic + African American + Asian,Stage 2 + Discovery + Joint-analysis + Replication + Meta-analysis + Validation + Stage 3 + Stage 1,"1,000 genomes + pre-phasing + pre-analysis quality control + machminimac + shapeitimpute2 + thousands of genomes + 1,000 genomes project + imputation + phasing",genotyping + sequencing,multiple sclerosis + pittsburgh compound b + apoptosis,race + tsi + ceu + ibs + fin + gbr + ethnic + ancestry + non-european + european ancestry,discovery + meta-analysis + stage + summary statistics + meta-analyses + association analysis + combined
,1.18,0.407,rs6733839,2.0,127892810.0,C/T,,"stage 1 discovery ( n /thinspace = /thinspace63,926).P","stage 1 discovery ( n /thinspace = /thinspace63,926).OR",uk biobank + adgc + international genomics of alzheimers project + eadi + ld hub + databasestudy + geradperades + igap + charge,Caucasian + Multi-ethnic + Caribbean Hispanic + African American + Asian,Stage 2 + Discovery + Joint-analysis + Replication + Meta-analysis + Validation + Stage 3 + Stage 1,"1,000 genomes + pre-phasing + pre-analysis quality control + machminimac + shapeitimpute2 + thousands of genomes + 1,000 genomes project + imputation + phasing",genotyping + sequencing,multiple sclerosis + pittsburgh compound b + complex traits + apoptosis,race + tsi + ceu + ibs + fin + gbr + ethnic + ancestry + non-european + european ancestry,discovery + meta-analysis + stage + summary statistics + meta-analyses + association analysis
,1.18,0.407,rs6733839,2.0,127892810.0,C/T,,"stage 2 ( n /thinspace = /thinspace18,845).P","stage 1 discovery ( n /thinspace = /thinspace63,926).OR",uk biobank + adgc + international genomics of alzheimers project + eadi + ld hub + geradperades + databasestudy + igap + charge,Caucasian + Multi-ethnic + Caribbean Hispanic + African American + Asian,Stage 2 + Discovery + Joint-analysis + Replication + Meta-analysis + Validation + Stage 3 + Stage 1,"1,000 genomes + pre-phasing + pre-analysis quality control + machminimac + shapeitimpute2 + thousands of genomes + 1,000 genomes project + imputation + phasing",genotyping + sequencing,multiple sclerosis + pittsburgh compound b + complex traits + apoptosis,race + tsi + ceu + ibs + fin + gbr + ethnic + ancestry + non-european + european ancestry,discovery + meta-analysis + stage + summary statistics + meta-analyses + association analysis + combined
,1.18,0.407,rs6733839,2.0,127892810.0,C/T,,"Overall stage 1/thinspace + /thinspacestage 2 ( n /thinspace = /thinspace82,771).Meta P","stage 1 discovery ( n /thinspace = /thinspace63,926).OR",uk biobank + adgc + international genomics of alzheimers project + eadi + ld hub + geradperades + databasestudy + igap + charge,Caucasian + Multi-ethnic + Caribbean Hispanic + African American + Asian,Stage 2 + Discovery + Joint-analysis + Replication + Meta-analysis + Validation + Stage 3 + Stage 1,"1,000 genomes + pre-phasing + pre-analysis quality control + machminimac + shapeitimpute2 + thousands of genomes + 1,000 genomes project + imputation + phasing",genotyping + sequencing,multiple sclerosis + pittsburgh compound b + apoptosis,race + tsi + ceu + ibs + fin + gbr + ethnic + ancestry + non-european + european ancestry,discovery + meta + meta-analysis + stage + summary statistics + meta-analyses + association analysis + combined
,1.18,0.407,rs6733839,2.0,127892810.0,C/T,,"Overall stage 1/thinspace + /thinspacestage 2 ( n /thinspace = /thinspace82,771).I 2 (%), P","stage 1 discovery ( n /thinspace = /thinspace63,926).OR",uk biobank + adgc + international genomics of alzheimers project + eadi + ld hub + geradperades + databasestudy + igap + charge,Caucasian + Multi-ethnic + Caribbean Hispanic + African American + Asian,Stage 2 + Discovery + Joint-analysis + Replication + Meta-analysis + Validation + Stage 3 + Stage 1,"1,000 genomes + pre-phasing + pre-analysis quality control + machminimac + shapeitimpute2 + thousands of genomes + 1,000 genomes project + imputation + phasing",genotyping + sequencing,multiple sclerosis + pittsburgh compound b + apoptosis,race + tsi + ceu + ibs + fin + gbr + ethnic + ancestry + non-european + european ancestry,discovery + meta-analysis + stage + summary statistics + meta-analyses + association analysis + combined
,0.9,0.223,rs10933431,2.0,233981912.0,C/G,,"stage 1 discovery ( n /thinspace = /thinspace63,926).P","stage 1 discovery ( n /thinspace = /thinspace63,926).OR",uk biobank + adgc + international genomics of alzheimers project + eadi + ld hub + databasestudy + geradperades + igap + charge,Caucasian + Multi-ethnic + Caribbean Hispanic + African American + Asian,Stage 2 + Discovery + Joint-analysis + Replication + Meta-analysis + Validation + Stage 3 + Stage 1,"1,000 genomes + pre-phasing + pre-analysis quality control + machminimac + shapeitimpute2 + thousands of genomes + 1,000 genomes project + imputation + phasing",genotyping + sequencing,multiple sclerosis + pittsburgh compound b + complex traits + apoptosis,race + tsi + ceu + ibs + fin + gbr + ethnic + ancestry + non-european + european ancestry,discovery + meta-analysis + stage + summary statistics + meta-analyses + association analysis
,0.9,0.223,rs10933431,2.0,233981912.0,C/G,,"stage 2 ( n /thinspace = /thinspace18,845).P","stage 1 discovery ( n /thinspace = /thinspace63,926).OR",uk biobank + adgc + international genomics of alzheimers project + eadi + ld hub + geradperades + databasestudy + igap + charge,Caucasian + Multi-ethnic + Caribbean Hispanic + African American + Asian,Stage 2 + Discovery + Joint-analysis + Replication + Meta-analysis + Validation + Stage 3 + Stage 1,"1,000 genomes + pre-phasing + pre-analysis quality control + machminimac + shapeitimpute2 + thousands of genomes + 1,000 genomes project + imputation + phasing",genotyping + sequencing,multiple sclerosis + pittsburgh compound b + complex traits + apoptosis,race + tsi + ceu + ibs + fin + gbr + ethnic + ancestry + non-european + european ancestry,discovery + meta-analysis + stage + summary statistics + meta-analyses + association analysis + combined
,0.9,0.223,rs10933431,2.0,233981912.0,C/G,,"Overall stage 1/thinspace + /thinspacestage 2 ( n /thinspace = /thinspace82,771).Meta P","stage 1 discovery ( n /thinspace = /thinspace63,926).OR",uk biobank + adgc + international genomics of alzheimers project + eadi + ld hub + geradperades + databasestudy + igap + charge,Caucasian + Multi-ethnic + Caribbean Hispanic + African American + Asian,Stage 2 + Discovery + Joint-analysis + Replication + Meta-analysis + Validation + Stage 3 + Stage 1,"1,000 genomes + pre-phasing + pre-analysis quality control + machminimac + shapeitimpute2 + thousands of genomes + 1,000 genomes project + imputation + phasing",genotyping + sequencing,multiple sclerosis + pittsburgh compound b + apoptosis,race + tsi + ceu + ibs + fin + gbr + ethnic + ancestry + non-european + european ancestry,discovery + meta + meta-analysis + stage + summary statistics + meta-analyses + association analysis + combined
,0.9,0.223,rs10933431,2.0,233981912.0,C/G,,"Overall stage 1/thinspace + /thinspacestage 2 ( n /thinspace = /thinspace82,771).I 2 (%), P","stage 1 discovery ( n /thinspace = /thinspace63,926).OR",uk biobank + adgc + international genomics of alzheimers project + eadi + ld hub + geradperades + databasestudy + igap + charge,Caucasian + Multi-ethnic + Caribbean Hispanic + African American + Asian,Stage 2 + Discovery + Joint-analysis + Replication + Meta-analysis + Validation + Stage 3 + Stage 1,"1,000 genomes + pre-phasing + pre-analysis quality control + machminimac + shapeitimpute2 + thousands of genomes + 1,000 genomes project + imputation + phasing",genotyping + sequencing,multiple sclerosis + pittsburgh compound b + apoptosis,race + tsi + ceu + ibs + fin + gbr + ethnic + ancestry + non-european + european ancestry,discovery + meta-analysis + stage + summary statistics + meta-analyses + association analysis + combined
,1.1,0.27,rs9271058,6.0,32575406.0,T/A,,"stage 1 discovery ( n /thinspace = /thinspace63,926).P","stage 1 discovery ( n /thinspace = /thinspace63,926).OR",uk biobank + adgc + international genomics of alzheimers project + eadi + ld hub + databasestudy + geradperades + igap + charge,Caucasian + Multi-ethnic + Caribbean Hispanic + African American + Asian,Stage 2 + Discovery + Joint-analysis + Replication + Meta-analysis + Validation + Stage 3 + Stage 1,"1,000 genomes + pre-phasing + pre-analysis quality control + machminimac + shapeitimpute2 + thousands of genomes + 1,000 genomes project + imputation + phasing",genotyping + sequencing,multiple sclerosis + pittsburgh compound b + complex traits + apoptosis,race + tsi + ceu + ibs + fin + gbr + ethnic + ancestry + non-european + european ancestry,discovery + meta-analysis + stage + summary statistics + meta-analyses + association analysis
,1.1,0.27,rs9271058,6.0,32575406.0,T/A,,"stage 2 ( n /thinspace = /thinspace18,845).P","stage 1 discovery ( n /thinspace = /thinspace63,926).OR",uk biobank + adgc + international genomics of alzheimers project + eadi + ld hub + geradperades + databasestudy + igap + charge,Caucasian + Multi-ethnic + Caribbean Hispanic + African American + Asian,Stage 2 + Discovery + Joint-analysis + Replication + Meta-analysis + Validation + Stage 3 + Stage 1,"1,000 genomes + pre-phasing + pre-analysis quality control + machminimac + shapeitimpute2 + thousands of genomes + 1,000 genomes project + imputation + phasing",genotyping + sequencing,multiple sclerosis + pittsburgh compound b + complex traits + apoptosis,race + tsi + ceu + ibs + fin + gbr + ethnic + ancestry + non-european + european ancestry,discovery + meta-analysis + stage + summary statistics + meta-analyses + association analysis + combined
,1.1,0.27,rs9271058,6.0,32575406.0,T/A,,"Overall stage 1/thinspace + /thinspacestage 2 ( n /thinspace = /thinspace82,771).Meta P","stage 1 discovery ( n /thinspace = /thinspace63,926).OR",uk biobank + adgc + international genomics of alzheimers project + eadi + ld hub + geradperades + databasestudy + igap + charge,Caucasian + Multi-ethnic + Caribbean Hispanic + African American + Asian,Stage 2 + Discovery + Joint-analysis + Replication + Meta-analysis + Validation + Stage 3 + Stage 1,"1,000 genomes + pre-phasing + pre-analysis quality control + machminimac + shapeitimpute2 + thousands of genomes + 1,000 genomes project + imputation + phasing",genotyping + sequencing,multiple sclerosis + pittsburgh compound b + apoptosis,race + tsi + ceu + ibs + fin + gbr + ethnic + ancestry + non-european + european ancestry,discovery + meta + meta-analysis + stage + summary statistics + meta-analyses + association analysis + combined
,1.1,0.27,rs9271058,6.0,32575406.0,T/A,,"Overall stage 1/thinspace + /thinspacestage 2 ( n /thinspace = /thinspace82,771).I 2 (%), P","stage 1 discovery ( n /thinspace = /thinspace63,926).OR",uk biobank + adgc + international genomics of alzheimers project + eadi + ld hub + geradperades + databasestudy + igap + charge,Caucasian + Multi-ethnic + Caribbean Hispanic + African American + Asian,Stage 2 + Discovery + Joint-analysis + Replication + Meta-analysis + Validation + Stage 3 + Stage 1,"1,000 genomes + pre-phasing + pre-analysis quality control + machminimac + shapeitimpute2 + thousands of genomes + 1,000 genomes project + imputation + phasing",genotyping + sequencing,multiple sclerosis + pittsburgh compound b + apoptosis,race + tsi + ceu + ibs + fin + gbr + ethnic + ancestry + non-european + european ancestry,discovery + meta-analysis + stage + summary statistics + meta-analyses + association analysis + combined
,2.01,0.008,rs75932628,6.0,41129252.0,C/T,,"stage 1 discovery ( n /thinspace = /thinspace63,926).P","stage 1 discovery ( n /thinspace = /thinspace63,926).OR",uk biobank + adgc + international genomics of alzheimers project + eadi + ld hub + databasestudy + geradperades + igap + charge,Caucasian + Multi-ethnic + Caribbean Hispanic + African American + Asian,Stage 2 + Discovery + Joint-analysis + Replication + Meta-analysis + Validation + Stage 3 + Stage 1,"1,000 genomes + pre-phasing + pre-analysis quality control + machminimac + shapeitimpute2 + thousands of genomes + 1,000 genomes project + imputation + phasing",genotyping + sequencing,multiple sclerosis + pittsburgh compound b + complex traits + apoptosis,race + tsi + ceu + ibs + fin + gbr + ethnic + ancestry + non-european + european ancestry,discovery + meta-analysis + stage + summary statistics + meta-analyses + association analysis
,2.01,0.008,rs75932628,6.0,41129252.0,C/T,,"stage 2 ( n /thinspace = /thinspace18,845).P","stage 1 discovery ( n /thinspace = /thinspace63,926).OR",uk biobank + adgc + international genomics of alzheimers project + eadi + ld hub + geradperades + databasestudy + igap + charge,Caucasian + Multi-ethnic + Caribbean Hispanic + African American + Asian,Stage 2 + Discovery + Joint-analysis + Replication + Meta-analysis + Validation + Stage 3 + Stage 1,"1,000 genomes + pre-phasing + pre-analysis quality control + machminimac + shapeitimpute2 + thousands of genomes + 1,000 genomes project + imputation + phasing",genotyping + sequencing,multiple sclerosis + pittsburgh compound b + complex traits + apoptosis,race + tsi + ceu + ibs + fin + gbr + ethnic + ancestry + non-european + european ancestry,discovery + meta-analysis + stage + summary statistics + meta-analyses + association analysis + combined
,2.01,0.008,rs75932628,6.0,41129252.0,C/T,,"Overall stage 1/thinspace + /thinspacestage 2 ( n /thinspace = /thinspace82,771).Meta P","stage 1 discovery ( n /thinspace = /thinspace63,926).OR",uk biobank + adgc + international genomics of alzheimers project + eadi + ld hub + geradperades + databasestudy + igap + charge,Caucasian + Multi-ethnic + Caribbean Hispanic + African American + Asian,Stage 2 + Discovery + Joint-analysis + Replication + Meta-analysis + Validation + Stage 3 + Stage 1,"1,000 genomes + pre-phasing + pre-analysis quality control + machminimac + shapeitimpute2 + thousands of genomes + 1,000 genomes project + imputation + phasing",genotyping + sequencing,multiple sclerosis + pittsburgh compound b + apoptosis,race + tsi + ceu + ibs + fin + gbr + ethnic + ancestry + non-european + european ancestry,discovery + meta + meta-analysis + stage + summary statistics + meta-analyses + association analysis + combined
,2.01,0.008,rs75932628,6.0,41129252.0,C/T,,"Overall stage 1/thinspace + /thinspacestage 2 ( n /thinspace = /thinspace82,771).I 2 (%), P","stage 1 discovery ( n /thinspace = /thinspace63,926).OR",uk biobank + adgc + international genomics of alzheimers project + eadi + ld hub + geradperades + databasestudy + igap + charge,Caucasian + Multi-ethnic + Caribbean Hispanic + African American + Asian,Stage 2 + Discovery + Joint-analysis + Replication + Meta-analysis + Validation + Stage 3 + Stage 1,"1,000 genomes + pre-phasing + pre-analysis quality control + machminimac + shapeitimpute2 + thousands of genomes + 1,000 genomes project + imputation + phasing",genotyping + sequencing,multiple sclerosis + pittsburgh compound b + apoptosis,race + tsi + ceu + ibs + fin + gbr + ethnic + ancestry + non-european + european ancestry,discovery + meta-analysis + stage + summary statistics + meta-analyses + association analysis + combined
,1.09,0.28,rs9473117,6.0,47431284.0,A/C,,"stage 1 discovery ( n /thinspace = /thinspace63,926).P","stage 1 discovery ( n /thinspace = /thinspace63,926).OR",uk biobank + adgc + international genomics of alzheimers project + eadi + ld hub + databasestudy + geradperades + igap + charge,Caucasian + Multi-ethnic + Caribbean Hispanic + African American + Asian,Stage 2 + Discovery + Joint-analysis + Replication + Meta-analysis + Validation + Stage 3 + Stage 1,"1,000 genomes + pre-phasing + pre-analysis quality control + machminimac + shapeitimpute2 + thousands of genomes + 1,000 genomes project + imputation + phasing",genotyping + sequencing,multiple sclerosis + pittsburgh compound b + complex traits + apoptosis,race + tsi + ceu + ibs + fin + gbr + ethnic + ancestry + non-european + european ancestry,discovery + meta-analysis + stage + summary statistics + meta-analyses + association analysis
,1.09,0.28,rs9473117,6.0,47431284.0,A/C,,"stage 2 ( n /thinspace = /thinspace18,845).P","stage 1 discovery ( n /thinspace = /thinspace63,926).OR",uk biobank + adgc + international genomics of alzheimers project + eadi + ld hub + geradperades + databasestudy + igap + charge,Caucasian + Multi-ethnic + Caribbean Hispanic + African American + Asian,Stage 2 + Discovery + Joint-analysis + Replication + Meta-analysis + Validation + Stage 3 + Stage 1,"1,000 genomes + pre-phasing + pre-analysis quality control + machminimac + shapeitimpute2 + thousands of genomes + 1,000 genomes project + imputation + phasing",genotyping + sequencing,multiple sclerosis + pittsburgh compound b + complex traits + apoptosis,race + tsi + ceu + ibs + fin + gbr + ethnic + ancestry + non-european + european ancestry,discovery + meta-analysis + stage + summary statistics + meta-analyses + association analysis + combined
,1.09,0.28,rs9473117,6.0,47431284.0,A/C,,"Overall stage 1/thinspace + /thinspacestage 2 ( n /thinspace = /thinspace82,771).Meta P","stage 1 discovery ( n /thinspace = /thinspace63,926).OR",uk biobank + adgc + international genomics of alzheimers project + eadi + ld hub + geradperades + databasestudy + igap + charge,Caucasian + Multi-ethnic + Caribbean Hispanic + African American + Asian,Stage 2 + Discovery + Joint-analysis + Replication + Meta-analysis + Validation + Stage 3 + Stage 1,"1,000 genomes + pre-phasing + pre-analysis quality control + machminimac + shapeitimpute2 + thousands of genomes + 1,000 genomes project + imputation + phasing",genotyping + sequencing,multiple sclerosis + pittsburgh compound b + apoptosis,race + tsi + ceu + ibs + fin + gbr + ethnic + ancestry + non-european + european ancestry,discovery + meta + meta-analysis + stage + summary statistics + meta-analyses + association analysis + combined
,1.09,0.28,rs9473117,6.0,47431284.0,A/C,,"Overall stage 1/thinspace + /thinspacestage 2 ( n /thinspace = /thinspace82,771).I 2 (%), P","stage 1 discovery ( n /thinspace = /thinspace63,926).OR",uk biobank + adgc + international genomics of alzheimers project + eadi + ld hub + geradperades + databasestudy + igap + charge,Caucasian + Multi-ethnic + Caribbean Hispanic + African American + Asian,Stage 2 + Discovery + Joint-analysis + Replication + Meta-analysis + Validation + Stage 3 + Stage 1,"1,000 genomes + pre-phasing + pre-analysis quality control + machminimac + shapeitimpute2 + thousands of genomes + 1,000 genomes project + imputation + phasing",genotyping + sequencing,multiple sclerosis + pittsburgh compound b + apoptosis,race + tsi + ceu + ibs + fin + gbr + ethnic + ancestry + non-european + european ancestry,discovery + meta-analysis + stage + summary statistics + meta-analyses + association analysis + combined
,0.93,0.303,rs12539172,7.0,100091795.0,C/T,,"stage 1 discovery ( n /thinspace = /thinspace63,926).P","stage 1 discovery ( n /thinspace = /thinspace63,926).OR",uk biobank + adgc + international genomics of alzheimers project + eadi + ld hub + databasestudy + geradperades + igap + charge,Caucasian + Multi-ethnic + Caribbean Hispanic + African American + Asian,Stage 2 + Discovery + Joint-analysis + Replication + Meta-analysis + Validation + Stage 3 + Stage 1,"1,000 genomes + pre-phasing + pre-analysis quality control + machminimac + shapeitimpute2 + thousands of genomes + 1,000 genomes project + imputation + phasing",genotyping + sequencing,multiple sclerosis + pittsburgh compound b + complex traits + apoptosis,race + tsi + ceu + ibs + fin + gbr + ethnic + ancestry + non-european + european ancestry,discovery + meta-analysis + stage + summary statistics + meta-analyses + association analysis
,0.93,0.303,rs12539172,7.0,100091795.0,C/T,,"stage 2 ( n /thinspace = /thinspace18,845).P","stage 1 discovery ( n /thinspace = /thinspace63,926).OR",uk biobank + adgc + international genomics of alzheimers project + eadi + ld hub + geradperades + databasestudy + igap + charge,Caucasian + Multi-ethnic + Caribbean Hispanic + African American + Asian,Stage 2 + Discovery + Joint-analysis + Replication + Meta-analysis + Validation + Stage 3 + Stage 1,"1,000 genomes + pre-phasing + pre-analysis quality control + machminimac + shapeitimpute2 + thousands of genomes + 1,000 genomes project + imputation + phasing",genotyping + sequencing,multiple sclerosis + pittsburgh compound b + complex traits + apoptosis,race + tsi + ceu + ibs + fin + gbr + ethnic + ancestry + non-european + european ancestry,discovery + meta-analysis + stage + summary statistics + meta-analyses + association analysis + combined
,0.93,0.303,rs12539172,7.0,100091795.0,C/T,,"Overall stage 1/thinspace + /thinspacestage 2 ( n /thinspace = /thinspace82,771).Meta P","stage 1 discovery ( n /thinspace = /thinspace63,926).OR",uk biobank + adgc + international genomics of alzheimers project + eadi + ld hub + geradperades + databasestudy + igap + charge,Caucasian + Multi-ethnic + Caribbean Hispanic + African American + Asian,Stage 2 + Discovery + Joint-analysis + Replication + Meta-analysis + Validation + Stage 3 + Stage 1,"1,000 genomes + pre-phasing + pre-analysis quality control + machminimac + shapeitimpute2 + thousands of genomes + 1,000 genomes project + imputation + phasing",genotyping + sequencing,multiple sclerosis + pittsburgh compound b + apoptosis,race + tsi + ceu + ibs + fin + gbr + ethnic + ancestry + non-european + european ancestry,discovery + meta + meta-analysis + stage + summary statistics + meta-analyses + association analysis + combined
,0.93,0.303,rs12539172,7.0,100091795.0,C/T,,"Overall stage 1/thinspace + /thinspacestage 2 ( n /thinspace = /thinspace82,771).I 2 (%), P","stage 1 discovery ( n /thinspace = /thinspace63,926).OR",uk biobank + adgc + international genomics of alzheimers project + eadi + ld hub + geradperades + databasestudy + igap + charge,Caucasian + Multi-ethnic + Caribbean Hispanic + African American + Asian,Stage 2 + Discovery + Joint-analysis + Replication + Meta-analysis + Validation + Stage 3 + Stage 1,"1,000 genomes + pre-phasing + pre-analysis quality control + machminimac + shapeitimpute2 + thousands of genomes + 1,000 genomes project + imputation + phasing",genotyping + sequencing,multiple sclerosis + pittsburgh compound b + apoptosis,race + tsi + ceu + ibs + fin + gbr + ethnic + ancestry + non-european + european ancestry,discovery + meta-analysis + stage + summary statistics + meta-analyses + association analysis + combined
,0.9,0.199,rs10808026,7.0,143099133.0,C/A,,"stage 1 discovery ( n /thinspace = /thinspace63,926).P","stage 1 discovery ( n /thinspace = /thinspace63,926).OR",uk biobank + adgc + international genomics of alzheimers project + eadi + ld hub + databasestudy + geradperades + igap + charge,Caucasian + Multi-ethnic + Caribbean Hispanic + African American + Asian,Stage 2 + Discovery + Joint-analysis + Replication + Meta-analysis + Validation + Stage 3 + Stage 1,"1,000 genomes + pre-phasing + pre-analysis quality control + machminimac + shapeitimpute2 + thousands of genomes + 1,000 genomes project + imputation + phasing",genotyping + sequencing,multiple sclerosis + pittsburgh compound b + complex traits + apoptosis,race + tsi + ceu + ibs + fin + gbr + ethnic + ancestry + non-european + european ancestry,discovery + meta-analysis + stage + summary statistics + meta-analyses + association analysis
,0.9,0.199,rs10808026,7.0,143099133.0,C/A,,"stage 2 ( n /thinspace = /thinspace18,845).P","stage 1 discovery ( n /thinspace = /thinspace63,926).OR",uk biobank + adgc + international genomics of alzheimers project + eadi + ld hub + geradperades + databasestudy + igap + charge,Caucasian + Multi-ethnic + Caribbean Hispanic + African American + Asian,Stage 2 + Discovery + Joint-analysis + Replication + Meta-analysis + Validation + Stage 3 + Stage 1,"1,000 genomes + pre-phasing + pre-analysis quality control + machminimac + shapeitimpute2 + thousands of genomes + 1,000 genomes project + imputation + phasing",genotyping + sequencing,multiple sclerosis + pittsburgh compound b + complex traits + apoptosis,race + tsi + ceu + ibs + fin + gbr + ethnic + ancestry + non-european + european ancestry,discovery + meta-analysis + stage + summary statistics + meta-analyses + association analysis + combined
,0.9,0.199,rs10808026,7.0,143099133.0,C/A,,"Overall stage 1/thinspace + /thinspacestage 2 ( n /thinspace = /thinspace82,771).Meta P","stage 1 discovery ( n /thinspace = /thinspace63,926).OR",uk biobank + adgc + international genomics of alzheimers project + eadi + ld hub + geradperades + databasestudy + igap + charge,Caucasian + Multi-ethnic + Caribbean Hispanic + African American + Asian,Stage 2 + Discovery + Joint-analysis + Replication + Meta-analysis + Validation + Stage 3 + Stage 1,"1,000 genomes + pre-phasing + pre-analysis quality control + machminimac + shapeitimpute2 + thousands of genomes + 1,000 genomes project + imputation + phasing",genotyping + sequencing,multiple sclerosis + pittsburgh compound b + apoptosis,race + tsi + ceu + ibs + fin + gbr + ethnic + ancestry + non-european + european ancestry,discovery + meta + meta-analysis + stage + summary statistics + meta-analyses + association analysis + combined
,0.9,0.199,rs10808026,7.0,143099133.0,C/A,,"Overall stage 1/thinspace + /thinspacestage 2 ( n /thinspace = /thinspace82,771).I 2 (%), P","stage 1 discovery ( n /thinspace = /thinspace63,926).OR",uk biobank + adgc + international genomics of alzheimers project + eadi + ld hub + geradperades + databasestudy + igap + charge,Caucasian + Multi-ethnic + Caribbean Hispanic + African American + Asian,Stage 2 + Discovery + Joint-analysis + Replication + Meta-analysis + Validation + Stage 3 + Stage 1,"1,000 genomes + pre-phasing + pre-analysis quality control + machminimac + shapeitimpute2 + thousands of genomes + 1,000 genomes project + imputation + phasing",genotyping + sequencing,multiple sclerosis + pittsburgh compound b + apoptosis,race + tsi + ceu + ibs + fin + gbr + ethnic + ancestry + non-european + european ancestry,discovery + meta-analysis + stage + summary statistics + meta-analyses + association analysis + combined
,1.1,0.367,rs73223431,8.0,27219987.0,C/T,,"stage 1 discovery ( n /thinspace = /thinspace63,926).P","stage 1 discovery ( n /thinspace = /thinspace63,926).OR",uk biobank + adgc + international genomics of alzheimers project + eadi + ld hub + databasestudy + geradperades + igap + charge,Caucasian + Multi-ethnic + Caribbean Hispanic + African American + Asian,Stage 2 + Discovery + Joint-analysis + Replication + Meta-analysis + Validation + Stage 3 + Stage 1,"1,000 genomes + pre-phasing + pre-analysis quality control + machminimac + shapeitimpute2 + thousands of genomes + 1,000 genomes project + imputation + phasing",genotyping + sequencing,multiple sclerosis + pittsburgh compound b + complex traits + apoptosis,race + tsi + ceu + ibs + fin + gbr + ethnic + ancestry + non-european + european ancestry,discovery + meta-analysis + stage + summary statistics + meta-analyses + association analysis
,1.1,0.367,rs73223431,8.0,27219987.0,C/T,,"stage 2 ( n /thinspace = /thinspace18,845).P","stage 1 discovery ( n /thinspace = /thinspace63,926).OR",uk biobank + adgc + international genomics of alzheimers project + eadi + ld hub + geradperades + databasestudy + igap + charge,Caucasian + Multi-ethnic + Caribbean Hispanic + African American + Asian,Stage 2 + Discovery + Joint-analysis + Replication + Meta-analysis + Validation + Stage 3 + Stage 1,"1,000 genomes + pre-phasing + pre-analysis quality control + machminimac + shapeitimpute2 + thousands of genomes + 1,000 genomes project + imputation + phasing",genotyping + sequencing,multiple sclerosis + pittsburgh compound b + complex traits + apoptosis,race + tsi + ceu + ibs + fin + gbr + ethnic + ancestry + non-european + european ancestry,discovery + meta-analysis + stage + summary statistics + meta-analyses + association analysis + combined
,1.1,0.367,rs73223431,8.0,27219987.0,C/T,,"Overall stage 1/thinspace + /thinspacestage 2 ( n /thinspace = /thinspace82,771).Meta P","stage 1 discovery ( n /thinspace = /thinspace63,926).OR",uk biobank + adgc + international genomics of alzheimers project + eadi + ld hub + geradperades + databasestudy + igap + charge,Caucasian + Multi-ethnic + Caribbean Hispanic + African American + Asian,Stage 2 + Discovery + Joint-analysis + Replication + Meta-analysis + Validation + Stage 3 + Stage 1,"1,000 genomes + pre-phasing + pre-analysis quality control + machminimac + shapeitimpute2 + thousands of genomes + 1,000 genomes project + imputation + phasing",genotyping + sequencing,multiple sclerosis + pittsburgh compound b + apoptosis,race + tsi + ceu + ibs + fin + gbr + ethnic + ancestry + non-european + european ancestry,discovery + meta + meta-analysis + stage + summary statistics + meta-analyses + association analysis + combined
,1.1,0.367,rs73223431,8.0,27219987.0,C/T,,"Overall stage 1/thinspace + /thinspacestage 2 ( n /thinspace = /thinspace82,771).I 2 (%), P","stage 1 discovery ( n /thinspace = /thinspace63,926).OR",uk biobank + adgc + international genomics of alzheimers project + eadi + ld hub + geradperades + databasestudy + igap + charge,Caucasian + Multi-ethnic + Caribbean Hispanic + African American + Asian,Stage 2 + Discovery + Joint-analysis + Replication + Meta-analysis + Validation + Stage 3 + Stage 1,"1,000 genomes + pre-phasing + pre-analysis quality control + machminimac + shapeitimpute2 + thousands of genomes + 1,000 genomes project + imputation + phasing",genotyping + sequencing,multiple sclerosis + pittsburgh compound b + apoptosis,race + tsi + ceu + ibs + fin + gbr + ethnic + ancestry + non-european + european ancestry,discovery + meta-analysis + stage + summary statistics + meta-analyses + association analysis + combined
,0.88,0.387,rs9331896,8.0,27467686.0,T/C,,"stage 1 discovery ( n /thinspace = /thinspace63,926).P","stage 1 discovery ( n /thinspace = /thinspace63,926).OR",uk biobank + adgc + international genomics of alzheimers project + eadi + ld hub + databasestudy + geradperades + igap + charge,Caucasian + Multi-ethnic + Caribbean Hispanic + African American + Asian,Stage 2 + Discovery + Joint-analysis + Replication + Meta-analysis + Validation + Stage 3 + Stage 1,"1,000 genomes + pre-phasing + pre-analysis quality control + machminimac + shapeitimpute2 + thousands of genomes + 1,000 genomes project + imputation + phasing",genotyping + sequencing,multiple sclerosis + pittsburgh compound b + complex traits + apoptosis,race + tsi + ceu + ibs + fin + gbr + ethnic + ancestry + non-european + european ancestry,discovery + meta-analysis + stage + summary statistics + meta-analyses + association analysis
,0.88,0.387,rs9331896,8.0,27467686.0,T/C,,"stage 2 ( n /thinspace = /thinspace18,845).P","stage 1 discovery ( n /thinspace = /thinspace63,926).OR",uk biobank + adgc + international genomics of alzheimers project + eadi + ld hub + geradperades + databasestudy + igap + charge,Caucasian + Multi-ethnic + Caribbean Hispanic + African American + Asian,Stage 2 + Discovery + Joint-analysis + Replication + Meta-analysis + Validation + Stage 3 + Stage 1,"1,000 genomes + pre-phasing + pre-analysis quality control + machminimac + shapeitimpute2 + thousands of genomes + 1,000 genomes project + imputation + phasing",genotyping + sequencing,multiple sclerosis + pittsburgh compound b + complex traits + apoptosis,race + tsi + ceu + ibs + fin + gbr + ethnic + ancestry + non-european + european ancestry,discovery + meta-analysis + stage + summary statistics + meta-analyses + association analysis + combined
,0.88,0.387,rs9331896,8.0,27467686.0,T/C,,"Overall stage 1/thinspace + /thinspacestage 2 ( n /thinspace = /thinspace82,771).Meta P","stage 1 discovery ( n /thinspace = /thinspace63,926).OR",uk biobank + adgc + international genomics of alzheimers project + eadi + ld hub + geradperades + databasestudy + igap + charge,Caucasian + Multi-ethnic + Caribbean Hispanic + African American + Asian,Stage 2 + Discovery + Joint-analysis + Replication + Meta-analysis + Validation + Stage 3 + Stage 1,"1,000 genomes + pre-phasing + pre-analysis quality control + machminimac + shapeitimpute2 + thousands of genomes + 1,000 genomes project + imputation + phasing",genotyping + sequencing,multiple sclerosis + pittsburgh compound b + apoptosis,race + tsi + ceu + ibs + fin + gbr + ethnic + ancestry + non-european + european ancestry,discovery + meta + meta-analysis + stage + summary statistics + meta-analyses + association analysis + combined
,0.88,0.387,rs9331896,8.0,27467686.0,T/C,,"Overall stage 1/thinspace + /thinspacestage 2 ( n /thinspace = /thinspace82,771).I 2 (%), P","stage 1 discovery ( n /thinspace = /thinspace63,926).OR",uk biobank + adgc + international genomics of alzheimers project + eadi + ld hub + geradperades + databasestudy + igap + charge,Caucasian + Multi-ethnic + Caribbean Hispanic + African American + Asian,Stage 2 + Discovery + Joint-analysis + Replication + Meta-analysis + Validation + Stage 3 + Stage 1,"1,000 genomes + pre-phasing + pre-analysis quality control + machminimac + shapeitimpute2 + thousands of genomes + 1,000 genomes project + imputation + phasing",genotyping + sequencing,multiple sclerosis + pittsburgh compound b + apoptosis,race + tsi + ceu + ibs + fin + gbr + ethnic + ancestry + non-european + european ancestry,discovery + meta-analysis + stage + summary statistics + meta-analyses + association analysis + combined
,0.91,0.448,rs3740688,11.0,47380340.0,T/G,,"stage 1 discovery ( n /thinspace = /thinspace63,926).P","stage 1 discovery ( n /thinspace = /thinspace63,926).OR",uk biobank + adgc + international genomics of alzheimers project + eadi + ld hub + databasestudy + geradperades + igap + charge,Caucasian + Multi-ethnic + Caribbean Hispanic + African American + Asian,Stage 2 + Discovery + Joint-analysis + Replication + Meta-analysis + Validation + Stage 3 + Stage 1,"1,000 genomes + pre-phasing + pre-analysis quality control + machminimac + shapeitimpute2 + thousands of genomes + 1,000 genomes project + imputation + phasing",genotyping + sequencing,multiple sclerosis + pittsburgh compound b + complex traits + apoptosis,race + tsi + ceu + ibs + fin + gbr + ethnic + ancestry + non-european + european ancestry,discovery + meta-analysis + stage + summary statistics + meta-analyses + association analysis
,0.91,0.448,rs3740688,11.0,47380340.0,T/G,,"stage 2 ( n /thinspace = /thinspace18,845).P","stage 1 discovery ( n /thinspace = /thinspace63,926).OR",uk biobank + adgc + international genomics of alzheimers project + eadi + ld hub + geradperades + databasestudy + igap + charge,Caucasian + Multi-ethnic + Caribbean Hispanic + African American + Asian,Stage 2 + Discovery + Joint-analysis + Replication + Meta-analysis + Validation + Stage 3 + Stage 1,"1,000 genomes + pre-phasing + pre-analysis quality control + machminimac + shapeitimpute2 + thousands of genomes + 1,000 genomes project + imputation + phasing",genotyping + sequencing,multiple sclerosis + pittsburgh compound b + complex traits + apoptosis,race + tsi + ceu + ibs + fin + gbr + ethnic + ancestry + non-european + european ancestry,discovery + meta-analysis + stage + summary statistics + meta-analyses + association analysis + combined
,0.91,0.448,rs3740688,11.0,47380340.0,T/G,,"Overall stage 1/thinspace + /thinspacestage 2 ( n /thinspace = /thinspace82,771).Meta P","stage 1 discovery ( n /thinspace = /thinspace63,926).OR",uk biobank + adgc + international genomics of alzheimers project + eadi + ld hub + geradperades + databasestudy + igap + charge,Caucasian + Multi-ethnic + Caribbean Hispanic + African American + Asian,Stage 2 + Discovery + Joint-analysis + Replication + Meta-analysis + Validation + Stage 3 + Stage 1,"1,000 genomes + pre-phasing + pre-analysis quality control + machminimac + shapeitimpute2 + thousands of genomes + 1,000 genomes project + imputation + phasing",genotyping + sequencing,multiple sclerosis + pittsburgh compound b + apoptosis,race + tsi + ceu + ibs + fin + gbr + ethnic + ancestry + non-european + european ancestry,discovery + meta + meta-analysis + stage + summary statistics + meta-analyses + association analysis + combined
,0.91,0.448,rs3740688,11.0,47380340.0,T/G,,"Overall stage 1/thinspace + /thinspacestage 2 ( n /thinspace = /thinspace82,771).I 2 (%), P","stage 1 discovery ( n /thinspace = /thinspace63,926).OR",uk biobank + adgc + international genomics of alzheimers project + eadi + ld hub + geradperades + databasestudy + igap + charge,Caucasian + Multi-ethnic + Caribbean Hispanic + African American + Asian,Stage 2 + Discovery + Joint-analysis + Replication + Meta-analysis + Validation + Stage 3 + Stage 1,"1,000 genomes + pre-phasing + pre-analysis quality control + machminimac + shapeitimpute2 + thousands of genomes + 1,000 genomes project + imputation + phasing",genotyping + sequencing,multiple sclerosis + pittsburgh compound b + apoptosis,race + tsi + ceu + ibs + fin + gbr + ethnic + ancestry + non-european + european ancestry,discovery + meta-analysis + stage + summary statistics + meta-analyses + association analysis + combined
,0.89,0.391,rs7933202,11.0,59936926.0,A/C,,"stage 1 discovery ( n /thinspace = /thinspace63,926).P","stage 1 discovery ( n /thinspace = /thinspace63,926).OR",uk biobank + adgc + international genomics of alzheimers project + eadi + ld hub + databasestudy + geradperades + igap + charge,Caucasian + Multi-ethnic + Caribbean Hispanic + African American + Asian,Stage 2 + Discovery + Joint-analysis + Replication + Meta-analysis + Validation + Stage 3 + Stage 1,"1,000 genomes + pre-phasing + pre-analysis quality control + machminimac + shapeitimpute2 + thousands of genomes + 1,000 genomes project + imputation + phasing",genotyping + sequencing,multiple sclerosis + pittsburgh compound b + complex traits + apoptosis,race + tsi + ceu + ibs + fin + gbr + ethnic + ancestry + non-european + european ancestry,discovery + meta-analysis + stage + summary statistics + meta-analyses + association analysis
,0.89,0.391,rs7933202,11.0,59936926.0,A/C,,"stage 2 ( n /thinspace = /thinspace18,845).P","stage 1 discovery ( n /thinspace = /thinspace63,926).OR",uk biobank + adgc + international genomics of alzheimers project + eadi + ld hub + geradperades + databasestudy + igap + charge,Caucasian + Multi-ethnic + Caribbean Hispanic + African American + Asian,Stage 2 + Discovery + Joint-analysis + Replication + Meta-analysis + Validation + Stage 3 + Stage 1,"1,000 genomes + pre-phasing + pre-analysis quality control + machminimac + shapeitimpute2 + thousands of genomes + 1,000 genomes project + imputation + phasing",genotyping + sequencing,multiple sclerosis + pittsburgh compound b + complex traits + apoptosis,race + tsi + ceu + ibs + fin + gbr + ethnic + ancestry + non-european + european ancestry,discovery + meta-analysis + stage + summary statistics + meta-analyses + association analysis + combined
,0.89,0.391,rs7933202,11.0,59936926.0,A/C,,"Overall stage 1/thinspace + /thinspacestage 2 ( n /thinspace = /thinspace82,771).Meta P","stage 1 discovery ( n /thinspace = /thinspace63,926).OR",uk biobank + adgc + international genomics of alzheimers project + eadi + ld hub + geradperades + databasestudy + igap + charge,Caucasian + Multi-ethnic + Caribbean Hispanic + African American + Asian,Stage 2 + Discovery + Joint-analysis + Replication + Meta-analysis + Validation + Stage 3 + Stage 1,"1,000 genomes + pre-phasing + pre-analysis quality control + machminimac + shapeitimpute2 + thousands of genomes + 1,000 genomes project + imputation + phasing",genotyping + sequencing,multiple sclerosis + pittsburgh compound b + apoptosis,race + tsi + ceu + ibs + fin + gbr + ethnic + ancestry + non-european + european ancestry,discovery + meta + meta-analysis + stage + summary statistics + meta-analyses + association analysis + combined
,0.89,0.391,rs7933202,11.0,59936926.0,A/C,,"Overall stage 1/thinspace + /thinspacestage 2 ( n /thinspace = /thinspace82,771).I 2 (%), P","stage 1 discovery ( n /thinspace = /thinspace63,926).OR",uk biobank + adgc + international genomics of alzheimers project + eadi + ld hub + geradperades + databasestudy + igap + charge,Caucasian + Multi-ethnic + Caribbean Hispanic + African American + Asian,Stage 2 + Discovery + Joint-analysis + Replication + Meta-analysis + Validation + Stage 3 + Stage 1,"1,000 genomes + pre-phasing + pre-analysis quality control + machminimac + shapeitimpute2 + thousands of genomes + 1,000 genomes project + imputation + phasing",genotyping + sequencing,multiple sclerosis + pittsburgh compound b + apoptosis,race + tsi + ceu + ibs + fin + gbr + ethnic + ancestry + non-european + european ancestry,discovery + meta-analysis + stage + summary statistics + meta-analyses + association analysis + combined
,0.89,0.356,rs3851179,11.0,85868640.0,C/T,,"stage 1 discovery ( n /thinspace = /thinspace63,926).P","stage 1 discovery ( n /thinspace = /thinspace63,926).OR",uk biobank + adgc + international genomics of alzheimers project + eadi + ld hub + databasestudy + geradperades + igap + charge,Caucasian + Multi-ethnic + Caribbean Hispanic + African American + Asian,Stage 2 + Discovery + Joint-analysis + Replication + Meta-analysis + Validation + Stage 3 + Stage 1,"1,000 genomes + pre-phasing + pre-analysis quality control + machminimac + shapeitimpute2 + thousands of genomes + 1,000 genomes project + imputation + phasing",genotyping + sequencing,multiple sclerosis + pittsburgh compound b + complex traits + apoptosis,race + tsi + ceu + ibs + fin + gbr + ethnic + ancestry + non-european + european ancestry,discovery + meta-analysis + stage + summary statistics + meta-analyses + association analysis
,0.89,0.356,rs3851179,11.0,85868640.0,C/T,,"stage 2 ( n /thinspace = /thinspace18,845).P","stage 1 discovery ( n /thinspace = /thinspace63,926).OR",uk biobank + adgc + international genomics of alzheimers project + eadi + ld hub + geradperades + databasestudy + igap + charge,Caucasian + Multi-ethnic + Caribbean Hispanic + African American + Asian,Stage 2 + Discovery + Joint-analysis + Replication + Meta-analysis + Validation + Stage 3 + Stage 1,"1,000 genomes + pre-phasing + pre-analysis quality control + machminimac + shapeitimpute2 + thousands of genomes + 1,000 genomes project + imputation + phasing",genotyping + sequencing,multiple sclerosis + pittsburgh compound b + complex traits + apoptosis,race + tsi + ceu + ibs + fin + gbr + ethnic + ancestry + non-european + european ancestry,discovery + meta-analysis + stage + summary statistics + meta-analyses + association analysis + combined
,0.89,0.356,rs3851179,11.0,85868640.0,C/T,,"Overall stage 1/thinspace + /thinspacestage 2 ( n /thinspace = /thinspace82,771).Meta P","stage 1 discovery ( n /thinspace = /thinspace63,926).OR",uk biobank + adgc + international genomics of alzheimers project + eadi + ld hub + geradperades + databasestudy + igap + charge,Caucasian + Multi-ethnic + Caribbean Hispanic + African American + Asian,Stage 2 + Discovery + Joint-analysis + Replication + Meta-analysis + Validation + Stage 3 + Stage 1,"1,000 genomes + pre-phasing + pre-analysis quality control + machminimac + shapeitimpute2 + thousands of genomes + 1,000 genomes project + imputation + phasing",genotyping + sequencing,multiple sclerosis + pittsburgh compound b + apoptosis,race + tsi + ceu + ibs + fin + gbr + ethnic + ancestry + non-european + european ancestry,discovery + meta + meta-analysis + stage + summary statistics + meta-analyses + association analysis + combined
,0.89,0.356,rs3851179,11.0,85868640.0,C/T,,"Overall stage 1/thinspace + /thinspacestage 2 ( n /thinspace = /thinspace82,771).I 2 (%), P","stage 1 discovery ( n /thinspace = /thinspace63,926).OR",uk biobank + adgc + international genomics of alzheimers project + eadi + ld hub + geradperades + databasestudy + igap + charge,Caucasian + Multi-ethnic + Caribbean Hispanic + African American + Asian,Stage 2 + Discovery + Joint-analysis + Replication + Meta-analysis + Validation + Stage 3 + Stage 1,"1,000 genomes + pre-phasing + pre-analysis quality control + machminimac + shapeitimpute2 + thousands of genomes + 1,000 genomes project + imputation + phasing",genotyping + sequencing,multiple sclerosis + pittsburgh compound b + apoptosis,race + tsi + ceu + ibs + fin + gbr + ethnic + ancestry + non-european + european ancestry,discovery + meta-analysis + stage + summary statistics + meta-analyses + association analysis + combined
,0.81,0.04,rs11218343,11.0,121435587.0,T/C,,"stage 1 discovery ( n /thinspace = /thinspace63,926).P","stage 1 discovery ( n /thinspace = /thinspace63,926).OR",uk biobank + adgc + international genomics of alzheimers project + eadi + ld hub + databasestudy + geradperades + igap + charge,Caucasian + Multi-ethnic + Caribbean Hispanic + African American + Asian,Stage 2 + Discovery + Joint-analysis + Replication + Meta-analysis + Validation + Stage 3 + Stage 1,"1,000 genomes + pre-phasing + pre-analysis quality control + machminimac + shapeitimpute2 + thousands of genomes + 1,000 genomes project + imputation + phasing",genotyping + sequencing,multiple sclerosis + pittsburgh compound b + complex traits + apoptosis,race + tsi + ceu + ibs + fin + gbr + ethnic + ancestry + non-european + european ancestry,discovery + meta-analysis + stage + summary statistics + meta-analyses + association analysis
,0.81,0.04,rs11218343,11.0,121435587.0,T/C,,"stage 2 ( n /thinspace = /thinspace18,845).P","stage 1 discovery ( n /thinspace = /thinspace63,926).OR",uk biobank + adgc + international genomics of alzheimers project + eadi + ld hub + geradperades + databasestudy + igap + charge,Caucasian + Multi-ethnic + Caribbean Hispanic + African American + Asian,Stage 2 + Discovery + Joint-analysis + Replication + Meta-analysis + Validation + Stage 3 + Stage 1,"1,000 genomes + pre-phasing + pre-analysis quality control + machminimac + shapeitimpute2 + thousands of genomes + 1,000 genomes project + imputation + phasing",genotyping + sequencing,multiple sclerosis + pittsburgh compound b + complex traits + apoptosis,race + tsi + ceu + ibs + fin + gbr + ethnic + ancestry + non-european + european ancestry,discovery + meta-analysis + stage + summary statistics + meta-analyses + association analysis + combined
,0.81,0.04,rs11218343,11.0,121435587.0,T/C,,"Overall stage 1/thinspace + /thinspacestage 2 ( n /thinspace = /thinspace82,771).Meta P","stage 1 discovery ( n /thinspace = /thinspace63,926).OR",uk biobank + adgc + international genomics of alzheimers project + eadi + ld hub + geradperades + databasestudy + igap + charge,Caucasian + Multi-ethnic + Caribbean Hispanic + African American + Asian,Stage 2 + Discovery + Joint-analysis + Replication + Meta-analysis + Validation + Stage 3 + Stage 1,"1,000 genomes + pre-phasing + pre-analysis quality control + machminimac + shapeitimpute2 + thousands of genomes + 1,000 genomes project + imputation + phasing",genotyping + sequencing,multiple sclerosis + pittsburgh compound b + apoptosis,race + tsi + ceu + ibs + fin + gbr + ethnic + ancestry + non-european + european ancestry,discovery + meta + meta-analysis + stage + summary statistics + meta-analyses + association analysis + combined
,0.81,0.04,rs11218343,11.0,121435587.0,T/C,,"Overall stage 1/thinspace + /thinspacestage 2 ( n /thinspace = /thinspace82,771).I 2 (%), P","stage 1 discovery ( n /thinspace = /thinspace63,926).OR",uk biobank + adgc + international genomics of alzheimers project + eadi + ld hub + geradperades + databasestudy + igap + charge,Caucasian + Multi-ethnic + Caribbean Hispanic + African American + Asian,Stage 2 + Discovery + Joint-analysis + Replication + Meta-analysis + Validation + Stage 3 + Stage 1,"1,000 genomes + pre-phasing + pre-analysis quality control + machminimac + shapeitimpute2 + thousands of genomes + 1,000 genomes project + imputation + phasing",genotyping + sequencing,multiple sclerosis + pittsburgh compound b + apoptosis,race + tsi + ceu + ibs + fin + gbr + ethnic + ancestry + non-european + european ancestry,discovery + meta-analysis + stage + summary statistics + meta-analyses + association analysis + combined
,1.13,0.093,rs17125924,14.0,53391680.0,A/G,,"stage 1 discovery ( n /thinspace = /thinspace63,926).P","stage 1 discovery ( n /thinspace = /thinspace63,926).OR",uk biobank + adgc + international genomics of alzheimers project + eadi + ld hub + databasestudy + geradperades + igap + charge,Caucasian + Multi-ethnic + Caribbean Hispanic + African American + Asian,Stage 2 + Discovery + Joint-analysis + Replication + Meta-analysis + Validation + Stage 3 + Stage 1,"1,000 genomes + pre-phasing + pre-analysis quality control + machminimac + shapeitimpute2 + thousands of genomes + 1,000 genomes project + imputation + phasing",genotyping + sequencing,multiple sclerosis + pittsburgh compound b + complex traits + apoptosis,race + tsi + ceu + ibs + fin + gbr + ethnic + ancestry + non-european + european ancestry,discovery + meta-analysis + stage + summary statistics + meta-analyses + association analysis
,1.13,0.093,rs17125924,14.0,53391680.0,A/G,,"stage 2 ( n /thinspace = /thinspace18,845).P","stage 1 discovery ( n /thinspace = /thinspace63,926).OR",uk biobank + adgc + international genomics of alzheimers project + eadi + ld hub + geradperades + databasestudy + igap + charge,Caucasian + Multi-ethnic + Caribbean Hispanic + African American + Asian,Stage 2 + Discovery + Joint-analysis + Replication + Meta-analysis + Validation + Stage 3 + Stage 1,"1,000 genomes + pre-phasing + pre-analysis quality control + machminimac + shapeitimpute2 + thousands of genomes + 1,000 genomes project + imputation + phasing",genotyping + sequencing,multiple sclerosis + pittsburgh compound b + complex traits + apoptosis,race + tsi + ceu + ibs + fin + gbr + ethnic + ancestry + non-european + european ancestry,discovery + meta-analysis + stage + summary statistics + meta-analyses + association analysis + combined
,1.13,0.093,rs17125924,14.0,53391680.0,A/G,,"Overall stage 1/thinspace + /thinspacestage 2 ( n /thinspace = /thinspace82,771).Meta P","stage 1 discovery ( n /thinspace = /thinspace63,926).OR",uk biobank + adgc + international genomics of alzheimers project + eadi + ld hub + geradperades + databasestudy + igap + charge,Caucasian + Multi-ethnic + Caribbean Hispanic + African American + Asian,Stage 2 + Discovery + Joint-analysis + Replication + Meta-analysis + Validation + Stage 3 + Stage 1,"1,000 genomes + pre-phasing + pre-analysis quality control + machminimac + shapeitimpute2 + thousands of genomes + 1,000 genomes project + imputation + phasing",genotyping + sequencing,multiple sclerosis + pittsburgh compound b + apoptosis,race + tsi + ceu + ibs + fin + gbr + ethnic + ancestry + non-european + european ancestry,discovery + meta + meta-analysis + stage + summary statistics + meta-analyses + association analysis + combined
,1.13,0.093,rs17125924,14.0,53391680.0,A/G,,"Overall stage 1/thinspace + /thinspacestage 2 ( n /thinspace = /thinspace82,771).I 2 (%), P","stage 1 discovery ( n /thinspace = /thinspace63,926).OR",uk biobank + adgc + international genomics of alzheimers project + eadi + ld hub + geradperades + databasestudy + igap + charge,Caucasian + Multi-ethnic + Caribbean Hispanic + African American + Asian,Stage 2 + Discovery + Joint-analysis + Replication + Meta-analysis + Validation + Stage 3 + Stage 1,"1,000 genomes + pre-phasing + pre-analysis quality control + machminimac + shapeitimpute2 + thousands of genomes + 1,000 genomes project + imputation + phasing",genotyping + sequencing,multiple sclerosis + pittsburgh compound b + apoptosis,race + tsi + ceu + ibs + fin + gbr + ethnic + ancestry + non-european + european ancestry,discovery + meta-analysis + stage + summary statistics + meta-analyses + association analysis + combined
,0.92,0.221,rs12881735,14.0,92932828.0,T/C,,"stage 1 discovery ( n /thinspace = /thinspace63,926).P","stage 1 discovery ( n /thinspace = /thinspace63,926).OR",uk biobank + adgc + international genomics of alzheimers project + eadi + ld hub + databasestudy + geradperades + igap + charge,Caucasian + Multi-ethnic + Caribbean Hispanic + African American + Asian,Stage 2 + Discovery + Joint-analysis + Replication + Meta-analysis + Validation + Stage 3 + Stage 1,"1,000 genomes + pre-phasing + pre-analysis quality control + machminimac + shapeitimpute2 + thousands of genomes + 1,000 genomes project + imputation + phasing",genotyping + sequencing,multiple sclerosis + pittsburgh compound b + complex traits + apoptosis,race + tsi + ceu + ibs + fin + gbr + ethnic + ancestry + non-european + european ancestry,discovery + meta-analysis + stage + summary statistics + meta-analyses + association analysis
,0.92,0.221,rs12881735,14.0,92932828.0,T/C,,"stage 2 ( n /thinspace = /thinspace18,845).P","stage 1 discovery ( n /thinspace = /thinspace63,926).OR",uk biobank + adgc + international genomics of alzheimers project + eadi + ld hub + geradperades + databasestudy + igap + charge,Caucasian + Multi-ethnic + Caribbean Hispanic + African American + Asian,Stage 2 + Discovery + Joint-analysis + Replication + Meta-analysis + Validation + Stage 3 + Stage 1,"1,000 genomes + pre-phasing + pre-analysis quality control + machminimac + shapeitimpute2 + thousands of genomes + 1,000 genomes project + imputation + phasing",genotyping + sequencing,multiple sclerosis + pittsburgh compound b + complex traits + apoptosis,race + tsi + ceu + ibs + fin + gbr + ethnic + ancestry + non-european + european ancestry,discovery + meta-analysis + stage + summary statistics + meta-analyses + association analysis + combined
7.4e-09,0.92,0.221,rs12881735,14.0,92932828.0,T/C,,"Overall stage 1/thinspace + /thinspacestage 2 ( n /thinspace = /thinspace82,771).Meta P","stage 1 discovery ( n /thinspace = /thinspace63,926).OR",uk biobank + adgc + international genomics of alzheimers project + eadi + ld hub + geradperades + databasestudy + igap + charge,Caucasian + Multi-ethnic + Caribbean Hispanic + African American + Asian,Stage 2 + Discovery + Joint-analysis + Replication + Meta-analysis + Validation + Stage 3 + Stage 1,"1,000 genomes + pre-phasing + pre-analysis quality control + machminimac + shapeitimpute2 + thousands of genomes + 1,000 genomes project + imputation + phasing",genotyping + sequencing,multiple sclerosis + pittsburgh compound b + apoptosis,race + tsi + ceu + ibs + fin + gbr + ethnic + ancestry + non-european + european ancestry,discovery + meta + meta-analysis + stage + summary statistics + meta-analyses + association analysis + combined
,0.92,0.221,rs12881735,14.0,92932828.0,T/C,,"Overall stage 1/thinspace + /thinspacestage 2 ( n /thinspace = /thinspace82,771).I 2 (%), P","stage 1 discovery ( n /thinspace = /thinspace63,926).OR",uk biobank + adgc + international genomics of alzheimers project + eadi + ld hub + geradperades + databasestudy + igap + charge,Caucasian + Multi-ethnic + Caribbean Hispanic + African American + Asian,Stage 2 + Discovery + Joint-analysis + Replication + Meta-analysis + Validation + Stage 3 + Stage 1,"1,000 genomes + pre-phasing + pre-analysis quality control + machminimac + shapeitimpute2 + thousands of genomes + 1,000 genomes project + imputation + phasing",genotyping + sequencing,multiple sclerosis + pittsburgh compound b + apoptosis,race + tsi + ceu + ibs + fin + gbr + ethnic + ancestry + non-european + european ancestry,discovery + meta-analysis + stage + summary statistics + meta-analyses + association analysis + combined
,1.13,0.182,rs3752246,19.0,1056492.0,C/G,,"stage 1 discovery ( n /thinspace = /thinspace63,926).P","stage 1 discovery ( n /thinspace = /thinspace63,926).OR",uk biobank + adgc + international genomics of alzheimers project + eadi + ld hub + databasestudy + geradperades + igap + charge,Caucasian + Multi-ethnic + Caribbean Hispanic + African American + Asian,Stage 2 + Discovery + Joint-analysis + Replication + Meta-analysis + Validation + Stage 3 + Stage 1,"1,000 genomes + pre-phasing + pre-analysis quality control + machminimac + shapeitimpute2 + thousands of genomes + 1,000 genomes project + imputation + phasing",genotyping + sequencing,multiple sclerosis + pittsburgh compound b + complex traits + apoptosis,race + tsi + ceu + ibs + fin + gbr + ethnic + ancestry + non-european + european ancestry,discovery + meta-analysis + stage + summary statistics + meta-analyses + association analysis
,1.13,0.182,rs3752246,19.0,1056492.0,C/G,,"stage 2 ( n /thinspace = /thinspace18,845).P","stage 1 discovery ( n /thinspace = /thinspace63,926).OR",uk biobank + adgc + international genomics of alzheimers project + eadi + ld hub + geradperades + databasestudy + igap + charge,Caucasian + Multi-ethnic + Caribbean Hispanic + African American + Asian,Stage 2 + Discovery + Joint-analysis + Replication + Meta-analysis + Validation + Stage 3 + Stage 1,"1,000 genomes + pre-phasing + pre-analysis quality control + machminimac + shapeitimpute2 + thousands of genomes + 1,000 genomes project + imputation + phasing",genotyping + sequencing,multiple sclerosis + pittsburgh compound b + complex traits + apoptosis,race + tsi + ceu + ibs + fin + gbr + ethnic + ancestry + non-european + european ancestry,discovery + meta-analysis + stage + summary statistics + meta-analyses + association analysis + combined
,1.13,0.182,rs3752246,19.0,1056492.0,C/G,,"Overall stage 1/thinspace + /thinspacestage 2 ( n /thinspace = /thinspace82,771).Meta P","stage 1 discovery ( n /thinspace = /thinspace63,926).OR",uk biobank + adgc + international genomics of alzheimers project + eadi + ld hub + geradperades + databasestudy + igap + charge,Caucasian + Multi-ethnic + Caribbean Hispanic + African American + Asian,Stage 2 + Discovery + Joint-analysis + Replication + Meta-analysis + Validation + Stage 3 + Stage 1,"1,000 genomes + pre-phasing + pre-analysis quality control + machminimac + shapeitimpute2 + thousands of genomes + 1,000 genomes project + imputation + phasing",genotyping + sequencing,multiple sclerosis + pittsburgh compound b + apoptosis,race + tsi + ceu + ibs + fin + gbr + ethnic + ancestry + non-european + european ancestry,discovery + meta + meta-analysis + stage + summary statistics + meta-analyses + association analysis + combined
,1.13,0.182,rs3752246,19.0,1056492.0,C/G,,"Overall stage 1/thinspace + /thinspacestage 2 ( n /thinspace = /thinspace82,771).I 2 (%), P","stage 1 discovery ( n /thinspace = /thinspace63,926).OR",uk biobank + adgc + international genomics of alzheimers project + eadi + ld hub + geradperades + databasestudy + igap + charge,Caucasian + Multi-ethnic + Caribbean Hispanic + African American + Asian,Stage 2 + Discovery + Joint-analysis + Replication + Meta-analysis + Validation + Stage 3 + Stage 1,"1,000 genomes + pre-phasing + pre-analysis quality control + machminimac + shapeitimpute2 + thousands of genomes + 1,000 genomes project + imputation + phasing",genotyping + sequencing,multiple sclerosis + pittsburgh compound b + apoptosis,race + tsi + ceu + ibs + fin + gbr + ethnic + ancestry + non-european + european ancestry,discovery + meta-analysis + stage + summary statistics + meta-analyses + association analysis + combined
,3.32,0.216,rs429358,19.0,45411941.0,T/C,,"stage 1 discovery ( n /thinspace = /thinspace63,926).P","stage 1 discovery ( n /thinspace = /thinspace63,926).OR",uk biobank + adgc + international genomics of alzheimers project + eadi + ld hub + databasestudy + geradperades + igap + charge,Caucasian + Multi-ethnic + Caribbean Hispanic + African American + Asian,Stage 2 + Discovery + Joint-analysis + Replication + Meta-analysis + Validation + Stage 3 + Stage 1,"1,000 genomes + pre-phasing + pre-analysis quality control + machminimac + shapeitimpute2 + thousands of genomes + 1,000 genomes project + imputation + phasing",genotyping + sequencing,multiple sclerosis + pittsburgh compound b + complex traits + apoptosis,race + tsi + ceu + ibs + fin + gbr + ethnic + ancestry + non-european + european ancestry,discovery + meta-analysis + stage + summary statistics + meta-analyses + association analysis
,3.32,0.216,rs429358,19.0,45411941.0,T/C,,"stage 2 ( n /thinspace = /thinspace18,845).P","stage 1 discovery ( n /thinspace = /thinspace63,926).OR",uk biobank + adgc + international genomics of alzheimers project + eadi + ld hub + geradperades + databasestudy + igap + charge,Caucasian + Multi-ethnic + Caribbean Hispanic + African American + Asian,Stage 2 + Discovery + Joint-analysis + Replication + Meta-analysis + Validation + Stage 3 + Stage 1,"1,000 genomes + pre-phasing + pre-analysis quality control + machminimac + shapeitimpute2 + thousands of genomes + 1,000 genomes project + imputation + phasing",genotyping + sequencing,multiple sclerosis + pittsburgh compound b + complex traits + apoptosis,race + tsi + ceu + ibs + fin + gbr + ethnic + ancestry + non-european + european ancestry,discovery + meta-analysis + stage + summary statistics + meta-analyses + association analysis + combined
,3.32,0.216,rs429358,19.0,45411941.0,T/C,,"Overall stage 1/thinspace + /thinspacestage 2 ( n /thinspace = /thinspace82,771).Meta P","stage 1 discovery ( n /thinspace = /thinspace63,926).OR",uk biobank + adgc + international genomics of alzheimers project + eadi + ld hub + geradperades + databasestudy + igap + charge,Caucasian + Multi-ethnic + Caribbean Hispanic + African American + Asian,Stage 2 + Discovery + Joint-analysis + Replication + Meta-analysis + Validation + Stage 3 + Stage 1,"1,000 genomes + pre-phasing + pre-analysis quality control + machminimac + shapeitimpute2 + thousands of genomes + 1,000 genomes project + imputation + phasing",genotyping + sequencing,multiple sclerosis + pittsburgh compound b + apoptosis,race + tsi + ceu + ibs + fin + gbr + ethnic + ancestry + non-european + european ancestry,discovery + meta + meta-analysis + stage + summary statistics + meta-analyses + association analysis + combined
,3.32,0.216,rs429358,19.0,45411941.0,T/C,,"Overall stage 1/thinspace + /thinspacestage 2 ( n /thinspace = /thinspace82,771).I 2 (%), P","stage 1 discovery ( n /thinspace = /thinspace63,926).OR",uk biobank + adgc + international genomics of alzheimers project + eadi + ld hub + geradperades + databasestudy + igap + charge,Caucasian + Multi-ethnic + Caribbean Hispanic + African American + Asian,Stage 2 + Discovery + Joint-analysis + Replication + Meta-analysis + Validation + Stage 3 + Stage 1,"1,000 genomes + pre-phasing + pre-analysis quality control + machminimac + shapeitimpute2 + thousands of genomes + 1,000 genomes project + imputation + phasing",genotyping + sequencing,multiple sclerosis + pittsburgh compound b + apoptosis,race + tsi + ceu + ibs + fin + gbr + ethnic + ancestry + non-european + european ancestry,discovery + meta-analysis + stage + summary statistics + meta-analyses + association analysis + combined
,0.88,0.088,rs6024870,20.0,54997568.0,G/A,,"stage 1 discovery ( n /thinspace = /thinspace63,926).P","stage 1 discovery ( n /thinspace = /thinspace63,926).OR",uk biobank + adgc + international genomics of alzheimers project + eadi + ld hub + databasestudy + geradperades + igap + charge,Caucasian + Multi-ethnic + Caribbean Hispanic + African American + Asian,Stage 2 + Discovery + Joint-analysis + Replication + Meta-analysis + Validation + Stage 3 + Stage 1,"1,000 genomes + pre-phasing + pre-analysis quality control + machminimac + shapeitimpute2 + thousands of genomes + 1,000 genomes project + imputation + phasing",genotyping + sequencing,multiple sclerosis + pittsburgh compound b + complex traits + apoptosis,race + tsi + ceu + ibs + fin + gbr + ethnic + ancestry + non-european + european ancestry,discovery + meta-analysis + stage + summary statistics + meta-analyses + association analysis
,0.88,0.088,rs6024870,20.0,54997568.0,G/A,,"stage 2 ( n /thinspace = /thinspace18,845).P","stage 1 discovery ( n /thinspace = /thinspace63,926).OR",uk biobank + adgc + international genomics of alzheimers project + eadi + ld hub + geradperades + databasestudy + igap + charge,Caucasian + Multi-ethnic + Caribbean Hispanic + African American + Asian,Stage 2 + Discovery + Joint-analysis + Replication + Meta-analysis + Validation + Stage 3 + Stage 1,"1,000 genomes + pre-phasing + pre-analysis quality control + machminimac + shapeitimpute2 + thousands of genomes + 1,000 genomes project + imputation + phasing",genotyping + sequencing,multiple sclerosis + pittsburgh compound b + complex traits + apoptosis,race + tsi + ceu + ibs + fin + gbr + ethnic + ancestry + non-european + european ancestry,discovery + meta-analysis + stage + summary statistics + meta-analyses + association analysis + combined
,0.88,0.088,rs6024870,20.0,54997568.0,G/A,,"Overall stage 1/thinspace + /thinspacestage 2 ( n /thinspace = /thinspace82,771).Meta P","stage 1 discovery ( n /thinspace = /thinspace63,926).OR",uk biobank + adgc + international genomics of alzheimers project + eadi + ld hub + geradperades + databasestudy + igap + charge,Caucasian + Multi-ethnic + Caribbean Hispanic + African American + Asian,Stage 2 + Discovery + Joint-analysis + Replication + Meta-analysis + Validation + Stage 3 + Stage 1,"1,000 genomes + pre-phasing + pre-analysis quality control + machminimac + shapeitimpute2 + thousands of genomes + 1,000 genomes project + imputation + phasing",genotyping + sequencing,multiple sclerosis + pittsburgh compound b + apoptosis,race + tsi + ceu + ibs + fin + gbr + ethnic + ancestry + non-european + european ancestry,discovery + meta + meta-analysis + stage + summary statistics + meta-analyses + association analysis + combined
,0.88,0.088,rs6024870,20.0,54997568.0,G/A,,"Overall stage 1/thinspace + /thinspacestage 2 ( n /thinspace = /thinspace82,771).I 2 (%), P","stage 1 discovery ( n /thinspace = /thinspace63,926).OR",uk biobank + adgc + international genomics of alzheimers project + eadi + ld hub + geradperades + databasestudy + igap + charge,Caucasian + Multi-ethnic + Caribbean Hispanic + African American + Asian,Stage 2 + Discovery + Joint-analysis + Replication + Meta-analysis + Validation + Stage 3 + Stage 1,"1,000 genomes + pre-phasing + pre-analysis quality control + machminimac + shapeitimpute2 + thousands of genomes + 1,000 genomes project + imputation + phasing",genotyping + sequencing,multiple sclerosis + pittsburgh compound b + apoptosis,race + tsi + ceu + ibs + fin + gbr + ethnic + ancestry + non-european + european ancestry,discovery + meta-analysis + stage + summary statistics + meta-analyses + association analysis + combined
,1.08,0.389,rs7920721,10.0,11720308.0,A/G,,"stage 1 discovery ( n /thinspace = /thinspace63,926).P","stage 1 discovery ( n /thinspace = /thinspace63,926).OR",uk biobank + adgc + international genomics of alzheimers project + eadi + ld hub + databasestudy + geradperades + igap + charge,Caucasian + Multi-ethnic + Caribbean Hispanic + African American + Asian,Stage 2 + Discovery + Joint-analysis + Replication + Meta-analysis + Validation + Stage 3 + Stage 1,"1,000 genomes + pre-phasing + pre-analysis quality control + machminimac + shapeitimpute2 + thousands of genomes + 1,000 genomes project + imputation + phasing",genotyping + sequencing,multiple sclerosis + pittsburgh compound b + complex traits + apoptosis,race + tsi + ceu + ibs + fin + gbr + ethnic + ancestry + non-european + european ancestry,discovery + meta-analysis + stage + summary statistics + meta-analyses + association analysis
,1.08,0.389,rs7920721,10.0,11720308.0,A/G,,"stage 2 ( n /thinspace = /thinspace18,845).P","stage 1 discovery ( n /thinspace = /thinspace63,926).OR",uk biobank + adgc + international genomics of alzheimers project + eadi + ld hub + geradperades + databasestudy + igap + charge,Caucasian + Multi-ethnic + Caribbean Hispanic + African American + Asian,Stage 2 + Discovery + Joint-analysis + Replication + Meta-analysis + Validation + Stage 3 + Stage 1,"1,000 genomes + pre-phasing + pre-analysis quality control + machminimac + shapeitimpute2 + thousands of genomes + 1,000 genomes project + imputation + phasing",genotyping + sequencing,multiple sclerosis + pittsburgh compound b + complex traits + apoptosis,race + tsi + ceu + ibs + fin + gbr + ethnic + ancestry + non-european + european ancestry,discovery + meta-analysis + stage + summary statistics + meta-analyses + association analysis + combined
,1.08,0.389,rs7920721,10.0,11720308.0,A/G,,"Overall stage 1/thinspace + /thinspacestage 2 ( n /thinspace = /thinspace82,771).Meta P","stage 1 discovery ( n /thinspace = /thinspace63,926).OR",uk biobank + adgc + international genomics of alzheimers project + eadi + ld hub + geradperades + databasestudy + igap + charge,Caucasian + Multi-ethnic + Caribbean Hispanic + African American + Asian,Stage 2 + Discovery + Joint-analysis + Replication + Meta-analysis + Validation + Stage 3 + Stage 1,"1,000 genomes + pre-phasing + pre-analysis quality control + machminimac + shapeitimpute2 + thousands of genomes + 1,000 genomes project + imputation + phasing",genotyping + sequencing,multiple sclerosis + pittsburgh compound b + apoptosis,race + tsi + ceu + ibs + fin + gbr + ethnic + ancestry + non-european + european ancestry,discovery + meta + meta-analysis + stage + summary statistics + meta-analyses + association analysis + combined
,1.08,0.389,rs7920721,10.0,11720308.0,A/G,,"Overall stage 1/thinspace + /thinspacestage 2 ( n /thinspace = /thinspace82,771).I 2 (%), P","stage 1 discovery ( n /thinspace = /thinspace63,926).OR",uk biobank + adgc + international genomics of alzheimers project + eadi + ld hub + geradperades + databasestudy + igap + charge,Caucasian + Multi-ethnic + Caribbean Hispanic + African American + Asian,Stage 2 + Discovery + Joint-analysis + Replication + Meta-analysis + Validation + Stage 3 + Stage 1,"1,000 genomes + pre-phasing + pre-analysis quality control + machminimac + shapeitimpute2 + thousands of genomes + 1,000 genomes project + imputation + phasing",genotyping + sequencing,multiple sclerosis + pittsburgh compound b + apoptosis,race + tsi + ceu + ibs + fin + gbr + ethnic + ancestry + non-european + european ancestry,discovery + meta-analysis + stage + summary statistics + meta-analyses + association analysis + combined
,1.29,0.02,rs138190086,17.0,61538148.0,G/A,,"stage 1 discovery ( n /thinspace = /thinspace63,926).P","stage 1 discovery ( n /thinspace = /thinspace63,926).OR",uk biobank + adgc + international genomics of alzheimers project + eadi + ld hub + databasestudy + geradperades + igap + charge,Caucasian + Multi-ethnic + Caribbean Hispanic + African American + Asian,Stage 2 + Discovery + Joint-analysis + Replication + Meta-analysis + Validation + Stage 3 + Stage 1,"1,000 genomes + pre-phasing + pre-analysis quality control + machminimac + shapeitimpute2 + thousands of genomes + 1,000 genomes project + imputation + phasing",genotyping + sequencing,multiple sclerosis + pittsburgh compound b + complex traits + apoptosis,race + tsi + ceu + ibs + fin + gbr + ethnic + ancestry + non-european + european ancestry,discovery + meta-analysis + stage + summary statistics + meta-analyses + association analysis
,1.29,0.02,rs138190086,17.0,61538148.0,G/A,,"stage 2 ( n /thinspace = /thinspace18,845).P","stage 1 discovery ( n /thinspace = /thinspace63,926).OR",uk biobank + adgc + international genomics of alzheimers project + eadi + ld hub + geradperades + databasestudy + igap + charge,Caucasian + Multi-ethnic + Caribbean Hispanic + African American + Asian,Stage 2 + Discovery + Joint-analysis + Replication + Meta-analysis + Validation + Stage 3 + Stage 1,"1,000 genomes + pre-phasing + pre-analysis quality control + machminimac + shapeitimpute2 + thousands of genomes + 1,000 genomes project + imputation + phasing",genotyping + sequencing,multiple sclerosis + pittsburgh compound b + complex traits + apoptosis,race + tsi + ceu + ibs + fin + gbr + ethnic + ancestry + non-european + european ancestry,discovery + meta-analysis + stage + summary statistics + meta-analyses + association analysis + combined
,1.29,0.02,rs138190086,17.0,61538148.0,G/A,,"Overall stage 1/thinspace + /thinspacestage 2 ( n /thinspace = /thinspace82,771).Meta P","stage 1 discovery ( n /thinspace = /thinspace63,926).OR",uk biobank + adgc + international genomics of alzheimers project + eadi + ld hub + geradperades + databasestudy + igap + charge,Caucasian + Multi-ethnic + Caribbean Hispanic + African American + Asian,Stage 2 + Discovery + Joint-analysis + Replication + Meta-analysis + Validation + Stage 3 + Stage 1,"1,000 genomes + pre-phasing + pre-analysis quality control + machminimac + shapeitimpute2 + thousands of genomes + 1,000 genomes project + imputation + phasing",genotyping + sequencing,multiple sclerosis + pittsburgh compound b + apoptosis,race + tsi + ceu + ibs + fin + gbr + ethnic + ancestry + non-european + european ancestry,discovery + meta + meta-analysis + stage + summary statistics + meta-analyses + association analysis + combined
,1.29,0.02,rs138190086,17.0,61538148.0,G/A,,"Overall stage 1/thinspace + /thinspacestage 2 ( n /thinspace = /thinspace82,771).I 2 (%), P","stage 1 discovery ( n /thinspace = /thinspace63,926).OR",uk biobank + adgc + international genomics of alzheimers project + eadi + ld hub + geradperades + databasestudy + igap + charge,Caucasian + Multi-ethnic + Caribbean Hispanic + African American + Asian,Stage 2 + Discovery + Joint-analysis + Replication + Meta-analysis + Validation + Stage 3 + Stage 1,"1,000 genomes + pre-phasing + pre-analysis quality control + machminimac + shapeitimpute2 + thousands of genomes + 1,000 genomes project + imputation + phasing",genotyping + sequencing,multiple sclerosis + pittsburgh compound b + apoptosis,race + tsi + ceu + ibs + fin + gbr + ethnic + ancestry + non-european + european ancestry,discovery + meta-analysis + stage + summary statistics + meta-analyses + association analysis + combined
,0.95,0.39,rs190982,5.0,88223420.0,A/G,,"stage 1 discovery ( n /thinspace = /thinspace63,926).P","stage 1 discovery ( n /thinspace = /thinspace63,926).OR",uk biobank + adgc + international genomics of alzheimers project + eadi + ld hub + databasestudy + geradperades + igap + charge,Caucasian + Multi-ethnic + Caribbean Hispanic + African American + Asian,Stage 2 + Discovery + Joint-analysis + Replication + Meta-analysis + Validation + Stage 3 + Stage 1,"1,000 genomes + pre-phasing + pre-analysis quality control + machminimac + shapeitimpute2 + thousands of genomes + 1,000 genomes project + imputation + phasing",genotyping + sequencing,multiple sclerosis + pittsburgh compound b + complex traits + apoptosis,race + tsi + ceu + ibs + fin + gbr + ethnic + ancestry + non-european + european ancestry,discovery + meta-analysis + stage + summary statistics + meta-analyses + association analysis
,0.95,0.39,rs190982,5.0,88223420.0,A/G,,"stage 2 ( n /thinspace = /thinspace18,845).P","stage 1 discovery ( n /thinspace = /thinspace63,926).OR",uk biobank + adgc + international genomics of alzheimers project + eadi + ld hub + geradperades + databasestudy + igap + charge,Caucasian + Multi-ethnic + Caribbean Hispanic + African American + Asian,Stage 2 + Discovery + Joint-analysis + Replication + Meta-analysis + Validation + Stage 3 + Stage 1,"1,000 genomes + pre-phasing + pre-analysis quality control + machminimac + shapeitimpute2 + thousands of genomes + 1,000 genomes project + imputation + phasing",genotyping + sequencing,multiple sclerosis + pittsburgh compound b + complex traits + apoptosis,race + tsi + ceu + ibs + fin + gbr + ethnic + ancestry + non-european + european ancestry,discovery + meta-analysis + stage + summary statistics + meta-analyses + association analysis + combined
,0.95,0.39,rs190982,5.0,88223420.0,A/G,,"Overall stage 1/thinspace + /thinspacestage 2 ( n /thinspace = /thinspace82,771).Meta P","stage 1 discovery ( n /thinspace = /thinspace63,926).OR",uk biobank + adgc + international genomics of alzheimers project + eadi + ld hub + geradperades + databasestudy + igap + charge,Caucasian + Multi-ethnic + Caribbean Hispanic + African American + Asian,Stage 2 + Discovery + Joint-analysis + Replication + Meta-analysis + Validation + Stage 3 + Stage 1,"1,000 genomes + pre-phasing + pre-analysis quality control + machminimac + shapeitimpute2 + thousands of genomes + 1,000 genomes project + imputation + phasing",genotyping + sequencing,multiple sclerosis + pittsburgh compound b + apoptosis,race + tsi + ceu + ibs + fin + gbr + ethnic + ancestry + non-european + european ancestry,discovery + meta + meta-analysis + stage + summary statistics + meta-analyses + association analysis + combined
,0.95,0.39,rs190982,5.0,88223420.0,A/G,,"Overall stage 1/thinspace + /thinspacestage 2 ( n /thinspace = /thinspace82,771).I 2 (%), P","stage 1 discovery ( n /thinspace = /thinspace63,926).OR",uk biobank + adgc + international genomics of alzheimers project + eadi + ld hub + geradperades + databasestudy + igap + charge,Caucasian + Multi-ethnic + Caribbean Hispanic + African American + Asian,Stage 2 + Discovery + Joint-analysis + Replication + Meta-analysis + Validation + Stage 3 + Stage 1,"1,000 genomes + pre-phasing + pre-analysis quality control + machminimac + shapeitimpute2 + thousands of genomes + 1,000 genomes project + imputation + phasing",genotyping + sequencing,multiple sclerosis + pittsburgh compound b + apoptosis,race + tsi + ceu + ibs + fin + gbr + ethnic + ancestry + non-european + european ancestry,discovery + meta-analysis + stage + summary statistics + meta-analyses + association analysis + combined
,0.95,0.356,rs4723711,7.0,37844263.0,A/T,,"stage 1 discovery ( n /thinspace = /thinspace63,926).P","stage 1 discovery ( n /thinspace = /thinspace63,926).OR",uk biobank + adgc + international genomics of alzheimers project + eadi + ld hub + databasestudy + geradperades + igap + charge,Caucasian + Multi-ethnic + Caribbean Hispanic + African American + Asian,Stage 2 + Discovery + Joint-analysis + Replication + Meta-analysis + Validation + Stage 3 + Stage 1,"1,000 genomes + pre-phasing + pre-analysis quality control + machminimac + shapeitimpute2 + thousands of genomes + 1,000 genomes project + imputation + phasing",genotyping + sequencing,multiple sclerosis + pittsburgh compound b + complex traits + apoptosis,race + tsi + ceu + ibs + fin + gbr + ethnic + ancestry + non-european + european ancestry,discovery + meta-analysis + stage + summary statistics + meta-analyses + association analysis
,0.95,0.356,rs4723711,7.0,37844263.0,A/T,,"stage 2 ( n /thinspace = /thinspace18,845).P","stage 1 discovery ( n /thinspace = /thinspace63,926).OR",uk biobank + adgc + international genomics of alzheimers project + eadi + ld hub + geradperades + databasestudy + igap + charge,Caucasian + Multi-ethnic + Caribbean Hispanic + African American + Asian,Stage 2 + Discovery + Joint-analysis + Replication + Meta-analysis + Validation + Stage 3 + Stage 1,"1,000 genomes + pre-phasing + pre-analysis quality control + machminimac + shapeitimpute2 + thousands of genomes + 1,000 genomes project + imputation + phasing",genotyping + sequencing,multiple sclerosis + pittsburgh compound b + complex traits + apoptosis,race + tsi + ceu + ibs + fin + gbr + ethnic + ancestry + non-european + european ancestry,discovery + meta-analysis + stage + summary statistics + meta-analyses + association analysis + combined
,0.95,0.356,rs4723711,7.0,37844263.0,A/T,,"Overall stage 1/thinspace + /thinspacestage 2 ( n /thinspace = /thinspace82,771).Meta P","stage 1 discovery ( n /thinspace = /thinspace63,926).OR",uk biobank + adgc + international genomics of alzheimers project + eadi + ld hub + geradperades + databasestudy + igap + charge,Caucasian + Multi-ethnic + Caribbean Hispanic + African American + Asian,Stage 2 + Discovery + Joint-analysis + Replication + Meta-analysis + Validation + Stage 3 + Stage 1,"1,000 genomes + pre-phasing + pre-analysis quality control + machminimac + shapeitimpute2 + thousands of genomes + 1,000 genomes project + imputation + phasing",genotyping + sequencing,multiple sclerosis + pittsburgh compound b + apoptosis,race + tsi + ceu + ibs + fin + gbr + ethnic + ancestry + non-european + european ancestry,discovery + meta + meta-analysis + stage + summary statistics + meta-analyses + association analysis + combined
,0.95,0.356,rs4723711,7.0,37844263.0,A/T,,"Overall stage 1/thinspace + /thinspacestage 2 ( n /thinspace = /thinspace82,771).I 2 (%), P","stage 1 discovery ( n /thinspace = /thinspace63,926).OR",uk biobank + adgc + international genomics of alzheimers project + eadi + ld hub + geradperades + databasestudy + igap + charge,Caucasian + Multi-ethnic + Caribbean Hispanic + African American + Asian,Stage 2 + Discovery + Joint-analysis + Replication + Meta-analysis + Validation + Stage 3 + Stage 1,"1,000 genomes + pre-phasing + pre-analysis quality control + machminimac + shapeitimpute2 + thousands of genomes + 1,000 genomes project + imputation + phasing",genotyping + sequencing,multiple sclerosis + pittsburgh compound b + apoptosis,race + tsi + ceu + ibs + fin + gbr + ethnic + ancestry + non-european + european ancestry,discovery + meta-analysis + stage + summary statistics + meta-analyses + association analysis + combined
,1.12,0.187,rs4844610,1.0,207802552.0,C/A,,"stage 1 discovery ( n /thinspace = /thinspace63,926).P","stage 1 discovery ( n /thinspace = /thinspace63,926).95%Ci",uk biobank + adgc + international genomics of alzheimers project + eadi + ld hub + databasestudy + geradperades + igap + charge,Caucasian + Multi-ethnic + Caribbean Hispanic + African American + Asian,Stage 2 + Discovery + Joint-analysis + Replication + Meta-analysis + Validation + Stage 3 + Stage 1,"1,000 genomes + pre-phasing + pre-analysis quality control + machminimac + shapeitimpute2 + thousands of genomes + 1,000 genomes project + imputation + phasing",genotyping + sequencing,multiple sclerosis + complex traits + cognitive decline + apoptosis + pittsburgh compound b,race + tsi + ceu + ibs + fin + gbr + ethnic + ancestry + non-european + european ancestry,discovery + meta-analysis + stage + summary statistics + meta-analyses + association analysis
,1.12,0.187,rs4844610,1.0,207802552.0,C/A,,"stage 2 ( n /thinspace = /thinspace18,845).P","stage 1 discovery ( n /thinspace = /thinspace63,926).95%Ci",uk biobank + adgc + international genomics of alzheimers project + eadi + ld hub + geradperades + databasestudy + igap + charge,Caucasian + Multi-ethnic + Caribbean Hispanic + African American + Asian,Stage 2 + Discovery + Joint-analysis + Replication + Meta-analysis + Validation + Stage 3 + Stage 1,"1,000 genomes + pre-phasing + pre-analysis quality control + machminimac + shapeitimpute2 + thousands of genomes + 1,000 genomes project + imputation + phasing",genotyping + sequencing,multiple sclerosis + complex traits + cognitive decline + apoptosis + pittsburgh compound b,race + tsi + ceu + ibs + fin + gbr + ethnic + ancestry + non-european + european ancestry,discovery + meta-analysis + stage + summary statistics + meta-analyses + association analysis + combined
,1.12,0.187,rs4844610,1.0,207802552.0,C/A,,"Overall stage 1/thinspace + /thinspacestage 2 ( n /thinspace = /thinspace82,771).Meta P","stage 1 discovery ( n /thinspace = /thinspace63,926).95%Ci",uk biobank + adgc + international genomics of alzheimers project + eadi + ld hub + geradperades + databasestudy + igap + charge,Caucasian + Multi-ethnic + Caribbean Hispanic + African American + Asian,Stage 2 + Discovery + Joint-analysis + Replication + Meta-analysis + Validation + Stage 3 + Stage 1,"1,000 genomes + pre-phasing + pre-analysis quality control + machminimac + shapeitimpute2 + thousands of genomes + 1,000 genomes project + imputation + phasing",genotyping + sequencing,multiple sclerosis + complex traits + cognitive decline + apoptosis + pittsburgh compound b,race + tsi + ceu + ibs + fin + gbr + ethnic + ancestry + non-european + european ancestry,discovery + meta + meta-analysis + stage + summary statistics + meta-analyses + association analysis + combined
,1.12,0.187,rs4844610,1.0,207802552.0,C/A,,"Overall stage 1/thinspace + /thinspacestage 2 ( n /thinspace = /thinspace82,771).I 2 (%), P","stage 1 discovery ( n /thinspace = /thinspace63,926).95%Ci",uk biobank + adgc + international genomics of alzheimers project + eadi + ld hub + geradperades + databasestudy + igap + charge,Caucasian + Multi-ethnic + Caribbean Hispanic + African American + Asian,Stage 2 + Discovery + Joint-analysis + Replication + Meta-analysis + Validation + Stage 3 + Stage 1,"1,000 genomes + pre-phasing + pre-analysis quality control + machminimac + shapeitimpute2 + thousands of genomes + 1,000 genomes project + imputation + phasing",genotyping + sequencing,multiple sclerosis + complex traits + cognitive decline + apoptosis + pittsburgh compound b,race + tsi + ceu + ibs + fin + gbr + ethnic + ancestry + non-european + european ancestry,discovery + meta-analysis + stage + summary statistics + meta-analyses + association analysis + combined
,1.15,0.407,rs6733839,2.0,127892810.0,C/T,,"stage 1 discovery ( n /thinspace = /thinspace63,926).P","stage 1 discovery ( n /thinspace = /thinspace63,926).95%Ci",uk biobank + adgc + international genomics of alzheimers project + eadi + ld hub + databasestudy + geradperades + igap + charge,Caucasian + Multi-ethnic + Caribbean Hispanic + African American + Asian,Stage 2 + Discovery + Joint-analysis + Replication + Meta-analysis + Validation + Stage 3 + Stage 1,"1,000 genomes + pre-phasing + pre-analysis quality control + machminimac + shapeitimpute2 + thousands of genomes + 1,000 genomes project + imputation + phasing",genotyping + sequencing,multiple sclerosis + complex traits + cognitive decline + apoptosis + pittsburgh compound b,race + tsi + ceu + ibs + fin + gbr + ethnic + ancestry + non-european + european ancestry,discovery + meta-analysis + stage + summary statistics + meta-analyses + association analysis
,1.15,0.407,rs6733839,2.0,127892810.0,C/T,,"stage 2 ( n /thinspace = /thinspace18,845).P","stage 1 discovery ( n /thinspace = /thinspace63,926).95%Ci",uk biobank + adgc + international genomics of alzheimers project + eadi + ld hub + geradperades + databasestudy + igap + charge,Caucasian + Multi-ethnic + Caribbean Hispanic + African American + Asian,Stage 2 + Discovery + Joint-analysis + Replication + Meta-analysis + Validation + Stage 3 + Stage 1,"1,000 genomes + pre-phasing + pre-analysis quality control + machminimac + shapeitimpute2 + thousands of genomes + 1,000 genomes project + imputation + phasing",genotyping + sequencing,multiple sclerosis + complex traits + cognitive decline + apoptosis + pittsburgh compound b,race + tsi + ceu + ibs + fin + gbr + ethnic + ancestry + non-european + european ancestry,discovery + meta-analysis + stage + summary statistics + meta-analyses + association analysis + combined
,1.15,0.407,rs6733839,2.0,127892810.0,C/T,,"Overall stage 1/thinspace + /thinspacestage 2 ( n /thinspace = /thinspace82,771).Meta P","stage 1 discovery ( n /thinspace = /thinspace63,926).95%Ci",uk biobank + adgc + international genomics of alzheimers project + eadi + ld hub + geradperades + databasestudy + igap + charge,Caucasian + Multi-ethnic + Caribbean Hispanic + African American + Asian,Stage 2 + Discovery + Joint-analysis + Replication + Meta-analysis + Validation + Stage 3 + Stage 1,"1,000 genomes + pre-phasing + pre-analysis quality control + machminimac + shapeitimpute2 + thousands of genomes + 1,000 genomes project + imputation + phasing",genotyping + sequencing,multiple sclerosis + complex traits + cognitive decline + apoptosis + pittsburgh compound b,race + tsi + ceu + ibs + fin + gbr + ethnic + ancestry + non-european + european ancestry,discovery + meta + meta-analysis + stage + summary statistics + meta-analyses + association analysis + combined
,1.15,0.407,rs6733839,2.0,127892810.0,C/T,,"Overall stage 1/thinspace + /thinspacestage 2 ( n /thinspace = /thinspace82,771).I 2 (%), P","stage 1 discovery ( n /thinspace = /thinspace63,926).95%Ci",uk biobank + adgc + international genomics of alzheimers project + eadi + ld hub + geradperades + databasestudy + igap + charge,Caucasian + Multi-ethnic + Caribbean Hispanic + African American + Asian,Stage 2 + Discovery + Joint-analysis + Replication + Meta-analysis + Validation + Stage 3 + Stage 1,"1,000 genomes + pre-phasing + pre-analysis quality control + machminimac + shapeitimpute2 + thousands of genomes + 1,000 genomes project + imputation + phasing",genotyping + sequencing,multiple sclerosis + complex traits + cognitive decline + apoptosis + pittsburgh compound b,race + tsi + ceu + ibs + fin + gbr + ethnic + ancestry + non-european + european ancestry,discovery + meta-analysis + stage + summary statistics + meta-analyses + association analysis + combined
,0.87,0.223,rs10933431,2.0,233981912.0,C/G,,"stage 1 discovery ( n /thinspace = /thinspace63,926).P","stage 1 discovery ( n /thinspace = /thinspace63,926).95%Ci",uk biobank + adgc + international genomics of alzheimers project + eadi + ld hub + databasestudy + geradperades + igap + charge,Caucasian + Multi-ethnic + Caribbean Hispanic + African American + Asian,Stage 2 + Discovery + Joint-analysis + Replication + Meta-analysis + Validation + Stage 3 + Stage 1,"1,000 genomes + pre-phasing + pre-analysis quality control + machminimac + shapeitimpute2 + thousands of genomes + 1,000 genomes project + imputation + phasing",genotyping + sequencing,multiple sclerosis + complex traits + cognitive decline + apoptosis + pittsburgh compound b,race + tsi + ceu + ibs + fin + gbr + ethnic + ancestry + non-european + european ancestry,discovery + meta-analysis + stage + summary statistics + meta-analyses + association analysis
,0.87,0.223,rs10933431,2.0,233981912.0,C/G,,"stage 2 ( n /thinspace = /thinspace18,845).P","stage 1 discovery ( n /thinspace = /thinspace63,926).95%Ci",uk biobank + adgc + international genomics of alzheimers project + eadi + ld hub + geradperades + databasestudy + igap + charge,Caucasian + Multi-ethnic + Caribbean Hispanic + African American + Asian,Stage 2 + Discovery + Joint-analysis + Replication + Meta-analysis + Validation + Stage 3 + Stage 1,"1,000 genomes + pre-phasing + pre-analysis quality control + machminimac + shapeitimpute2 + thousands of genomes + 1,000 genomes project + imputation + phasing",genotyping + sequencing,multiple sclerosis + complex traits + cognitive decline + apoptosis + pittsburgh compound b,race + tsi + ceu + ibs + fin + gbr + ethnic + ancestry + non-european + european ancestry,discovery + meta-analysis + stage + summary statistics + meta-analyses + association analysis + combined
,0.87,0.223,rs10933431,2.0,233981912.0,C/G,,"Overall stage 1/thinspace + /thinspacestage 2 ( n /thinspace = /thinspace82,771).Meta P","stage 1 discovery ( n /thinspace = /thinspace63,926).95%Ci",uk biobank + adgc + international genomics of alzheimers project + eadi + ld hub + geradperades + databasestudy + igap + charge,Caucasian + Multi-ethnic + Caribbean Hispanic + African American + Asian,Stage 2 + Discovery + Joint-analysis + Replication + Meta-analysis + Validation + Stage 3 + Stage 1,"1,000 genomes + pre-phasing + pre-analysis quality control + machminimac + shapeitimpute2 + thousands of genomes + 1,000 genomes project + imputation + phasing",genotyping + sequencing,multiple sclerosis + complex traits + cognitive decline + apoptosis + pittsburgh compound b,race + tsi + ceu + ibs + fin + gbr + ethnic + ancestry + non-european + european ancestry,discovery + meta + meta-analysis + stage + summary statistics + meta-analyses + association analysis + combined
,0.87,0.223,rs10933431,2.0,233981912.0,C/G,,"Overall stage 1/thinspace + /thinspacestage 2 ( n /thinspace = /thinspace82,771).I 2 (%), P","stage 1 discovery ( n /thinspace = /thinspace63,926).95%Ci",uk biobank + adgc + international genomics of alzheimers project + eadi + ld hub + geradperades + databasestudy + igap + charge,Caucasian + Multi-ethnic + Caribbean Hispanic + African American + Asian,Stage 2 + Discovery + Joint-analysis + Replication + Meta-analysis + Validation + Stage 3 + Stage 1,"1,000 genomes + pre-phasing + pre-analysis quality control + machminimac + shapeitimpute2 + thousands of genomes + 1,000 genomes project + imputation + phasing",genotyping + sequencing,multiple sclerosis + complex traits + cognitive decline + apoptosis + pittsburgh compound b,race + tsi + ceu + ibs + fin + gbr + ethnic + ancestry + non-european + european ancestry,discovery + meta-analysis + stage + summary statistics + meta-analyses + association analysis + combined
,1.06,0.27,rs9271058,6.0,32575406.0,T/A,,"stage 1 discovery ( n /thinspace = /thinspace63,926).P","stage 1 discovery ( n /thinspace = /thinspace63,926).95%Ci",uk biobank + adgc + international genomics of alzheimers project + eadi + ld hub + databasestudy + geradperades + igap + charge,Caucasian + Multi-ethnic + Caribbean Hispanic + African American + Asian,Stage 2 + Discovery + Joint-analysis + Replication + Meta-analysis + Validation + Stage 3 + Stage 1,"1,000 genomes + pre-phasing + pre-analysis quality control + machminimac + shapeitimpute2 + thousands of genomes + 1,000 genomes project + imputation + phasing",genotyping + sequencing,multiple sclerosis + complex traits + cognitive decline + apoptosis + pittsburgh compound b,race + tsi + ceu + ibs + fin + gbr + ethnic + ancestry + non-european + european ancestry,discovery + meta-analysis + stage + summary statistics + meta-analyses + association analysis
,1.06,0.27,rs9271058,6.0,32575406.0,T/A,,"stage 2 ( n /thinspace = /thinspace18,845).P","stage 1 discovery ( n /thinspace = /thinspace63,926).95%Ci",uk biobank + adgc + international genomics of alzheimers project + eadi + ld hub + geradperades + databasestudy + igap + charge,Caucasian + Multi-ethnic + Caribbean Hispanic + African American + Asian,Stage 2 + Discovery + Joint-analysis + Replication + Meta-analysis + Validation + Stage 3 + Stage 1,"1,000 genomes + pre-phasing + pre-analysis quality control + machminimac + shapeitimpute2 + thousands of genomes + 1,000 genomes project + imputation + phasing",genotyping + sequencing,multiple sclerosis + complex traits + cognitive decline + apoptosis + pittsburgh compound b,race + tsi + ceu + ibs + fin + gbr + ethnic + ancestry + non-european + european ancestry,discovery + meta-analysis + stage + summary statistics + meta-analyses + association analysis + combined
,1.06,0.27,rs9271058,6.0,32575406.0,T/A,,"Overall stage 1/thinspace + /thinspacestage 2 ( n /thinspace = /thinspace82,771).Meta P","stage 1 discovery ( n /thinspace = /thinspace63,926).95%Ci",uk biobank + adgc + international genomics of alzheimers project + eadi + ld hub + geradperades + databasestudy + igap + charge,Caucasian + Multi-ethnic + Caribbean Hispanic + African American + Asian,Stage 2 + Discovery + Joint-analysis + Replication + Meta-analysis + Validation + Stage 3 + Stage 1,"1,000 genomes + pre-phasing + pre-analysis quality control + machminimac + shapeitimpute2 + thousands of genomes + 1,000 genomes project + imputation + phasing",genotyping + sequencing,multiple sclerosis + complex traits + cognitive decline + apoptosis + pittsburgh compound b,race + tsi + ceu + ibs + fin + gbr + ethnic + ancestry + non-european + european ancestry,discovery + meta + meta-analysis + stage + summary statistics + meta-analyses + association analysis + combined
,1.06,0.27,rs9271058,6.0,32575406.0,T/A,,"Overall stage 1/thinspace + /thinspacestage 2 ( n /thinspace = /thinspace82,771).I 2 (%), P","stage 1 discovery ( n /thinspace = /thinspace63,926).95%Ci",uk biobank + adgc + international genomics of alzheimers project + eadi + ld hub + geradperades + databasestudy + igap + charge,Caucasian + Multi-ethnic + Caribbean Hispanic + African American + Asian,Stage 2 + Discovery + Joint-analysis + Replication + Meta-analysis + Validation + Stage 3 + Stage 1,"1,000 genomes + pre-phasing + pre-analysis quality control + machminimac + shapeitimpute2 + thousands of genomes + 1,000 genomes project + imputation + phasing",genotyping + sequencing,multiple sclerosis + complex traits + cognitive decline + apoptosis + pittsburgh compound b,race + tsi + ceu + ibs + fin + gbr + ethnic + ancestry + non-european + european ancestry,discovery + meta-analysis + stage + summary statistics + meta-analyses + association analysis + combined
,1.65,0.008,rs75932628,6.0,41129252.0,C/T,,"stage 1 discovery ( n /thinspace = /thinspace63,926).P","stage 1 discovery ( n /thinspace = /thinspace63,926).95%Ci",uk biobank + adgc + international genomics of alzheimers project + eadi + ld hub + databasestudy + geradperades + igap + charge,Caucasian + Multi-ethnic + Caribbean Hispanic + African American + Asian,Stage 2 + Discovery + Joint-analysis + Replication + Meta-analysis + Validation + Stage 3 + Stage 1,"1,000 genomes + pre-phasing + pre-analysis quality control + machminimac + shapeitimpute2 + thousands of genomes + 1,000 genomes project + imputation + phasing",genotyping + sequencing,multiple sclerosis + complex traits + cognitive decline + apoptosis + pittsburgh compound b,race + tsi + ceu + ibs + fin + gbr + ethnic + ancestry + non-european + european ancestry,discovery + meta-analysis + stage + summary statistics + meta-analyses + association analysis
,1.65,0.008,rs75932628,6.0,41129252.0,C/T,,"stage 2 ( n /thinspace = /thinspace18,845).P","stage 1 discovery ( n /thinspace = /thinspace63,926).95%Ci",uk biobank + adgc + international genomics of alzheimers project + eadi + ld hub + geradperades + databasestudy + igap + charge,Caucasian + Multi-ethnic + Caribbean Hispanic + African American + Asian,Stage 2 + Discovery + Joint-analysis + Replication + Meta-analysis + Validation + Stage 3 + Stage 1,"1,000 genomes + pre-phasing + pre-analysis quality control + machminimac + shapeitimpute2 + thousands of genomes + 1,000 genomes project + imputation + phasing",genotyping + sequencing,multiple sclerosis + complex traits + cognitive decline + apoptosis + pittsburgh compound b,race + tsi + ceu + ibs + fin + gbr + ethnic + ancestry + non-european + european ancestry,discovery + meta-analysis + stage + summary statistics + meta-analyses + association analysis + combined
,1.65,0.008,rs75932628,6.0,41129252.0,C/T,,"Overall stage 1/thinspace + /thinspacestage 2 ( n /thinspace = /thinspace82,771).Meta P","stage 1 discovery ( n /thinspace = /thinspace63,926).95%Ci",uk biobank + adgc + international genomics of alzheimers project + eadi + ld hub + geradperades + databasestudy + igap + charge,Caucasian + Multi-ethnic + Caribbean Hispanic + African American + Asian,Stage 2 + Discovery + Joint-analysis + Replication + Meta-analysis + Validation + Stage 3 + Stage 1,"1,000 genomes + pre-phasing + pre-analysis quality control + machminimac + shapeitimpute2 + thousands of genomes + 1,000 genomes project + imputation + phasing",genotyping + sequencing,multiple sclerosis + complex traits + cognitive decline + apoptosis + pittsburgh compound b,race + tsi + ceu + ibs + fin + gbr + ethnic + ancestry + non-european + european ancestry,discovery + meta + meta-analysis + stage + summary statistics + meta-analyses + association analysis + combined
,1.65,0.008,rs75932628,6.0,41129252.0,C/T,,"Overall stage 1/thinspace + /thinspacestage 2 ( n /thinspace = /thinspace82,771).I 2 (%), P","stage 1 discovery ( n /thinspace = /thinspace63,926).95%Ci",uk biobank + adgc + international genomics of alzheimers project + eadi + ld hub + geradperades + databasestudy + igap + charge,Caucasian + Multi-ethnic + Caribbean Hispanic + African American + Asian,Stage 2 + Discovery + Joint-analysis + Replication + Meta-analysis + Validation + Stage 3 + Stage 1,"1,000 genomes + pre-phasing + pre-analysis quality control + machminimac + shapeitimpute2 + thousands of genomes + 1,000 genomes project + imputation + phasing",genotyping + sequencing,multiple sclerosis + complex traits + cognitive decline + apoptosis + pittsburgh compound b,race + tsi + ceu + ibs + fin + gbr + ethnic + ancestry + non-european + european ancestry,discovery + meta-analysis + stage + summary statistics + meta-analyses + association analysis + combined
,1.05,0.28,rs9473117,6.0,47431284.0,A/C,,"stage 1 discovery ( n /thinspace = /thinspace63,926).P","stage 1 discovery ( n /thinspace = /thinspace63,926).95%Ci",uk biobank + adgc + international genomics of alzheimers project + eadi + ld hub + databasestudy + geradperades + igap + charge,Caucasian + Multi-ethnic + Caribbean Hispanic + African American + Asian,Stage 2 + Discovery + Joint-analysis + Replication + Meta-analysis + Validation + Stage 3 + Stage 1,"1,000 genomes + pre-phasing + pre-analysis quality control + machminimac + shapeitimpute2 + thousands of genomes + 1,000 genomes project + imputation + phasing",genotyping + sequencing,multiple sclerosis + complex traits + cognitive decline + apoptosis + pittsburgh compound b,race + tsi + ceu + ibs + fin + gbr + ethnic + ancestry + non-european + european ancestry,discovery + meta-analysis + stage + summary statistics + meta-analyses + association analysis
,1.05,0.28,rs9473117,6.0,47431284.0,A/C,,"stage 2 ( n /thinspace = /thinspace18,845).P","stage 1 discovery ( n /thinspace = /thinspace63,926).95%Ci",uk biobank + adgc + international genomics of alzheimers project + eadi + ld hub + geradperades + databasestudy + igap + charge,Caucasian + Multi-ethnic + Caribbean Hispanic + African American + Asian,Stage 2 + Discovery + Joint-analysis + Replication + Meta-analysis + Validation + Stage 3 + Stage 1,"1,000 genomes + pre-phasing + pre-analysis quality control + machminimac + shapeitimpute2 + thousands of genomes + 1,000 genomes project + imputation + phasing",genotyping + sequencing,multiple sclerosis + complex traits + cognitive decline + apoptosis + pittsburgh compound b,race + tsi + ceu + ibs + fin + gbr + ethnic + ancestry + non-european + european ancestry,discovery + meta-analysis + stage + summary statistics + meta-analyses + association analysis + combined
,1.05,0.28,rs9473117,6.0,47431284.0,A/C,,"Overall stage 1/thinspace + /thinspacestage 2 ( n /thinspace = /thinspace82,771).Meta P","stage 1 discovery ( n /thinspace = /thinspace63,926).95%Ci",uk biobank + adgc + international genomics of alzheimers project + eadi + ld hub + geradperades + databasestudy + igap + charge,Caucasian + Multi-ethnic + Caribbean Hispanic + African American + Asian,Stage 2 + Discovery + Joint-analysis + Replication + Meta-analysis + Validation + Stage 3 + Stage 1,"1,000 genomes + pre-phasing + pre-analysis quality control + machminimac + shapeitimpute2 + thousands of genomes + 1,000 genomes project + imputation + phasing",genotyping + sequencing,multiple sclerosis + complex traits + cognitive decline + apoptosis + pittsburgh compound b,race + tsi + ceu + ibs + fin + gbr + ethnic + ancestry + non-european + european ancestry,discovery + meta + meta-analysis + stage + summary statistics + meta-analyses + association analysis + combined
,1.05,0.28,rs9473117,6.0,47431284.0,A/C,,"Overall stage 1/thinspace + /thinspacestage 2 ( n /thinspace = /thinspace82,771).I 2 (%), P","stage 1 discovery ( n /thinspace = /thinspace63,926).95%Ci",uk biobank + adgc + international genomics of alzheimers project + eadi + ld hub + geradperades + databasestudy + igap + charge,Caucasian + Multi-ethnic + Caribbean Hispanic + African American + Asian,Stage 2 + Discovery + Joint-analysis + Replication + Meta-analysis + Validation + Stage 3 + Stage 1,"1,000 genomes + pre-phasing + pre-analysis quality control + machminimac + shapeitimpute2 + thousands of genomes + 1,000 genomes project + imputation + phasing",genotyping + sequencing,multiple sclerosis + complex traits + cognitive decline + apoptosis + pittsburgh compound b,race + tsi + ceu + ibs + fin + gbr + ethnic + ancestry + non-european + european ancestry,discovery + meta-analysis + stage + summary statistics + meta-analyses + association analysis + combined
,0.91,0.303,rs12539172,7.0,100091795.0,C/T,,"stage 1 discovery ( n /thinspace = /thinspace63,926).P","stage 1 discovery ( n /thinspace = /thinspace63,926).95%Ci",uk biobank + adgc + international genomics of alzheimers project + eadi + ld hub + databasestudy + geradperades + igap + charge,Caucasian + Multi-ethnic + Caribbean Hispanic + African American + Asian,Stage 2 + Discovery + Joint-analysis + Replication + Meta-analysis + Validation + Stage 3 + Stage 1,"1,000 genomes + pre-phasing + pre-analysis quality control + machminimac + shapeitimpute2 + thousands of genomes + 1,000 genomes project + imputation + phasing",genotyping + sequencing,multiple sclerosis + complex traits + cognitive decline + apoptosis + pittsburgh compound b,race + tsi + ceu + ibs + fin + gbr + ethnic + ancestry + non-european + european ancestry,discovery + meta-analysis + stage + summary statistics + meta-analyses + association analysis
,0.91,0.303,rs12539172,7.0,100091795.0,C/T,,"stage 2 ( n /thinspace = /thinspace18,845).P","stage 1 discovery ( n /thinspace = /thinspace63,926).95%Ci",uk biobank + adgc + international genomics of alzheimers project + eadi + ld hub + geradperades + databasestudy + igap + charge,Caucasian + Multi-ethnic + Caribbean Hispanic + African American + Asian,Stage 2 + Discovery + Joint-analysis + Replication + Meta-analysis + Validation + Stage 3 + Stage 1,"1,000 genomes + pre-phasing + pre-analysis quality control + machminimac + shapeitimpute2 + thousands of genomes + 1,000 genomes project + imputation + phasing",genotyping + sequencing,multiple sclerosis + complex traits + cognitive decline + apoptosis + pittsburgh compound b,race + tsi + ceu + ibs + fin + gbr + ethnic + ancestry + non-european + european ancestry,discovery + meta-analysis + stage + summary statistics + meta-analyses + association analysis + combined
,0.91,0.303,rs12539172,7.0,100091795.0,C/T,,"Overall stage 1/thinspace + /thinspacestage 2 ( n /thinspace = /thinspace82,771).Meta P","stage 1 discovery ( n /thinspace = /thinspace63,926).95%Ci",uk biobank + adgc + international genomics of alzheimers project + eadi + ld hub + geradperades + databasestudy + igap + charge,Caucasian + Multi-ethnic + Caribbean Hispanic + African American + Asian,Stage 2 + Discovery + Joint-analysis + Replication + Meta-analysis + Validation + Stage 3 + Stage 1,"1,000 genomes + pre-phasing + pre-analysis quality control + machminimac + shapeitimpute2 + thousands of genomes + 1,000 genomes project + imputation + phasing",genotyping + sequencing,multiple sclerosis + complex traits + cognitive decline + apoptosis + pittsburgh compound b,race + tsi + ceu + ibs + fin + gbr + ethnic + ancestry + non-european + european ancestry,discovery + meta + meta-analysis + stage + summary statistics + meta-analyses + association analysis + combined
,0.91,0.303,rs12539172,7.0,100091795.0,C/T,,"Overall stage 1/thinspace + /thinspacestage 2 ( n /thinspace = /thinspace82,771).I 2 (%), P","stage 1 discovery ( n /thinspace = /thinspace63,926).95%Ci",uk biobank + adgc + international genomics of alzheimers project + eadi + ld hub + geradperades + databasestudy + igap + charge,Caucasian + Multi-ethnic + Caribbean Hispanic + African American + Asian,Stage 2 + Discovery + Joint-analysis + Replication + Meta-analysis + Validation + Stage 3 + Stage 1,"1,000 genomes + pre-phasing + pre-analysis quality control + machminimac + shapeitimpute2 + thousands of genomes + 1,000 genomes project + imputation + phasing",genotyping + sequencing,multiple sclerosis + complex traits + cognitive decline + apoptosis + pittsburgh compound b,race + tsi + ceu + ibs + fin + gbr + ethnic + ancestry + non-european + european ancestry,discovery + meta-analysis + stage + summary statistics + meta-analyses + association analysis + combined
,0.87,0.199,rs10808026,7.0,143099133.0,C/A,,"stage 1 discovery ( n /thinspace = /thinspace63,926).P","stage 1 discovery ( n /thinspace = /thinspace63,926).95%Ci",uk biobank + adgc + international genomics of alzheimers project + eadi + ld hub + databasestudy + geradperades + igap + charge,Caucasian + Multi-ethnic + Caribbean Hispanic + African American + Asian,Stage 2 + Discovery + Joint-analysis + Replication + Meta-analysis + Validation + Stage 3 + Stage 1,"1,000 genomes + pre-phasing + pre-analysis quality control + machminimac + shapeitimpute2 + thousands of genomes + 1,000 genomes project + imputation + phasing",genotyping + sequencing,multiple sclerosis + complex traits + cognitive decline + apoptosis + pittsburgh compound b,race + tsi + ceu + ibs + fin + gbr + ethnic + ancestry + non-european + european ancestry,discovery + meta-analysis + stage + summary statistics + meta-analyses + association analysis
,0.87,0.199,rs10808026,7.0,143099133.0,C/A,,"stage 2 ( n /thinspace = /thinspace18,845).P","stage 1 discovery ( n /thinspace = /thinspace63,926).95%Ci",uk biobank + adgc + international genomics of alzheimers project + eadi + ld hub + geradperades + databasestudy + igap + charge,Caucasian + Multi-ethnic + Caribbean Hispanic + African American + Asian,Stage 2 + Discovery + Joint-analysis + Replication + Meta-analysis + Validation + Stage 3 + Stage 1,"1,000 genomes + pre-phasing + pre-analysis quality control + machminimac + shapeitimpute2 + thousands of genomes + 1,000 genomes project + imputation + phasing",genotyping + sequencing,multiple sclerosis + complex traits + cognitive decline + apoptosis + pittsburgh compound b,race + tsi + ceu + ibs + fin + gbr + ethnic + ancestry + non-european + european ancestry,discovery + meta-analysis + stage + summary statistics + meta-analyses + association analysis + combined
,0.87,0.199,rs10808026,7.0,143099133.0,C/A,,"Overall stage 1/thinspace + /thinspacestage 2 ( n /thinspace = /thinspace82,771).Meta P","stage 1 discovery ( n /thinspace = /thinspace63,926).95%Ci",uk biobank + adgc + international genomics of alzheimers project + eadi + ld hub + geradperades + databasestudy + igap + charge,Caucasian + Multi-ethnic + Caribbean Hispanic + African American + Asian,Stage 2 + Discovery + Joint-analysis + Replication + Meta-analysis + Validation + Stage 3 + Stage 1,"1,000 genomes + pre-phasing + pre-analysis quality control + machminimac + shapeitimpute2 + thousands of genomes + 1,000 genomes project + imputation + phasing",genotyping + sequencing,multiple sclerosis + complex traits + cognitive decline + apoptosis + pittsburgh compound b,race + tsi + ceu + ibs + fin + gbr + ethnic + ancestry + non-european + european ancestry,discovery + meta + meta-analysis + stage + summary statistics + meta-analyses + association analysis + combined
,0.87,0.199,rs10808026,7.0,143099133.0,C/A,,"Overall stage 1/thinspace + /thinspacestage 2 ( n /thinspace = /thinspace82,771).I 2 (%), P","stage 1 discovery ( n /thinspace = /thinspace63,926).95%Ci",uk biobank + adgc + international genomics of alzheimers project + eadi + ld hub + geradperades + databasestudy + igap + charge,Caucasian + Multi-ethnic + Caribbean Hispanic + African American + Asian,Stage 2 + Discovery + Joint-analysis + Replication + Meta-analysis + Validation + Stage 3 + Stage 1,"1,000 genomes + pre-phasing + pre-analysis quality control + machminimac + shapeitimpute2 + thousands of genomes + 1,000 genomes project + imputation + phasing",genotyping + sequencing,multiple sclerosis + complex traits + cognitive decline + apoptosis + pittsburgh compound b,race + tsi + ceu + ibs + fin + gbr + ethnic + ancestry + non-european + european ancestry,discovery + meta-analysis + stage + summary statistics + meta-analyses + association analysis + combined
,1.07,0.367,rs73223431,8.0,27219987.0,C/T,,"stage 1 discovery ( n /thinspace = /thinspace63,926).P","stage 1 discovery ( n /thinspace = /thinspace63,926).95%Ci",uk biobank + adgc + international genomics of alzheimers project + eadi + ld hub + databasestudy + geradperades + igap + charge,Caucasian + Multi-ethnic + Caribbean Hispanic + African American + Asian,Stage 2 + Discovery + Joint-analysis + Replication + Meta-analysis + Validation + Stage 3 + Stage 1,"1,000 genomes + pre-phasing + pre-analysis quality control + machminimac + shapeitimpute2 + thousands of genomes + 1,000 genomes project + imputation + phasing",genotyping + sequencing,multiple sclerosis + complex traits + cognitive decline + apoptosis + pittsburgh compound b,race + tsi + ceu + ibs + fin + gbr + ethnic + ancestry + non-european + european ancestry,discovery + meta-analysis + stage + summary statistics + meta-analyses + association analysis
,1.07,0.367,rs73223431,8.0,27219987.0,C/T,,"stage 2 ( n /thinspace = /thinspace18,845).P","stage 1 discovery ( n /thinspace = /thinspace63,926).95%Ci",uk biobank + adgc + international genomics of alzheimers project + eadi + ld hub + geradperades + databasestudy + igap + charge,Caucasian + Multi-ethnic + Caribbean Hispanic + African American + Asian,Stage 2 + Discovery + Joint-analysis + Replication + Meta-analysis + Validation + Stage 3 + Stage 1,"1,000 genomes + pre-phasing + pre-analysis quality control + machminimac + shapeitimpute2 + thousands of genomes + 1,000 genomes project + imputation + phasing",genotyping + sequencing,multiple sclerosis + complex traits + cognitive decline + apoptosis + pittsburgh compound b,race + tsi + ceu + ibs + fin + gbr + ethnic + ancestry + non-european + european ancestry,discovery + meta-analysis + stage + summary statistics + meta-analyses + association analysis + combined
,1.07,0.367,rs73223431,8.0,27219987.0,C/T,,"Overall stage 1/thinspace + /thinspacestage 2 ( n /thinspace = /thinspace82,771).Meta P","stage 1 discovery ( n /thinspace = /thinspace63,926).95%Ci",uk biobank + adgc + international genomics of alzheimers project + eadi + ld hub + geradperades + databasestudy + igap + charge,Caucasian + Multi-ethnic + Caribbean Hispanic + African American + Asian,Stage 2 + Discovery + Joint-analysis + Replication + Meta-analysis + Validation + Stage 3 + Stage 1,"1,000 genomes + pre-phasing + pre-analysis quality control + machminimac + shapeitimpute2 + thousands of genomes + 1,000 genomes project + imputation + phasing",genotyping + sequencing,multiple sclerosis + complex traits + cognitive decline + apoptosis + pittsburgh compound b,race + tsi + ceu + ibs + fin + gbr + ethnic + ancestry + non-european + european ancestry,discovery + meta + meta-analysis + stage + summary statistics + meta-analyses + association analysis + combined
,1.07,0.367,rs73223431,8.0,27219987.0,C/T,,"Overall stage 1/thinspace + /thinspacestage 2 ( n /thinspace = /thinspace82,771).I 2 (%), P","stage 1 discovery ( n /thinspace = /thinspace63,926).95%Ci",uk biobank + adgc + international genomics of alzheimers project + eadi + ld hub + geradperades + databasestudy + igap + charge,Caucasian + Multi-ethnic + Caribbean Hispanic + African American + Asian,Stage 2 + Discovery + Joint-analysis + Replication + Meta-analysis + Validation + Stage 3 + Stage 1,"1,000 genomes + pre-phasing + pre-analysis quality control + machminimac + shapeitimpute2 + thousands of genomes + 1,000 genomes project + imputation + phasing",genotyping + sequencing,multiple sclerosis + complex traits + cognitive decline + apoptosis + pittsburgh compound b,race + tsi + ceu + ibs + fin + gbr + ethnic + ancestry + non-european + european ancestry,discovery + meta-analysis + stage + summary statistics + meta-analyses + association analysis + combined
,0.85,0.387,rs9331896,8.0,27467686.0,T/C,,"stage 1 discovery ( n /thinspace = /thinspace63,926).P","stage 1 discovery ( n /thinspace = /thinspace63,926).95%Ci",uk biobank + adgc + international genomics of alzheimers project + eadi + ld hub + databasestudy + geradperades + igap + charge,Caucasian + Multi-ethnic + Caribbean Hispanic + African American + Asian,Stage 2 + Discovery + Joint-analysis + Replication + Meta-analysis + Validation + Stage 3 + Stage 1,"1,000 genomes + pre-phasing + pre-analysis quality control + machminimac + shapeitimpute2 + thousands of genomes + 1,000 genomes project + imputation + phasing",genotyping + sequencing,multiple sclerosis + complex traits + cognitive decline + apoptosis + pittsburgh compound b,race + tsi + ceu + ibs + fin + gbr + ethnic + ancestry + non-european + european ancestry,discovery + meta-analysis + stage + summary statistics + meta-analyses + association analysis
,0.85,0.387,rs9331896,8.0,27467686.0,T/C,,"stage 2 ( n /thinspace = /thinspace18,845).P","stage 1 discovery ( n /thinspace = /thinspace63,926).95%Ci",uk biobank + adgc + international genomics of alzheimers project + eadi + ld hub + geradperades + databasestudy + igap + charge,Caucasian + Multi-ethnic + Caribbean Hispanic + African American + Asian,Stage 2 + Discovery + Joint-analysis + Replication + Meta-analysis + Validation + Stage 3 + Stage 1,"1,000 genomes + pre-phasing + pre-analysis quality control + machminimac + shapeitimpute2 + thousands of genomes + 1,000 genomes project + imputation + phasing",genotyping + sequencing,multiple sclerosis + complex traits + cognitive decline + apoptosis + pittsburgh compound b,race + tsi + ceu + ibs + fin + gbr + ethnic + ancestry + non-european + european ancestry,discovery + meta-analysis + stage + summary statistics + meta-analyses + association analysis + combined
,0.85,0.387,rs9331896,8.0,27467686.0,T/C,,"Overall stage 1/thinspace + /thinspacestage 2 ( n /thinspace = /thinspace82,771).Meta P","stage 1 discovery ( n /thinspace = /thinspace63,926).95%Ci",uk biobank + adgc + international genomics of alzheimers project + eadi + ld hub + geradperades + databasestudy + igap + charge,Caucasian + Multi-ethnic + Caribbean Hispanic + African American + Asian,Stage 2 + Discovery + Joint-analysis + Replication + Meta-analysis + Validation + Stage 3 + Stage 1,"1,000 genomes + pre-phasing + pre-analysis quality control + machminimac + shapeitimpute2 + thousands of genomes + 1,000 genomes project + imputation + phasing",genotyping + sequencing,multiple sclerosis + complex traits + cognitive decline + apoptosis + pittsburgh compound b,race + tsi + ceu + ibs + fin + gbr + ethnic + ancestry + non-european + european ancestry,discovery + meta + meta-analysis + stage + summary statistics + meta-analyses + association analysis + combined
,0.85,0.387,rs9331896,8.0,27467686.0,T/C,,"Overall stage 1/thinspace + /thinspacestage 2 ( n /thinspace = /thinspace82,771).I 2 (%), P","stage 1 discovery ( n /thinspace = /thinspace63,926).95%Ci",uk biobank + adgc + international genomics of alzheimers project + eadi + ld hub + geradperades + databasestudy + igap + charge,Caucasian + Multi-ethnic + Caribbean Hispanic + African American + Asian,Stage 2 + Discovery + Joint-analysis + Replication + Meta-analysis + Validation + Stage 3 + Stage 1,"1,000 genomes + pre-phasing + pre-analysis quality control + machminimac + shapeitimpute2 + thousands of genomes + 1,000 genomes project + imputation + phasing",genotyping + sequencing,multiple sclerosis + complex traits + cognitive decline + apoptosis + pittsburgh compound b,race + tsi + ceu + ibs + fin + gbr + ethnic + ancestry + non-european + european ancestry,discovery + meta-analysis + stage + summary statistics + meta-analyses + association analysis + combined
,0.89,0.448,rs3740688,11.0,47380340.0,T/G,,"stage 1 discovery ( n /thinspace = /thinspace63,926).P","stage 1 discovery ( n /thinspace = /thinspace63,926).95%Ci",uk biobank + adgc + international genomics of alzheimers project + eadi + ld hub + databasestudy + geradperades + igap + charge,Caucasian + Multi-ethnic + Caribbean Hispanic + African American + Asian,Stage 2 + Discovery + Joint-analysis + Replication + Meta-analysis + Validation + Stage 3 + Stage 1,"1,000 genomes + pre-phasing + pre-analysis quality control + machminimac + shapeitimpute2 + thousands of genomes + 1,000 genomes project + imputation + phasing",genotyping + sequencing,multiple sclerosis + complex traits + cognitive decline + apoptosis + pittsburgh compound b,race + tsi + ceu + ibs + fin + gbr + ethnic + ancestry + non-european + european ancestry,discovery + meta-analysis + stage + summary statistics + meta-analyses + association analysis
,0.89,0.448,rs3740688,11.0,47380340.0,T/G,,"stage 2 ( n /thinspace = /thinspace18,845).P","stage 1 discovery ( n /thinspace = /thinspace63,926).95%Ci",uk biobank + adgc + international genomics of alzheimers project + eadi + ld hub + geradperades + databasestudy + igap + charge,Caucasian + Multi-ethnic + Caribbean Hispanic + African American + Asian,Stage 2 + Discovery + Joint-analysis + Replication + Meta-analysis + Validation + Stage 3 + Stage 1,"1,000 genomes + pre-phasing + pre-analysis quality control + machminimac + shapeitimpute2 + thousands of genomes + 1,000 genomes project + imputation + phasing",genotyping + sequencing,multiple sclerosis + complex traits + cognitive decline + apoptosis + pittsburgh compound b,race + tsi + ceu + ibs + fin + gbr + ethnic + ancestry + non-european + european ancestry,discovery + meta-analysis + stage + summary statistics + meta-analyses + association analysis + combined
,0.89,0.448,rs3740688,11.0,47380340.0,T/G,,"Overall stage 1/thinspace + /thinspacestage 2 ( n /thinspace = /thinspace82,771).Meta P","stage 1 discovery ( n /thinspace = /thinspace63,926).95%Ci",uk biobank + adgc + international genomics of alzheimers project + eadi + ld hub + geradperades + databasestudy + igap + charge,Caucasian + Multi-ethnic + Caribbean Hispanic + African American + Asian,Stage 2 + Discovery + Joint-analysis + Replication + Meta-analysis + Validation + Stage 3 + Stage 1,"1,000 genomes + pre-phasing + pre-analysis quality control + machminimac + shapeitimpute2 + thousands of genomes + 1,000 genomes project + imputation + phasing",genotyping + sequencing,multiple sclerosis + complex traits + cognitive decline + apoptosis + pittsburgh compound b,race + tsi + ceu + ibs + fin + gbr + ethnic + ancestry + non-european + european ancestry,discovery + meta + meta-analysis + stage + summary statistics + meta-analyses + association analysis + combined
,0.89,0.448,rs3740688,11.0,47380340.0,T/G,,"Overall stage 1/thinspace + /thinspacestage 2 ( n /thinspace = /thinspace82,771).I 2 (%), P","stage 1 discovery ( n /thinspace = /thinspace63,926).95%Ci",uk biobank + adgc + international genomics of alzheimers project + eadi + ld hub + geradperades + databasestudy + igap + charge,Caucasian + Multi-ethnic + Caribbean Hispanic + African American + Asian,Stage 2 + Discovery + Joint-analysis + Replication + Meta-analysis + Validation + Stage 3 + Stage 1,"1,000 genomes + pre-phasing + pre-analysis quality control + machminimac + shapeitimpute2 + thousands of genomes + 1,000 genomes project + imputation + phasing",genotyping + sequencing,multiple sclerosis + complex traits + cognitive decline + apoptosis + pittsburgh compound b,race + tsi + ceu + ibs + fin + gbr + ethnic + ancestry + non-european + european ancestry,discovery + meta-analysis + stage + summary statistics + meta-analyses + association analysis + combined
,0.86,0.391,rs7933202,11.0,59936926.0,A/C,,"stage 1 discovery ( n /thinspace = /thinspace63,926).P","stage 1 discovery ( n /thinspace = /thinspace63,926).95%Ci",uk biobank + adgc + international genomics of alzheimers project + eadi + ld hub + databasestudy + geradperades + igap + charge,Caucasian + Multi-ethnic + Caribbean Hispanic + African American + Asian,Stage 2 + Discovery + Joint-analysis + Replication + Meta-analysis + Validation + Stage 3 + Stage 1,"1,000 genomes + pre-phasing + pre-analysis quality control + machminimac + shapeitimpute2 + thousands of genomes + 1,000 genomes project + imputation + phasing",genotyping + sequencing,multiple sclerosis + complex traits + cognitive decline + apoptosis + pittsburgh compound b,race + tsi + ceu + ibs + fin + gbr + ethnic + ancestry + non-european + european ancestry,discovery + meta-analysis + stage + summary statistics + meta-analyses + association analysis
,0.86,0.391,rs7933202,11.0,59936926.0,A/C,,"stage 2 ( n /thinspace = /thinspace18,845).P","stage 1 discovery ( n /thinspace = /thinspace63,926).95%Ci",uk biobank + adgc + international genomics of alzheimers project + eadi + ld hub + geradperades + databasestudy + igap + charge,Caucasian + Multi-ethnic + Caribbean Hispanic + African American + Asian,Stage 2 + Discovery + Joint-analysis + Replication + Meta-analysis + Validation + Stage 3 + Stage 1,"1,000 genomes + pre-phasing + pre-analysis quality control + machminimac + shapeitimpute2 + thousands of genomes + 1,000 genomes project + imputation + phasing",genotyping + sequencing,multiple sclerosis + complex traits + cognitive decline + apoptosis + pittsburgh compound b,race + tsi + ceu + ibs + fin + gbr + ethnic + ancestry + non-european + european ancestry,discovery + meta-analysis + stage + summary statistics + meta-analyses + association analysis + combined
,0.86,0.391,rs7933202,11.0,59936926.0,A/C,,"Overall stage 1/thinspace + /thinspacestage 2 ( n /thinspace = /thinspace82,771).Meta P","stage 1 discovery ( n /thinspace = /thinspace63,926).95%Ci",uk biobank + adgc + international genomics of alzheimers project + eadi + ld hub + geradperades + databasestudy + igap + charge,Caucasian + Multi-ethnic + Caribbean Hispanic + African American + Asian,Stage 2 + Discovery + Joint-analysis + Replication + Meta-analysis + Validation + Stage 3 + Stage 1,"1,000 genomes + pre-phasing + pre-analysis quality control + machminimac + shapeitimpute2 + thousands of genomes + 1,000 genomes project + imputation + phasing",genotyping + sequencing,multiple sclerosis + complex traits + cognitive decline + apoptosis + pittsburgh compound b,race + tsi + ceu + ibs + fin + gbr + ethnic + ancestry + non-european + european ancestry,discovery + meta + meta-analysis + stage + summary statistics + meta-analyses + association analysis + combined
,0.86,0.391,rs7933202,11.0,59936926.0,A/C,,"Overall stage 1/thinspace + /thinspacestage 2 ( n /thinspace = /thinspace82,771).I 2 (%), P","stage 1 discovery ( n /thinspace = /thinspace63,926).95%Ci",uk biobank + adgc + international genomics of alzheimers project + eadi + ld hub + geradperades + databasestudy + igap + charge,Caucasian + Multi-ethnic + Caribbean Hispanic + African American + Asian,Stage 2 + Discovery + Joint-analysis + Replication + Meta-analysis + Validation + Stage 3 + Stage 1,"1,000 genomes + pre-phasing + pre-analysis quality control + machminimac + shapeitimpute2 + thousands of genomes + 1,000 genomes project + imputation + phasing",genotyping + sequencing,multiple sclerosis + complex traits + cognitive decline + apoptosis + pittsburgh compound b,race + tsi + ceu + ibs + fin + gbr + ethnic + ancestry + non-european + european ancestry,discovery + meta-analysis + stage + summary statistics + meta-analyses + association analysis + combined
,0.86,0.356,rs3851179,11.0,85868640.0,C/T,,"stage 1 discovery ( n /thinspace = /thinspace63,926).P","stage 1 discovery ( n /thinspace = /thinspace63,926).95%Ci",uk biobank + adgc + international genomics of alzheimers project + eadi + ld hub + databasestudy + geradperades + igap + charge,Caucasian + Multi-ethnic + Caribbean Hispanic + African American + Asian,Stage 2 + Discovery + Joint-analysis + Replication + Meta-analysis + Validation + Stage 3 + Stage 1,"1,000 genomes + pre-phasing + pre-analysis quality control + machminimac + shapeitimpute2 + thousands of genomes + 1,000 genomes project + imputation + phasing",genotyping + sequencing,multiple sclerosis + complex traits + cognitive decline + apoptosis + pittsburgh compound b,race + tsi + ceu + ibs + fin + gbr + ethnic + ancestry + non-european + european ancestry,discovery + meta-analysis + stage + summary statistics + meta-analyses + association analysis
,0.86,0.356,rs3851179,11.0,85868640.0,C/T,,"stage 2 ( n /thinspace = /thinspace18,845).P","stage 1 discovery ( n /thinspace = /thinspace63,926).95%Ci",uk biobank + adgc + international genomics of alzheimers project + eadi + ld hub + geradperades + databasestudy + igap + charge,Caucasian + Multi-ethnic + Caribbean Hispanic + African American + Asian,Stage 2 + Discovery + Joint-analysis + Replication + Meta-analysis + Validation + Stage 3 + Stage 1,"1,000 genomes + pre-phasing + pre-analysis quality control + machminimac + shapeitimpute2 + thousands of genomes + 1,000 genomes project + imputation + phasing",genotyping + sequencing,multiple sclerosis + complex traits + cognitive decline + apoptosis + pittsburgh compound b,race + tsi + ceu + ibs + fin + gbr + ethnic + ancestry + non-european + european ancestry,discovery + meta-analysis + stage + summary statistics + meta-analyses + association analysis + combined
,0.86,0.356,rs3851179,11.0,85868640.0,C/T,,"Overall stage 1/thinspace + /thinspacestage 2 ( n /thinspace = /thinspace82,771).Meta P","stage 1 discovery ( n /thinspace = /thinspace63,926).95%Ci",uk biobank + adgc + international genomics of alzheimers project + eadi + ld hub + geradperades + databasestudy + igap + charge,Caucasian + Multi-ethnic + Caribbean Hispanic + African American + Asian,Stage 2 + Discovery + Joint-analysis + Replication + Meta-analysis + Validation + Stage 3 + Stage 1,"1,000 genomes + pre-phasing + pre-analysis quality control + machminimac + shapeitimpute2 + thousands of genomes + 1,000 genomes project + imputation + phasing",genotyping + sequencing,multiple sclerosis + complex traits + cognitive decline + apoptosis + pittsburgh compound b,race + tsi + ceu + ibs + fin + gbr + ethnic + ancestry + non-european + european ancestry,discovery + meta + meta-analysis + stage + summary statistics + meta-analyses + association analysis + combined
,0.86,0.356,rs3851179,11.0,85868640.0,C/T,,"Overall stage 1/thinspace + /thinspacestage 2 ( n /thinspace = /thinspace82,771).I 2 (%), P","stage 1 discovery ( n /thinspace = /thinspace63,926).95%Ci",uk biobank + adgc + international genomics of alzheimers project + eadi + ld hub + geradperades + databasestudy + igap + charge,Caucasian + Multi-ethnic + Caribbean Hispanic + African American + Asian,Stage 2 + Discovery + Joint-analysis + Replication + Meta-analysis + Validation + Stage 3 + Stage 1,"1,000 genomes + pre-phasing + pre-analysis quality control + machminimac + shapeitimpute2 + thousands of genomes + 1,000 genomes project + imputation + phasing",genotyping + sequencing,multiple sclerosis + complex traits + cognitive decline + apoptosis + pittsburgh compound b,race + tsi + ceu + ibs + fin + gbr + ethnic + ancestry + non-european + european ancestry,discovery + meta-analysis + stage + summary statistics + meta-analyses + association analysis + combined
,0.76,0.04,rs11218343,11.0,121435587.0,T/C,,"stage 1 discovery ( n /thinspace = /thinspace63,926).P","stage 1 discovery ( n /thinspace = /thinspace63,926).95%Ci",uk biobank + adgc + international genomics of alzheimers project + eadi + ld hub + databasestudy + geradperades + igap + charge,Caucasian + Multi-ethnic + Caribbean Hispanic + African American + Asian,Stage 2 + Discovery + Joint-analysis + Replication + Meta-analysis + Validation + Stage 3 + Stage 1,"1,000 genomes + pre-phasing + pre-analysis quality control + machminimac + shapeitimpute2 + thousands of genomes + 1,000 genomes project + imputation + phasing",genotyping + sequencing,multiple sclerosis + complex traits + cognitive decline + apoptosis + pittsburgh compound b,race + tsi + ceu + ibs + fin + gbr + ethnic + ancestry + non-european + european ancestry,discovery + meta-analysis + stage + summary statistics + meta-analyses + association analysis
,0.76,0.04,rs11218343,11.0,121435587.0,T/C,,"stage 2 ( n /thinspace = /thinspace18,845).P","stage 1 discovery ( n /thinspace = /thinspace63,926).95%Ci",uk biobank + adgc + international genomics of alzheimers project + eadi + ld hub + geradperades + databasestudy + igap + charge,Caucasian + Multi-ethnic + Caribbean Hispanic + African American + Asian,Stage 2 + Discovery + Joint-analysis + Replication + Meta-analysis + Validation + Stage 3 + Stage 1,"1,000 genomes + pre-phasing + pre-analysis quality control + machminimac + shapeitimpute2 + thousands of genomes + 1,000 genomes project + imputation + phasing",genotyping + sequencing,multiple sclerosis + complex traits + cognitive decline + apoptosis + pittsburgh compound b,race + tsi + ceu + ibs + fin + gbr + ethnic + ancestry + non-european + european ancestry,discovery + meta-analysis + stage + summary statistics + meta-analyses + association analysis + combined
,0.76,0.04,rs11218343,11.0,121435587.0,T/C,,"Overall stage 1/thinspace + /thinspacestage 2 ( n /thinspace = /thinspace82,771).Meta P","stage 1 discovery ( n /thinspace = /thinspace63,926).95%Ci",uk biobank + adgc + international genomics of alzheimers project + eadi + ld hub + geradperades + databasestudy + igap + charge,Caucasian + Multi-ethnic + Caribbean Hispanic + African American + Asian,Stage 2 + Discovery + Joint-analysis + Replication + Meta-analysis + Validation + Stage 3 + Stage 1,"1,000 genomes + pre-phasing + pre-analysis quality control + machminimac + shapeitimpute2 + thousands of genomes + 1,000 genomes project + imputation + phasing",genotyping + sequencing,multiple sclerosis + complex traits + cognitive decline + apoptosis + pittsburgh compound b,race + tsi + ceu + ibs + fin + gbr + ethnic + ancestry + non-european + european ancestry,discovery + meta + meta-analysis + stage + summary statistics + meta-analyses + association analysis + combined
,0.76,0.04,rs11218343,11.0,121435587.0,T/C,,"Overall stage 1/thinspace + /thinspacestage 2 ( n /thinspace = /thinspace82,771).I 2 (%), P","stage 1 discovery ( n /thinspace = /thinspace63,926).95%Ci",uk biobank + adgc + international genomics of alzheimers project + eadi + ld hub + geradperades + databasestudy + igap + charge,Caucasian + Multi-ethnic + Caribbean Hispanic + African American + Asian,Stage 2 + Discovery + Joint-analysis + Replication + Meta-analysis + Validation + Stage 3 + Stage 1,"1,000 genomes + pre-phasing + pre-analysis quality control + machminimac + shapeitimpute2 + thousands of genomes + 1,000 genomes project + imputation + phasing",genotyping + sequencing,multiple sclerosis + complex traits + cognitive decline + apoptosis + pittsburgh compound b,race + tsi + ceu + ibs + fin + gbr + ethnic + ancestry + non-european + european ancestry,discovery + meta-analysis + stage + summary statistics + meta-analyses + association analysis + combined
,1.08,0.093,rs17125924,14.0,53391680.0,A/G,,"stage 1 discovery ( n /thinspace = /thinspace63,926).P","stage 1 discovery ( n /thinspace = /thinspace63,926).95%Ci",uk biobank + adgc + international genomics of alzheimers project + eadi + ld hub + databasestudy + geradperades + igap + charge,Caucasian + Multi-ethnic + Caribbean Hispanic + African American + Asian,Stage 2 + Discovery + Joint-analysis + Replication + Meta-analysis + Validation + Stage 3 + Stage 1,"1,000 genomes + pre-phasing + pre-analysis quality control + machminimac + shapeitimpute2 + thousands of genomes + 1,000 genomes project + imputation + phasing",genotyping + sequencing,multiple sclerosis + complex traits + cognitive decline + apoptosis + pittsburgh compound b,race + tsi + ceu + ibs + fin + gbr + ethnic + ancestry + non-european + european ancestry,discovery + meta-analysis + stage + summary statistics + meta-analyses + association analysis
,1.08,0.093,rs17125924,14.0,53391680.0,A/G,,"stage 2 ( n /thinspace = /thinspace18,845).P","stage 1 discovery ( n /thinspace = /thinspace63,926).95%Ci",uk biobank + adgc + international genomics of alzheimers project + eadi + ld hub + geradperades + databasestudy + igap + charge,Caucasian + Multi-ethnic + Caribbean Hispanic + African American + Asian,Stage 2 + Discovery + Joint-analysis + Replication + Meta-analysis + Validation + Stage 3 + Stage 1,"1,000 genomes + pre-phasing + pre-analysis quality control + machminimac + shapeitimpute2 + thousands of genomes + 1,000 genomes project + imputation + phasing",genotyping + sequencing,multiple sclerosis + complex traits + cognitive decline + apoptosis + pittsburgh compound b,race + tsi + ceu + ibs + fin + gbr + ethnic + ancestry + non-european + european ancestry,discovery + meta-analysis + stage + summary statistics + meta-analyses + association analysis + combined
,1.08,0.093,rs17125924,14.0,53391680.0,A/G,,"Overall stage 1/thinspace + /thinspacestage 2 ( n /thinspace = /thinspace82,771).Meta P","stage 1 discovery ( n /thinspace = /thinspace63,926).95%Ci",uk biobank + adgc + international genomics of alzheimers project + eadi + ld hub + geradperades + databasestudy + igap + charge,Caucasian + Multi-ethnic + Caribbean Hispanic + African American + Asian,Stage 2 + Discovery + Joint-analysis + Replication + Meta-analysis + Validation + Stage 3 + Stage 1,"1,000 genomes + pre-phasing + pre-analysis quality control + machminimac + shapeitimpute2 + thousands of genomes + 1,000 genomes project + imputation + phasing",genotyping + sequencing,multiple sclerosis + complex traits + cognitive decline + apoptosis + pittsburgh compound b,race + tsi + ceu + ibs + fin + gbr + ethnic + ancestry + non-european + european ancestry,discovery + meta + meta-analysis + stage + summary statistics + meta-analyses + association analysis + combined
,1.08,0.093,rs17125924,14.0,53391680.0,A/G,,"Overall stage 1/thinspace + /thinspacestage 2 ( n /thinspace = /thinspace82,771).I 2 (%), P","stage 1 discovery ( n /thinspace = /thinspace63,926).95%Ci",uk biobank + adgc + international genomics of alzheimers project + eadi + ld hub + geradperades + databasestudy + igap + charge,Caucasian + Multi-ethnic + Caribbean Hispanic + African American + Asian,Stage 2 + Discovery + Joint-analysis + Replication + Meta-analysis + Validation + Stage 3 + Stage 1,"1,000 genomes + pre-phasing + pre-analysis quality control + machminimac + shapeitimpute2 + thousands of genomes + 1,000 genomes project + imputation + phasing",genotyping + sequencing,multiple sclerosis + complex traits + cognitive decline + apoptosis + pittsburgh compound b,race + tsi + ceu + ibs + fin + gbr + ethnic + ancestry + non-european + european ancestry,discovery + meta-analysis + stage + summary statistics + meta-analyses + association analysis + combined
,0.88,0.221,rs12881735,14.0,92932828.0,T/C,,"stage 1 discovery ( n /thinspace = /thinspace63,926).P","stage 1 discovery ( n /thinspace = /thinspace63,926).95%Ci",uk biobank + adgc + international genomics of alzheimers project + eadi + ld hub + databasestudy + geradperades + igap + charge,Caucasian + Multi-ethnic + Caribbean Hispanic + African American + Asian,Stage 2 + Discovery + Joint-analysis + Replication + Meta-analysis + Validation + Stage 3 + Stage 1,"1,000 genomes + pre-phasing + pre-analysis quality control + machminimac + shapeitimpute2 + thousands of genomes + 1,000 genomes project + imputation + phasing",genotyping + sequencing,multiple sclerosis + complex traits + cognitive decline + apoptosis + pittsburgh compound b,race + tsi + ceu + ibs + fin + gbr + ethnic + ancestry + non-european + european ancestry,discovery + meta-analysis + stage + summary statistics + meta-analyses + association analysis
,0.88,0.221,rs12881735,14.0,92932828.0,T/C,,"stage 2 ( n /thinspace = /thinspace18,845).P","stage 1 discovery ( n /thinspace = /thinspace63,926).95%Ci",uk biobank + adgc + international genomics of alzheimers project + eadi + ld hub + geradperades + databasestudy + igap + charge,Caucasian + Multi-ethnic + Caribbean Hispanic + African American + Asian,Stage 2 + Discovery + Joint-analysis + Replication + Meta-analysis + Validation + Stage 3 + Stage 1,"1,000 genomes + pre-phasing + pre-analysis quality control + machminimac + shapeitimpute2 + thousands of genomes + 1,000 genomes project + imputation + phasing",genotyping + sequencing,multiple sclerosis + complex traits + cognitive decline + apoptosis + pittsburgh compound b,race + tsi + ceu + ibs + fin + gbr + ethnic + ancestry + non-european + european ancestry,discovery + meta-analysis + stage + summary statistics + meta-analyses + association analysis + combined
7.4e-09,0.88,0.221,rs12881735,14.0,92932828.0,T/C,,"Overall stage 1/thinspace + /thinspacestage 2 ( n /thinspace = /thinspace82,771).Meta P","stage 1 discovery ( n /thinspace = /thinspace63,926).95%Ci",uk biobank + adgc + international genomics of alzheimers project + eadi + ld hub + geradperades + databasestudy + igap + charge,Caucasian + Multi-ethnic + Caribbean Hispanic + African American + Asian,Stage 2 + Discovery + Joint-analysis + Replication + Meta-analysis + Validation + Stage 3 + Stage 1,"1,000 genomes + pre-phasing + pre-analysis quality control + machminimac + shapeitimpute2 + thousands of genomes + 1,000 genomes project + imputation + phasing",genotyping + sequencing,multiple sclerosis + complex traits + cognitive decline + apoptosis + pittsburgh compound b,race + tsi + ceu + ibs + fin + gbr + ethnic + ancestry + non-european + european ancestry,discovery + meta + meta-analysis + stage + summary statistics + meta-analyses + association analysis + combined
,0.88,0.221,rs12881735,14.0,92932828.0,T/C,,"Overall stage 1/thinspace + /thinspacestage 2 ( n /thinspace = /thinspace82,771).I 2 (%), P","stage 1 discovery ( n /thinspace = /thinspace63,926).95%Ci",uk biobank + adgc + international genomics of alzheimers project + eadi + ld hub + geradperades + databasestudy + igap + charge,Caucasian + Multi-ethnic + Caribbean Hispanic + African American + Asian,Stage 2 + Discovery + Joint-analysis + Replication + Meta-analysis + Validation + Stage 3 + Stage 1,"1,000 genomes + pre-phasing + pre-analysis quality control + machminimac + shapeitimpute2 + thousands of genomes + 1,000 genomes project + imputation + phasing",genotyping + sequencing,multiple sclerosis + complex traits + cognitive decline + apoptosis + pittsburgh compound b,race + tsi + ceu + ibs + fin + gbr + ethnic + ancestry + non-european + european ancestry,discovery + meta-analysis + stage + summary statistics + meta-analyses + association analysis + combined
,1.09,0.182,rs3752246,19.0,1056492.0,C/G,,"stage 1 discovery ( n /thinspace = /thinspace63,926).P","stage 1 discovery ( n /thinspace = /thinspace63,926).95%Ci",uk biobank + adgc + international genomics of alzheimers project + eadi + ld hub + databasestudy + geradperades + igap + charge,Caucasian + Multi-ethnic + Caribbean Hispanic + African American + Asian,Stage 2 + Discovery + Joint-analysis + Replication + Meta-analysis + Validation + Stage 3 + Stage 1,"1,000 genomes + pre-phasing + pre-analysis quality control + machminimac + shapeitimpute2 + thousands of genomes + 1,000 genomes project + imputation + phasing",genotyping + sequencing,multiple sclerosis + complex traits + cognitive decline + apoptosis + pittsburgh compound b,race + tsi + ceu + ibs + fin + gbr + ethnic + ancestry + non-european + european ancestry,discovery + meta-analysis + stage + summary statistics + meta-analyses + association analysis
,1.09,0.182,rs3752246,19.0,1056492.0,C/G,,"stage 2 ( n /thinspace = /thinspace18,845).P","stage 1 discovery ( n /thinspace = /thinspace63,926).95%Ci",uk biobank + adgc + international genomics of alzheimers project + eadi + ld hub + geradperades + databasestudy + igap + charge,Caucasian + Multi-ethnic + Caribbean Hispanic + African American + Asian,Stage 2 + Discovery + Joint-analysis + Replication + Meta-analysis + Validation + Stage 3 + Stage 1,"1,000 genomes + pre-phasing + pre-analysis quality control + machminimac + shapeitimpute2 + thousands of genomes + 1,000 genomes project + imputation + phasing",genotyping + sequencing,multiple sclerosis + complex traits + cognitive decline + apoptosis + pittsburgh compound b,race + tsi + ceu + ibs + fin + gbr + ethnic + ancestry + non-european + european ancestry,discovery + meta-analysis + stage + summary statistics + meta-analyses + association analysis + combined
,1.09,0.182,rs3752246,19.0,1056492.0,C/G,,"Overall stage 1/thinspace + /thinspacestage 2 ( n /thinspace = /thinspace82,771).Meta P","stage 1 discovery ( n /thinspace = /thinspace63,926).95%Ci",uk biobank + adgc + international genomics of alzheimers project + eadi + ld hub + geradperades + databasestudy + igap + charge,Caucasian + Multi-ethnic + Caribbean Hispanic + African American + Asian,Stage 2 + Discovery + Joint-analysis + Replication + Meta-analysis + Validation + Stage 3 + Stage 1,"1,000 genomes + pre-phasing + pre-analysis quality control + machminimac + shapeitimpute2 + thousands of genomes + 1,000 genomes project + imputation + phasing",genotyping + sequencing,multiple sclerosis + complex traits + cognitive decline + apoptosis + pittsburgh compound b,race + tsi + ceu + ibs + fin + gbr + ethnic + ancestry + non-european + european ancestry,discovery + meta + meta-analysis + stage + summary statistics + meta-analyses + association analysis + combined
,1.09,0.182,rs3752246,19.0,1056492.0,C/G,,"Overall stage 1/thinspace + /thinspacestage 2 ( n /thinspace = /thinspace82,771).I 2 (%), P","stage 1 discovery ( n /thinspace = /thinspace63,926).95%Ci",uk biobank + adgc + international genomics of alzheimers project + eadi + ld hub + geradperades + databasestudy + igap + charge,Caucasian + Multi-ethnic + Caribbean Hispanic + African American + Asian,Stage 2 + Discovery + Joint-analysis + Replication + Meta-analysis + Validation + Stage 3 + Stage 1,"1,000 genomes + pre-phasing + pre-analysis quality control + machminimac + shapeitimpute2 + thousands of genomes + 1,000 genomes project + imputation + phasing",genotyping + sequencing,multiple sclerosis + complex traits + cognitive decline + apoptosis + pittsburgh compound b,race + tsi + ceu + ibs + fin + gbr + ethnic + ancestry + non-european + european ancestry,discovery + meta-analysis + stage + summary statistics + meta-analyses + association analysis + combined
,3.2,0.216,rs429358,19.0,45411941.0,T/C,,"stage 1 discovery ( n /thinspace = /thinspace63,926).P","stage 1 discovery ( n /thinspace = /thinspace63,926).95%Ci",uk biobank + adgc + international genomics of alzheimers project + eadi + ld hub + databasestudy + geradperades + igap + charge,Caucasian + Multi-ethnic + Caribbean Hispanic + African American + Asian,Stage 2 + Discovery + Joint-analysis + Replication + Meta-analysis + Validation + Stage 3 + Stage 1,"1,000 genomes + pre-phasing + pre-analysis quality control + machminimac + shapeitimpute2 + thousands of genomes + 1,000 genomes project + imputation + phasing",genotyping + sequencing,multiple sclerosis + complex traits + cognitive decline + apoptosis + pittsburgh compound b,race + tsi + ceu + ibs + fin + gbr + ethnic + ancestry + non-european + european ancestry,discovery + meta-analysis + stage + summary statistics + meta-analyses + association analysis
,3.2,0.216,rs429358,19.0,45411941.0,T/C,,"stage 2 ( n /thinspace = /thinspace18,845).P","stage 1 discovery ( n /thinspace = /thinspace63,926).95%Ci",uk biobank + adgc + international genomics of alzheimers project + eadi + ld hub + geradperades + databasestudy + igap + charge,Caucasian + Multi-ethnic + Caribbean Hispanic + African American + Asian,Stage 2 + Discovery + Joint-analysis + Replication + Meta-analysis + Validation + Stage 3 + Stage 1,"1,000 genomes + pre-phasing + pre-analysis quality control + machminimac + shapeitimpute2 + thousands of genomes + 1,000 genomes project + imputation + phasing",genotyping + sequencing,multiple sclerosis + complex traits + cognitive decline + apoptosis + pittsburgh compound b,race + tsi + ceu + ibs + fin + gbr + ethnic + ancestry + non-european + european ancestry,discovery + meta-analysis + stage + summary statistics + meta-analyses + association analysis + combined
,3.2,0.216,rs429358,19.0,45411941.0,T/C,,"Overall stage 1/thinspace + /thinspacestage 2 ( n /thinspace = /thinspace82,771).Meta P","stage 1 discovery ( n /thinspace = /thinspace63,926).95%Ci",uk biobank + adgc + international genomics of alzheimers project + eadi + ld hub + geradperades + databasestudy + igap + charge,Caucasian + Multi-ethnic + Caribbean Hispanic + African American + Asian,Stage 2 + Discovery + Joint-analysis + Replication + Meta-analysis + Validation + Stage 3 + Stage 1,"1,000 genomes + pre-phasing + pre-analysis quality control + machminimac + shapeitimpute2 + thousands of genomes + 1,000 genomes project + imputation + phasing",genotyping + sequencing,multiple sclerosis + complex traits + cognitive decline + apoptosis + pittsburgh compound b,race + tsi + ceu + ibs + fin + gbr + ethnic + ancestry + non-european + european ancestry,discovery + meta + meta-analysis + stage + summary statistics + meta-analyses + association analysis + combined
,3.2,0.216,rs429358,19.0,45411941.0,T/C,,"Overall stage 1/thinspace + /thinspacestage 2 ( n /thinspace = /thinspace82,771).I 2 (%), P","stage 1 discovery ( n /thinspace = /thinspace63,926).95%Ci",uk biobank + adgc + international genomics of alzheimers project + eadi + ld hub + geradperades + databasestudy + igap + charge,Caucasian + Multi-ethnic + Caribbean Hispanic + African American + Asian,Stage 2 + Discovery + Joint-analysis + Replication + Meta-analysis + Validation + Stage 3 + Stage 1,"1,000 genomes + pre-phasing + pre-analysis quality control + machminimac + shapeitimpute2 + thousands of genomes + 1,000 genomes project + imputation + phasing",genotyping + sequencing,multiple sclerosis + complex traits + cognitive decline + apoptosis + pittsburgh compound b,race + tsi + ceu + ibs + fin + gbr + ethnic + ancestry + non-european + european ancestry,discovery + meta-analysis + stage + summary statistics + meta-analyses + association analysis + combined
,0.84,0.088,rs6024870,20.0,54997568.0,G/A,,"stage 1 discovery ( n /thinspace = /thinspace63,926).P","stage 1 discovery ( n /thinspace = /thinspace63,926).95%Ci",uk biobank + adgc + international genomics of alzheimers project + eadi + ld hub + databasestudy + geradperades + igap + charge,Caucasian + Multi-ethnic + Caribbean Hispanic + African American + Asian,Stage 2 + Discovery + Joint-analysis + Replication + Meta-analysis + Validation + Stage 3 + Stage 1,"1,000 genomes + pre-phasing + pre-analysis quality control + machminimac + shapeitimpute2 + thousands of genomes + 1,000 genomes project + imputation + phasing",genotyping + sequencing,multiple sclerosis + complex traits + cognitive decline + apoptosis + pittsburgh compound b,race + tsi + ceu + ibs + fin + gbr + ethnic + ancestry + non-european + european ancestry,discovery + meta-analysis + stage + summary statistics + meta-analyses + association analysis
,0.84,0.088,rs6024870,20.0,54997568.0,G/A,,"stage 2 ( n /thinspace = /thinspace18,845).P","stage 1 discovery ( n /thinspace = /thinspace63,926).95%Ci",uk biobank + adgc + international genomics of alzheimers project + eadi + ld hub + geradperades + databasestudy + igap + charge,Caucasian + Multi-ethnic + Caribbean Hispanic + African American + Asian,Stage 2 + Discovery + Joint-analysis + Replication + Meta-analysis + Validation + Stage 3 + Stage 1,"1,000 genomes + pre-phasing + pre-analysis quality control + machminimac + shapeitimpute2 + thousands of genomes + 1,000 genomes project + imputation + phasing",genotyping + sequencing,multiple sclerosis + complex traits + cognitive decline + apoptosis + pittsburgh compound b,race + tsi + ceu + ibs + fin + gbr + ethnic + ancestry + non-european + european ancestry,discovery + meta-analysis + stage + summary statistics + meta-analyses + association analysis + combined
,0.84,0.088,rs6024870,20.0,54997568.0,G/A,,"Overall stage 1/thinspace + /thinspacestage 2 ( n /thinspace = /thinspace82,771).Meta P","stage 1 discovery ( n /thinspace = /thinspace63,926).95%Ci",uk biobank + adgc + international genomics of alzheimers project + eadi + ld hub + geradperades + databasestudy + igap + charge,Caucasian + Multi-ethnic + Caribbean Hispanic + African American + Asian,Stage 2 + Discovery + Joint-analysis + Replication + Meta-analysis + Validation + Stage 3 + Stage 1,"1,000 genomes + pre-phasing + pre-analysis quality control + machminimac + shapeitimpute2 + thousands of genomes + 1,000 genomes project + imputation + phasing",genotyping + sequencing,multiple sclerosis + complex traits + cognitive decline + apoptosis + pittsburgh compound b,race + tsi + ceu + ibs + fin + gbr + ethnic + ancestry + non-european + european ancestry,discovery + meta + meta-analysis + stage + summary statistics + meta-analyses + association analysis + combined
,0.84,0.088,rs6024870,20.0,54997568.0,G/A,,"Overall stage 1/thinspace + /thinspacestage 2 ( n /thinspace = /thinspace82,771).I 2 (%), P","stage 1 discovery ( n /thinspace = /thinspace63,926).95%Ci",uk biobank + adgc + international genomics of alzheimers project + eadi + ld hub + geradperades + databasestudy + igap + charge,Caucasian + Multi-ethnic + Caribbean Hispanic + African American + Asian,Stage 2 + Discovery + Joint-analysis + Replication + Meta-analysis + Validation + Stage 3 + Stage 1,"1,000 genomes + pre-phasing + pre-analysis quality control + machminimac + shapeitimpute2 + thousands of genomes + 1,000 genomes project + imputation + phasing",genotyping + sequencing,multiple sclerosis + complex traits + cognitive decline + apoptosis + pittsburgh compound b,race + tsi + ceu + ibs + fin + gbr + ethnic + ancestry + non-european + european ancestry,discovery + meta-analysis + stage + summary statistics + meta-analyses + association analysis + combined
,1.05,0.389,rs7920721,10.0,11720308.0,A/G,,"stage 1 discovery ( n /thinspace = /thinspace63,926).P","stage 1 discovery ( n /thinspace = /thinspace63,926).95%Ci",uk biobank + adgc + international genomics of alzheimers project + eadi + ld hub + databasestudy + geradperades + igap + charge,Caucasian + Multi-ethnic + Caribbean Hispanic + African American + Asian,Stage 2 + Discovery + Joint-analysis + Replication + Meta-analysis + Validation + Stage 3 + Stage 1,"1,000 genomes + pre-phasing + pre-analysis quality control + machminimac + shapeitimpute2 + thousands of genomes + 1,000 genomes project + imputation + phasing",genotyping + sequencing,multiple sclerosis + complex traits + cognitive decline + apoptosis + pittsburgh compound b,race + tsi + ceu + ibs + fin + gbr + ethnic + ancestry + non-european + european ancestry,discovery + meta-analysis + stage + summary statistics + meta-analyses + association analysis
,1.05,0.389,rs7920721,10.0,11720308.0,A/G,,"stage 2 ( n /thinspace = /thinspace18,845).P","stage 1 discovery ( n /thinspace = /thinspace63,926).95%Ci",uk biobank + adgc + international genomics of alzheimers project + eadi + ld hub + geradperades + databasestudy + igap + charge,Caucasian + Multi-ethnic + Caribbean Hispanic + African American + Asian,Stage 2 + Discovery + Joint-analysis + Replication + Meta-analysis + Validation + Stage 3 + Stage 1,"1,000 genomes + pre-phasing + pre-analysis quality control + machminimac + shapeitimpute2 + thousands of genomes + 1,000 genomes project + imputation + phasing",genotyping + sequencing,multiple sclerosis + complex traits + cognitive decline + apoptosis + pittsburgh compound b,race + tsi + ceu + ibs + fin + gbr + ethnic + ancestry + non-european + european ancestry,discovery + meta-analysis + stage + summary statistics + meta-analyses + association analysis + combined
,1.05,0.389,rs7920721,10.0,11720308.0,A/G,,"Overall stage 1/thinspace + /thinspacestage 2 ( n /thinspace = /thinspace82,771).Meta P","stage 1 discovery ( n /thinspace = /thinspace63,926).95%Ci",uk biobank + adgc + international genomics of alzheimers project + eadi + ld hub + geradperades + databasestudy + igap + charge,Caucasian + Multi-ethnic + Caribbean Hispanic + African American + Asian,Stage 2 + Discovery + Joint-analysis + Replication + Meta-analysis + Validation + Stage 3 + Stage 1,"1,000 genomes + pre-phasing + pre-analysis quality control + machminimac + shapeitimpute2 + thousands of genomes + 1,000 genomes project + imputation + phasing",genotyping + sequencing,multiple sclerosis + complex traits + cognitive decline + apoptosis + pittsburgh compound b,race + tsi + ceu + ibs + fin + gbr + ethnic + ancestry + non-european + european ancestry,discovery + meta + meta-analysis + stage + summary statistics + meta-analyses + association analysis + combined
,1.05,0.389,rs7920721,10.0,11720308.0,A/G,,"Overall stage 1/thinspace + /thinspacestage 2 ( n /thinspace = /thinspace82,771).I 2 (%), P","stage 1 discovery ( n /thinspace = /thinspace63,926).95%Ci",uk biobank + adgc + international genomics of alzheimers project + eadi + ld hub + geradperades + databasestudy + igap + charge,Caucasian + Multi-ethnic + Caribbean Hispanic + African American + Asian,Stage 2 + Discovery + Joint-analysis + Replication + Meta-analysis + Validation + Stage 3 + Stage 1,"1,000 genomes + pre-phasing + pre-analysis quality control + machminimac + shapeitimpute2 + thousands of genomes + 1,000 genomes project + imputation + phasing",genotyping + sequencing,multiple sclerosis + complex traits + cognitive decline + apoptosis + pittsburgh compound b,race + tsi + ceu + ibs + fin + gbr + ethnic + ancestry + non-european + european ancestry,discovery + meta-analysis + stage + summary statistics + meta-analyses + association analysis + combined
,1.15,0.02,rs138190086,17.0,61538148.0,G/A,,"stage 1 discovery ( n /thinspace = /thinspace63,926).P","stage 1 discovery ( n /thinspace = /thinspace63,926).95%Ci",uk biobank + adgc + international genomics of alzheimers project + eadi + ld hub + databasestudy + geradperades + igap + charge,Caucasian + Multi-ethnic + Caribbean Hispanic + African American + Asian,Stage 2 + Discovery + Joint-analysis + Replication + Meta-analysis + Validation + Stage 3 + Stage 1,"1,000 genomes + pre-phasing + pre-analysis quality control + machminimac + shapeitimpute2 + thousands of genomes + 1,000 genomes project + imputation + phasing",genotyping + sequencing,multiple sclerosis + complex traits + cognitive decline + apoptosis + pittsburgh compound b,race + tsi + ceu + ibs + fin + gbr + ethnic + ancestry + non-european + european ancestry,discovery + meta-analysis + stage + summary statistics + meta-analyses + association analysis
,1.15,0.02,rs138190086,17.0,61538148.0,G/A,,"stage 2 ( n /thinspace = /thinspace18,845).P","stage 1 discovery ( n /thinspace = /thinspace63,926).95%Ci",uk biobank + adgc + international genomics of alzheimers project + eadi + ld hub + geradperades + databasestudy + igap + charge,Caucasian + Multi-ethnic + Caribbean Hispanic + African American + Asian,Stage 2 + Discovery + Joint-analysis + Replication + Meta-analysis + Validation + Stage 3 + Stage 1,"1,000 genomes + pre-phasing + pre-analysis quality control + machminimac + shapeitimpute2 + thousands of genomes + 1,000 genomes project + imputation + phasing",genotyping + sequencing,multiple sclerosis + complex traits + cognitive decline + apoptosis + pittsburgh compound b,race + tsi + ceu + ibs + fin + gbr + ethnic + ancestry + non-european + european ancestry,discovery + meta-analysis + stage + summary statistics + meta-analyses + association analysis + combined
,1.15,0.02,rs138190086,17.0,61538148.0,G/A,,"Overall stage 1/thinspace + /thinspacestage 2 ( n /thinspace = /thinspace82,771).Meta P","stage 1 discovery ( n /thinspace = /thinspace63,926).95%Ci",uk biobank + adgc + international genomics of alzheimers project + eadi + ld hub + geradperades + databasestudy + igap + charge,Caucasian + Multi-ethnic + Caribbean Hispanic + African American + Asian,Stage 2 + Discovery + Joint-analysis + Replication + Meta-analysis + Validation + Stage 3 + Stage 1,"1,000 genomes + pre-phasing + pre-analysis quality control + machminimac + shapeitimpute2 + thousands of genomes + 1,000 genomes project + imputation + phasing",genotyping + sequencing,multiple sclerosis + complex traits + cognitive decline + apoptosis + pittsburgh compound b,race + tsi + ceu + ibs + fin + gbr + ethnic + ancestry + non-european + european ancestry,discovery + meta + meta-analysis + stage + summary statistics + meta-analyses + association analysis + combined
,1.15,0.02,rs138190086,17.0,61538148.0,G/A,,"Overall stage 1/thinspace + /thinspacestage 2 ( n /thinspace = /thinspace82,771).I 2 (%), P","stage 1 discovery ( n /thinspace = /thinspace63,926).95%Ci",uk biobank + adgc + international genomics of alzheimers project + eadi + ld hub + geradperades + databasestudy + igap + charge,Caucasian + Multi-ethnic + Caribbean Hispanic + African American + Asian,Stage 2 + Discovery + Joint-analysis + Replication + Meta-analysis + Validation + Stage 3 + Stage 1,"1,000 genomes + pre-phasing + pre-analysis quality control + machminimac + shapeitimpute2 + thousands of genomes + 1,000 genomes project + imputation + phasing",genotyping + sequencing,multiple sclerosis + complex traits + cognitive decline + apoptosis + pittsburgh compound b,race + tsi + ceu + ibs + fin + gbr + ethnic + ancestry + non-european + european ancestry,discovery + meta-analysis + stage + summary statistics + meta-analyses + association analysis + combined
,0.92,0.39,rs190982,5.0,88223420.0,A/G,,"stage 1 discovery ( n /thinspace = /thinspace63,926).P","stage 1 discovery ( n /thinspace = /thinspace63,926).95%Ci",uk biobank + adgc + international genomics of alzheimers project + eadi + ld hub + databasestudy + geradperades + igap + charge,Caucasian + Multi-ethnic + Caribbean Hispanic + African American + Asian,Stage 2 + Discovery + Joint-analysis + Replication + Meta-analysis + Validation + Stage 3 + Stage 1,"1,000 genomes + pre-phasing + pre-analysis quality control + machminimac + shapeitimpute2 + thousands of genomes + 1,000 genomes project + imputation + phasing",genotyping + sequencing,multiple sclerosis + complex traits + cognitive decline + apoptosis + pittsburgh compound b,race + tsi + ceu + ibs + fin + gbr + ethnic + ancestry + non-european + european ancestry,discovery + meta-analysis + stage + summary statistics + meta-analyses + association analysis
,0.92,0.39,rs190982,5.0,88223420.0,A/G,,"stage 2 ( n /thinspace = /thinspace18,845).P","stage 1 discovery ( n /thinspace = /thinspace63,926).95%Ci",uk biobank + adgc + international genomics of alzheimers project + eadi + ld hub + geradperades + databasestudy + igap + charge,Caucasian + Multi-ethnic + Caribbean Hispanic + African American + Asian,Stage 2 + Discovery + Joint-analysis + Replication + Meta-analysis + Validation + Stage 3 + Stage 1,"1,000 genomes + pre-phasing + pre-analysis quality control + machminimac + shapeitimpute2 + thousands of genomes + 1,000 genomes project + imputation + phasing",genotyping + sequencing,multiple sclerosis + complex traits + cognitive decline + apoptosis + pittsburgh compound b,race + tsi + ceu + ibs + fin + gbr + ethnic + ancestry + non-european + european ancestry,discovery + meta-analysis + stage + summary statistics + meta-analyses + association analysis + combined
,0.92,0.39,rs190982,5.0,88223420.0,A/G,,"Overall stage 1/thinspace + /thinspacestage 2 ( n /thinspace = /thinspace82,771).Meta P","stage 1 discovery ( n /thinspace = /thinspace63,926).95%Ci",uk biobank + adgc + international genomics of alzheimers project + eadi + ld hub + geradperades + databasestudy + igap + charge,Caucasian + Multi-ethnic + Caribbean Hispanic + African American + Asian,Stage 2 + Discovery + Joint-analysis + Replication + Meta-analysis + Validation + Stage 3 + Stage 1,"1,000 genomes + pre-phasing + pre-analysis quality control + machminimac + shapeitimpute2 + thousands of genomes + 1,000 genomes project + imputation + phasing",genotyping + sequencing,multiple sclerosis + complex traits + cognitive decline + apoptosis + pittsburgh compound b,race + tsi + ceu + ibs + fin + gbr + ethnic + ancestry + non-european + european ancestry,discovery + meta + meta-analysis + stage + summary statistics + meta-analyses + association analysis + combined
,0.92,0.39,rs190982,5.0,88223420.0,A/G,,"Overall stage 1/thinspace + /thinspacestage 2 ( n /thinspace = /thinspace82,771).I 2 (%), P","stage 1 discovery ( n /thinspace = /thinspace63,926).95%Ci",uk biobank + adgc + international genomics of alzheimers project + eadi + ld hub + geradperades + databasestudy + igap + charge,Caucasian + Multi-ethnic + Caribbean Hispanic + African American + Asian,Stage 2 + Discovery + Joint-analysis + Replication + Meta-analysis + Validation + Stage 3 + Stage 1,"1,000 genomes + pre-phasing + pre-analysis quality control + machminimac + shapeitimpute2 + thousands of genomes + 1,000 genomes project + imputation + phasing",genotyping + sequencing,multiple sclerosis + complex traits + cognitive decline + apoptosis + pittsburgh compound b,race + tsi + ceu + ibs + fin + gbr + ethnic + ancestry + non-european + european ancestry,discovery + meta-analysis + stage + summary statistics + meta-analyses + association analysis + combined
,0.92,0.356,rs4723711,7.0,37844263.0,A/T,,"stage 1 discovery ( n /thinspace = /thinspace63,926).P","stage 1 discovery ( n /thinspace = /thinspace63,926).95%Ci",uk biobank + adgc + international genomics of alzheimers project + eadi + ld hub + databasestudy + geradperades + igap + charge,Caucasian + Multi-ethnic + Caribbean Hispanic + African American + Asian,Stage 2 + Discovery + Joint-analysis + Replication + Meta-analysis + Validation + Stage 3 + Stage 1,"1,000 genomes + pre-phasing + pre-analysis quality control + machminimac + shapeitimpute2 + thousands of genomes + 1,000 genomes project + imputation + phasing",genotyping + sequencing,multiple sclerosis + complex traits + cognitive decline + apoptosis + pittsburgh compound b,race + tsi + ceu + ibs + fin + gbr + ethnic + ancestry + non-european + european ancestry,discovery + meta-analysis + stage + summary statistics + meta-analyses + association analysis
,0.92,0.356,rs4723711,7.0,37844263.0,A/T,,"stage 2 ( n /thinspace = /thinspace18,845).P","stage 1 discovery ( n /thinspace = /thinspace63,926).95%Ci",uk biobank + adgc + international genomics of alzheimers project + eadi + ld hub + geradperades + databasestudy + igap + charge,Caucasian + Multi-ethnic + Caribbean Hispanic + African American + Asian,Stage 2 + Discovery + Joint-analysis + Replication + Meta-analysis + Validation + Stage 3 + Stage 1,"1,000 genomes + pre-phasing + pre-analysis quality control + machminimac + shapeitimpute2 + thousands of genomes + 1,000 genomes project + imputation + phasing",genotyping + sequencing,multiple sclerosis + complex traits + cognitive decline + apoptosis + pittsburgh compound b,race + tsi + ceu + ibs + fin + gbr + ethnic + ancestry + non-european + european ancestry,discovery + meta-analysis + stage + summary statistics + meta-analyses + association analysis + combined
,0.92,0.356,rs4723711,7.0,37844263.0,A/T,,"Overall stage 1/thinspace + /thinspacestage 2 ( n /thinspace = /thinspace82,771).Meta P","stage 1 discovery ( n /thinspace = /thinspace63,926).95%Ci",uk biobank + adgc + international genomics of alzheimers project + eadi + ld hub + geradperades + databasestudy + igap + charge,Caucasian + Multi-ethnic + Caribbean Hispanic + African American + Asian,Stage 2 + Discovery + Joint-analysis + Replication + Meta-analysis + Validation + Stage 3 + Stage 1,"1,000 genomes + pre-phasing + pre-analysis quality control + machminimac + shapeitimpute2 + thousands of genomes + 1,000 genomes project + imputation + phasing",genotyping + sequencing,multiple sclerosis + complex traits + cognitive decline + apoptosis + pittsburgh compound b,race + tsi + ceu + ibs + fin + gbr + ethnic + ancestry + non-european + european ancestry,discovery + meta + meta-analysis + stage + summary statistics + meta-analyses + association analysis + combined
,0.92,0.356,rs4723711,7.0,37844263.0,A/T,,"Overall stage 1/thinspace + /thinspacestage 2 ( n /thinspace = /thinspace82,771).I 2 (%), P","stage 1 discovery ( n /thinspace = /thinspace63,926).95%Ci",uk biobank + adgc + international genomics of alzheimers project + eadi + ld hub + geradperades + databasestudy + igap + charge,Caucasian + Multi-ethnic + Caribbean Hispanic + African American + Asian,Stage 2 + Discovery + Joint-analysis + Replication + Meta-analysis + Validation + Stage 3 + Stage 1,"1,000 genomes + pre-phasing + pre-analysis quality control + machminimac + shapeitimpute2 + thousands of genomes + 1,000 genomes project + imputation + phasing",genotyping + sequencing,multiple sclerosis + complex traits + cognitive decline + apoptosis + pittsburgh compound b,race + tsi + ceu + ibs + fin + gbr + ethnic + ancestry + non-european + european ancestry,discovery + meta-analysis + stage + summary statistics + meta-analyses + association analysis + combined
,1.2,0.187,rs4844610,1.0,207802552.0,C/A,,"stage 1 discovery ( n /thinspace = /thinspace63,926).P","stage 2 ( n /thinspace = /thinspace18,845).OR",uk biobank + adgc + international genomics of alzheimers project + eadi + ld hub + databasestudy + geradperades + igap + charge,Caucasian + Multi-ethnic + Caribbean Hispanic + African American + Asian,Stage 2 + Discovery + Joint-analysis + Replication + Meta-analysis + Validation + Stage 3 + Stage 1,"1,000 genomes + pre-phasing + pre-analysis quality control + machminimac + shapeitimpute2 + thousands of genomes + 1,000 genomes project + imputation + phasing",genotyping + sequencing,multiple sclerosis + pittsburgh compound b + complex traits + apoptosis,race + tsi + ceu + ibs + fin + gbr + ethnic + ancestry + non-european + european ancestry,discovery + meta-analysis + stage + summary statistics + meta-analyses + association analysis + combined
,1.2,0.187,rs4844610,1.0,207802552.0,C/A,,"stage 2 ( n /thinspace = /thinspace18,845).P","stage 2 ( n /thinspace = /thinspace18,845).OR",uk biobank + adgc + international genomics of alzheimers project + eadi + ld hub + geradperades + databasestudy + igap + charge,Caucasian + Multi-ethnic + Caribbean Hispanic + African American + Asian,Stage 2 + Discovery + Joint-analysis + Replication + Meta-analysis + Validation + Stage 3 + Stage 1,"1,000 genomes + pre-phasing + pre-analysis quality control + machminimac + shapeitimpute2 + 1,000 genomes project + imputation + phasing",genotyping + sequencing,pittsburgh compound b + complex traits + apoptosis,race + tsi + ceu + ibs + fin + gbr + ethnic + ancestry + non-european + european ancestry,discovery + meta-analysis + stage + summary statistics + combined
,1.2,0.187,rs4844610,1.0,207802552.0,C/A,,"Overall stage 1/thinspace + /thinspacestage 2 ( n /thinspace = /thinspace82,771).Meta P","stage 2 ( n /thinspace = /thinspace18,845).OR",uk biobank + adgc + international genomics of alzheimers project + eadi + ld hub + geradperades + databasestudy + igap + charge,Caucasian + Multi-ethnic + Caribbean Hispanic + African American + Asian,Stage 2 + Discovery + Joint-analysis + Replication + Meta-analysis + Validation + Stage 3 + Stage 1,"1,000 genomes + pre-phasing + pre-analysis quality control + machminimac + shapeitimpute2 + 1,000 genomes project + imputation + phasing",genotyping + sequencing,pittsburgh compound b + apoptosis,race + tsi + ceu + ibs + fin + gbr + ethnic + ancestry + non-european + european ancestry,discovery + meta + meta-analysis + stage + summary statistics + meta-analyses + combined
,1.2,0.187,rs4844610,1.0,207802552.0,C/A,,"Overall stage 1/thinspace + /thinspacestage 2 ( n /thinspace = /thinspace82,771).I 2 (%), P","stage 2 ( n /thinspace = /thinspace18,845).OR",uk biobank + adgc + international genomics of alzheimers project + eadi + ld hub + geradperades + databasestudy + igap + charge,Caucasian + Multi-ethnic + Caribbean Hispanic + African American + Asian,Stage 2 + Discovery + Joint-analysis + Replication + Meta-analysis + Validation + Stage 3 + Stage 1,"1,000 genomes + pre-phasing + pre-analysis quality control + machminimac + shapeitimpute2 + 1,000 genomes project + imputation + phasing",genotyping + sequencing,pittsburgh compound b + apoptosis,race + tsi + ceu + ibs + fin + gbr + ethnic + ancestry + non-european + european ancestry,discovery + meta-analysis + stage + summary statistics + meta-analyses + combined
,1.23,0.407,rs6733839,2.0,127892810.0,C/T,,"stage 1 discovery ( n /thinspace = /thinspace63,926).P","stage 2 ( n /thinspace = /thinspace18,845).OR",uk biobank + adgc + international genomics of alzheimers project + eadi + ld hub + databasestudy + geradperades + igap + charge,Caucasian + Multi-ethnic + Caribbean Hispanic + African American + Asian,Stage 2 + Discovery + Joint-analysis + Replication + Meta-analysis + Validation + Stage 3 + Stage 1,"1,000 genomes + pre-phasing + pre-analysis quality control + machminimac + shapeitimpute2 + thousands of genomes + 1,000 genomes project + imputation + phasing",genotyping + sequencing,multiple sclerosis + pittsburgh compound b + complex traits + apoptosis,race + tsi + ceu + ibs + fin + gbr + ethnic + ancestry + non-european + european ancestry,discovery + meta-analysis + stage + summary statistics + meta-analyses + association analysis + combined
,1.23,0.407,rs6733839,2.0,127892810.0,C/T,,"stage 2 ( n /thinspace = /thinspace18,845).P","stage 2 ( n /thinspace = /thinspace18,845).OR",uk biobank + adgc + international genomics of alzheimers project + eadi + ld hub + geradperades + databasestudy + igap + charge,Caucasian + Multi-ethnic + Caribbean Hispanic + African American + Asian,Stage 2 + Discovery + Joint-analysis + Replication + Meta-analysis + Validation + Stage 3 + Stage 1,"1,000 genomes + pre-phasing + pre-analysis quality control + machminimac + shapeitimpute2 + 1,000 genomes project + imputation + phasing",genotyping + sequencing,pittsburgh compound b + complex traits + apoptosis,race + tsi + ceu + ibs + fin + gbr + ethnic + ancestry + non-european + european ancestry,discovery + meta-analysis + stage + summary statistics + combined
,1.23,0.407,rs6733839,2.0,127892810.0,C/T,,"Overall stage 1/thinspace + /thinspacestage 2 ( n /thinspace = /thinspace82,771).Meta P","stage 2 ( n /thinspace = /thinspace18,845).OR",uk biobank + adgc + international genomics of alzheimers project + eadi + ld hub + geradperades + databasestudy + igap + charge,Caucasian + Multi-ethnic + Caribbean Hispanic + African American + Asian,Stage 2 + Discovery + Joint-analysis + Replication + Meta-analysis + Validation + Stage 3 + Stage 1,"1,000 genomes + pre-phasing + pre-analysis quality control + machminimac + shapeitimpute2 + 1,000 genomes project + imputation + phasing",genotyping + sequencing,pittsburgh compound b + apoptosis,race + tsi + ceu + ibs + fin + gbr + ethnic + ancestry + non-european + european ancestry,discovery + meta + meta-analysis + stage + summary statistics + meta-analyses + combined
,1.23,0.407,rs6733839,2.0,127892810.0,C/T,,"Overall stage 1/thinspace + /thinspacestage 2 ( n /thinspace = /thinspace82,771).I 2 (%), P","stage 2 ( n /thinspace = /thinspace18,845).OR",uk biobank + adgc + international genomics of alzheimers project + eadi + ld hub + geradperades + databasestudy + igap + charge,Caucasian + Multi-ethnic + Caribbean Hispanic + African American + Asian,Stage 2 + Discovery + Joint-analysis + Replication + Meta-analysis + Validation + Stage 3 + Stage 1,"1,000 genomes + pre-phasing + pre-analysis quality control + machminimac + shapeitimpute2 + 1,000 genomes project + imputation + phasing",genotyping + sequencing,pittsburgh compound b + apoptosis,race + tsi + ceu + ibs + fin + gbr + ethnic + ancestry + non-european + european ancestry,discovery + meta-analysis + stage + summary statistics + meta-analyses + combined
,0.92,0.223,rs10933431,2.0,233981912.0,C/G,,"stage 1 discovery ( n /thinspace = /thinspace63,926).P","stage 2 ( n /thinspace = /thinspace18,845).OR",uk biobank + adgc + international genomics of alzheimers project + eadi + ld hub + databasestudy + geradperades + igap + charge,Caucasian + Multi-ethnic + Caribbean Hispanic + African American + Asian,Stage 2 + Discovery + Joint-analysis + Replication + Meta-analysis + Validation + Stage 3 + Stage 1,"1,000 genomes + pre-phasing + pre-analysis quality control + machminimac + shapeitimpute2 + thousands of genomes + 1,000 genomes project + imputation + phasing",genotyping + sequencing,multiple sclerosis + pittsburgh compound b + complex traits + apoptosis,race + tsi + ceu + ibs + fin + gbr + ethnic + ancestry + non-european + european ancestry,discovery + meta-analysis + stage + summary statistics + meta-analyses + association analysis + combined
,0.92,0.223,rs10933431,2.0,233981912.0,C/G,,"stage 2 ( n /thinspace = /thinspace18,845).P","stage 2 ( n /thinspace = /thinspace18,845).OR",uk biobank + adgc + international genomics of alzheimers project + eadi + ld hub + geradperades + databasestudy + igap + charge,Caucasian + Multi-ethnic + Caribbean Hispanic + African American + Asian,Stage 2 + Discovery + Joint-analysis + Replication + Meta-analysis + Validation + Stage 3 + Stage 1,"1,000 genomes + pre-phasing + pre-analysis quality control + machminimac + shapeitimpute2 + 1,000 genomes project + imputation + phasing",genotyping + sequencing,pittsburgh compound b + complex traits + apoptosis,race + tsi + ceu + ibs + fin + gbr + ethnic + ancestry + non-european + european ancestry,discovery + meta-analysis + stage + summary statistics + combined
,0.92,0.223,rs10933431,2.0,233981912.0,C/G,,"Overall stage 1/thinspace + /thinspacestage 2 ( n /thinspace = /thinspace82,771).Meta P","stage 2 ( n /thinspace = /thinspace18,845).OR",uk biobank + adgc + international genomics of alzheimers project + eadi + ld hub + geradperades + databasestudy + igap + charge,Caucasian + Multi-ethnic + Caribbean Hispanic + African American + Asian,Stage 2 + Discovery + Joint-analysis + Replication + Meta-analysis + Validation + Stage 3 + Stage 1,"1,000 genomes + pre-phasing + pre-analysis quality control + machminimac + shapeitimpute2 + 1,000 genomes project + imputation + phasing",genotyping + sequencing,pittsburgh compound b + apoptosis,race + tsi + ceu + ibs + fin + gbr + ethnic + ancestry + non-european + european ancestry,discovery + meta + meta-analysis + stage + summary statistics + meta-analyses + combined
,0.92,0.223,rs10933431,2.0,233981912.0,C/G,,"Overall stage 1/thinspace + /thinspacestage 2 ( n /thinspace = /thinspace82,771).I 2 (%), P","stage 2 ( n /thinspace = /thinspace18,845).OR",uk biobank + adgc + international genomics of alzheimers project + eadi + ld hub + geradperades + databasestudy + igap + charge,Caucasian + Multi-ethnic + Caribbean Hispanic + African American + Asian,Stage 2 + Discovery + Joint-analysis + Replication + Meta-analysis + Validation + Stage 3 + Stage 1,"1,000 genomes + pre-phasing + pre-analysis quality control + machminimac + shapeitimpute2 + 1,000 genomes project + imputation + phasing",genotyping + sequencing,pittsburgh compound b + apoptosis,race + tsi + ceu + ibs + fin + gbr + ethnic + ancestry + non-european + european ancestry,discovery + meta-analysis + stage + summary statistics + meta-analyses + combined
,1.11,0.27,rs9271058,6.0,32575406.0,T/A,,"stage 1 discovery ( n /thinspace = /thinspace63,926).P","stage 2 ( n /thinspace = /thinspace18,845).OR",uk biobank + adgc + international genomics of alzheimers project + eadi + ld hub + databasestudy + geradperades + igap + charge,Caucasian + Multi-ethnic + Caribbean Hispanic + African American + Asian,Stage 2 + Discovery + Joint-analysis + Replication + Meta-analysis + Validation + Stage 3 + Stage 1,"1,000 genomes + pre-phasing + pre-analysis quality control + machminimac + shapeitimpute2 + thousands of genomes + 1,000 genomes project + imputation + phasing",genotyping + sequencing,multiple sclerosis + pittsburgh compound b + complex traits + apoptosis,race + tsi + ceu + ibs + fin + gbr + ethnic + ancestry + non-european + european ancestry,discovery + meta-analysis + stage + summary statistics + meta-analyses + association analysis + combined
,1.11,0.27,rs9271058,6.0,32575406.0,T/A,,"stage 2 ( n /thinspace = /thinspace18,845).P","stage 2 ( n /thinspace = /thinspace18,845).OR",uk biobank + adgc + international genomics of alzheimers project + eadi + ld hub + geradperades + databasestudy + igap + charge,Caucasian + Multi-ethnic + Caribbean Hispanic + African American + Asian,Stage 2 + Discovery + Joint-analysis + Replication + Meta-analysis + Validation + Stage 3 + Stage 1,"1,000 genomes + pre-phasing + pre-analysis quality control + machminimac + shapeitimpute2 + 1,000 genomes project + imputation + phasing",genotyping + sequencing,pittsburgh compound b + complex traits + apoptosis,race + tsi + ceu + ibs + fin + gbr + ethnic + ancestry + non-european + european ancestry,discovery + meta-analysis + stage + summary statistics + combined
,1.11,0.27,rs9271058,6.0,32575406.0,T/A,,"Overall stage 1/thinspace + /thinspacestage 2 ( n /thinspace = /thinspace82,771).Meta P","stage 2 ( n /thinspace = /thinspace18,845).OR",uk biobank + adgc + international genomics of alzheimers project + eadi + ld hub + geradperades + databasestudy + igap + charge,Caucasian + Multi-ethnic + Caribbean Hispanic + African American + Asian,Stage 2 + Discovery + Joint-analysis + Replication + Meta-analysis + Validation + Stage 3 + Stage 1,"1,000 genomes + pre-phasing + pre-analysis quality control + machminimac + shapeitimpute2 + 1,000 genomes project + imputation + phasing",genotyping + sequencing,pittsburgh compound b + apoptosis,race + tsi + ceu + ibs + fin + gbr + ethnic + ancestry + non-european + european ancestry,discovery + meta + meta-analysis + stage + summary statistics + meta-analyses + combined
,1.11,0.27,rs9271058,6.0,32575406.0,T/A,,"Overall stage 1/thinspace + /thinspacestage 2 ( n /thinspace = /thinspace82,771).I 2 (%), P","stage 2 ( n /thinspace = /thinspace18,845).OR",uk biobank + adgc + international genomics of alzheimers project + eadi + ld hub + geradperades + databasestudy + igap + charge,Caucasian + Multi-ethnic + Caribbean Hispanic + African American + Asian,Stage 2 + Discovery + Joint-analysis + Replication + Meta-analysis + Validation + Stage 3 + Stage 1,"1,000 genomes + pre-phasing + pre-analysis quality control + machminimac + shapeitimpute2 + 1,000 genomes project + imputation + phasing",genotyping + sequencing,pittsburgh compound b + apoptosis,race + tsi + ceu + ibs + fin + gbr + ethnic + ancestry + non-european + european ancestry,discovery + meta-analysis + stage + summary statistics + meta-analyses + combined
,2.5,0.008,rs75932628,6.0,41129252.0,C/T,,"stage 1 discovery ( n /thinspace = /thinspace63,926).P","stage 2 ( n /thinspace = /thinspace18,845).OR",uk biobank + adgc + international genomics of alzheimers project + eadi + ld hub + databasestudy + geradperades + igap + charge,Caucasian + Multi-ethnic + Caribbean Hispanic + African American + Asian,Stage 2 + Discovery + Joint-analysis + Replication + Meta-analysis + Validation + Stage 3 + Stage 1,"1,000 genomes + pre-phasing + pre-analysis quality control + machminimac + shapeitimpute2 + thousands of genomes + 1,000 genomes project + imputation + phasing",genotyping + sequencing,multiple sclerosis + pittsburgh compound b + complex traits + apoptosis,race + tsi + ceu + ibs + fin + gbr + ethnic + ancestry + non-european + european ancestry,discovery + meta-analysis + stage + summary statistics + meta-analyses + association analysis + combined
,2.5,0.008,rs75932628,6.0,41129252.0,C/T,,"stage 2 ( n /thinspace = /thinspace18,845).P","stage 2 ( n /thinspace = /thinspace18,845).OR",uk biobank + adgc + international genomics of alzheimers project + eadi + ld hub + geradperades + databasestudy + igap + charge,Caucasian + Multi-ethnic + Caribbean Hispanic + African American + Asian,Stage 2 + Discovery + Joint-analysis + Replication + Meta-analysis + Validation + Stage 3 + Stage 1,"1,000 genomes + pre-phasing + pre-analysis quality control + machminimac + shapeitimpute2 + 1,000 genomes project + imputation + phasing",genotyping + sequencing,pittsburgh compound b + complex traits + apoptosis,race + tsi + ceu + ibs + fin + gbr + ethnic + ancestry + non-european + european ancestry,discovery + meta-analysis + stage + summary statistics + combined
,2.5,0.008,rs75932628,6.0,41129252.0,C/T,,"Overall stage 1/thinspace + /thinspacestage 2 ( n /thinspace = /thinspace82,771).Meta P","stage 2 ( n /thinspace = /thinspace18,845).OR",uk biobank + adgc + international genomics of alzheimers project + eadi + ld hub + geradperades + databasestudy + igap + charge,Caucasian + Multi-ethnic + Caribbean Hispanic + African American + Asian,Stage 2 + Discovery + Joint-analysis + Replication + Meta-analysis + Validation + Stage 3 + Stage 1,"1,000 genomes + pre-phasing + pre-analysis quality control + machminimac + shapeitimpute2 + 1,000 genomes project + imputation + phasing",genotyping + sequencing,pittsburgh compound b + apoptosis,race + tsi + ceu + ibs + fin + gbr + ethnic + ancestry + non-european + european ancestry,discovery + meta + meta-analysis + stage + summary statistics + meta-analyses + combined
,2.5,0.008,rs75932628,6.0,41129252.0,C/T,,"Overall stage 1/thinspace + /thinspacestage 2 ( n /thinspace = /thinspace82,771).I 2 (%), P","stage 2 ( n /thinspace = /thinspace18,845).OR",uk biobank + adgc + international genomics of alzheimers project + eadi + ld hub + geradperades + databasestudy + igap + charge,Caucasian + Multi-ethnic + Caribbean Hispanic + African American + Asian,Stage 2 + Discovery + Joint-analysis + Replication + Meta-analysis + Validation + Stage 3 + Stage 1,"1,000 genomes + pre-phasing + pre-analysis quality control + machminimac + shapeitimpute2 + 1,000 genomes project + imputation + phasing",genotyping + sequencing,pittsburgh compound b + apoptosis,race + tsi + ceu + ibs + fin + gbr + ethnic + ancestry + non-european + european ancestry,discovery + meta-analysis + stage + summary statistics + meta-analyses + combined
,1.11,0.28,rs9473117,6.0,47431284.0,A/C,,"stage 1 discovery ( n /thinspace = /thinspace63,926).P","stage 2 ( n /thinspace = /thinspace18,845).OR",uk biobank + adgc + international genomics of alzheimers project + eadi + ld hub + databasestudy + geradperades + igap + charge,Caucasian + Multi-ethnic + Caribbean Hispanic + African American + Asian,Stage 2 + Discovery + Joint-analysis + Replication + Meta-analysis + Validation + Stage 3 + Stage 1,"1,000 genomes + pre-phasing + pre-analysis quality control + machminimac + shapeitimpute2 + thousands of genomes + 1,000 genomes project + imputation + phasing",genotyping + sequencing,multiple sclerosis + pittsburgh compound b + complex traits + apoptosis,race + tsi + ceu + ibs + fin + gbr + ethnic + ancestry + non-european + european ancestry,discovery + meta-analysis + stage + summary statistics + meta-analyses + association analysis + combined
,1.11,0.28,rs9473117,6.0,47431284.0,A/C,,"stage 2 ( n /thinspace = /thinspace18,845).P","stage 2 ( n /thinspace = /thinspace18,845).OR",uk biobank + adgc + international genomics of alzheimers project + eadi + ld hub + geradperades + databasestudy + igap + charge,Caucasian + Multi-ethnic + Caribbean Hispanic + African American + Asian,Stage 2 + Discovery + Joint-analysis + Replication + Meta-analysis + Validation + Stage 3 + Stage 1,"1,000 genomes + pre-phasing + pre-analysis quality control + machminimac + shapeitimpute2 + 1,000 genomes project + imputation + phasing",genotyping + sequencing,pittsburgh compound b + complex traits + apoptosis,race + tsi + ceu + ibs + fin + gbr + ethnic + ancestry + non-european + european ancestry,discovery + meta-analysis + stage + summary statistics + combined
,1.11,0.28,rs9473117,6.0,47431284.0,A/C,,"Overall stage 1/thinspace + /thinspacestage 2 ( n /thinspace = /thinspace82,771).Meta P","stage 2 ( n /thinspace = /thinspace18,845).OR",uk biobank + adgc + international genomics of alzheimers project + eadi + ld hub + geradperades + databasestudy + igap + charge,Caucasian + Multi-ethnic + Caribbean Hispanic + African American + Asian,Stage 2 + Discovery + Joint-analysis + Replication + Meta-analysis + Validation + Stage 3 + Stage 1,"1,000 genomes + pre-phasing + pre-analysis quality control + machminimac + shapeitimpute2 + 1,000 genomes project + imputation + phasing",genotyping + sequencing,pittsburgh compound b + apoptosis,race + tsi + ceu + ibs + fin + gbr + ethnic + ancestry + non-european + european ancestry,discovery + meta + meta-analysis + stage + summary statistics + meta-analyses + combined
,1.11,0.28,rs9473117,6.0,47431284.0,A/C,,"Overall stage 1/thinspace + /thinspacestage 2 ( n /thinspace = /thinspace82,771).I 2 (%), P","stage 2 ( n /thinspace = /thinspace18,845).OR",uk biobank + adgc + international genomics of alzheimers project + eadi + ld hub + geradperades + databasestudy + igap + charge,Caucasian + Multi-ethnic + Caribbean Hispanic + African American + Asian,Stage 2 + Discovery + Joint-analysis + Replication + Meta-analysis + Validation + Stage 3 + Stage 1,"1,000 genomes + pre-phasing + pre-analysis quality control + machminimac + shapeitimpute2 + 1,000 genomes project + imputation + phasing",genotyping + sequencing,pittsburgh compound b + apoptosis,race + tsi + ceu + ibs + fin + gbr + ethnic + ancestry + non-european + european ancestry,discovery + meta-analysis + stage + summary statistics + meta-analyses + combined
,0.89,0.303,rs12539172,7.0,100091795.0,C/T,,"stage 1 discovery ( n /thinspace = /thinspace63,926).P","stage 2 ( n /thinspace = /thinspace18,845).OR",uk biobank + adgc + international genomics of alzheimers project + eadi + ld hub + databasestudy + geradperades + igap + charge,Caucasian + Multi-ethnic + Caribbean Hispanic + African American + Asian,Stage 2 + Discovery + Joint-analysis + Replication + Meta-analysis + Validation + Stage 3 + Stage 1,"1,000 genomes + pre-phasing + pre-analysis quality control + machminimac + shapeitimpute2 + thousands of genomes + 1,000 genomes project + imputation + phasing",genotyping + sequencing,multiple sclerosis + pittsburgh compound b + complex traits + apoptosis,race + tsi + ceu + ibs + fin + gbr + ethnic + ancestry + non-european + european ancestry,discovery + meta-analysis + stage + summary statistics + meta-analyses + association analysis + combined
,0.89,0.303,rs12539172,7.0,100091795.0,C/T,,"stage 2 ( n /thinspace = /thinspace18,845).P","stage 2 ( n /thinspace = /thinspace18,845).OR",uk biobank + adgc + international genomics of alzheimers project + eadi + ld hub + geradperades + databasestudy + igap + charge,Caucasian + Multi-ethnic + Caribbean Hispanic + African American + Asian,Stage 2 + Discovery + Joint-analysis + Replication + Meta-analysis + Validation + Stage 3 + Stage 1,"1,000 genomes + pre-phasing + pre-analysis quality control + machminimac + shapeitimpute2 + 1,000 genomes project + imputation + phasing",genotyping + sequencing,pittsburgh compound b + complex traits + apoptosis,race + tsi + ceu + ibs + fin + gbr + ethnic + ancestry + non-european + european ancestry,discovery + meta-analysis + stage + summary statistics + combined
,0.89,0.303,rs12539172,7.0,100091795.0,C/T,,"Overall stage 1/thinspace + /thinspacestage 2 ( n /thinspace = /thinspace82,771).Meta P","stage 2 ( n /thinspace = /thinspace18,845).OR",uk biobank + adgc + international genomics of alzheimers project + eadi + ld hub + geradperades + databasestudy + igap + charge,Caucasian + Multi-ethnic + Caribbean Hispanic + African American + Asian,Stage 2 + Discovery + Joint-analysis + Replication + Meta-analysis + Validation + Stage 3 + Stage 1,"1,000 genomes + pre-phasing + pre-analysis quality control + machminimac + shapeitimpute2 + 1,000 genomes project + imputation + phasing",genotyping + sequencing,pittsburgh compound b + apoptosis,race + tsi + ceu + ibs + fin + gbr + ethnic + ancestry + non-european + european ancestry,discovery + meta + meta-analysis + stage + summary statistics + meta-analyses + combined
,0.89,0.303,rs12539172,7.0,100091795.0,C/T,,"Overall stage 1/thinspace + /thinspacestage 2 ( n /thinspace = /thinspace82,771).I 2 (%), P","stage 2 ( n /thinspace = /thinspace18,845).OR",uk biobank + adgc + international genomics of alzheimers project + eadi + ld hub + geradperades + databasestudy + igap + charge,Caucasian + Multi-ethnic + Caribbean Hispanic + African American + Asian,Stage 2 + Discovery + Joint-analysis + Replication + Meta-analysis + Validation + Stage 3 + Stage 1,"1,000 genomes + pre-phasing + pre-analysis quality control + machminimac + shapeitimpute2 + 1,000 genomes project + imputation + phasing",genotyping + sequencing,pittsburgh compound b + apoptosis,race + tsi + ceu + ibs + fin + gbr + ethnic + ancestry + non-european + european ancestry,discovery + meta-analysis + stage + summary statistics + meta-analyses + combined
,0.91,0.199,rs10808026,7.0,143099133.0,C/A,,"stage 1 discovery ( n /thinspace = /thinspace63,926).P","stage 2 ( n /thinspace = /thinspace18,845).OR",uk biobank + adgc + international genomics of alzheimers project + eadi + ld hub + databasestudy + geradperades + igap + charge,Caucasian + Multi-ethnic + Caribbean Hispanic + African American + Asian,Stage 2 + Discovery + Joint-analysis + Replication + Meta-analysis + Validation + Stage 3 + Stage 1,"1,000 genomes + pre-phasing + pre-analysis quality control + machminimac + shapeitimpute2 + thousands of genomes + 1,000 genomes project + imputation + phasing",genotyping + sequencing,multiple sclerosis + pittsburgh compound b + complex traits + apoptosis,race + tsi + ceu + ibs + fin + gbr + ethnic + ancestry + non-european + european ancestry,discovery + meta-analysis + stage + summary statistics + meta-analyses + association analysis + combined
,0.91,0.199,rs10808026,7.0,143099133.0,C/A,,"stage 2 ( n /thinspace = /thinspace18,845).P","stage 2 ( n /thinspace = /thinspace18,845).OR",uk biobank + adgc + international genomics of alzheimers project + eadi + ld hub + geradperades + databasestudy + igap + charge,Caucasian + Multi-ethnic + Caribbean Hispanic + African American + Asian,Stage 2 + Discovery + Joint-analysis + Replication + Meta-analysis + Validation + Stage 3 + Stage 1,"1,000 genomes + pre-phasing + pre-analysis quality control + machminimac + shapeitimpute2 + 1,000 genomes project + imputation + phasing",genotyping + sequencing,pittsburgh compound b + complex traits + apoptosis,race + tsi + ceu + ibs + fin + gbr + ethnic + ancestry + non-european + european ancestry,discovery + meta-analysis + stage + summary statistics + combined
,0.91,0.199,rs10808026,7.0,143099133.0,C/A,,"Overall stage 1/thinspace + /thinspacestage 2 ( n /thinspace = /thinspace82,771).Meta P","stage 2 ( n /thinspace = /thinspace18,845).OR",uk biobank + adgc + international genomics of alzheimers project + eadi + ld hub + geradperades + databasestudy + igap + charge,Caucasian + Multi-ethnic + Caribbean Hispanic + African American + Asian,Stage 2 + Discovery + Joint-analysis + Replication + Meta-analysis + Validation + Stage 3 + Stage 1,"1,000 genomes + pre-phasing + pre-analysis quality control + machminimac + shapeitimpute2 + 1,000 genomes project + imputation + phasing",genotyping + sequencing,pittsburgh compound b + apoptosis,race + tsi + ceu + ibs + fin + gbr + ethnic + ancestry + non-european + european ancestry,discovery + meta + meta-analysis + stage + summary statistics + meta-analyses + combined
,0.91,0.199,rs10808026,7.0,143099133.0,C/A,,"Overall stage 1/thinspace + /thinspacestage 2 ( n /thinspace = /thinspace82,771).I 2 (%), P","stage 2 ( n /thinspace = /thinspace18,845).OR",uk biobank + adgc + international genomics of alzheimers project + eadi + ld hub + geradperades + databasestudy + igap + charge,Caucasian + Multi-ethnic + Caribbean Hispanic + African American + Asian,Stage 2 + Discovery + Joint-analysis + Replication + Meta-analysis + Validation + Stage 3 + Stage 1,"1,000 genomes + pre-phasing + pre-analysis quality control + machminimac + shapeitimpute2 + 1,000 genomes project + imputation + phasing",genotyping + sequencing,pittsburgh compound b + apoptosis,race + tsi + ceu + ibs + fin + gbr + ethnic + ancestry + non-european + european ancestry,discovery + meta-analysis + stage + summary statistics + meta-analyses + combined
,1.11,0.367,rs73223431,8.0,27219987.0,C/T,,"stage 1 discovery ( n /thinspace = /thinspace63,926).P","stage 2 ( n /thinspace = /thinspace18,845).OR",uk biobank + adgc + international genomics of alzheimers project + eadi + ld hub + databasestudy + geradperades + igap + charge,Caucasian + Multi-ethnic + Caribbean Hispanic + African American + Asian,Stage 2 + Discovery + Joint-analysis + Replication + Meta-analysis + Validation + Stage 3 + Stage 1,"1,000 genomes + pre-phasing + pre-analysis quality control + machminimac + shapeitimpute2 + thousands of genomes + 1,000 genomes project + imputation + phasing",genotyping + sequencing,multiple sclerosis + pittsburgh compound b + complex traits + apoptosis,race + tsi + ceu + ibs + fin + gbr + ethnic + ancestry + non-european + european ancestry,discovery + meta-analysis + stage + summary statistics + meta-analyses + association analysis + combined
,1.11,0.367,rs73223431,8.0,27219987.0,C/T,,"stage 2 ( n /thinspace = /thinspace18,845).P","stage 2 ( n /thinspace = /thinspace18,845).OR",uk biobank + adgc + international genomics of alzheimers project + eadi + ld hub + geradperades + databasestudy + igap + charge,Caucasian + Multi-ethnic + Caribbean Hispanic + African American + Asian,Stage 2 + Discovery + Joint-analysis + Replication + Meta-analysis + Validation + Stage 3 + Stage 1,"1,000 genomes + pre-phasing + pre-analysis quality control + machminimac + shapeitimpute2 + 1,000 genomes project + imputation + phasing",genotyping + sequencing,pittsburgh compound b + complex traits + apoptosis,race + tsi + ceu + ibs + fin + gbr + ethnic + ancestry + non-european + european ancestry,discovery + meta-analysis + stage + summary statistics + combined
,1.11,0.367,rs73223431,8.0,27219987.0,C/T,,"Overall stage 1/thinspace + /thinspacestage 2 ( n /thinspace = /thinspace82,771).Meta P","stage 2 ( n /thinspace = /thinspace18,845).OR",uk biobank + adgc + international genomics of alzheimers project + eadi + ld hub + geradperades + databasestudy + igap + charge,Caucasian + Multi-ethnic + Caribbean Hispanic + African American + Asian,Stage 2 + Discovery + Joint-analysis + Replication + Meta-analysis + Validation + Stage 3 + Stage 1,"1,000 genomes + pre-phasing + pre-analysis quality control + machminimac + shapeitimpute2 + 1,000 genomes project + imputation + phasing",genotyping + sequencing,pittsburgh compound b + apoptosis,race + tsi + ceu + ibs + fin + gbr + ethnic + ancestry + non-european + european ancestry,discovery + meta + meta-analysis + stage + summary statistics + meta-analyses + combined
,1.11,0.367,rs73223431,8.0,27219987.0,C/T,,"Overall stage 1/thinspace + /thinspacestage 2 ( n /thinspace = /thinspace82,771).I 2 (%), P","stage 2 ( n /thinspace = /thinspace18,845).OR",uk biobank + adgc + international genomics of alzheimers project + eadi + ld hub + geradperades + databasestudy + igap + charge,Caucasian + Multi-ethnic + Caribbean Hispanic + African American + Asian,Stage 2 + Discovery + Joint-analysis + Replication + Meta-analysis + Validation + Stage 3 + Stage 1,"1,000 genomes + pre-phasing + pre-analysis quality control + machminimac + shapeitimpute2 + 1,000 genomes project + imputation + phasing",genotyping + sequencing,pittsburgh compound b + apoptosis,race + tsi + ceu + ibs + fin + gbr + ethnic + ancestry + non-european + european ancestry,discovery + meta-analysis + stage + summary statistics + meta-analyses + combined
,0.87,0.387,rs9331896,8.0,27467686.0,T/C,,"stage 1 discovery ( n /thinspace = /thinspace63,926).P","stage 2 ( n /thinspace = /thinspace18,845).OR",uk biobank + adgc + international genomics of alzheimers project + eadi + ld hub + databasestudy + geradperades + igap + charge,Caucasian + Multi-ethnic + Caribbean Hispanic + African American + Asian,Stage 2 + Discovery + Joint-analysis + Replication + Meta-analysis + Validation + Stage 3 + Stage 1,"1,000 genomes + pre-phasing + pre-analysis quality control + machminimac + shapeitimpute2 + thousands of genomes + 1,000 genomes project + imputation + phasing",genotyping + sequencing,multiple sclerosis + pittsburgh compound b + complex traits + apoptosis,race + tsi + ceu + ibs + fin + gbr + ethnic + ancestry + non-european + european ancestry,discovery + meta-analysis + stage + summary statistics + meta-analyses + association analysis + combined
,0.87,0.387,rs9331896,8.0,27467686.0,T/C,,"stage 2 ( n /thinspace = /thinspace18,845).P","stage 2 ( n /thinspace = /thinspace18,845).OR",uk biobank + adgc + international genomics of alzheimers project + eadi + ld hub + geradperades + databasestudy + igap + charge,Caucasian + Multi-ethnic + Caribbean Hispanic + African American + Asian,Stage 2 + Discovery + Joint-analysis + Replication + Meta-analysis + Validation + Stage 3 + Stage 1,"1,000 genomes + pre-phasing + pre-analysis quality control + machminimac + shapeitimpute2 + 1,000 genomes project + imputation + phasing",genotyping + sequencing,pittsburgh compound b + complex traits + apoptosis,race + tsi + ceu + ibs + fin + gbr + ethnic + ancestry + non-european + european ancestry,discovery + meta-analysis + stage + summary statistics + combined
,0.87,0.387,rs9331896,8.0,27467686.0,T/C,,"Overall stage 1/thinspace + /thinspacestage 2 ( n /thinspace = /thinspace82,771).Meta P","stage 2 ( n /thinspace = /thinspace18,845).OR",uk biobank + adgc + international genomics of alzheimers project + eadi + ld hub + geradperades + databasestudy + igap + charge,Caucasian + Multi-ethnic + Caribbean Hispanic + African American + Asian,Stage 2 + Discovery + Joint-analysis + Replication + Meta-analysis + Validation + Stage 3 + Stage 1,"1,000 genomes + pre-phasing + pre-analysis quality control + machminimac + shapeitimpute2 + 1,000 genomes project + imputation + phasing",genotyping + sequencing,pittsburgh compound b + apoptosis,race + tsi + ceu + ibs + fin + gbr + ethnic + ancestry + non-european + european ancestry,discovery + meta + meta-analysis + stage + summary statistics + meta-analyses + combined
,0.87,0.387,rs9331896,8.0,27467686.0,T/C,,"Overall stage 1/thinspace + /thinspacestage 2 ( n /thinspace = /thinspace82,771).I 2 (%), P","stage 2 ( n /thinspace = /thinspace18,845).OR",uk biobank + adgc + international genomics of alzheimers project + eadi + ld hub + geradperades + databasestudy + igap + charge,Caucasian + Multi-ethnic + Caribbean Hispanic + African American + Asian,Stage 2 + Discovery + Joint-analysis + Replication + Meta-analysis + Validation + Stage 3 + Stage 1,"1,000 genomes + pre-phasing + pre-analysis quality control + machminimac + shapeitimpute2 + 1,000 genomes project + imputation + phasing",genotyping + sequencing,pittsburgh compound b + apoptosis,race + tsi + ceu + ibs + fin + gbr + ethnic + ancestry + non-european + european ancestry,discovery + meta-analysis + stage + summary statistics + meta-analyses + combined
,0.93,0.448,rs3740688,11.0,47380340.0,T/G,,"stage 1 discovery ( n /thinspace = /thinspace63,926).P","stage 2 ( n /thinspace = /thinspace18,845).OR",uk biobank + adgc + international genomics of alzheimers project + eadi + ld hub + databasestudy + geradperades + igap + charge,Caucasian + Multi-ethnic + Caribbean Hispanic + African American + Asian,Stage 2 + Discovery + Joint-analysis + Replication + Meta-analysis + Validation + Stage 3 + Stage 1,"1,000 genomes + pre-phasing + pre-analysis quality control + machminimac + shapeitimpute2 + thousands of genomes + 1,000 genomes project + imputation + phasing",genotyping + sequencing,multiple sclerosis + pittsburgh compound b + complex traits + apoptosis,race + tsi + ceu + ibs + fin + gbr + ethnic + ancestry + non-european + european ancestry,discovery + meta-analysis + stage + summary statistics + meta-analyses + association analysis + combined
,0.93,0.448,rs3740688,11.0,47380340.0,T/G,,"stage 2 ( n /thinspace = /thinspace18,845).P","stage 2 ( n /thinspace = /thinspace18,845).OR",uk biobank + adgc + international genomics of alzheimers project + eadi + ld hub + geradperades + databasestudy + igap + charge,Caucasian + Multi-ethnic + Caribbean Hispanic + African American + Asian,Stage 2 + Discovery + Joint-analysis + Replication + Meta-analysis + Validation + Stage 3 + Stage 1,"1,000 genomes + pre-phasing + pre-analysis quality control + machminimac + shapeitimpute2 + 1,000 genomes project + imputation + phasing",genotyping + sequencing,pittsburgh compound b + complex traits + apoptosis,race + tsi + ceu + ibs + fin + gbr + ethnic + ancestry + non-european + european ancestry,discovery + meta-analysis + stage + summary statistics + combined
,0.93,0.448,rs3740688,11.0,47380340.0,T/G,,"Overall stage 1/thinspace + /thinspacestage 2 ( n /thinspace = /thinspace82,771).Meta P","stage 2 ( n /thinspace = /thinspace18,845).OR",uk biobank + adgc + international genomics of alzheimers project + eadi + ld hub + geradperades + databasestudy + igap + charge,Caucasian + Multi-ethnic + Caribbean Hispanic + African American + Asian,Stage 2 + Discovery + Joint-analysis + Replication + Meta-analysis + Validation + Stage 3 + Stage 1,"1,000 genomes + pre-phasing + pre-analysis quality control + machminimac + shapeitimpute2 + 1,000 genomes project + imputation + phasing",genotyping + sequencing,pittsburgh compound b + apoptosis,race + tsi + ceu + ibs + fin + gbr + ethnic + ancestry + non-european + european ancestry,discovery + meta + meta-analysis + stage + summary statistics + meta-analyses + combined
,0.93,0.448,rs3740688,11.0,47380340.0,T/G,,"Overall stage 1/thinspace + /thinspacestage 2 ( n /thinspace = /thinspace82,771).I 2 (%), P","stage 2 ( n /thinspace = /thinspace18,845).OR",uk biobank + adgc + international genomics of alzheimers project + eadi + ld hub + geradperades + databasestudy + igap + charge,Caucasian + Multi-ethnic + Caribbean Hispanic + African American + Asian,Stage 2 + Discovery + Joint-analysis + Replication + Meta-analysis + Validation + Stage 3 + Stage 1,"1,000 genomes + pre-phasing + pre-analysis quality control + machminimac + shapeitimpute2 + 1,000 genomes project + imputation + phasing",genotyping + sequencing,pittsburgh compound b + apoptosis,race + tsi + ceu + ibs + fin + gbr + ethnic + ancestry + non-european + european ancestry,discovery + meta-analysis + stage + summary statistics + meta-analyses + combined
,0.9,0.391,rs7933202,11.0,59936926.0,A/C,,"stage 1 discovery ( n /thinspace = /thinspace63,926).P","stage 2 ( n /thinspace = /thinspace18,845).OR",uk biobank + adgc + international genomics of alzheimers project + eadi + ld hub + databasestudy + geradperades + igap + charge,Caucasian + Multi-ethnic + Caribbean Hispanic + African American + Asian,Stage 2 + Discovery + Joint-analysis + Replication + Meta-analysis + Validation + Stage 3 + Stage 1,"1,000 genomes + pre-phasing + pre-analysis quality control + machminimac + shapeitimpute2 + thousands of genomes + 1,000 genomes project + imputation + phasing",genotyping + sequencing,multiple sclerosis + pittsburgh compound b + complex traits + apoptosis,race + tsi + ceu + ibs + fin + gbr + ethnic + ancestry + non-european + european ancestry,discovery + meta-analysis + stage + summary statistics + meta-analyses + association analysis + combined
,0.9,0.391,rs7933202,11.0,59936926.0,A/C,,"stage 2 ( n /thinspace = /thinspace18,845).P","stage 2 ( n /thinspace = /thinspace18,845).OR",uk biobank + adgc + international genomics of alzheimers project + eadi + ld hub + geradperades + databasestudy + igap + charge,Caucasian + Multi-ethnic + Caribbean Hispanic + African American + Asian,Stage 2 + Discovery + Joint-analysis + Replication + Meta-analysis + Validation + Stage 3 + Stage 1,"1,000 genomes + pre-phasing + pre-analysis quality control + machminimac + shapeitimpute2 + 1,000 genomes project + imputation + phasing",genotyping + sequencing,pittsburgh compound b + complex traits + apoptosis,race + tsi + ceu + ibs + fin + gbr + ethnic + ancestry + non-european + european ancestry,discovery + meta-analysis + stage + summary statistics + combined
,0.9,0.391,rs7933202,11.0,59936926.0,A/C,,"Overall stage 1/thinspace + /thinspacestage 2 ( n /thinspace = /thinspace82,771).Meta P","stage 2 ( n /thinspace = /thinspace18,845).OR",uk biobank + adgc + international genomics of alzheimers project + eadi + ld hub + geradperades + databasestudy + igap + charge,Caucasian + Multi-ethnic + Caribbean Hispanic + African American + Asian,Stage 2 + Discovery + Joint-analysis + Replication + Meta-analysis + Validation + Stage 3 + Stage 1,"1,000 genomes + pre-phasing + pre-analysis quality control + machminimac + shapeitimpute2 + 1,000 genomes project + imputation + phasing",genotyping + sequencing,pittsburgh compound b + apoptosis,race + tsi + ceu + ibs + fin + gbr + ethnic + ancestry + non-european + european ancestry,discovery + meta + meta-analysis + stage + summary statistics + meta-analyses + combined
,0.9,0.391,rs7933202,11.0,59936926.0,A/C,,"Overall stage 1/thinspace + /thinspacestage 2 ( n /thinspace = /thinspace82,771).I 2 (%), P","stage 2 ( n /thinspace = /thinspace18,845).OR",uk biobank + adgc + international genomics of alzheimers project + eadi + ld hub + geradperades + databasestudy + igap + charge,Caucasian + Multi-ethnic + Caribbean Hispanic + African American + Asian,Stage 2 + Discovery + Joint-analysis + Replication + Meta-analysis + Validation + Stage 3 + Stage 1,"1,000 genomes + pre-phasing + pre-analysis quality control + machminimac + shapeitimpute2 + 1,000 genomes project + imputation + phasing",genotyping + sequencing,pittsburgh compound b + apoptosis,race + tsi + ceu + ibs + fin + gbr + ethnic + ancestry + non-european + european ancestry,discovery + meta-analysis + stage + summary statistics + meta-analyses + combined
,0.85,0.356,rs3851179,11.0,85868640.0,C/T,,"stage 1 discovery ( n /thinspace = /thinspace63,926).P","stage 2 ( n /thinspace = /thinspace18,845).OR",uk biobank + adgc + international genomics of alzheimers project + eadi + ld hub + databasestudy + geradperades + igap + charge,Caucasian + Multi-ethnic + Caribbean Hispanic + African American + Asian,Stage 2 + Discovery + Joint-analysis + Replication + Meta-analysis + Validation + Stage 3 + Stage 1,"1,000 genomes + pre-phasing + pre-analysis quality control + machminimac + shapeitimpute2 + thousands of genomes + 1,000 genomes project + imputation + phasing",genotyping + sequencing,multiple sclerosis + pittsburgh compound b + complex traits + apoptosis,race + tsi + ceu + ibs + fin + gbr + ethnic + ancestry + non-european + european ancestry,discovery + meta-analysis + stage + summary statistics + meta-analyses + association analysis + combined
,0.85,0.356,rs3851179,11.0,85868640.0,C/T,,"stage 2 ( n /thinspace = /thinspace18,845).P","stage 2 ( n /thinspace = /thinspace18,845).OR",uk biobank + adgc + international genomics of alzheimers project + eadi + ld hub + geradperades + databasestudy + igap + charge,Caucasian + Multi-ethnic + Caribbean Hispanic + African American + Asian,Stage 2 + Discovery + Joint-analysis + Replication + Meta-analysis + Validation + Stage 3 + Stage 1,"1,000 genomes + pre-phasing + pre-analysis quality control + machminimac + shapeitimpute2 + 1,000 genomes project + imputation + phasing",genotyping + sequencing,pittsburgh compound b + complex traits + apoptosis,race + tsi + ceu + ibs + fin + gbr + ethnic + ancestry + non-european + european ancestry,discovery + meta-analysis + stage + summary statistics + combined
,0.85,0.356,rs3851179,11.0,85868640.0,C/T,,"Overall stage 1/thinspace + /thinspacestage 2 ( n /thinspace = /thinspace82,771).Meta P","stage 2 ( n /thinspace = /thinspace18,845).OR",uk biobank + adgc + international genomics of alzheimers project + eadi + ld hub + geradperades + databasestudy + igap + charge,Caucasian + Multi-ethnic + Caribbean Hispanic + African American + Asian,Stage 2 + Discovery + Joint-analysis + Replication + Meta-analysis + Validation + Stage 3 + Stage 1,"1,000 genomes + pre-phasing + pre-analysis quality control + machminimac + shapeitimpute2 + 1,000 genomes project + imputation + phasing",genotyping + sequencing,pittsburgh compound b + apoptosis,race + tsi + ceu + ibs + fin + gbr + ethnic + ancestry + non-european + european ancestry,discovery + meta + meta-analysis + stage + summary statistics + meta-analyses + combined
,0.85,0.356,rs3851179,11.0,85868640.0,C/T,,"Overall stage 1/thinspace + /thinspacestage 2 ( n /thinspace = /thinspace82,771).I 2 (%), P","stage 2 ( n /thinspace = /thinspace18,845).OR",uk biobank + adgc + international genomics of alzheimers project + eadi + ld hub + geradperades + databasestudy + igap + charge,Caucasian + Multi-ethnic + Caribbean Hispanic + African American + Asian,Stage 2 + Discovery + Joint-analysis + Replication + Meta-analysis + Validation + Stage 3 + Stage 1,"1,000 genomes + pre-phasing + pre-analysis quality control + machminimac + shapeitimpute2 + 1,000 genomes project + imputation + phasing",genotyping + sequencing,pittsburgh compound b + apoptosis,race + tsi + ceu + ibs + fin + gbr + ethnic + ancestry + non-european + european ancestry,discovery + meta-analysis + stage + summary statistics + meta-analyses + combined
,0.77,0.04,rs11218343,11.0,121435587.0,T/C,,"stage 1 discovery ( n /thinspace = /thinspace63,926).P","stage 2 ( n /thinspace = /thinspace18,845).OR",uk biobank + adgc + international genomics of alzheimers project + eadi + ld hub + databasestudy + geradperades + igap + charge,Caucasian + Multi-ethnic + Caribbean Hispanic + African American + Asian,Stage 2 + Discovery + Joint-analysis + Replication + Meta-analysis + Validation + Stage 3 + Stage 1,"1,000 genomes + pre-phasing + pre-analysis quality control + machminimac + shapeitimpute2 + thousands of genomes + 1,000 genomes project + imputation + phasing",genotyping + sequencing,multiple sclerosis + pittsburgh compound b + complex traits + apoptosis,race + tsi + ceu + ibs + fin + gbr + ethnic + ancestry + non-european + european ancestry,discovery + meta-analysis + stage + summary statistics + meta-analyses + association analysis + combined
,0.77,0.04,rs11218343,11.0,121435587.0,T/C,,"stage 2 ( n /thinspace = /thinspace18,845).P","stage 2 ( n /thinspace = /thinspace18,845).OR",uk biobank + adgc + international genomics of alzheimers project + eadi + ld hub + geradperades + databasestudy + igap + charge,Caucasian + Multi-ethnic + Caribbean Hispanic + African American + Asian,Stage 2 + Discovery + Joint-analysis + Replication + Meta-analysis + Validation + Stage 3 + Stage 1,"1,000 genomes + pre-phasing + pre-analysis quality control + machminimac + shapeitimpute2 + 1,000 genomes project + imputation + phasing",genotyping + sequencing,pittsburgh compound b + complex traits + apoptosis,race + tsi + ceu + ibs + fin + gbr + ethnic + ancestry + non-european + european ancestry,discovery + meta-analysis + stage + summary statistics + combined
,0.77,0.04,rs11218343,11.0,121435587.0,T/C,,"Overall stage 1/thinspace + /thinspacestage 2 ( n /thinspace = /thinspace82,771).Meta P","stage 2 ( n /thinspace = /thinspace18,845).OR",uk biobank + adgc + international genomics of alzheimers project + eadi + ld hub + geradperades + databasestudy + igap + charge,Caucasian + Multi-ethnic + Caribbean Hispanic + African American + Asian,Stage 2 + Discovery + Joint-analysis + Replication + Meta-analysis + Validation + Stage 3 + Stage 1,"1,000 genomes + pre-phasing + pre-analysis quality control + machminimac + shapeitimpute2 + 1,000 genomes project + imputation + phasing",genotyping + sequencing,pittsburgh compound b + apoptosis,race + tsi + ceu + ibs + fin + gbr + ethnic + ancestry + non-european + european ancestry,discovery + meta + meta-analysis + stage + summary statistics + meta-analyses + combined
,0.77,0.04,rs11218343,11.0,121435587.0,T/C,,"Overall stage 1/thinspace + /thinspacestage 2 ( n /thinspace = /thinspace82,771).I 2 (%), P","stage 2 ( n /thinspace = /thinspace18,845).OR",uk biobank + adgc + international genomics of alzheimers project + eadi + ld hub + geradperades + databasestudy + igap + charge,Caucasian + Multi-ethnic + Caribbean Hispanic + African American + Asian,Stage 2 + Discovery + Joint-analysis + Replication + Meta-analysis + Validation + Stage 3 + Stage 1,"1,000 genomes + pre-phasing + pre-analysis quality control + machminimac + shapeitimpute2 + 1,000 genomes project + imputation + phasing",genotyping + sequencing,pittsburgh compound b + apoptosis,race + tsi + ceu + ibs + fin + gbr + ethnic + ancestry + non-european + european ancestry,discovery + meta-analysis + stage + summary statistics + meta-analyses + combined
,1.15,0.093,rs17125924,14.0,53391680.0,A/G,,"stage 1 discovery ( n /thinspace = /thinspace63,926).P","stage 2 ( n /thinspace = /thinspace18,845).OR",uk biobank + adgc + international genomics of alzheimers project + eadi + ld hub + databasestudy + geradperades + igap + charge,Caucasian + Multi-ethnic + Caribbean Hispanic + African American + Asian,Stage 2 + Discovery + Joint-analysis + Replication + Meta-analysis + Validation + Stage 3 + Stage 1,"1,000 genomes + pre-phasing + pre-analysis quality control + machminimac + shapeitimpute2 + thousands of genomes + 1,000 genomes project + imputation + phasing",genotyping + sequencing,multiple sclerosis + pittsburgh compound b + complex traits + apoptosis,race + tsi + ceu + ibs + fin + gbr + ethnic + ancestry + non-european + european ancestry,discovery + meta-analysis + stage + summary statistics + meta-analyses + association analysis + combined
,1.15,0.093,rs17125924,14.0,53391680.0,A/G,,"stage 2 ( n /thinspace = /thinspace18,845).P","stage 2 ( n /thinspace = /thinspace18,845).OR",uk biobank + adgc + international genomics of alzheimers project + eadi + ld hub + geradperades + databasestudy + igap + charge,Caucasian + Multi-ethnic + Caribbean Hispanic + African American + Asian,Stage 2 + Discovery + Joint-analysis + Replication + Meta-analysis + Validation + Stage 3 + Stage 1,"1,000 genomes + pre-phasing + pre-analysis quality control + machminimac + shapeitimpute2 + 1,000 genomes project + imputation + phasing",genotyping + sequencing,pittsburgh compound b + complex traits + apoptosis,race + tsi + ceu + ibs + fin + gbr + ethnic + ancestry + non-european + european ancestry,discovery + meta-analysis + stage + summary statistics + combined
,1.15,0.093,rs17125924,14.0,53391680.0,A/G,,"Overall stage 1/thinspace + /thinspacestage 2 ( n /thinspace = /thinspace82,771).Meta P","stage 2 ( n /thinspace = /thinspace18,845).OR",uk biobank + adgc + international genomics of alzheimers project + eadi + ld hub + geradperades + databasestudy + igap + charge,Caucasian + Multi-ethnic + Caribbean Hispanic + African American + Asian,Stage 2 + Discovery + Joint-analysis + Replication + Meta-analysis + Validation + Stage 3 + Stage 1,"1,000 genomes + pre-phasing + pre-analysis quality control + machminimac + shapeitimpute2 + 1,000 genomes project + imputation + phasing",genotyping + sequencing,pittsburgh compound b + apoptosis,race + tsi + ceu + ibs + fin + gbr + ethnic + ancestry + non-european + european ancestry,discovery + meta + meta-analysis + stage + summary statistics + meta-analyses + combined
,1.15,0.093,rs17125924,14.0,53391680.0,A/G,,"Overall stage 1/thinspace + /thinspacestage 2 ( n /thinspace = /thinspace82,771).I 2 (%), P","stage 2 ( n /thinspace = /thinspace18,845).OR",uk biobank + adgc + international genomics of alzheimers project + eadi + ld hub + geradperades + databasestudy + igap + charge,Caucasian + Multi-ethnic + Caribbean Hispanic + African American + Asian,Stage 2 + Discovery + Joint-analysis + Replication + Meta-analysis + Validation + Stage 3 + Stage 1,"1,000 genomes + pre-phasing + pre-analysis quality control + machminimac + shapeitimpute2 + 1,000 genomes project + imputation + phasing",genotyping + sequencing,pittsburgh compound b + apoptosis,race + tsi + ceu + ibs + fin + gbr + ethnic + ancestry + non-european + european ancestry,discovery + meta-analysis + stage + summary statistics + meta-analyses + combined
,0.92,0.221,rs12881735,14.0,92932828.0,T/C,,"stage 1 discovery ( n /thinspace = /thinspace63,926).P","stage 2 ( n /thinspace = /thinspace18,845).OR",uk biobank + adgc + international genomics of alzheimers project + eadi + ld hub + databasestudy + geradperades + igap + charge,Caucasian + Multi-ethnic + Caribbean Hispanic + African American + Asian,Stage 2 + Discovery + Joint-analysis + Replication + Meta-analysis + Validation + Stage 3 + Stage 1,"1,000 genomes + pre-phasing + pre-analysis quality control + machminimac + shapeitimpute2 + thousands of genomes + 1,000 genomes project + imputation + phasing",genotyping + sequencing,multiple sclerosis + pittsburgh compound b + complex traits + apoptosis,race + tsi + ceu + ibs + fin + gbr + ethnic + ancestry + non-european + european ancestry,discovery + meta-analysis + stage + summary statistics + meta-analyses + association analysis + combined
,0.92,0.221,rs12881735,14.0,92932828.0,T/C,,"stage 2 ( n /thinspace = /thinspace18,845).P","stage 2 ( n /thinspace = /thinspace18,845).OR",uk biobank + adgc + international genomics of alzheimers project + eadi + ld hub + geradperades + databasestudy + igap + charge,Caucasian + Multi-ethnic + Caribbean Hispanic + African American + Asian,Stage 2 + Discovery + Joint-analysis + Replication + Meta-analysis + Validation + Stage 3 + Stage 1,"1,000 genomes + pre-phasing + pre-analysis quality control + machminimac + shapeitimpute2 + 1,000 genomes project + imputation + phasing",genotyping + sequencing,pittsburgh compound b + complex traits + apoptosis,race + tsi + ceu + ibs + fin + gbr + ethnic + ancestry + non-european + european ancestry,discovery + meta-analysis + stage + summary statistics + combined
7.4e-09,0.92,0.221,rs12881735,14.0,92932828.0,T/C,,"Overall stage 1/thinspace + /thinspacestage 2 ( n /thinspace = /thinspace82,771).Meta P","stage 2 ( n /thinspace = /thinspace18,845).OR",uk biobank + adgc + international genomics of alzheimers project + eadi + ld hub + geradperades + databasestudy + igap + charge,Caucasian + Multi-ethnic + Caribbean Hispanic + African American + Asian,Stage 2 + Discovery + Joint-analysis + Replication + Meta-analysis + Validation + Stage 3 + Stage 1,"1,000 genomes + pre-phasing + pre-analysis quality control + machminimac + shapeitimpute2 + 1,000 genomes project + imputation + phasing",genotyping + sequencing,pittsburgh compound b + apoptosis,race + tsi + ceu + ibs + fin + gbr + ethnic + ancestry + non-european + european ancestry,discovery + meta + meta-analysis + stage + summary statistics + meta-analyses + combined
,0.92,0.221,rs12881735,14.0,92932828.0,T/C,,"Overall stage 1/thinspace + /thinspacestage 2 ( n /thinspace = /thinspace82,771).I 2 (%), P","stage 2 ( n /thinspace = /thinspace18,845).OR",uk biobank + adgc + international genomics of alzheimers project + eadi + ld hub + geradperades + databasestudy + igap + charge,Caucasian + Multi-ethnic + Caribbean Hispanic + African American + Asian,Stage 2 + Discovery + Joint-analysis + Replication + Meta-analysis + Validation + Stage 3 + Stage 1,"1,000 genomes + pre-phasing + pre-analysis quality control + machminimac + shapeitimpute2 + 1,000 genomes project + imputation + phasing",genotyping + sequencing,pittsburgh compound b + apoptosis,race + tsi + ceu + ibs + fin + gbr + ethnic + ancestry + non-european + european ancestry,discovery + meta-analysis + stage + summary statistics + meta-analyses + combined
,1.18,0.182,rs3752246,19.0,1056492.0,C/G,,"stage 1 discovery ( n /thinspace = /thinspace63,926).P","stage 2 ( n /thinspace = /thinspace18,845).OR",uk biobank + adgc + international genomics of alzheimers project + eadi + ld hub + databasestudy + geradperades + igap + charge,Caucasian + Multi-ethnic + Caribbean Hispanic + African American + Asian,Stage 2 + Discovery + Joint-analysis + Replication + Meta-analysis + Validation + Stage 3 + Stage 1,"1,000 genomes + pre-phasing + pre-analysis quality control + machminimac + shapeitimpute2 + thousands of genomes + 1,000 genomes project + imputation + phasing",genotyping + sequencing,multiple sclerosis + pittsburgh compound b + complex traits + apoptosis,race + tsi + ceu + ibs + fin + gbr + ethnic + ancestry + non-european + european ancestry,discovery + meta-analysis + stage + summary statistics + meta-analyses + association analysis + combined
,1.18,0.182,rs3752246,19.0,1056492.0,C/G,,"stage 2 ( n /thinspace = /thinspace18,845).P","stage 2 ( n /thinspace = /thinspace18,845).OR",uk biobank + adgc + international genomics of alzheimers project + eadi + ld hub + geradperades + databasestudy + igap + charge,Caucasian + Multi-ethnic + Caribbean Hispanic + African American + Asian,Stage 2 + Discovery + Joint-analysis + Replication + Meta-analysis + Validation + Stage 3 + Stage 1,"1,000 genomes + pre-phasing + pre-analysis quality control + machminimac + shapeitimpute2 + 1,000 genomes project + imputation + phasing",genotyping + sequencing,pittsburgh compound b + complex traits + apoptosis,race + tsi + ceu + ibs + fin + gbr + ethnic + ancestry + non-european + european ancestry,discovery + meta-analysis + stage + summary statistics + combined
,1.18,0.182,rs3752246,19.0,1056492.0,C/G,,"Overall stage 1/thinspace + /thinspacestage 2 ( n /thinspace = /thinspace82,771).Meta P","stage 2 ( n /thinspace = /thinspace18,845).OR",uk biobank + adgc + international genomics of alzheimers project + eadi + ld hub + geradperades + databasestudy + igap + charge,Caucasian + Multi-ethnic + Caribbean Hispanic + African American + Asian,Stage 2 + Discovery + Joint-analysis + Replication + Meta-analysis + Validation + Stage 3 + Stage 1,"1,000 genomes + pre-phasing + pre-analysis quality control + machminimac + shapeitimpute2 + 1,000 genomes project + imputation + phasing",genotyping + sequencing,pittsburgh compound b + apoptosis,race + tsi + ceu + ibs + fin + gbr + ethnic + ancestry + non-european + european ancestry,discovery + meta + meta-analysis + stage + summary statistics + meta-analyses + combined
,1.18,0.182,rs3752246,19.0,1056492.0,C/G,,"Overall stage 1/thinspace + /thinspacestage 2 ( n /thinspace = /thinspace82,771).I 2 (%), P","stage 2 ( n /thinspace = /thinspace18,845).OR",uk biobank + adgc + international genomics of alzheimers project + eadi + ld hub + geradperades + databasestudy + igap + charge,Caucasian + Multi-ethnic + Caribbean Hispanic + African American + Asian,Stage 2 + Discovery + Joint-analysis + Replication + Meta-analysis + Validation + Stage 3 + Stage 1,"1,000 genomes + pre-phasing + pre-analysis quality control + machminimac + shapeitimpute2 + 1,000 genomes project + imputation + phasing",genotyping + sequencing,pittsburgh compound b + apoptosis,race + tsi + ceu + ibs + fin + gbr + ethnic + ancestry + non-european + european ancestry,discovery + meta-analysis + stage + summary statistics + meta-analyses + combined
,,0.216,rs429358,19.0,45411941.0,T/C,,"stage 1 discovery ( n /thinspace = /thinspace63,926).P","stage 2 ( n /thinspace = /thinspace18,845).OR",uk biobank + adgc + international genomics of alzheimers project + eadi + ld hub + databasestudy + geradperades + igap + charge,Caucasian + Multi-ethnic + Caribbean Hispanic + African American + Asian,Stage 2 + Discovery + Joint-analysis + Replication + Meta-analysis + Validation + Stage 3 + Stage 1,"1,000 genomes + pre-phasing + pre-analysis quality control + machminimac + shapeitimpute2 + thousands of genomes + 1,000 genomes project + imputation + phasing",genotyping + sequencing,multiple sclerosis + pittsburgh compound b + complex traits + apoptosis,race + tsi + ceu + ibs + fin + gbr + ethnic + ancestry + non-european + european ancestry,discovery + meta-analysis + stage + summary statistics + meta-analyses + association analysis + combined
,,0.216,rs429358,19.0,45411941.0,T/C,,"stage 2 ( n /thinspace = /thinspace18,845).P","stage 2 ( n /thinspace = /thinspace18,845).OR",uk biobank + adgc + international genomics of alzheimers project + eadi + ld hub + geradperades + databasestudy + igap + charge,Caucasian + Multi-ethnic + Caribbean Hispanic + African American + Asian,Stage 2 + Discovery + Joint-analysis + Replication + Meta-analysis + Validation + Stage 3 + Stage 1,"1,000 genomes + pre-phasing + pre-analysis quality control + machminimac + shapeitimpute2 + 1,000 genomes project + imputation + phasing",genotyping + sequencing,pittsburgh compound b + complex traits + apoptosis,race + tsi + ceu + ibs + fin + gbr + ethnic + ancestry + non-european + european ancestry,discovery + meta-analysis + stage + summary statistics + combined
,,0.216,rs429358,19.0,45411941.0,T/C,,"Overall stage 1/thinspace + /thinspacestage 2 ( n /thinspace = /thinspace82,771).Meta P","stage 2 ( n /thinspace = /thinspace18,845).OR",uk biobank + adgc + international genomics of alzheimers project + eadi + ld hub + geradperades + databasestudy + igap + charge,Caucasian + Multi-ethnic + Caribbean Hispanic + African American + Asian,Stage 2 + Discovery + Joint-analysis + Replication + Meta-analysis + Validation + Stage 3 + Stage 1,"1,000 genomes + pre-phasing + pre-analysis quality control + machminimac + shapeitimpute2 + 1,000 genomes project + imputation + phasing",genotyping + sequencing,pittsburgh compound b + apoptosis,race + tsi + ceu + ibs + fin + gbr + ethnic + ancestry + non-european + european ancestry,discovery + meta + meta-analysis + stage + summary statistics + meta-analyses + combined
,,0.216,rs429358,19.0,45411941.0,T/C,,"Overall stage 1/thinspace + /thinspacestage 2 ( n /thinspace = /thinspace82,771).I 2 (%), P","stage 2 ( n /thinspace = /thinspace18,845).OR",uk biobank + adgc + international genomics of alzheimers project + eadi + ld hub + geradperades + databasestudy + igap + charge,Caucasian + Multi-ethnic + Caribbean Hispanic + African American + Asian,Stage 2 + Discovery + Joint-analysis + Replication + Meta-analysis + Validation + Stage 3 + Stage 1,"1,000 genomes + pre-phasing + pre-analysis quality control + machminimac + shapeitimpute2 + 1,000 genomes project + imputation + phasing",genotyping + sequencing,pittsburgh compound b + apoptosis,race + tsi + ceu + ibs + fin + gbr + ethnic + ancestry + non-european + european ancestry,discovery + meta-analysis + stage + summary statistics + meta-analyses + combined
,0.9,0.088,rs6024870,20.0,54997568.0,G/A,,"stage 1 discovery ( n /thinspace = /thinspace63,926).P","stage 2 ( n /thinspace = /thinspace18,845).OR",uk biobank + adgc + international genomics of alzheimers project + eadi + ld hub + databasestudy + geradperades + igap + charge,Caucasian + Multi-ethnic + Caribbean Hispanic + African American + Asian,Stage 2 + Discovery + Joint-analysis + Replication + Meta-analysis + Validation + Stage 3 + Stage 1,"1,000 genomes + pre-phasing + pre-analysis quality control + machminimac + shapeitimpute2 + thousands of genomes + 1,000 genomes project + imputation + phasing",genotyping + sequencing,multiple sclerosis + pittsburgh compound b + complex traits + apoptosis,race + tsi + ceu + ibs + fin + gbr + ethnic + ancestry + non-european + european ancestry,discovery + meta-analysis + stage + summary statistics + meta-analyses + association analysis + combined
,0.9,0.088,rs6024870,20.0,54997568.0,G/A,,"stage 2 ( n /thinspace = /thinspace18,845).P","stage 2 ( n /thinspace = /thinspace18,845).OR",uk biobank + adgc + international genomics of alzheimers project + eadi + ld hub + geradperades + databasestudy + igap + charge,Caucasian + Multi-ethnic + Caribbean Hispanic + African American + Asian,Stage 2 + Discovery + Joint-analysis + Replication + Meta-analysis + Validation + Stage 3 + Stage 1,"1,000 genomes + pre-phasing + pre-analysis quality control + machminimac + shapeitimpute2 + 1,000 genomes project + imputation + phasing",genotyping + sequencing,pittsburgh compound b + complex traits + apoptosis,race + tsi + ceu + ibs + fin + gbr + ethnic + ancestry + non-european + european ancestry,discovery + meta-analysis + stage + summary statistics + combined
,0.9,0.088,rs6024870,20.0,54997568.0,G/A,,"Overall stage 1/thinspace + /thinspacestage 2 ( n /thinspace = /thinspace82,771).Meta P","stage 2 ( n /thinspace = /thinspace18,845).OR",uk biobank + adgc + international genomics of alzheimers project + eadi + ld hub + geradperades + databasestudy + igap + charge,Caucasian + Multi-ethnic + Caribbean Hispanic + African American + Asian,Stage 2 + Discovery + Joint-analysis + Replication + Meta-analysis + Validation + Stage 3 + Stage 1,"1,000 genomes + pre-phasing + pre-analysis quality control + machminimac + shapeitimpute2 + 1,000 genomes project + imputation + phasing",genotyping + sequencing,pittsburgh compound b + apoptosis,race + tsi + ceu + ibs + fin + gbr + ethnic + ancestry + non-european + european ancestry,discovery + meta + meta-analysis + stage + summary statistics + meta-analyses + combined
,0.9,0.088,rs6024870,20.0,54997568.0,G/A,,"Overall stage 1/thinspace + /thinspacestage 2 ( n /thinspace = /thinspace82,771).I 2 (%), P","stage 2 ( n /thinspace = /thinspace18,845).OR",uk biobank + adgc + international genomics of alzheimers project + eadi + ld hub + geradperades + databasestudy + igap + charge,Caucasian + Multi-ethnic + Caribbean Hispanic + African American + Asian,Stage 2 + Discovery + Joint-analysis + Replication + Meta-analysis + Validation + Stage 3 + Stage 1,"1,000 genomes + pre-phasing + pre-analysis quality control + machminimac + shapeitimpute2 + 1,000 genomes project + imputation + phasing",genotyping + sequencing,pittsburgh compound b + apoptosis,race + tsi + ceu + ibs + fin + gbr + ethnic + ancestry + non-european + european ancestry,discovery + meta-analysis + stage + summary statistics + meta-analyses + combined
,1.07,0.389,rs7920721,10.0,11720308.0,A/G,,"stage 1 discovery ( n /thinspace = /thinspace63,926).P","stage 2 ( n /thinspace = /thinspace18,845).OR",uk biobank + adgc + international genomics of alzheimers project + eadi + ld hub + databasestudy + geradperades + igap + charge,Caucasian + Multi-ethnic + Caribbean Hispanic + African American + Asian,Stage 2 + Discovery + Joint-analysis + Replication + Meta-analysis + Validation + Stage 3 + Stage 1,"1,000 genomes + pre-phasing + pre-analysis quality control + machminimac + shapeitimpute2 + thousands of genomes + 1,000 genomes project + imputation + phasing",genotyping + sequencing,multiple sclerosis + pittsburgh compound b + complex traits + apoptosis,race + tsi + ceu + ibs + fin + gbr + ethnic + ancestry + non-european + european ancestry,discovery + meta-analysis + stage + summary statistics + meta-analyses + association analysis + combined
,1.07,0.389,rs7920721,10.0,11720308.0,A/G,,"stage 2 ( n /thinspace = /thinspace18,845).P","stage 2 ( n /thinspace = /thinspace18,845).OR",uk biobank + adgc + international genomics of alzheimers project + eadi + ld hub + geradperades + databasestudy + igap + charge,Caucasian + Multi-ethnic + Caribbean Hispanic + African American + Asian,Stage 2 + Discovery + Joint-analysis + Replication + Meta-analysis + Validation + Stage 3 + Stage 1,"1,000 genomes + pre-phasing + pre-analysis quality control + machminimac + shapeitimpute2 + 1,000 genomes project + imputation + phasing",genotyping + sequencing,pittsburgh compound b + complex traits + apoptosis,race + tsi + ceu + ibs + fin + gbr + ethnic + ancestry + non-european + european ancestry,discovery + meta-analysis + stage + summary statistics + combined
,1.07,0.389,rs7920721,10.0,11720308.0,A/G,,"Overall stage 1/thinspace + /thinspacestage 2 ( n /thinspace = /thinspace82,771).Meta P","stage 2 ( n /thinspace = /thinspace18,845).OR",uk biobank + adgc + international genomics of alzheimers project + eadi + ld hub + geradperades + databasestudy + igap + charge,Caucasian + Multi-ethnic + Caribbean Hispanic + African American + Asian,Stage 2 + Discovery + Joint-analysis + Replication + Meta-analysis + Validation + Stage 3 + Stage 1,"1,000 genomes + pre-phasing + pre-analysis quality control + machminimac + shapeitimpute2 + 1,000 genomes project + imputation + phasing",genotyping + sequencing,pittsburgh compound b + apoptosis,race + tsi + ceu + ibs + fin + gbr + ethnic + ancestry + non-european + european ancestry,discovery + meta + meta-analysis + stage + summary statistics + meta-analyses + combined
,1.07,0.389,rs7920721,10.0,11720308.0,A/G,,"Overall stage 1/thinspace + /thinspacestage 2 ( n /thinspace = /thinspace82,771).I 2 (%), P","stage 2 ( n /thinspace = /thinspace18,845).OR",uk biobank + adgc + international genomics of alzheimers project + eadi + ld hub + geradperades + databasestudy + igap + charge,Caucasian + Multi-ethnic + Caribbean Hispanic + African American + Asian,Stage 2 + Discovery + Joint-analysis + Replication + Meta-analysis + Validation + Stage 3 + Stage 1,"1,000 genomes + pre-phasing + pre-analysis quality control + machminimac + shapeitimpute2 + 1,000 genomes project + imputation + phasing",genotyping + sequencing,pittsburgh compound b + apoptosis,race + tsi + ceu + ibs + fin + gbr + ethnic + ancestry + non-european + european ancestry,discovery + meta-analysis + stage + summary statistics + meta-analyses + combined
,1.41,0.02,rs138190086,17.0,61538148.0,G/A,,"stage 1 discovery ( n /thinspace = /thinspace63,926).P","stage 2 ( n /thinspace = /thinspace18,845).OR",uk biobank + adgc + international genomics of alzheimers project + eadi + ld hub + databasestudy + geradperades + igap + charge,Caucasian + Multi-ethnic + Caribbean Hispanic + African American + Asian,Stage 2 + Discovery + Joint-analysis + Replication + Meta-analysis + Validation + Stage 3 + Stage 1,"1,000 genomes + pre-phasing + pre-analysis quality control + machminimac + shapeitimpute2 + thousands of genomes + 1,000 genomes project + imputation + phasing",genotyping + sequencing,multiple sclerosis + pittsburgh compound b + complex traits + apoptosis,race + tsi + ceu + ibs + fin + gbr + ethnic + ancestry + non-european + european ancestry,discovery + meta-analysis + stage + summary statistics + meta-analyses + association analysis + combined
,1.41,0.02,rs138190086,17.0,61538148.0,G/A,,"stage 2 ( n /thinspace = /thinspace18,845).P","stage 2 ( n /thinspace = /thinspace18,845).OR",uk biobank + adgc + international genomics of alzheimers project + eadi + ld hub + geradperades + databasestudy + igap + charge,Caucasian + Multi-ethnic + Caribbean Hispanic + African American + Asian,Stage 2 + Discovery + Joint-analysis + Replication + Meta-analysis + Validation + Stage 3 + Stage 1,"1,000 genomes + pre-phasing + pre-analysis quality control + machminimac + shapeitimpute2 + 1,000 genomes project + imputation + phasing",genotyping + sequencing,pittsburgh compound b + complex traits + apoptosis,race + tsi + ceu + ibs + fin + gbr + ethnic + ancestry + non-european + european ancestry,discovery + meta-analysis + stage + summary statistics + combined
,1.41,0.02,rs138190086,17.0,61538148.0,G/A,,"Overall stage 1/thinspace + /thinspacestage 2 ( n /thinspace = /thinspace82,771).Meta P","stage 2 ( n /thinspace = /thinspace18,845).OR",uk biobank + adgc + international genomics of alzheimers project + eadi + ld hub + geradperades + databasestudy + igap + charge,Caucasian + Multi-ethnic + Caribbean Hispanic + African American + Asian,Stage 2 + Discovery + Joint-analysis + Replication + Meta-analysis + Validation + Stage 3 + Stage 1,"1,000 genomes + pre-phasing + pre-analysis quality control + machminimac + shapeitimpute2 + 1,000 genomes project + imputation + phasing",genotyping + sequencing,pittsburgh compound b + apoptosis,race + tsi + ceu + ibs + fin + gbr + ethnic + ancestry + non-european + european ancestry,discovery + meta + meta-analysis + stage + summary statistics + meta-analyses + combined
,1.41,0.02,rs138190086,17.0,61538148.0,G/A,,"Overall stage 1/thinspace + /thinspacestage 2 ( n /thinspace = /thinspace82,771).I 2 (%), P","stage 2 ( n /thinspace = /thinspace18,845).OR",uk biobank + adgc + international genomics of alzheimers project + eadi + ld hub + geradperades + databasestudy + igap + charge,Caucasian + Multi-ethnic + Caribbean Hispanic + African American + Asian,Stage 2 + Discovery + Joint-analysis + Replication + Meta-analysis + Validation + Stage 3 + Stage 1,"1,000 genomes + pre-phasing + pre-analysis quality control + machminimac + shapeitimpute2 + 1,000 genomes project + imputation + phasing",genotyping + sequencing,pittsburgh compound b + apoptosis,race + tsi + ceu + ibs + fin + gbr + ethnic + ancestry + non-european + european ancestry,discovery + meta-analysis + stage + summary statistics + meta-analyses + combined
,0.93,0.39,rs190982,5.0,88223420.0,A/G,,"stage 1 discovery ( n /thinspace = /thinspace63,926).P","stage 2 ( n /thinspace = /thinspace18,845).OR",uk biobank + adgc + international genomics of alzheimers project + eadi + ld hub + databasestudy + geradperades + igap + charge,Caucasian + Multi-ethnic + Caribbean Hispanic + African American + Asian,Stage 2 + Discovery + Joint-analysis + Replication + Meta-analysis + Validation + Stage 3 + Stage 1,"1,000 genomes + pre-phasing + pre-analysis quality control + machminimac + shapeitimpute2 + thousands of genomes + 1,000 genomes project + imputation + phasing",genotyping + sequencing,multiple sclerosis + pittsburgh compound b + complex traits + apoptosis,race + tsi + ceu + ibs + fin + gbr + ethnic + ancestry + non-european + european ancestry,discovery + meta-analysis + stage + summary statistics + meta-analyses + association analysis + combined
,0.93,0.39,rs190982,5.0,88223420.0,A/G,,"stage 2 ( n /thinspace = /thinspace18,845).P","stage 2 ( n /thinspace = /thinspace18,845).OR",uk biobank + adgc + international genomics of alzheimers project + eadi + ld hub + geradperades + databasestudy + igap + charge,Caucasian + Multi-ethnic + Caribbean Hispanic + African American + Asian,Stage 2 + Discovery + Joint-analysis + Replication + Meta-analysis + Validation + Stage 3 + Stage 1,"1,000 genomes + pre-phasing + pre-analysis quality control + machminimac + shapeitimpute2 + 1,000 genomes project + imputation + phasing",genotyping + sequencing,pittsburgh compound b + complex traits + apoptosis,race + tsi + ceu + ibs + fin + gbr + ethnic + ancestry + non-european + european ancestry,discovery + meta-analysis + stage + summary statistics + combined
,0.93,0.39,rs190982,5.0,88223420.0,A/G,,"Overall stage 1/thinspace + /thinspacestage 2 ( n /thinspace = /thinspace82,771).Meta P","stage 2 ( n /thinspace = /thinspace18,845).OR",uk biobank + adgc + international genomics of alzheimers project + eadi + ld hub + geradperades + databasestudy + igap + charge,Caucasian + Multi-ethnic + Caribbean Hispanic + African American + Asian,Stage 2 + Discovery + Joint-analysis + Replication + Meta-analysis + Validation + Stage 3 + Stage 1,"1,000 genomes + pre-phasing + pre-analysis quality control + machminimac + shapeitimpute2 + 1,000 genomes project + imputation + phasing",genotyping + sequencing,pittsburgh compound b + apoptosis,race + tsi + ceu + ibs + fin + gbr + ethnic + ancestry + non-european + european ancestry,discovery + meta + meta-analysis + stage + summary statistics + meta-analyses + combined
,0.93,0.39,rs190982,5.0,88223420.0,A/G,,"Overall stage 1/thinspace + /thinspacestage 2 ( n /thinspace = /thinspace82,771).I 2 (%), P","stage 2 ( n /thinspace = /thinspace18,845).OR",uk biobank + adgc + international genomics of alzheimers project + eadi + ld hub + geradperades + databasestudy + igap + charge,Caucasian + Multi-ethnic + Caribbean Hispanic + African American + Asian,Stage 2 + Discovery + Joint-analysis + Replication + Meta-analysis + Validation + Stage 3 + Stage 1,"1,000 genomes + pre-phasing + pre-analysis quality control + machminimac + shapeitimpute2 + 1,000 genomes project + imputation + phasing",genotyping + sequencing,pittsburgh compound b + apoptosis,race + tsi + ceu + ibs + fin + gbr + ethnic + ancestry + non-european + european ancestry,discovery + meta-analysis + stage + summary statistics + meta-analyses + combined
,0.91,0.356,rs4723711,7.0,37844263.0,A/T,,"stage 1 discovery ( n /thinspace = /thinspace63,926).P","stage 2 ( n /thinspace = /thinspace18,845).OR",uk biobank + adgc + international genomics of alzheimers project + eadi + ld hub + databasestudy + geradperades + igap + charge,Caucasian + Multi-ethnic + Caribbean Hispanic + African American + Asian,Stage 2 + Discovery + Joint-analysis + Replication + Meta-analysis + Validation + Stage 3 + Stage 1,"1,000 genomes + pre-phasing + pre-analysis quality control + machminimac + shapeitimpute2 + thousands of genomes + 1,000 genomes project + imputation + phasing",genotyping + sequencing,multiple sclerosis + pittsburgh compound b + complex traits + apoptosis,race + tsi + ceu + ibs + fin + gbr + ethnic + ancestry + non-european + european ancestry,discovery + meta-analysis + stage + summary statistics + meta-analyses + association analysis + combined
,0.91,0.356,rs4723711,7.0,37844263.0,A/T,,"stage 2 ( n /thinspace = /thinspace18,845).P","stage 2 ( n /thinspace = /thinspace18,845).OR",uk biobank + adgc + international genomics of alzheimers project + eadi + ld hub + geradperades + databasestudy + igap + charge,Caucasian + Multi-ethnic + Caribbean Hispanic + African American + Asian,Stage 2 + Discovery + Joint-analysis + Replication + Meta-analysis + Validation + Stage 3 + Stage 1,"1,000 genomes + pre-phasing + pre-analysis quality control + machminimac + shapeitimpute2 + 1,000 genomes project + imputation + phasing",genotyping + sequencing,pittsburgh compound b + complex traits + apoptosis,race + tsi + ceu + ibs + fin + gbr + ethnic + ancestry + non-european + european ancestry,discovery + meta-analysis + stage + summary statistics + combined
,0.91,0.356,rs4723711,7.0,37844263.0,A/T,,"Overall stage 1/thinspace + /thinspacestage 2 ( n /thinspace = /thinspace82,771).Meta P","stage 2 ( n /thinspace = /thinspace18,845).OR",uk biobank + adgc + international genomics of alzheimers project + eadi + ld hub + geradperades + databasestudy + igap + charge,Caucasian + Multi-ethnic + Caribbean Hispanic + African American + Asian,Stage 2 + Discovery + Joint-analysis + Replication + Meta-analysis + Validation + Stage 3 + Stage 1,"1,000 genomes + pre-phasing + pre-analysis quality control + machminimac + shapeitimpute2 + 1,000 genomes project + imputation + phasing",genotyping + sequencing,pittsburgh compound b + apoptosis,race + tsi + ceu + ibs + fin + gbr + ethnic + ancestry + non-european + european ancestry,discovery + meta + meta-analysis + stage + summary statistics + meta-analyses + combined
,0.91,0.356,rs4723711,7.0,37844263.0,A/T,,"Overall stage 1/thinspace + /thinspacestage 2 ( n /thinspace = /thinspace82,771).I 2 (%), P","stage 2 ( n /thinspace = /thinspace18,845).OR",uk biobank + adgc + international genomics of alzheimers project + eadi + ld hub + geradperades + databasestudy + igap + charge,Caucasian + Multi-ethnic + Caribbean Hispanic + African American + Asian,Stage 2 + Discovery + Joint-analysis + Replication + Meta-analysis + Validation + Stage 3 + Stage 1,"1,000 genomes + pre-phasing + pre-analysis quality control + machminimac + shapeitimpute2 + 1,000 genomes project + imputation + phasing",genotyping + sequencing,pittsburgh compound b + apoptosis,race + tsi + ceu + ibs + fin + gbr + ethnic + ancestry + non-european + european ancestry,discovery + meta-analysis + stage + summary statistics + meta-analyses + combined
,1.13,0.187,rs4844610,1.0,207802552.0,C/A,,"stage 1 discovery ( n /thinspace = /thinspace63,926).P","stage 2 ( n /thinspace = /thinspace18,845).95%Ci",uk biobank + adgc + international genomics of alzheimers project + eadi + ld hub + databasestudy + geradperades + igap + charge,Caucasian + Multi-ethnic + Caribbean Hispanic + African American + Asian,Stage 2 + Discovery + Joint-analysis + Replication + Meta-analysis + Validation + Stage 3 + Stage 1,"reference panel + 1,000 genomes + pre-phasing + pre-analysis quality control + machminimac + shapeitimpute2 + thousands of genomes + 1,000 genomes project + imputation + phasing",genotyping + sequencing,multiple sclerosis + complex traits + cognitive decline + apoptosis + pittsburgh compound b,race + tsi + ceu + ibs + fin + gbr + ethnic + ancestry + non-european + european ancestry,discovery + meta-analysis + stage + summary statistics + meta-analyses + association analysis + combined
,1.13,0.187,rs4844610,1.0,207802552.0,C/A,,"stage 2 ( n /thinspace = /thinspace18,845).P","stage 2 ( n /thinspace = /thinspace18,845).95%Ci",uk biobank + adgc + international genomics of alzheimers project + eadi + ld hub + geradperades + databasestudy + igap + charge,Caucasian + Multi-ethnic + Caribbean Hispanic + African American + Asian,Stage 2 + Discovery + Joint-analysis + Replication + Meta-analysis + Validation + Stage 3 + Stage 1,"reference panel + 1,000 genomes + pre-phasing + pre-analysis quality control + machminimac + shapeitimpute2 + 1,000 genomes project + imputation + phasing",genotyping + sequencing,pittsburgh compound b + complex traits + cognitive decline + apoptosis,race + tsi + ceu + ibs + fin + gbr + ethnic + ancestry + non-european + european ancestry,discovery + meta-analysis + stage + summary statistics + meta-analyses + association analysis + combined
,1.13,0.187,rs4844610,1.0,207802552.0,C/A,,"Overall stage 1/thinspace + /thinspacestage 2 ( n /thinspace = /thinspace82,771).Meta P","stage 2 ( n /thinspace = /thinspace18,845).95%Ci",uk biobank + adgc + international genomics of alzheimers project + eadi + ld hub + geradperades + databasestudy + igap + charge,Caucasian + Multi-ethnic + Caribbean Hispanic + African American + Asian,Stage 2 + Discovery + Joint-analysis + Replication + Meta-analysis + Validation + Stage 3 + Stage 1,"reference panel + 1,000 genomes + pre-phasing + pre-analysis quality control + machminimac + shapeitimpute2 + 1,000 genomes project + imputation + phasing",genotyping + sequencing,pittsburgh compound b + complex traits + cognitive decline + apoptosis,race + tsi + ceu + ibs + fin + gbr + ethnic + ancestry + non-european + european ancestry,discovery + meta + meta-analysis + stage + summary statistics + meta-analyses + association analysis + combined
,1.13,0.187,rs4844610,1.0,207802552.0,C/A,,"Overall stage 1/thinspace + /thinspacestage 2 ( n /thinspace = /thinspace82,771).I 2 (%), P","stage 2 ( n /thinspace = /thinspace18,845).95%Ci",uk biobank + adgc + international genomics of alzheimers project + eadi + ld hub + geradperades + databasestudy + igap + charge,Caucasian + Multi-ethnic + Caribbean Hispanic + African American + Asian,Stage 2 + Discovery + Joint-analysis + Replication + Meta-analysis + Validation + Stage 3 + Stage 1,"reference panel + 1,000 genomes + pre-phasing + pre-analysis quality control + machminimac + shapeitimpute2 + 1,000 genomes project + imputation + phasing",genotyping + sequencing,pittsburgh compound b + complex traits + cognitive decline + apoptosis,race + tsi + ceu + ibs + fin + gbr + ethnic + ancestry + non-european + european ancestry,discovery + meta-analysis + stage + summary statistics + meta-analyses + association analysis + combined
,1.18,0.407,rs6733839,2.0,127892810.0,C/T,,"stage 1 discovery ( n /thinspace = /thinspace63,926).P","stage 2 ( n /thinspace = /thinspace18,845).95%Ci",uk biobank + adgc + international genomics of alzheimers project + eadi + ld hub + databasestudy + geradperades + igap + charge,Caucasian + Multi-ethnic + Caribbean Hispanic + African American + Asian,Stage 2 + Discovery + Joint-analysis + Replication + Meta-analysis + Validation + Stage 3 + Stage 1,"reference panel + 1,000 genomes + pre-phasing + pre-analysis quality control + machminimac + shapeitimpute2 + thousands of genomes + 1,000 genomes project + imputation + phasing",genotyping + sequencing,multiple sclerosis + complex traits + cognitive decline + apoptosis + pittsburgh compound b,race + tsi + ceu + ibs + fin + gbr + ethnic + ancestry + non-european + european ancestry,discovery + meta-analysis + stage + summary statistics + meta-analyses + association analysis + combined
,1.18,0.407,rs6733839,2.0,127892810.0,C/T,,"stage 2 ( n /thinspace = /thinspace18,845).P","stage 2 ( n /thinspace = /thinspace18,845).95%Ci",uk biobank + adgc + international genomics of alzheimers project + eadi + ld hub + geradperades + databasestudy + igap + charge,Caucasian + Multi-ethnic + Caribbean Hispanic + African American + Asian,Stage 2 + Discovery + Joint-analysis + Replication + Meta-analysis + Validation + Stage 3 + Stage 1,"reference panel + 1,000 genomes + pre-phasing + pre-analysis quality control + machminimac + shapeitimpute2 + 1,000 genomes project + imputation + phasing",genotyping + sequencing,pittsburgh compound b + complex traits + cognitive decline + apoptosis,race + tsi + ceu + ibs + fin + gbr + ethnic + ancestry + non-european + european ancestry,discovery + meta-analysis + stage + summary statistics + meta-analyses + association analysis + combined
,1.18,0.407,rs6733839,2.0,127892810.0,C/T,,"Overall stage 1/thinspace + /thinspacestage 2 ( n /thinspace = /thinspace82,771).Meta P","stage 2 ( n /thinspace = /thinspace18,845).95%Ci",uk biobank + adgc + international genomics of alzheimers project + eadi + ld hub + geradperades + databasestudy + igap + charge,Caucasian + Multi-ethnic + Caribbean Hispanic + African American + Asian,Stage 2 + Discovery + Joint-analysis + Replication + Meta-analysis + Validation + Stage 3 + Stage 1,"reference panel + 1,000 genomes + pre-phasing + pre-analysis quality control + machminimac + shapeitimpute2 + 1,000 genomes project + imputation + phasing",genotyping + sequencing,pittsburgh compound b + complex traits + cognitive decline + apoptosis,race + tsi + ceu + ibs + fin + gbr + ethnic + ancestry + non-european + european ancestry,discovery + meta + meta-analysis + stage + summary statistics + meta-analyses + association analysis + combined
,1.18,0.407,rs6733839,2.0,127892810.0,C/T,,"Overall stage 1/thinspace + /thinspacestage 2 ( n /thinspace = /thinspace82,771).I 2 (%), P","stage 2 ( n /thinspace = /thinspace18,845).95%Ci",uk biobank + adgc + international genomics of alzheimers project + eadi + ld hub + geradperades + databasestudy + igap + charge,Caucasian + Multi-ethnic + Caribbean Hispanic + African American + Asian,Stage 2 + Discovery + Joint-analysis + Replication + Meta-analysis + Validation + Stage 3 + Stage 1,"reference panel + 1,000 genomes + pre-phasing + pre-analysis quality control + machminimac + shapeitimpute2 + 1,000 genomes project + imputation + phasing",genotyping + sequencing,pittsburgh compound b + complex traits + cognitive decline + apoptosis,race + tsi + ceu + ibs + fin + gbr + ethnic + ancestry + non-european + european ancestry,discovery + meta-analysis + stage + summary statistics + meta-analyses + association analysis + combined
,0.87,0.223,rs10933431,2.0,233981912.0,C/G,,"stage 1 discovery ( n /thinspace = /thinspace63,926).P","stage 2 ( n /thinspace = /thinspace18,845).95%Ci",uk biobank + adgc + international genomics of alzheimers project + eadi + ld hub + databasestudy + geradperades + igap + charge,Caucasian + Multi-ethnic + Caribbean Hispanic + African American + Asian,Stage 2 + Discovery + Joint-analysis + Replication + Meta-analysis + Validation + Stage 3 + Stage 1,"reference panel + 1,000 genomes + pre-phasing + pre-analysis quality control + machminimac + shapeitimpute2 + thousands of genomes + 1,000 genomes project + imputation + phasing",genotyping + sequencing,multiple sclerosis + complex traits + cognitive decline + apoptosis + pittsburgh compound b,race + tsi + ceu + ibs + fin + gbr + ethnic + ancestry + non-european + european ancestry,discovery + meta-analysis + stage + summary statistics + meta-analyses + association analysis + combined
,0.87,0.223,rs10933431,2.0,233981912.0,C/G,,"stage 2 ( n /thinspace = /thinspace18,845).P","stage 2 ( n /thinspace = /thinspace18,845).95%Ci",uk biobank + adgc + international genomics of alzheimers project + eadi + ld hub + geradperades + databasestudy + igap + charge,Caucasian + Multi-ethnic + Caribbean Hispanic + African American + Asian,Stage 2 + Discovery + Joint-analysis + Replication + Meta-analysis + Validation + Stage 3 + Stage 1,"reference panel + 1,000 genomes + pre-phasing + pre-analysis quality control + machminimac + shapeitimpute2 + 1,000 genomes project + imputation + phasing",genotyping + sequencing,pittsburgh compound b + complex traits + cognitive decline + apoptosis,race + tsi + ceu + ibs + fin + gbr + ethnic + ancestry + non-european + european ancestry,discovery + meta-analysis + stage + summary statistics + meta-analyses + association analysis + combined
,0.87,0.223,rs10933431,2.0,233981912.0,C/G,,"Overall stage 1/thinspace + /thinspacestage 2 ( n /thinspace = /thinspace82,771).Meta P","stage 2 ( n /thinspace = /thinspace18,845).95%Ci",uk biobank + adgc + international genomics of alzheimers project + eadi + ld hub + geradperades + databasestudy + igap + charge,Caucasian + Multi-ethnic + Caribbean Hispanic + African American + Asian,Stage 2 + Discovery + Joint-analysis + Replication + Meta-analysis + Validation + Stage 3 + Stage 1,"reference panel + 1,000 genomes + pre-phasing + pre-analysis quality control + machminimac + shapeitimpute2 + 1,000 genomes project + imputation + phasing",genotyping + sequencing,pittsburgh compound b + complex traits + cognitive decline + apoptosis,race + tsi + ceu + ibs + fin + gbr + ethnic + ancestry + non-european + european ancestry,discovery + meta + meta-analysis + stage + summary statistics + meta-analyses + association analysis + combined
,0.87,0.223,rs10933431,2.0,233981912.0,C/G,,"Overall stage 1/thinspace + /thinspacestage 2 ( n /thinspace = /thinspace82,771).I 2 (%), P","stage 2 ( n /thinspace = /thinspace18,845).95%Ci",uk biobank + adgc + international genomics of alzheimers project + eadi + ld hub + geradperades + databasestudy + igap + charge,Caucasian + Multi-ethnic + Caribbean Hispanic + African American + Asian,Stage 2 + Discovery + Joint-analysis + Replication + Meta-analysis + Validation + Stage 3 + Stage 1,"reference panel + 1,000 genomes + pre-phasing + pre-analysis quality control + machminimac + shapeitimpute2 + 1,000 genomes project + imputation + phasing",genotyping + sequencing,pittsburgh compound b + complex traits + cognitive decline + apoptosis,race + tsi + ceu + ibs + fin + gbr + ethnic + ancestry + non-european + european ancestry,discovery + meta-analysis + stage + summary statistics + meta-analyses + association analysis + combined
,1.06,0.27,rs9271058,6.0,32575406.0,T/A,,"stage 1 discovery ( n /thinspace = /thinspace63,926).P","stage 2 ( n /thinspace = /thinspace18,845).95%Ci",uk biobank + adgc + international genomics of alzheimers project + eadi + ld hub + databasestudy + geradperades + igap + charge,Caucasian + Multi-ethnic + Caribbean Hispanic + African American + Asian,Stage 2 + Discovery + Joint-analysis + Replication + Meta-analysis + Validation + Stage 3 + Stage 1,"reference panel + 1,000 genomes + pre-phasing + pre-analysis quality control + machminimac + shapeitimpute2 + thousands of genomes + 1,000 genomes project + imputation + phasing",genotyping + sequencing,multiple sclerosis + complex traits + cognitive decline + apoptosis + pittsburgh compound b,race + tsi + ceu + ibs + fin + gbr + ethnic + ancestry + non-european + european ancestry,discovery + meta-analysis + stage + summary statistics + meta-analyses + association analysis + combined
,1.06,0.27,rs9271058,6.0,32575406.0,T/A,,"stage 2 ( n /thinspace = /thinspace18,845).P","stage 2 ( n /thinspace = /thinspace18,845).95%Ci",uk biobank + adgc + international genomics of alzheimers project + eadi + ld hub + geradperades + databasestudy + igap + charge,Caucasian + Multi-ethnic + Caribbean Hispanic + African American + Asian,Stage 2 + Discovery + Joint-analysis + Replication + Meta-analysis + Validation + Stage 3 + Stage 1,"reference panel + 1,000 genomes + pre-phasing + pre-analysis quality control + machminimac + shapeitimpute2 + 1,000 genomes project + imputation + phasing",genotyping + sequencing,pittsburgh compound b + complex traits + cognitive decline + apoptosis,race + tsi + ceu + ibs + fin + gbr + ethnic + ancestry + non-european + european ancestry,discovery + meta-analysis + stage + summary statistics + meta-analyses + association analysis + combined
,1.06,0.27,rs9271058,6.0,32575406.0,T/A,,"Overall stage 1/thinspace + /thinspacestage 2 ( n /thinspace = /thinspace82,771).Meta P","stage 2 ( n /thinspace = /thinspace18,845).95%Ci",uk biobank + adgc + international genomics of alzheimers project + eadi + ld hub + geradperades + databasestudy + igap + charge,Caucasian + Multi-ethnic + Caribbean Hispanic + African American + Asian,Stage 2 + Discovery + Joint-analysis + Replication + Meta-analysis + Validation + Stage 3 + Stage 1,"reference panel + 1,000 genomes + pre-phasing + pre-analysis quality control + machminimac + shapeitimpute2 + 1,000 genomes project + imputation + phasing",genotyping + sequencing,pittsburgh compound b + complex traits + cognitive decline + apoptosis,race + tsi + ceu + ibs + fin + gbr + ethnic + ancestry + non-european + european ancestry,discovery + meta + meta-analysis + stage + summary statistics + meta-analyses + association analysis + combined
,1.06,0.27,rs9271058,6.0,32575406.0,T/A,,"Overall stage 1/thinspace + /thinspacestage 2 ( n /thinspace = /thinspace82,771).I 2 (%), P","stage 2 ( n /thinspace = /thinspace18,845).95%Ci",uk biobank + adgc + international genomics of alzheimers project + eadi + ld hub + geradperades + databasestudy + igap + charge,Caucasian + Multi-ethnic + Caribbean Hispanic + African American + Asian,Stage 2 + Discovery + Joint-analysis + Replication + Meta-analysis + Validation + Stage 3 + Stage 1,"reference panel + 1,000 genomes + pre-phasing + pre-analysis quality control + machminimac + shapeitimpute2 + 1,000 genomes project + imputation + phasing",genotyping + sequencing,pittsburgh compound b + complex traits + cognitive decline + apoptosis,race + tsi + ceu + ibs + fin + gbr + ethnic + ancestry + non-european + european ancestry,discovery + meta-analysis + stage + summary statistics + meta-analyses + association analysis + combined
,1.56,0.008,rs75932628,6.0,41129252.0,C/T,,"stage 1 discovery ( n /thinspace = /thinspace63,926).P","stage 2 ( n /thinspace = /thinspace18,845).95%Ci",uk biobank + adgc + international genomics of alzheimers project + eadi + ld hub + databasestudy + geradperades + igap + charge,Caucasian + Multi-ethnic + Caribbean Hispanic + African American + Asian,Stage 2 + Discovery + Joint-analysis + Replication + Meta-analysis + Validation + Stage 3 + Stage 1,"reference panel + 1,000 genomes + pre-phasing + pre-analysis quality control + machminimac + shapeitimpute2 + thousands of genomes + 1,000 genomes project + imputation + phasing",genotyping + sequencing,multiple sclerosis + complex traits + cognitive decline + apoptosis + pittsburgh compound b,race + tsi + ceu + ibs + fin + gbr + ethnic + ancestry + non-european + european ancestry,discovery + meta-analysis + stage + summary statistics + meta-analyses + association analysis + combined
,1.56,0.008,rs75932628,6.0,41129252.0,C/T,,"stage 2 ( n /thinspace = /thinspace18,845).P","stage 2 ( n /thinspace = /thinspace18,845).95%Ci",uk biobank + adgc + international genomics of alzheimers project + eadi + ld hub + geradperades + databasestudy + igap + charge,Caucasian + Multi-ethnic + Caribbean Hispanic + African American + Asian,Stage 2 + Discovery + Joint-analysis + Replication + Meta-analysis + Validation + Stage 3 + Stage 1,"reference panel + 1,000 genomes + pre-phasing + pre-analysis quality control + machminimac + shapeitimpute2 + 1,000 genomes project + imputation + phasing",genotyping + sequencing,pittsburgh compound b + complex traits + cognitive decline + apoptosis,race + tsi + ceu + ibs + fin + gbr + ethnic + ancestry + non-european + european ancestry,discovery + meta-analysis + stage + summary statistics + meta-analyses + association analysis + combined
,1.56,0.008,rs75932628,6.0,41129252.0,C/T,,"Overall stage 1/thinspace + /thinspacestage 2 ( n /thinspace = /thinspace82,771).Meta P","stage 2 ( n /thinspace = /thinspace18,845).95%Ci",uk biobank + adgc + international genomics of alzheimers project + eadi + ld hub + geradperades + databasestudy + igap + charge,Caucasian + Multi-ethnic + Caribbean Hispanic + African American + Asian,Stage 2 + Discovery + Joint-analysis + Replication + Meta-analysis + Validation + Stage 3 + Stage 1,"reference panel + 1,000 genomes + pre-phasing + pre-analysis quality control + machminimac + shapeitimpute2 + 1,000 genomes project + imputation + phasing",genotyping + sequencing,pittsburgh compound b + complex traits + cognitive decline + apoptosis,race + tsi + ceu + ibs + fin + gbr + ethnic + ancestry + non-european + european ancestry,discovery + meta + meta-analysis + stage + summary statistics + meta-analyses + association analysis + combined
,1.56,0.008,rs75932628,6.0,41129252.0,C/T,,"Overall stage 1/thinspace + /thinspacestage 2 ( n /thinspace = /thinspace82,771).I 2 (%), P","stage 2 ( n /thinspace = /thinspace18,845).95%Ci",uk biobank + adgc + international genomics of alzheimers project + eadi + ld hub + geradperades + databasestudy + igap + charge,Caucasian + Multi-ethnic + Caribbean Hispanic + African American + Asian,Stage 2 + Discovery + Joint-analysis + Replication + Meta-analysis + Validation + Stage 3 + Stage 1,"reference panel + 1,000 genomes + pre-phasing + pre-analysis quality control + machminimac + shapeitimpute2 + 1,000 genomes project + imputation + phasing",genotyping + sequencing,pittsburgh compound b + complex traits + cognitive decline + apoptosis,race + tsi + ceu + ibs + fin + gbr + ethnic + ancestry + non-european + european ancestry,discovery + meta-analysis + stage + summary statistics + meta-analyses + association analysis + combined
,1.05,0.28,rs9473117,6.0,47431284.0,A/C,,"stage 1 discovery ( n /thinspace = /thinspace63,926).P","stage 2 ( n /thinspace = /thinspace18,845).95%Ci",uk biobank + adgc + international genomics of alzheimers project + eadi + ld hub + databasestudy + geradperades + igap + charge,Caucasian + Multi-ethnic + Caribbean Hispanic + African American + Asian,Stage 2 + Discovery + Joint-analysis + Replication + Meta-analysis + Validation + Stage 3 + Stage 1,"reference panel + 1,000 genomes + pre-phasing + pre-analysis quality control + machminimac + shapeitimpute2 + thousands of genomes + 1,000 genomes project + imputation + phasing",genotyping + sequencing,multiple sclerosis + complex traits + cognitive decline + apoptosis + pittsburgh compound b,race + tsi + ceu + ibs + fin + gbr + ethnic + ancestry + non-european + european ancestry,discovery + meta-analysis + stage + summary statistics + meta-analyses + association analysis + combined
,1.05,0.28,rs9473117,6.0,47431284.0,A/C,,"stage 2 ( n /thinspace = /thinspace18,845).P","stage 2 ( n /thinspace = /thinspace18,845).95%Ci",uk biobank + adgc + international genomics of alzheimers project + eadi + ld hub + geradperades + databasestudy + igap + charge,Caucasian + Multi-ethnic + Caribbean Hispanic + African American + Asian,Stage 2 + Discovery + Joint-analysis + Replication + Meta-analysis + Validation + Stage 3 + Stage 1,"reference panel + 1,000 genomes + pre-phasing + pre-analysis quality control + machminimac + shapeitimpute2 + 1,000 genomes project + imputation + phasing",genotyping + sequencing,pittsburgh compound b + complex traits + cognitive decline + apoptosis,race + tsi + ceu + ibs + fin + gbr + ethnic + ancestry + non-european + european ancestry,discovery + meta-analysis + stage + summary statistics + meta-analyses + association analysis + combined
,1.05,0.28,rs9473117,6.0,47431284.0,A/C,,"Overall stage 1/thinspace + /thinspacestage 2 ( n /thinspace = /thinspace82,771).Meta P","stage 2 ( n /thinspace = /thinspace18,845).95%Ci",uk biobank + adgc + international genomics of alzheimers project + eadi + ld hub + geradperades + databasestudy + igap + charge,Caucasian + Multi-ethnic + Caribbean Hispanic + African American + Asian,Stage 2 + Discovery + Joint-analysis + Replication + Meta-analysis + Validation + Stage 3 + Stage 1,"reference panel + 1,000 genomes + pre-phasing + pre-analysis quality control + machminimac + shapeitimpute2 + 1,000 genomes project + imputation + phasing",genotyping + sequencing,pittsburgh compound b + complex traits + cognitive decline + apoptosis,race + tsi + ceu + ibs + fin + gbr + ethnic + ancestry + non-european + european ancestry,discovery + meta + meta-analysis + stage + summary statistics + meta-analyses + association analysis + combined
,1.05,0.28,rs9473117,6.0,47431284.0,A/C,,"Overall stage 1/thinspace + /thinspacestage 2 ( n /thinspace = /thinspace82,771).I 2 (%), P","stage 2 ( n /thinspace = /thinspace18,845).95%Ci",uk biobank + adgc + international genomics of alzheimers project + eadi + ld hub + geradperades + databasestudy + igap + charge,Caucasian + Multi-ethnic + Caribbean Hispanic + African American + Asian,Stage 2 + Discovery + Joint-analysis + Replication + Meta-analysis + Validation + Stage 3 + Stage 1,"reference panel + 1,000 genomes + pre-phasing + pre-analysis quality control + machminimac + shapeitimpute2 + 1,000 genomes project + imputation + phasing",genotyping + sequencing,pittsburgh compound b + complex traits + cognitive decline + apoptosis,race + tsi + ceu + ibs + fin + gbr + ethnic + ancestry + non-european + european ancestry,discovery + meta-analysis + stage + summary statistics + meta-analyses + association analysis + combined
,0.84,0.303,rs12539172,7.0,100091795.0,C/T,,"stage 1 discovery ( n /thinspace = /thinspace63,926).P","stage 2 ( n /thinspace = /thinspace18,845).95%Ci",uk biobank + adgc + international genomics of alzheimers project + eadi + ld hub + databasestudy + geradperades + igap + charge,Caucasian + Multi-ethnic + Caribbean Hispanic + African American + Asian,Stage 2 + Discovery + Joint-analysis + Replication + Meta-analysis + Validation + Stage 3 + Stage 1,"reference panel + 1,000 genomes + pre-phasing + pre-analysis quality control + machminimac + shapeitimpute2 + thousands of genomes + 1,000 genomes project + imputation + phasing",genotyping + sequencing,multiple sclerosis + complex traits + cognitive decline + apoptosis + pittsburgh compound b,race + tsi + ceu + ibs + fin + gbr + ethnic + ancestry + non-european + european ancestry,discovery + meta-analysis + stage + summary statistics + meta-analyses + association analysis + combined
,0.84,0.303,rs12539172,7.0,100091795.0,C/T,,"stage 2 ( n /thinspace = /thinspace18,845).P","stage 2 ( n /thinspace = /thinspace18,845).95%Ci",uk biobank + adgc + international genomics of alzheimers project + eadi + ld hub + geradperades + databasestudy + igap + charge,Caucasian + Multi-ethnic + Caribbean Hispanic + African American + Asian,Stage 2 + Discovery + Joint-analysis + Replication + Meta-analysis + Validation + Stage 3 + Stage 1,"reference panel + 1,000 genomes + pre-phasing + pre-analysis quality control + machminimac + shapeitimpute2 + 1,000 genomes project + imputation + phasing",genotyping + sequencing,pittsburgh compound b + complex traits + cognitive decline + apoptosis,race + tsi + ceu + ibs + fin + gbr + ethnic + ancestry + non-european + european ancestry,discovery + meta-analysis + stage + summary statistics + meta-analyses + association analysis + combined
,0.84,0.303,rs12539172,7.0,100091795.0,C/T,,"Overall stage 1/thinspace + /thinspacestage 2 ( n /thinspace = /thinspace82,771).Meta P","stage 2 ( n /thinspace = /thinspace18,845).95%Ci",uk biobank + adgc + international genomics of alzheimers project + eadi + ld hub + geradperades + databasestudy + igap + charge,Caucasian + Multi-ethnic + Caribbean Hispanic + African American + Asian,Stage 2 + Discovery + Joint-analysis + Replication + Meta-analysis + Validation + Stage 3 + Stage 1,"reference panel + 1,000 genomes + pre-phasing + pre-analysis quality control + machminimac + shapeitimpute2 + 1,000 genomes project + imputation + phasing",genotyping + sequencing,pittsburgh compound b + complex traits + cognitive decline + apoptosis,race + tsi + ceu + ibs + fin + gbr + ethnic + ancestry + non-european + european ancestry,discovery + meta + meta-analysis + stage + summary statistics + meta-analyses + association analysis + combined
,0.84,0.303,rs12539172,7.0,100091795.0,C/T,,"Overall stage 1/thinspace + /thinspacestage 2 ( n /thinspace = /thinspace82,771).I 2 (%), P","stage 2 ( n /thinspace = /thinspace18,845).95%Ci",uk biobank + adgc + international genomics of alzheimers project + eadi + ld hub + geradperades + databasestudy + igap + charge,Caucasian + Multi-ethnic + Caribbean Hispanic + African American + Asian,Stage 2 + Discovery + Joint-analysis + Replication + Meta-analysis + Validation + Stage 3 + Stage 1,"reference panel + 1,000 genomes + pre-phasing + pre-analysis quality control + machminimac + shapeitimpute2 + 1,000 genomes project + imputation + phasing",genotyping + sequencing,pittsburgh compound b + complex traits + cognitive decline + apoptosis,race + tsi + ceu + ibs + fin + gbr + ethnic + ancestry + non-european + european ancestry,discovery + meta-analysis + stage + summary statistics + meta-analyses + association analysis + combined
,0.86,0.199,rs10808026,7.0,143099133.0,C/A,,"stage 1 discovery ( n /thinspace = /thinspace63,926).P","stage 2 ( n /thinspace = /thinspace18,845).95%Ci",uk biobank + adgc + international genomics of alzheimers project + eadi + ld hub + databasestudy + geradperades + igap + charge,Caucasian + Multi-ethnic + Caribbean Hispanic + African American + Asian,Stage 2 + Discovery + Joint-analysis + Replication + Meta-analysis + Validation + Stage 3 + Stage 1,"reference panel + 1,000 genomes + pre-phasing + pre-analysis quality control + machminimac + shapeitimpute2 + thousands of genomes + 1,000 genomes project + imputation + phasing",genotyping + sequencing,multiple sclerosis + complex traits + cognitive decline + apoptosis + pittsburgh compound b,race + tsi + ceu + ibs + fin + gbr + ethnic + ancestry + non-european + european ancestry,discovery + meta-analysis + stage + summary statistics + meta-analyses + association analysis + combined
,0.86,0.199,rs10808026,7.0,143099133.0,C/A,,"stage 2 ( n /thinspace = /thinspace18,845).P","stage 2 ( n /thinspace = /thinspace18,845).95%Ci",uk biobank + adgc + international genomics of alzheimers project + eadi + ld hub + geradperades + databasestudy + igap + charge,Caucasian + Multi-ethnic + Caribbean Hispanic + African American + Asian,Stage 2 + Discovery + Joint-analysis + Replication + Meta-analysis + Validation + Stage 3 + Stage 1,"reference panel + 1,000 genomes + pre-phasing + pre-analysis quality control + machminimac + shapeitimpute2 + 1,000 genomes project + imputation + phasing",genotyping + sequencing,pittsburgh compound b + complex traits + cognitive decline + apoptosis,race + tsi + ceu + ibs + fin + gbr + ethnic + ancestry + non-european + european ancestry,discovery + meta-analysis + stage + summary statistics + meta-analyses + association analysis + combined
,0.86,0.199,rs10808026,7.0,143099133.0,C/A,,"Overall stage 1/thinspace + /thinspacestage 2 ( n /thinspace = /thinspace82,771).Meta P","stage 2 ( n /thinspace = /thinspace18,845).95%Ci",uk biobank + adgc + international genomics of alzheimers project + eadi + ld hub + geradperades + databasestudy + igap + charge,Caucasian + Multi-ethnic + Caribbean Hispanic + African American + Asian,Stage 2 + Discovery + Joint-analysis + Replication + Meta-analysis + Validation + Stage 3 + Stage 1,"reference panel + 1,000 genomes + pre-phasing + pre-analysis quality control + machminimac + shapeitimpute2 + 1,000 genomes project + imputation + phasing",genotyping + sequencing,pittsburgh compound b + complex traits + cognitive decline + apoptosis,race + tsi + ceu + ibs + fin + gbr + ethnic + ancestry + non-european + european ancestry,discovery + meta + meta-analysis + stage + summary statistics + meta-analyses + association analysis + combined
,0.86,0.199,rs10808026,7.0,143099133.0,C/A,,"Overall stage 1/thinspace + /thinspacestage 2 ( n /thinspace = /thinspace82,771).I 2 (%), P","stage 2 ( n /thinspace = /thinspace18,845).95%Ci",uk biobank + adgc + international genomics of alzheimers project + eadi + ld hub + geradperades + databasestudy + igap + charge,Caucasian + Multi-ethnic + Caribbean Hispanic + African American + Asian,Stage 2 + Discovery + Joint-analysis + Replication + Meta-analysis + Validation + Stage 3 + Stage 1,"reference panel + 1,000 genomes + pre-phasing + pre-analysis quality control + machminimac + shapeitimpute2 + 1,000 genomes project + imputation + phasing",genotyping + sequencing,pittsburgh compound b + complex traits + cognitive decline + apoptosis,race + tsi + ceu + ibs + fin + gbr + ethnic + ancestry + non-european + european ancestry,discovery + meta-analysis + stage + summary statistics + meta-analyses + association analysis + combined
,1.06,0.367,rs73223431,8.0,27219987.0,C/T,,"stage 1 discovery ( n /thinspace = /thinspace63,926).P","stage 2 ( n /thinspace = /thinspace18,845).95%Ci",uk biobank + adgc + international genomics of alzheimers project + eadi + ld hub + databasestudy + geradperades + igap + charge,Caucasian + Multi-ethnic + Caribbean Hispanic + African American + Asian,Stage 2 + Discovery + Joint-analysis + Replication + Meta-analysis + Validation + Stage 3 + Stage 1,"reference panel + 1,000 genomes + pre-phasing + pre-analysis quality control + machminimac + shapeitimpute2 + thousands of genomes + 1,000 genomes project + imputation + phasing",genotyping + sequencing,multiple sclerosis + complex traits + cognitive decline + apoptosis + pittsburgh compound b,race + tsi + ceu + ibs + fin + gbr + ethnic + ancestry + non-european + european ancestry,discovery + meta-analysis + stage + summary statistics + meta-analyses + association analysis + combined
,1.06,0.367,rs73223431,8.0,27219987.0,C/T,,"stage 2 ( n /thinspace = /thinspace18,845).P","stage 2 ( n /thinspace = /thinspace18,845).95%Ci",uk biobank + adgc + international genomics of alzheimers project + eadi + ld hub + geradperades + databasestudy + igap + charge,Caucasian + Multi-ethnic + Caribbean Hispanic + African American + Asian,Stage 2 + Discovery + Joint-analysis + Replication + Meta-analysis + Validation + Stage 3 + Stage 1,"reference panel + 1,000 genomes + pre-phasing + pre-analysis quality control + machminimac + shapeitimpute2 + 1,000 genomes project + imputation + phasing",genotyping + sequencing,pittsburgh compound b + complex traits + cognitive decline + apoptosis,race + tsi + ceu + ibs + fin + gbr + ethnic + ancestry + non-european + european ancestry,discovery + meta-analysis + stage + summary statistics + meta-analyses + association analysis + combined
,1.06,0.367,rs73223431,8.0,27219987.0,C/T,,"Overall stage 1/thinspace + /thinspacestage 2 ( n /thinspace = /thinspace82,771).Meta P","stage 2 ( n /thinspace = /thinspace18,845).95%Ci",uk biobank + adgc + international genomics of alzheimers project + eadi + ld hub + geradperades + databasestudy + igap + charge,Caucasian + Multi-ethnic + Caribbean Hispanic + African American + Asian,Stage 2 + Discovery + Joint-analysis + Replication + Meta-analysis + Validation + Stage 3 + Stage 1,"reference panel + 1,000 genomes + pre-phasing + pre-analysis quality control + machminimac + shapeitimpute2 + 1,000 genomes project + imputation + phasing",genotyping + sequencing,pittsburgh compound b + complex traits + cognitive decline + apoptosis,race + tsi + ceu + ibs + fin + gbr + ethnic + ancestry + non-european + european ancestry,discovery + meta + meta-analysis + stage + summary statistics + meta-analyses + association analysis + combined
,1.06,0.367,rs73223431,8.0,27219987.0,C/T,,"Overall stage 1/thinspace + /thinspacestage 2 ( n /thinspace = /thinspace82,771).I 2 (%), P","stage 2 ( n /thinspace = /thinspace18,845).95%Ci",uk biobank + adgc + international genomics of alzheimers project + eadi + ld hub + geradperades + databasestudy + igap + charge,Caucasian + Multi-ethnic + Caribbean Hispanic + African American + Asian,Stage 2 + Discovery + Joint-analysis + Replication + Meta-analysis + Validation + Stage 3 + Stage 1,"reference panel + 1,000 genomes + pre-phasing + pre-analysis quality control + machminimac + shapeitimpute2 + 1,000 genomes project + imputation + phasing",genotyping + sequencing,pittsburgh compound b + complex traits + cognitive decline + apoptosis,race + tsi + ceu + ibs + fin + gbr + ethnic + ancestry + non-european + european ancestry,discovery + meta-analysis + stage + summary statistics + meta-analyses + association analysis + combined
,0.83,0.387,rs9331896,8.0,27467686.0,T/C,,"stage 1 discovery ( n /thinspace = /thinspace63,926).P","stage 2 ( n /thinspace = /thinspace18,845).95%Ci",uk biobank + adgc + international genomics of alzheimers project + eadi + ld hub + databasestudy + geradperades + igap + charge,Caucasian + Multi-ethnic + Caribbean Hispanic + African American + Asian,Stage 2 + Discovery + Joint-analysis + Replication + Meta-analysis + Validation + Stage 3 + Stage 1,"reference panel + 1,000 genomes + pre-phasing + pre-analysis quality control + machminimac + shapeitimpute2 + thousands of genomes + 1,000 genomes project + imputation + phasing",genotyping + sequencing,multiple sclerosis + complex traits + cognitive decline + apoptosis + pittsburgh compound b,race + tsi + ceu + ibs + fin + gbr + ethnic + ancestry + non-european + european ancestry,discovery + meta-analysis + stage + summary statistics + meta-analyses + association analysis + combined
,0.83,0.387,rs9331896,8.0,27467686.0,T/C,,"stage 2 ( n /thinspace = /thinspace18,845).P","stage 2 ( n /thinspace = /thinspace18,845).95%Ci",uk biobank + adgc + international genomics of alzheimers project + eadi + ld hub + geradperades + databasestudy + igap + charge,Caucasian + Multi-ethnic + Caribbean Hispanic + African American + Asian,Stage 2 + Discovery + Joint-analysis + Replication + Meta-analysis + Validation + Stage 3 + Stage 1,"reference panel + 1,000 genomes + pre-phasing + pre-analysis quality control + machminimac + shapeitimpute2 + 1,000 genomes project + imputation + phasing",genotyping + sequencing,pittsburgh compound b + complex traits + cognitive decline + apoptosis,race + tsi + ceu + ibs + fin + gbr + ethnic + ancestry + non-european + european ancestry,discovery + meta-analysis + stage + summary statistics + meta-analyses + association analysis + combined
,0.83,0.387,rs9331896,8.0,27467686.0,T/C,,"Overall stage 1/thinspace + /thinspacestage 2 ( n /thinspace = /thinspace82,771).Meta P","stage 2 ( n /thinspace = /thinspace18,845).95%Ci",uk biobank + adgc + international genomics of alzheimers project + eadi + ld hub + geradperades + databasestudy + igap + charge,Caucasian + Multi-ethnic + Caribbean Hispanic + African American + Asian,Stage 2 + Discovery + Joint-analysis + Replication + Meta-analysis + Validation + Stage 3 + Stage 1,"reference panel + 1,000 genomes + pre-phasing + pre-analysis quality control + machminimac + shapeitimpute2 + 1,000 genomes project + imputation + phasing",genotyping + sequencing,pittsburgh compound b + complex traits + cognitive decline + apoptosis,race + tsi + ceu + ibs + fin + gbr + ethnic + ancestry + non-european + european ancestry,discovery + meta + meta-analysis + stage + summary statistics + meta-analyses + association analysis + combined
,0.83,0.387,rs9331896,8.0,27467686.0,T/C,,"Overall stage 1/thinspace + /thinspacestage 2 ( n /thinspace = /thinspace82,771).I 2 (%), P","stage 2 ( n /thinspace = /thinspace18,845).95%Ci",uk biobank + adgc + international genomics of alzheimers project + eadi + ld hub + geradperades + databasestudy + igap + charge,Caucasian + Multi-ethnic + Caribbean Hispanic + African American + Asian,Stage 2 + Discovery + Joint-analysis + Replication + Meta-analysis + Validation + Stage 3 + Stage 1,"reference panel + 1,000 genomes + pre-phasing + pre-analysis quality control + machminimac + shapeitimpute2 + 1,000 genomes project + imputation + phasing",genotyping + sequencing,pittsburgh compound b + complex traits + cognitive decline + apoptosis,race + tsi + ceu + ibs + fin + gbr + ethnic + ancestry + non-european + european ancestry,discovery + meta-analysis + stage + summary statistics + meta-analyses + association analysis + combined
,0.88,0.448,rs3740688,11.0,47380340.0,T/G,,"stage 1 discovery ( n /thinspace = /thinspace63,926).P","stage 2 ( n /thinspace = /thinspace18,845).95%Ci",uk biobank + adgc + international genomics of alzheimers project + eadi + ld hub + databasestudy + geradperades + igap + charge,Caucasian + Multi-ethnic + Caribbean Hispanic + African American + Asian,Stage 2 + Discovery + Joint-analysis + Replication + Meta-analysis + Validation + Stage 3 + Stage 1,"reference panel + 1,000 genomes + pre-phasing + pre-analysis quality control + machminimac + shapeitimpute2 + thousands of genomes + 1,000 genomes project + imputation + phasing",genotyping + sequencing,multiple sclerosis + complex traits + cognitive decline + apoptosis + pittsburgh compound b,race + tsi + ceu + ibs + fin + gbr + ethnic + ancestry + non-european + european ancestry,discovery + meta-analysis + stage + summary statistics + meta-analyses + association analysis + combined
,0.88,0.448,rs3740688,11.0,47380340.0,T/G,,"stage 2 ( n /thinspace = /thinspace18,845).P","stage 2 ( n /thinspace = /thinspace18,845).95%Ci",uk biobank + adgc + international genomics of alzheimers project + eadi + ld hub + geradperades + databasestudy + igap + charge,Caucasian + Multi-ethnic + Caribbean Hispanic + African American + Asian,Stage 2 + Discovery + Joint-analysis + Replication + Meta-analysis + Validation + Stage 3 + Stage 1,"reference panel + 1,000 genomes + pre-phasing + pre-analysis quality control + machminimac + shapeitimpute2 + 1,000 genomes project + imputation + phasing",genotyping + sequencing,pittsburgh compound b + complex traits + cognitive decline + apoptosis,race + tsi + ceu + ibs + fin + gbr + ethnic + ancestry + non-european + european ancestry,discovery + meta-analysis + stage + summary statistics + meta-analyses + association analysis + combined
,0.88,0.448,rs3740688,11.0,47380340.0,T/G,,"Overall stage 1/thinspace + /thinspacestage 2 ( n /thinspace = /thinspace82,771).Meta P","stage 2 ( n /thinspace = /thinspace18,845).95%Ci",uk biobank + adgc + international genomics of alzheimers project + eadi + ld hub + geradperades + databasestudy + igap + charge,Caucasian + Multi-ethnic + Caribbean Hispanic + African American + Asian,Stage 2 + Discovery + Joint-analysis + Replication + Meta-analysis + Validation + Stage 3 + Stage 1,"reference panel + 1,000 genomes + pre-phasing + pre-analysis quality control + machminimac + shapeitimpute2 + 1,000 genomes project + imputation + phasing",genotyping + sequencing,pittsburgh compound b + complex traits + cognitive decline + apoptosis,race + tsi + ceu + ibs + fin + gbr + ethnic + ancestry + non-european + european ancestry,discovery + meta + meta-analysis + stage + summary statistics + meta-analyses + association analysis + combined
,0.88,0.448,rs3740688,11.0,47380340.0,T/G,,"Overall stage 1/thinspace + /thinspacestage 2 ( n /thinspace = /thinspace82,771).I 2 (%), P","stage 2 ( n /thinspace = /thinspace18,845).95%Ci",uk biobank + adgc + international genomics of alzheimers project + eadi + ld hub + geradperades + databasestudy + igap + charge,Caucasian + Multi-ethnic + Caribbean Hispanic + African American + Asian,Stage 2 + Discovery + Joint-analysis + Replication + Meta-analysis + Validation + Stage 3 + Stage 1,"reference panel + 1,000 genomes + pre-phasing + pre-analysis quality control + machminimac + shapeitimpute2 + 1,000 genomes project + imputation + phasing",genotyping + sequencing,pittsburgh compound b + complex traits + cognitive decline + apoptosis,race + tsi + ceu + ibs + fin + gbr + ethnic + ancestry + non-european + european ancestry,discovery + meta-analysis + stage + summary statistics + meta-analyses + association analysis + combined
,0.86,0.391,rs7933202,11.0,59936926.0,A/C,,"stage 1 discovery ( n /thinspace = /thinspace63,926).P","stage 2 ( n /thinspace = /thinspace18,845).95%Ci",uk biobank + adgc + international genomics of alzheimers project + eadi + ld hub + databasestudy + geradperades + igap + charge,Caucasian + Multi-ethnic + Caribbean Hispanic + African American + Asian,Stage 2 + Discovery + Joint-analysis + Replication + Meta-analysis + Validation + Stage 3 + Stage 1,"reference panel + 1,000 genomes + pre-phasing + pre-analysis quality control + machminimac + shapeitimpute2 + thousands of genomes + 1,000 genomes project + imputation + phasing",genotyping + sequencing,multiple sclerosis + complex traits + cognitive decline + apoptosis + pittsburgh compound b,race + tsi + ceu + ibs + fin + gbr + ethnic + ancestry + non-european + european ancestry,discovery + meta-analysis + stage + summary statistics + meta-analyses + association analysis + combined
,0.86,0.391,rs7933202,11.0,59936926.0,A/C,,"stage 2 ( n /thinspace = /thinspace18,845).P","stage 2 ( n /thinspace = /thinspace18,845).95%Ci",uk biobank + adgc + international genomics of alzheimers project + eadi + ld hub + geradperades + databasestudy + igap + charge,Caucasian + Multi-ethnic + Caribbean Hispanic + African American + Asian,Stage 2 + Discovery + Joint-analysis + Replication + Meta-analysis + Validation + Stage 3 + Stage 1,"reference panel + 1,000 genomes + pre-phasing + pre-analysis quality control + machminimac + shapeitimpute2 + 1,000 genomes project + imputation + phasing",genotyping + sequencing,pittsburgh compound b + complex traits + cognitive decline + apoptosis,race + tsi + ceu + ibs + fin + gbr + ethnic + ancestry + non-european + european ancestry,discovery + meta-analysis + stage + summary statistics + meta-analyses + association analysis + combined
,0.86,0.391,rs7933202,11.0,59936926.0,A/C,,"Overall stage 1/thinspace + /thinspacestage 2 ( n /thinspace = /thinspace82,771).Meta P","stage 2 ( n /thinspace = /thinspace18,845).95%Ci",uk biobank + adgc + international genomics of alzheimers project + eadi + ld hub + geradperades + databasestudy + igap + charge,Caucasian + Multi-ethnic + Caribbean Hispanic + African American + Asian,Stage 2 + Discovery + Joint-analysis + Replication + Meta-analysis + Validation + Stage 3 + Stage 1,"reference panel + 1,000 genomes + pre-phasing + pre-analysis quality control + machminimac + shapeitimpute2 + 1,000 genomes project + imputation + phasing",genotyping + sequencing,pittsburgh compound b + complex traits + cognitive decline + apoptosis,race + tsi + ceu + ibs + fin + gbr + ethnic + ancestry + non-european + european ancestry,discovery + meta + meta-analysis + stage + summary statistics + meta-analyses + association analysis + combined
,0.86,0.391,rs7933202,11.0,59936926.0,A/C,,"Overall stage 1/thinspace + /thinspacestage 2 ( n /thinspace = /thinspace82,771).I 2 (%), P","stage 2 ( n /thinspace = /thinspace18,845).95%Ci",uk biobank + adgc + international genomics of alzheimers project + eadi + ld hub + geradperades + databasestudy + igap + charge,Caucasian + Multi-ethnic + Caribbean Hispanic + African American + Asian,Stage 2 + Discovery + Joint-analysis + Replication + Meta-analysis + Validation + Stage 3 + Stage 1,"reference panel + 1,000 genomes + pre-phasing + pre-analysis quality control + machminimac + shapeitimpute2 + 1,000 genomes project + imputation + phasing",genotyping + sequencing,pittsburgh compound b + complex traits + cognitive decline + apoptosis,race + tsi + ceu + ibs + fin + gbr + ethnic + ancestry + non-european + european ancestry,discovery + meta-analysis + stage + summary statistics + meta-analyses + association analysis + combined
,0.81,0.356,rs3851179,11.0,85868640.0,C/T,,"stage 1 discovery ( n /thinspace = /thinspace63,926).P","stage 2 ( n /thinspace = /thinspace18,845).95%Ci",uk biobank + adgc + international genomics of alzheimers project + eadi + ld hub + databasestudy + geradperades + igap + charge,Caucasian + Multi-ethnic + Caribbean Hispanic + African American + Asian,Stage 2 + Discovery + Joint-analysis + Replication + Meta-analysis + Validation + Stage 3 + Stage 1,"reference panel + 1,000 genomes + pre-phasing + pre-analysis quality control + machminimac + shapeitimpute2 + thousands of genomes + 1,000 genomes project + imputation + phasing",genotyping + sequencing,multiple sclerosis + complex traits + cognitive decline + apoptosis + pittsburgh compound b,race + tsi + ceu + ibs + fin + gbr + ethnic + ancestry + non-european + european ancestry,discovery + meta-analysis + stage + summary statistics + meta-analyses + association analysis + combined
,0.81,0.356,rs3851179,11.0,85868640.0,C/T,,"stage 2 ( n /thinspace = /thinspace18,845).P","stage 2 ( n /thinspace = /thinspace18,845).95%Ci",uk biobank + adgc + international genomics of alzheimers project + eadi + ld hub + geradperades + databasestudy + igap + charge,Caucasian + Multi-ethnic + Caribbean Hispanic + African American + Asian,Stage 2 + Discovery + Joint-analysis + Replication + Meta-analysis + Validation + Stage 3 + Stage 1,"reference panel + 1,000 genomes + pre-phasing + pre-analysis quality control + machminimac + shapeitimpute2 + 1,000 genomes project + imputation + phasing",genotyping + sequencing,pittsburgh compound b + complex traits + cognitive decline + apoptosis,race + tsi + ceu + ibs + fin + gbr + ethnic + ancestry + non-european + european ancestry,discovery + meta-analysis + stage + summary statistics + meta-analyses + association analysis + combined
,0.81,0.356,rs3851179,11.0,85868640.0,C/T,,"Overall stage 1/thinspace + /thinspacestage 2 ( n /thinspace = /thinspace82,771).Meta P","stage 2 ( n /thinspace = /thinspace18,845).95%Ci",uk biobank + adgc + international genomics of alzheimers project + eadi + ld hub + geradperades + databasestudy + igap + charge,Caucasian + Multi-ethnic + Caribbean Hispanic + African American + Asian,Stage 2 + Discovery + Joint-analysis + Replication + Meta-analysis + Validation + Stage 3 + Stage 1,"reference panel + 1,000 genomes + pre-phasing + pre-analysis quality control + machminimac + shapeitimpute2 + 1,000 genomes project + imputation + phasing",genotyping + sequencing,pittsburgh compound b + complex traits + cognitive decline + apoptosis,race + tsi + ceu + ibs + fin + gbr + ethnic + ancestry + non-european + european ancestry,discovery + meta + meta-analysis + stage + summary statistics + meta-analyses + association analysis + combined
,0.81,0.356,rs3851179,11.0,85868640.0,C/T,,"Overall stage 1/thinspace + /thinspacestage 2 ( n /thinspace = /thinspace82,771).I 2 (%), P","stage 2 ( n /thinspace = /thinspace18,845).95%Ci",uk biobank + adgc + international genomics of alzheimers project + eadi + ld hub + geradperades + databasestudy + igap + charge,Caucasian + Multi-ethnic + Caribbean Hispanic + African American + Asian,Stage 2 + Discovery + Joint-analysis + Replication + Meta-analysis + Validation + Stage 3 + Stage 1,"reference panel + 1,000 genomes + pre-phasing + pre-analysis quality control + machminimac + shapeitimpute2 + 1,000 genomes project + imputation + phasing",genotyping + sequencing,pittsburgh compound b + complex traits + cognitive decline + apoptosis,race + tsi + ceu + ibs + fin + gbr + ethnic + ancestry + non-european + european ancestry,discovery + meta-analysis + stage + summary statistics + meta-analyses + association analysis + combined
,0.68,0.04,rs11218343,11.0,121435587.0,T/C,,"stage 1 discovery ( n /thinspace = /thinspace63,926).P","stage 2 ( n /thinspace = /thinspace18,845).95%Ci",uk biobank + adgc + international genomics of alzheimers project + eadi + ld hub + databasestudy + geradperades + igap + charge,Caucasian + Multi-ethnic + Caribbean Hispanic + African American + Asian,Stage 2 + Discovery + Joint-analysis + Replication + Meta-analysis + Validation + Stage 3 + Stage 1,"reference panel + 1,000 genomes + pre-phasing + pre-analysis quality control + machminimac + shapeitimpute2 + thousands of genomes + 1,000 genomes project + imputation + phasing",genotyping + sequencing,multiple sclerosis + complex traits + cognitive decline + apoptosis + pittsburgh compound b,race + tsi + ceu + ibs + fin + gbr + ethnic + ancestry + non-european + european ancestry,discovery + meta-analysis + stage + summary statistics + meta-analyses + association analysis + combined
,0.68,0.04,rs11218343,11.0,121435587.0,T/C,,"stage 2 ( n /thinspace = /thinspace18,845).P","stage 2 ( n /thinspace = /thinspace18,845).95%Ci",uk biobank + adgc + international genomics of alzheimers project + eadi + ld hub + geradperades + databasestudy + igap + charge,Caucasian + Multi-ethnic + Caribbean Hispanic + African American + Asian,Stage 2 + Discovery + Joint-analysis + Replication + Meta-analysis + Validation + Stage 3 + Stage 1,"reference panel + 1,000 genomes + pre-phasing + pre-analysis quality control + machminimac + shapeitimpute2 + 1,000 genomes project + imputation + phasing",genotyping + sequencing,pittsburgh compound b + complex traits + cognitive decline + apoptosis,race + tsi + ceu + ibs + fin + gbr + ethnic + ancestry + non-european + european ancestry,discovery + meta-analysis + stage + summary statistics + meta-analyses + association analysis + combined
,0.68,0.04,rs11218343,11.0,121435587.0,T/C,,"Overall stage 1/thinspace + /thinspacestage 2 ( n /thinspace = /thinspace82,771).Meta P","stage 2 ( n /thinspace = /thinspace18,845).95%Ci",uk biobank + adgc + international genomics of alzheimers project + eadi + ld hub + geradperades + databasestudy + igap + charge,Caucasian + Multi-ethnic + Caribbean Hispanic + African American + Asian,Stage 2 + Discovery + Joint-analysis + Replication + Meta-analysis + Validation + Stage 3 + Stage 1,"reference panel + 1,000 genomes + pre-phasing + pre-analysis quality control + machminimac + shapeitimpute2 + 1,000 genomes project + imputation + phasing",genotyping + sequencing,pittsburgh compound b + complex traits + cognitive decline + apoptosis,race + tsi + ceu + ibs + fin + gbr + ethnic + ancestry + non-european + european ancestry,discovery + meta + meta-analysis + stage + summary statistics + meta-analyses + association analysis + combined
,0.68,0.04,rs11218343,11.0,121435587.0,T/C,,"Overall stage 1/thinspace + /thinspacestage 2 ( n /thinspace = /thinspace82,771).I 2 (%), P","stage 2 ( n /thinspace = /thinspace18,845).95%Ci",uk biobank + adgc + international genomics of alzheimers project + eadi + ld hub + geradperades + databasestudy + igap + charge,Caucasian + Multi-ethnic + Caribbean Hispanic + African American + Asian,Stage 2 + Discovery + Joint-analysis + Replication + Meta-analysis + Validation + Stage 3 + Stage 1,"reference panel + 1,000 genomes + pre-phasing + pre-analysis quality control + machminimac + shapeitimpute2 + 1,000 genomes project + imputation + phasing",genotyping + sequencing,pittsburgh compound b + complex traits + cognitive decline + apoptosis,race + tsi + ceu + ibs + fin + gbr + ethnic + ancestry + non-european + european ancestry,discovery + meta-analysis + stage + summary statistics + meta-analyses + association analysis + combined
,1.06,0.093,rs17125924,14.0,53391680.0,A/G,,"stage 1 discovery ( n /thinspace = /thinspace63,926).P","stage 2 ( n /thinspace = /thinspace18,845).95%Ci",uk biobank + adgc + international genomics of alzheimers project + eadi + ld hub + databasestudy + geradperades + igap + charge,Caucasian + Multi-ethnic + Caribbean Hispanic + African American + Asian,Stage 2 + Discovery + Joint-analysis + Replication + Meta-analysis + Validation + Stage 3 + Stage 1,"reference panel + 1,000 genomes + pre-phasing + pre-analysis quality control + machminimac + shapeitimpute2 + thousands of genomes + 1,000 genomes project + imputation + phasing",genotyping + sequencing,multiple sclerosis + complex traits + cognitive decline + apoptosis + pittsburgh compound b,race + tsi + ceu + ibs + fin + gbr + ethnic + ancestry + non-european + european ancestry,discovery + meta-analysis + stage + summary statistics + meta-analyses + association analysis + combined
,1.06,0.093,rs17125924,14.0,53391680.0,A/G,,"stage 2 ( n /thinspace = /thinspace18,845).P","stage 2 ( n /thinspace = /thinspace18,845).95%Ci",uk biobank + adgc + international genomics of alzheimers project + eadi + ld hub + geradperades + databasestudy + igap + charge,Caucasian + Multi-ethnic + Caribbean Hispanic + African American + Asian,Stage 2 + Discovery + Joint-analysis + Replication + Meta-analysis + Validation + Stage 3 + Stage 1,"reference panel + 1,000 genomes + pre-phasing + pre-analysis quality control + machminimac + shapeitimpute2 + 1,000 genomes project + imputation + phasing",genotyping + sequencing,pittsburgh compound b + complex traits + cognitive decline + apoptosis,race + tsi + ceu + ibs + fin + gbr + ethnic + ancestry + non-european + european ancestry,discovery + meta-analysis + stage + summary statistics + meta-analyses + association analysis + combined
,1.06,0.093,rs17125924,14.0,53391680.0,A/G,,"Overall stage 1/thinspace + /thinspacestage 2 ( n /thinspace = /thinspace82,771).Meta P","stage 2 ( n /thinspace = /thinspace18,845).95%Ci",uk biobank + adgc + international genomics of alzheimers project + eadi + ld hub + geradperades + databasestudy + igap + charge,Caucasian + Multi-ethnic + Caribbean Hispanic + African American + Asian,Stage 2 + Discovery + Joint-analysis + Replication + Meta-analysis + Validation + Stage 3 + Stage 1,"reference panel + 1,000 genomes + pre-phasing + pre-analysis quality control + machminimac + shapeitimpute2 + 1,000 genomes project + imputation + phasing",genotyping + sequencing,pittsburgh compound b + complex traits + cognitive decline + apoptosis,race + tsi + ceu + ibs + fin + gbr + ethnic + ancestry + non-european + european ancestry,discovery + meta + meta-analysis + stage + summary statistics + meta-analyses + association analysis + combined
,1.06,0.093,rs17125924,14.0,53391680.0,A/G,,"Overall stage 1/thinspace + /thinspacestage 2 ( n /thinspace = /thinspace82,771).I 2 (%), P","stage 2 ( n /thinspace = /thinspace18,845).95%Ci",uk biobank + adgc + international genomics of alzheimers project + eadi + ld hub + geradperades + databasestudy + igap + charge,Caucasian + Multi-ethnic + Caribbean Hispanic + African American + Asian,Stage 2 + Discovery + Joint-analysis + Replication + Meta-analysis + Validation + Stage 3 + Stage 1,"reference panel + 1,000 genomes + pre-phasing + pre-analysis quality control + machminimac + shapeitimpute2 + 1,000 genomes project + imputation + phasing",genotyping + sequencing,pittsburgh compound b + complex traits + cognitive decline + apoptosis,race + tsi + ceu + ibs + fin + gbr + ethnic + ancestry + non-european + european ancestry,discovery + meta-analysis + stage + summary statistics + meta-analyses + association analysis + combined
,0.87,0.221,rs12881735,14.0,92932828.0,T/C,,"stage 1 discovery ( n /thinspace = /thinspace63,926).P","stage 2 ( n /thinspace = /thinspace18,845).95%Ci",uk biobank + adgc + international genomics of alzheimers project + eadi + ld hub + databasestudy + geradperades + igap + charge,Caucasian + Multi-ethnic + Caribbean Hispanic + African American + Asian,Stage 2 + Discovery + Joint-analysis + Replication + Meta-analysis + Validation + Stage 3 + Stage 1,"reference panel + 1,000 genomes + pre-phasing + pre-analysis quality control + machminimac + shapeitimpute2 + thousands of genomes + 1,000 genomes project + imputation + phasing",genotyping + sequencing,multiple sclerosis + complex traits + cognitive decline + apoptosis + pittsburgh compound b,race + tsi + ceu + ibs + fin + gbr + ethnic + ancestry + non-european + european ancestry,discovery + meta-analysis + stage + summary statistics + meta-analyses + association analysis + combined
,0.87,0.221,rs12881735,14.0,92932828.0,T/C,,"stage 2 ( n /thinspace = /thinspace18,845).P","stage 2 ( n /thinspace = /thinspace18,845).95%Ci",uk biobank + adgc + international genomics of alzheimers project + eadi + ld hub + geradperades + databasestudy + igap + charge,Caucasian + Multi-ethnic + Caribbean Hispanic + African American + Asian,Stage 2 + Discovery + Joint-analysis + Replication + Meta-analysis + Validation + Stage 3 + Stage 1,"reference panel + 1,000 genomes + pre-phasing + pre-analysis quality control + machminimac + shapeitimpute2 + 1,000 genomes project + imputation + phasing",genotyping + sequencing,pittsburgh compound b + complex traits + cognitive decline + apoptosis,race + tsi + ceu + ibs + fin + gbr + ethnic + ancestry + non-european + european ancestry,discovery + meta-analysis + stage + summary statistics + meta-analyses + association analysis + combined
7.4e-09,0.87,0.221,rs12881735,14.0,92932828.0,T/C,,"Overall stage 1/thinspace + /thinspacestage 2 ( n /thinspace = /thinspace82,771).Meta P","stage 2 ( n /thinspace = /thinspace18,845).95%Ci",uk biobank + adgc + international genomics of alzheimers project + eadi + ld hub + geradperades + databasestudy + igap + charge,Caucasian + Multi-ethnic + Caribbean Hispanic + African American + Asian,Stage 2 + Discovery + Joint-analysis + Replication + Meta-analysis + Validation + Stage 3 + Stage 1,"reference panel + 1,000 genomes + pre-phasing + pre-analysis quality control + machminimac + shapeitimpute2 + 1,000 genomes project + imputation + phasing",genotyping + sequencing,pittsburgh compound b + complex traits + cognitive decline + apoptosis,race + tsi + ceu + ibs + fin + gbr + ethnic + ancestry + non-european + european ancestry,discovery + meta + meta-analysis + stage + summary statistics + meta-analyses + association analysis + combined
,0.87,0.221,rs12881735,14.0,92932828.0,T/C,,"Overall stage 1/thinspace + /thinspacestage 2 ( n /thinspace = /thinspace82,771).I 2 (%), P","stage 2 ( n /thinspace = /thinspace18,845).95%Ci",uk biobank + adgc + international genomics of alzheimers project + eadi + ld hub + geradperades + databasestudy + igap + charge,Caucasian + Multi-ethnic + Caribbean Hispanic + African American + Asian,Stage 2 + Discovery + Joint-analysis + Replication + Meta-analysis + Validation + Stage 3 + Stage 1,"reference panel + 1,000 genomes + pre-phasing + pre-analysis quality control + machminimac + shapeitimpute2 + 1,000 genomes project + imputation + phasing",genotyping + sequencing,pittsburgh compound b + complex traits + cognitive decline + apoptosis,race + tsi + ceu + ibs + fin + gbr + ethnic + ancestry + non-european + european ancestry,discovery + meta-analysis + stage + summary statistics + meta-analyses + association analysis + combined
,1.11,0.182,rs3752246,19.0,1056492.0,C/G,,"stage 1 discovery ( n /thinspace = /thinspace63,926).P","stage 2 ( n /thinspace = /thinspace18,845).95%Ci",uk biobank + adgc + international genomics of alzheimers project + eadi + ld hub + databasestudy + geradperades + igap + charge,Caucasian + Multi-ethnic + Caribbean Hispanic + African American + Asian,Stage 2 + Discovery + Joint-analysis + Replication + Meta-analysis + Validation + Stage 3 + Stage 1,"reference panel + 1,000 genomes + pre-phasing + pre-analysis quality control + machminimac + shapeitimpute2 + thousands of genomes + 1,000 genomes project + imputation + phasing",genotyping + sequencing,multiple sclerosis + complex traits + cognitive decline + apoptosis + pittsburgh compound b,race + tsi + ceu + ibs + fin + gbr + ethnic + ancestry + non-european + european ancestry,discovery + meta-analysis + stage + summary statistics + meta-analyses + association analysis + combined
,1.11,0.182,rs3752246,19.0,1056492.0,C/G,,"stage 2 ( n /thinspace = /thinspace18,845).P","stage 2 ( n /thinspace = /thinspace18,845).95%Ci",uk biobank + adgc + international genomics of alzheimers project + eadi + ld hub + geradperades + databasestudy + igap + charge,Caucasian + Multi-ethnic + Caribbean Hispanic + African American + Asian,Stage 2 + Discovery + Joint-analysis + Replication + Meta-analysis + Validation + Stage 3 + Stage 1,"reference panel + 1,000 genomes + pre-phasing + pre-analysis quality control + machminimac + shapeitimpute2 + 1,000 genomes project + imputation + phasing",genotyping + sequencing,pittsburgh compound b + complex traits + cognitive decline + apoptosis,race + tsi + ceu + ibs + fin + gbr + ethnic + ancestry + non-european + european ancestry,discovery + meta-analysis + stage + summary statistics + meta-analyses + association analysis + combined
,1.11,0.182,rs3752246,19.0,1056492.0,C/G,,"Overall stage 1/thinspace + /thinspacestage 2 ( n /thinspace = /thinspace82,771).Meta P","stage 2 ( n /thinspace = /thinspace18,845).95%Ci",uk biobank + adgc + international genomics of alzheimers project + eadi + ld hub + geradperades + databasestudy + igap + charge,Caucasian + Multi-ethnic + Caribbean Hispanic + African American + Asian,Stage 2 + Discovery + Joint-analysis + Replication + Meta-analysis + Validation + Stage 3 + Stage 1,"reference panel + 1,000 genomes + pre-phasing + pre-analysis quality control + machminimac + shapeitimpute2 + 1,000 genomes project + imputation + phasing",genotyping + sequencing,pittsburgh compound b + complex traits + cognitive decline + apoptosis,race + tsi + ceu + ibs + fin + gbr + ethnic + ancestry + non-european + european ancestry,discovery + meta + meta-analysis + stage + summary statistics + meta-analyses + association analysis + combined
,1.11,0.182,rs3752246,19.0,1056492.0,C/G,,"Overall stage 1/thinspace + /thinspacestage 2 ( n /thinspace = /thinspace82,771).I 2 (%), P","stage 2 ( n /thinspace = /thinspace18,845).95%Ci",uk biobank + adgc + international genomics of alzheimers project + eadi + ld hub + geradperades + databasestudy + igap + charge,Caucasian + Multi-ethnic + Caribbean Hispanic + African American + Asian,Stage 2 + Discovery + Joint-analysis + Replication + Meta-analysis + Validation + Stage 3 + Stage 1,"reference panel + 1,000 genomes + pre-phasing + pre-analysis quality control + machminimac + shapeitimpute2 + 1,000 genomes project + imputation + phasing",genotyping + sequencing,pittsburgh compound b + complex traits + cognitive decline + apoptosis,race + tsi + ceu + ibs + fin + gbr + ethnic + ancestry + non-european + european ancestry,discovery + meta-analysis + stage + summary statistics + meta-analyses + association analysis + combined
,,0.216,rs429358,19.0,45411941.0,T/C,,"stage 1 discovery ( n /thinspace = /thinspace63,926).P","stage 2 ( n /thinspace = /thinspace18,845).95%Ci",uk biobank + adgc + international genomics of alzheimers project + eadi + ld hub + databasestudy + geradperades + igap + charge,Caucasian + Multi-ethnic + Caribbean Hispanic + African American + Asian,Stage 2 + Discovery + Joint-analysis + Replication + Meta-analysis + Validation + Stage 3 + Stage 1,"reference panel + 1,000 genomes + pre-phasing + pre-analysis quality control + machminimac + shapeitimpute2 + thousands of genomes + 1,000 genomes project + imputation + phasing",genotyping + sequencing,multiple sclerosis + complex traits + cognitive decline + apoptosis + pittsburgh compound b,race + tsi + ceu + ibs + fin + gbr + ethnic + ancestry + non-european + european ancestry,discovery + meta-analysis + stage + summary statistics + meta-analyses + association analysis + combined
,,0.216,rs429358,19.0,45411941.0,T/C,,"stage 2 ( n /thinspace = /thinspace18,845).P","stage 2 ( n /thinspace = /thinspace18,845).95%Ci",uk biobank + adgc + international genomics of alzheimers project + eadi + ld hub + geradperades + databasestudy + igap + charge,Caucasian + Multi-ethnic + Caribbean Hispanic + African American + Asian,Stage 2 + Discovery + Joint-analysis + Replication + Meta-analysis + Validation + Stage 3 + Stage 1,"reference panel + 1,000 genomes + pre-phasing + pre-analysis quality control + machminimac + shapeitimpute2 + 1,000 genomes project + imputation + phasing",genotyping + sequencing,pittsburgh compound b + complex traits + cognitive decline + apoptosis,race + tsi + ceu + ibs + fin + gbr + ethnic + ancestry + non-european + european ancestry,discovery + meta-analysis + stage + summary statistics + meta-analyses + association analysis + combined
,,0.216,rs429358,19.0,45411941.0,T/C,,"Overall stage 1/thinspace + /thinspacestage 2 ( n /thinspace = /thinspace82,771).Meta P","stage 2 ( n /thinspace = /thinspace18,845).95%Ci",uk biobank + adgc + international genomics of alzheimers project + eadi + ld hub + geradperades + databasestudy + igap + charge,Caucasian + Multi-ethnic + Caribbean Hispanic + African American + Asian,Stage 2 + Discovery + Joint-analysis + Replication + Meta-analysis + Validation + Stage 3 + Stage 1,"reference panel + 1,000 genomes + pre-phasing + pre-analysis quality control + machminimac + shapeitimpute2 + 1,000 genomes project + imputation + phasing",genotyping + sequencing,pittsburgh compound b + complex traits + cognitive decline + apoptosis,race + tsi + ceu + ibs + fin + gbr + ethnic + ancestry + non-european + european ancestry,discovery + meta + meta-analysis + stage + summary statistics + meta-analyses + association analysis + combined
,,0.216,rs429358,19.0,45411941.0,T/C,,"Overall stage 1/thinspace + /thinspacestage 2 ( n /thinspace = /thinspace82,771).I 2 (%), P","stage 2 ( n /thinspace = /thinspace18,845).95%Ci",uk biobank + adgc + international genomics of alzheimers project + eadi + ld hub + geradperades + databasestudy + igap + charge,Caucasian + Multi-ethnic + Caribbean Hispanic + African American + Asian,Stage 2 + Discovery + Joint-analysis + Replication + Meta-analysis + Validation + Stage 3 + Stage 1,"reference panel + 1,000 genomes + pre-phasing + pre-analysis quality control + machminimac + shapeitimpute2 + 1,000 genomes project + imputation + phasing",genotyping + sequencing,pittsburgh compound b + complex traits + cognitive decline + apoptosis,race + tsi + ceu + ibs + fin + gbr + ethnic + ancestry + non-european + european ancestry,discovery + meta-analysis + stage + summary statistics + meta-analyses + association analysis + combined
,0.82,0.088,rs6024870,20.0,54997568.0,G/A,,"stage 1 discovery ( n /thinspace = /thinspace63,926).P","stage 2 ( n /thinspace = /thinspace18,845).95%Ci",uk biobank + adgc + international genomics of alzheimers project + eadi + ld hub + databasestudy + geradperades + igap + charge,Caucasian + Multi-ethnic + Caribbean Hispanic + African American + Asian,Stage 2 + Discovery + Joint-analysis + Replication + Meta-analysis + Validation + Stage 3 + Stage 1,"reference panel + 1,000 genomes + pre-phasing + pre-analysis quality control + machminimac + shapeitimpute2 + thousands of genomes + 1,000 genomes project + imputation + phasing",genotyping + sequencing,multiple sclerosis + complex traits + cognitive decline + apoptosis + pittsburgh compound b,race + tsi + ceu + ibs + fin + gbr + ethnic + ancestry + non-european + european ancestry,discovery + meta-analysis + stage + summary statistics + meta-analyses + association analysis + combined
,0.82,0.088,rs6024870,20.0,54997568.0,G/A,,"stage 2 ( n /thinspace = /thinspace18,845).P","stage 2 ( n /thinspace = /thinspace18,845).95%Ci",uk biobank + adgc + international genomics of alzheimers project + eadi + ld hub + geradperades + databasestudy + igap + charge,Caucasian + Multi-ethnic + Caribbean Hispanic + African American + Asian,Stage 2 + Discovery + Joint-analysis + Replication + Meta-analysis + Validation + Stage 3 + Stage 1,"reference panel + 1,000 genomes + pre-phasing + pre-analysis quality control + machminimac + shapeitimpute2 + 1,000 genomes project + imputation + phasing",genotyping + sequencing,pittsburgh compound b + complex traits + cognitive decline + apoptosis,race + tsi + ceu + ibs + fin + gbr + ethnic + ancestry + non-european + european ancestry,discovery + meta-analysis + stage + summary statistics + meta-analyses + association analysis + combined
,0.82,0.088,rs6024870,20.0,54997568.0,G/A,,"Overall stage 1/thinspace + /thinspacestage 2 ( n /thinspace = /thinspace82,771).Meta P","stage 2 ( n /thinspace = /thinspace18,845).95%Ci",uk biobank + adgc + international genomics of alzheimers project + eadi + ld hub + geradperades + databasestudy + igap + charge,Caucasian + Multi-ethnic + Caribbean Hispanic + African American + Asian,Stage 2 + Discovery + Joint-analysis + Replication + Meta-analysis + Validation + Stage 3 + Stage 1,"reference panel + 1,000 genomes + pre-phasing + pre-analysis quality control + machminimac + shapeitimpute2 + 1,000 genomes project + imputation + phasing",genotyping + sequencing,pittsburgh compound b + complex traits + cognitive decline + apoptosis,race + tsi + ceu + ibs + fin + gbr + ethnic + ancestry + non-european + european ancestry,discovery + meta + meta-analysis + stage + summary statistics + meta-analyses + association analysis + combined
,0.82,0.088,rs6024870,20.0,54997568.0,G/A,,"Overall stage 1/thinspace + /thinspacestage 2 ( n /thinspace = /thinspace82,771).I 2 (%), P","stage 2 ( n /thinspace = /thinspace18,845).95%Ci",uk biobank + adgc + international genomics of alzheimers project + eadi + ld hub + geradperades + databasestudy + igap + charge,Caucasian + Multi-ethnic + Caribbean Hispanic + African American + Asian,Stage 2 + Discovery + Joint-analysis + Replication + Meta-analysis + Validation + Stage 3 + Stage 1,"reference panel + 1,000 genomes + pre-phasing + pre-analysis quality control + machminimac + shapeitimpute2 + 1,000 genomes project + imputation + phasing",genotyping + sequencing,pittsburgh compound b + complex traits + cognitive decline + apoptosis,race + tsi + ceu + ibs + fin + gbr + ethnic + ancestry + non-european + european ancestry,discovery + meta-analysis + stage + summary statistics + meta-analyses + association analysis + combined
,1.02,0.389,rs7920721,10.0,11720308.0,A/G,,"stage 1 discovery ( n /thinspace = /thinspace63,926).P","stage 2 ( n /thinspace = /thinspace18,845).95%Ci",uk biobank + adgc + international genomics of alzheimers project + eadi + ld hub + databasestudy + geradperades + igap + charge,Caucasian + Multi-ethnic + Caribbean Hispanic + African American + Asian,Stage 2 + Discovery + Joint-analysis + Replication + Meta-analysis + Validation + Stage 3 + Stage 1,"reference panel + 1,000 genomes + pre-phasing + pre-analysis quality control + machminimac + shapeitimpute2 + thousands of genomes + 1,000 genomes project + imputation + phasing",genotyping + sequencing,multiple sclerosis + complex traits + cognitive decline + apoptosis + pittsburgh compound b,race + tsi + ceu + ibs + fin + gbr + ethnic + ancestry + non-european + european ancestry,discovery + meta-analysis + stage + summary statistics + meta-analyses + association analysis + combined
,1.02,0.389,rs7920721,10.0,11720308.0,A/G,,"stage 2 ( n /thinspace = /thinspace18,845).P","stage 2 ( n /thinspace = /thinspace18,845).95%Ci",uk biobank + adgc + international genomics of alzheimers project + eadi + ld hub + geradperades + databasestudy + igap + charge,Caucasian + Multi-ethnic + Caribbean Hispanic + African American + Asian,Stage 2 + Discovery + Joint-analysis + Replication + Meta-analysis + Validation + Stage 3 + Stage 1,"reference panel + 1,000 genomes + pre-phasing + pre-analysis quality control + machminimac + shapeitimpute2 + 1,000 genomes project + imputation + phasing",genotyping + sequencing,pittsburgh compound b + complex traits + cognitive decline + apoptosis,race + tsi + ceu + ibs + fin + gbr + ethnic + ancestry + non-european + european ancestry,discovery + meta-analysis + stage + summary statistics + meta-analyses + association analysis + combined
,1.02,0.389,rs7920721,10.0,11720308.0,A/G,,"Overall stage 1/thinspace + /thinspacestage 2 ( n /thinspace = /thinspace82,771).Meta P","stage 2 ( n /thinspace = /thinspace18,845).95%Ci",uk biobank + adgc + international genomics of alzheimers project + eadi + ld hub + geradperades + databasestudy + igap + charge,Caucasian + Multi-ethnic + Caribbean Hispanic + African American + Asian,Stage 2 + Discovery + Joint-analysis + Replication + Meta-analysis + Validation + Stage 3 + Stage 1,"reference panel + 1,000 genomes + pre-phasing + pre-analysis quality control + machminimac + shapeitimpute2 + 1,000 genomes project + imputation + phasing",genotyping + sequencing,pittsburgh compound b + complex traits + cognitive decline + apoptosis,race + tsi + ceu + ibs + fin + gbr + ethnic + ancestry + non-european + european ancestry,discovery + meta + meta-analysis + stage + summary statistics + meta-analyses + association analysis + combined
,1.02,0.389,rs7920721,10.0,11720308.0,A/G,,"Overall stage 1/thinspace + /thinspacestage 2 ( n /thinspace = /thinspace82,771).I 2 (%), P","stage 2 ( n /thinspace = /thinspace18,845).95%Ci",uk biobank + adgc + international genomics of alzheimers project + eadi + ld hub + geradperades + databasestudy + igap + charge,Caucasian + Multi-ethnic + Caribbean Hispanic + African American + Asian,Stage 2 + Discovery + Joint-analysis + Replication + Meta-analysis + Validation + Stage 3 + Stage 1,"reference panel + 1,000 genomes + pre-phasing + pre-analysis quality control + machminimac + shapeitimpute2 + 1,000 genomes project + imputation + phasing",genotyping + sequencing,pittsburgh compound b + complex traits + cognitive decline + apoptosis,race + tsi + ceu + ibs + fin + gbr + ethnic + ancestry + non-european + european ancestry,discovery + meta-analysis + stage + summary statistics + meta-analyses + association analysis + combined
,1.18,0.02,rs138190086,17.0,61538148.0,G/A,,"stage 1 discovery ( n /thinspace = /thinspace63,926).P","stage 2 ( n /thinspace = /thinspace18,845).95%Ci",uk biobank + adgc + international genomics of alzheimers project + eadi + ld hub + databasestudy + geradperades + igap + charge,Caucasian + Multi-ethnic + Caribbean Hispanic + African American + Asian,Stage 2 + Discovery + Joint-analysis + Replication + Meta-analysis + Validation + Stage 3 + Stage 1,"reference panel + 1,000 genomes + pre-phasing + pre-analysis quality control + machminimac + shapeitimpute2 + thousands of genomes + 1,000 genomes project + imputation + phasing",genotyping + sequencing,multiple sclerosis + complex traits + cognitive decline + apoptosis + pittsburgh compound b,race + tsi + ceu + ibs + fin + gbr + ethnic + ancestry + non-european + european ancestry,discovery + meta-analysis + stage + summary statistics + meta-analyses + association analysis + combined
,1.18,0.02,rs138190086,17.0,61538148.0,G/A,,"stage 2 ( n /thinspace = /thinspace18,845).P","stage 2 ( n /thinspace = /thinspace18,845).95%Ci",uk biobank + adgc + international genomics of alzheimers project + eadi + ld hub + geradperades + databasestudy + igap + charge,Caucasian + Multi-ethnic + Caribbean Hispanic + African American + Asian,Stage 2 + Discovery + Joint-analysis + Replication + Meta-analysis + Validation + Stage 3 + Stage 1,"reference panel + 1,000 genomes + pre-phasing + pre-analysis quality control + machminimac + shapeitimpute2 + 1,000 genomes project + imputation + phasing",genotyping + sequencing,pittsburgh compound b + complex traits + cognitive decline + apoptosis,race + tsi + ceu + ibs + fin + gbr + ethnic + ancestry + non-european + european ancestry,discovery + meta-analysis + stage + summary statistics + meta-analyses + association analysis + combined
,1.18,0.02,rs138190086,17.0,61538148.0,G/A,,"Overall stage 1/thinspace + /thinspacestage 2 ( n /thinspace = /thinspace82,771).Meta P","stage 2 ( n /thinspace = /thinspace18,845).95%Ci",uk biobank + adgc + international genomics of alzheimers project + eadi + ld hub + geradperades + databasestudy + igap + charge,Caucasian + Multi-ethnic + Caribbean Hispanic + African American + Asian,Stage 2 + Discovery + Joint-analysis + Replication + Meta-analysis + Validation + Stage 3 + Stage 1,"reference panel + 1,000 genomes + pre-phasing + pre-analysis quality control + machminimac + shapeitimpute2 + 1,000 genomes project + imputation + phasing",genotyping + sequencing,pittsburgh compound b + complex traits + cognitive decline + apoptosis,race + tsi + ceu + ibs + fin + gbr + ethnic + ancestry + non-european + european ancestry,discovery + meta + meta-analysis + stage + summary statistics + meta-analyses + association analysis + combined
,1.18,0.02,rs138190086,17.0,61538148.0,G/A,,"Overall stage 1/thinspace + /thinspacestage 2 ( n /thinspace = /thinspace82,771).I 2 (%), P","stage 2 ( n /thinspace = /thinspace18,845).95%Ci",uk biobank + adgc + international genomics of alzheimers project + eadi + ld hub + geradperades + databasestudy + igap + charge,Caucasian + Multi-ethnic + Caribbean Hispanic + African American + Asian,Stage 2 + Discovery + Joint-analysis + Replication + Meta-analysis + Validation + Stage 3 + Stage 1,"reference panel + 1,000 genomes + pre-phasing + pre-analysis quality control + machminimac + shapeitimpute2 + 1,000 genomes project + imputation + phasing",genotyping + sequencing,pittsburgh compound b + complex traits + cognitive decline + apoptosis,race + tsi + ceu + ibs + fin + gbr + ethnic + ancestry + non-european + european ancestry,discovery + meta-analysis + stage + summary statistics + meta-analyses + association analysis + combined
,0.89,0.39,rs190982,5.0,88223420.0,A/G,,"stage 1 discovery ( n /thinspace = /thinspace63,926).P","stage 2 ( n /thinspace = /thinspace18,845).95%Ci",uk biobank + adgc + international genomics of alzheimers project + eadi + ld hub + databasestudy + geradperades + igap + charge,Caucasian + Multi-ethnic + Caribbean Hispanic + African American + Asian,Stage 2 + Discovery + Joint-analysis + Replication + Meta-analysis + Validation + Stage 3 + Stage 1,"reference panel + 1,000 genomes + pre-phasing + pre-analysis quality control + machminimac + shapeitimpute2 + thousands of genomes + 1,000 genomes project + imputation + phasing",genotyping + sequencing,multiple sclerosis + complex traits + cognitive decline + apoptosis + pittsburgh compound b,race + tsi + ceu + ibs + fin + gbr + ethnic + ancestry + non-european + european ancestry,discovery + meta-analysis + stage + summary statistics + meta-analyses + association analysis + combined
,0.89,0.39,rs190982,5.0,88223420.0,A/G,,"stage 2 ( n /thinspace = /thinspace18,845).P","stage 2 ( n /thinspace = /thinspace18,845).95%Ci",uk biobank + adgc + international genomics of alzheimers project + eadi + ld hub + geradperades + databasestudy + igap + charge,Caucasian + Multi-ethnic + Caribbean Hispanic + African American + Asian,Stage 2 + Discovery + Joint-analysis + Replication + Meta-analysis + Validation + Stage 3 + Stage 1,"reference panel + 1,000 genomes + pre-phasing + pre-analysis quality control + machminimac + shapeitimpute2 + 1,000 genomes project + imputation + phasing",genotyping + sequencing,pittsburgh compound b + complex traits + cognitive decline + apoptosis,race + tsi + ceu + ibs + fin + gbr + ethnic + ancestry + non-european + european ancestry,discovery + meta-analysis + stage + summary statistics + meta-analyses + association analysis + combined
,0.89,0.39,rs190982,5.0,88223420.0,A/G,,"Overall stage 1/thinspace + /thinspacestage 2 ( n /thinspace = /thinspace82,771).Meta P","stage 2 ( n /thinspace = /thinspace18,845).95%Ci",uk biobank + adgc + international genomics of alzheimers project + eadi + ld hub + geradperades + databasestudy + igap + charge,Caucasian + Multi-ethnic + Caribbean Hispanic + African American + Asian,Stage 2 + Discovery + Joint-analysis + Replication + Meta-analysis + Validation + Stage 3 + Stage 1,"reference panel + 1,000 genomes + pre-phasing + pre-analysis quality control + machminimac + shapeitimpute2 + 1,000 genomes project + imputation + phasing",genotyping + sequencing,pittsburgh compound b + complex traits + cognitive decline + apoptosis,race + tsi + ceu + ibs + fin + gbr + ethnic + ancestry + non-european + european ancestry,discovery + meta + meta-analysis + stage + summary statistics + meta-analyses + association analysis + combined
,0.89,0.39,rs190982,5.0,88223420.0,A/G,,"Overall stage 1/thinspace + /thinspacestage 2 ( n /thinspace = /thinspace82,771).I 2 (%), P","stage 2 ( n /thinspace = /thinspace18,845).95%Ci",uk biobank + adgc + international genomics of alzheimers project + eadi + ld hub + geradperades + databasestudy + igap + charge,Caucasian + Multi-ethnic + Caribbean Hispanic + African American + Asian,Stage 2 + Discovery + Joint-analysis + Replication + Meta-analysis + Validation + Stage 3 + Stage 1,"reference panel + 1,000 genomes + pre-phasing + pre-analysis quality control + machminimac + shapeitimpute2 + 1,000 genomes project + imputation + phasing",genotyping + sequencing,pittsburgh compound b + complex traits + cognitive decline + apoptosis,race + tsi + ceu + ibs + fin + gbr + ethnic + ancestry + non-european + european ancestry,discovery + meta-analysis + stage + summary statistics + meta-analyses + association analysis + combined
,0.87,0.356,rs4723711,7.0,37844263.0,A/T,,"stage 1 discovery ( n /thinspace = /thinspace63,926).P","stage 2 ( n /thinspace = /thinspace18,845).95%Ci",uk biobank + adgc + international genomics of alzheimers project + eadi + ld hub + databasestudy + geradperades + igap + charge,Caucasian + Multi-ethnic + Caribbean Hispanic + African American + Asian,Stage 2 + Discovery + Joint-analysis + Replication + Meta-analysis + Validation + Stage 3 + Stage 1,"reference panel + 1,000 genomes + pre-phasing + pre-analysis quality control + machminimac + shapeitimpute2 + thousands of genomes + 1,000 genomes project + imputation + phasing",genotyping + sequencing,multiple sclerosis + complex traits + cognitive decline + apoptosis + pittsburgh compound b,race + tsi + ceu + ibs + fin + gbr + ethnic + ancestry + non-european + european ancestry,discovery + meta-analysis + stage + summary statistics + meta-analyses + association analysis + combined
,0.87,0.356,rs4723711,7.0,37844263.0,A/T,,"stage 2 ( n /thinspace = /thinspace18,845).P","stage 2 ( n /thinspace = /thinspace18,845).95%Ci",uk biobank + adgc + international genomics of alzheimers project + eadi + ld hub + geradperades + databasestudy + igap + charge,Caucasian + Multi-ethnic + Caribbean Hispanic + African American + Asian,Stage 2 + Discovery + Joint-analysis + Replication + Meta-analysis + Validation + Stage 3 + Stage 1,"reference panel + 1,000 genomes + pre-phasing + pre-analysis quality control + machminimac + shapeitimpute2 + 1,000 genomes project + imputation + phasing",genotyping + sequencing,pittsburgh compound b + complex traits + cognitive decline + apoptosis,race + tsi + ceu + ibs + fin + gbr + ethnic + ancestry + non-european + european ancestry,discovery + meta-analysis + stage + summary statistics + meta-analyses + association analysis + combined
,0.87,0.356,rs4723711,7.0,37844263.0,A/T,,"Overall stage 1/thinspace + /thinspacestage 2 ( n /thinspace = /thinspace82,771).Meta P","stage 2 ( n /thinspace = /thinspace18,845).95%Ci",uk biobank + adgc + international genomics of alzheimers project + eadi + ld hub + geradperades + databasestudy + igap + charge,Caucasian + Multi-ethnic + Caribbean Hispanic + African American + Asian,Stage 2 + Discovery + Joint-analysis + Replication + Meta-analysis + Validation + Stage 3 + Stage 1,"reference panel + 1,000 genomes + pre-phasing + pre-analysis quality control + machminimac + shapeitimpute2 + 1,000 genomes project + imputation + phasing",genotyping + sequencing,pittsburgh compound b + complex traits + cognitive decline + apoptosis,race + tsi + ceu + ibs + fin + gbr + ethnic + ancestry + non-european + european ancestry,discovery + meta + meta-analysis + stage + summary statistics + meta-analyses + association analysis + combined
,0.87,0.356,rs4723711,7.0,37844263.0,A/T,,"Overall stage 1/thinspace + /thinspacestage 2 ( n /thinspace = /thinspace82,771).I 2 (%), P","stage 2 ( n /thinspace = /thinspace18,845).95%Ci",uk biobank + adgc + international genomics of alzheimers project + eadi + ld hub + geradperades + databasestudy + igap + charge,Caucasian + Multi-ethnic + Caribbean Hispanic + African American + Asian,Stage 2 + Discovery + Joint-analysis + Replication + Meta-analysis + Validation + Stage 3 + Stage 1,"reference panel + 1,000 genomes + pre-phasing + pre-analysis quality control + machminimac + shapeitimpute2 + 1,000 genomes project + imputation + phasing",genotyping + sequencing,pittsburgh compound b + complex traits + cognitive decline + apoptosis,race + tsi + ceu + ibs + fin + gbr + ethnic + ancestry + non-european + european ancestry,discovery + meta-analysis + stage + summary statistics + meta-analyses + association analysis + combined
,1.17,0.187,rs4844610,1.0,207802552.0,C/A,,"stage 1 discovery ( n /thinspace = /thinspace63,926).P","Overall stage 1/thinspace + /thinspacestage 2 ( n /thinspace = /thinspace82,771).OR",uk biobank + adgc + international genomics of alzheimers project + eadi + ld hub + databasestudy + geradperades + igap + charge,Caucasian + Multi-ethnic + Caribbean Hispanic + African American + Asian,Stage 2 + Discovery + Joint-analysis + Replication + Meta-analysis + Validation + Stage 3 + Stage 1,"1,000 genomes + pre-phasing + pre-analysis quality control + machminimac + shapeitimpute2 + thousands of genomes + 1,000 genomes project + imputation + phasing",genotyping + sequencing,multiple sclerosis + pittsburgh compound b + complex traits + apoptosis,race + tsi + ceu + ibs + fin + gbr + ethnic + ancestry + non-european + european ancestry,discovery + meta-analysis + stage + summary statistics + meta-analyses + association analysis + combined
,1.17,0.187,rs4844610,1.0,207802552.0,C/A,,"stage 2 ( n /thinspace = /thinspace18,845).P","Overall stage 1/thinspace + /thinspacestage 2 ( n /thinspace = /thinspace82,771).OR",uk biobank + adgc + international genomics of alzheimers project + eadi + ld hub + geradperades + databasestudy + igap + charge,Caucasian + Multi-ethnic + Caribbean Hispanic + African American + Asian,Stage 2 + Discovery + Joint-analysis + Replication + Meta-analysis + Validation + Stage 3 + Stage 1,"1,000 genomes + pre-phasing + pre-analysis quality control + machminimac + shapeitimpute2 + 1,000 genomes project + imputation + phasing",genotyping + sequencing,pittsburgh compound b + complex traits + apoptosis,race + tsi + ceu + ibs + fin + gbr + ethnic + ancestry + non-european + european ancestry,discovery + meta-analysis + stage + summary statistics + combined
,1.17,0.187,rs4844610,1.0,207802552.0,C/A,,"Overall stage 1/thinspace + /thinspacestage 2 ( n /thinspace = /thinspace82,771).Meta P","Overall stage 1/thinspace + /thinspacestage 2 ( n /thinspace = /thinspace82,771).OR",uk biobank + adgc + international genomics of alzheimers project + eadi + ld hub + geradperades + databasestudy + igap + charge,Caucasian + Multi-ethnic + Caribbean Hispanic + African American + Asian,Stage 2 + Discovery + Joint-analysis + Replication + Meta-analysis + Validation + Stage 3 + Stage 1,pre-phasing + pre-analysis quality control + machminimac + shapeitimpute2 + imputation + phasing,sequencing,pittsburgh compound b,race + tsi + ceu + ibs + fin + gbr + ethnic + ancestry + non-european + european ancestry,meta + meta-analysis + stage + summary statistics + meta-analyses + combined
,1.17,0.187,rs4844610,1.0,207802552.0,C/A,,"Overall stage 1/thinspace + /thinspacestage 2 ( n /thinspace = /thinspace82,771).I 2 (%), P","Overall stage 1/thinspace + /thinspacestage 2 ( n /thinspace = /thinspace82,771).OR",uk biobank + adgc + international genomics of alzheimers project + eadi + ld hub + geradperades + databasestudy + igap + charge,Caucasian + Multi-ethnic + Caribbean Hispanic + African American + Asian,Stage 2 + Discovery + Joint-analysis + Replication + Meta-analysis + Validation + Stage 3 + Stage 1,"pre-phasing + pre-analysis quality control + machminimac + shapeitimpute2 + 1,000 genomes project + imputation + phasing",genotyping + sequencing,pittsburgh compound b + apoptosis,race + tsi + ceu + ibs + fin + gbr + ethnic + ancestry + non-european + european ancestry,meta-analysis + stage + summary statistics + meta-analyses + combined
,1.2,0.407,rs6733839,2.0,127892810.0,C/T,,"stage 1 discovery ( n /thinspace = /thinspace63,926).P","Overall stage 1/thinspace + /thinspacestage 2 ( n /thinspace = /thinspace82,771).OR",uk biobank + adgc + international genomics of alzheimers project + eadi + ld hub + databasestudy + geradperades + igap + charge,Caucasian + Multi-ethnic + Caribbean Hispanic + African American + Asian,Stage 2 + Discovery + Joint-analysis + Replication + Meta-analysis + Validation + Stage 3 + Stage 1,"1,000 genomes + pre-phasing + pre-analysis quality control + machminimac + shapeitimpute2 + thousands of genomes + 1,000 genomes project + imputation + phasing",genotyping + sequencing,multiple sclerosis + pittsburgh compound b + complex traits + apoptosis,race + tsi + ceu + ibs + fin + gbr + ethnic + ancestry + non-european + european ancestry,discovery + meta-analysis + stage + summary statistics + meta-analyses + association analysis + combined
,1.2,0.407,rs6733839,2.0,127892810.0,C/T,,"stage 2 ( n /thinspace = /thinspace18,845).P","Overall stage 1/thinspace + /thinspacestage 2 ( n /thinspace = /thinspace82,771).OR",uk biobank + adgc + international genomics of alzheimers project + eadi + ld hub + geradperades + databasestudy + igap + charge,Caucasian + Multi-ethnic + Caribbean Hispanic + African American + Asian,Stage 2 + Discovery + Joint-analysis + Replication + Meta-analysis + Validation + Stage 3 + Stage 1,"1,000 genomes + pre-phasing + pre-analysis quality control + machminimac + shapeitimpute2 + 1,000 genomes project + imputation + phasing",genotyping + sequencing,pittsburgh compound b + complex traits + apoptosis,race + tsi + ceu + ibs + fin + gbr + ethnic + ancestry + non-european + european ancestry,discovery + meta-analysis + stage + summary statistics + combined
,1.2,0.407,rs6733839,2.0,127892810.0,C/T,,"Overall stage 1/thinspace + /thinspacestage 2 ( n /thinspace = /thinspace82,771).Meta P","Overall stage 1/thinspace + /thinspacestage 2 ( n /thinspace = /thinspace82,771).OR",uk biobank + adgc + international genomics of alzheimers project + eadi + ld hub + geradperades + databasestudy + igap + charge,Caucasian + Multi-ethnic + Caribbean Hispanic + African American + Asian,Stage 2 + Discovery + Joint-analysis + Replication + Meta-analysis + Validation + Stage 3 + Stage 1,pre-phasing + pre-analysis quality control + machminimac + shapeitimpute2 + imputation + phasing,sequencing,pittsburgh compound b,race + tsi + ceu + ibs + fin + gbr + ethnic + ancestry + non-european + european ancestry,meta + meta-analysis + stage + summary statistics + meta-analyses + combined
,1.2,0.407,rs6733839,2.0,127892810.0,C/T,,"Overall stage 1/thinspace + /thinspacestage 2 ( n /thinspace = /thinspace82,771).I 2 (%), P","Overall stage 1/thinspace + /thinspacestage 2 ( n /thinspace = /thinspace82,771).OR",uk biobank + adgc + international genomics of alzheimers project + eadi + ld hub + geradperades + databasestudy + igap + charge,Caucasian + Multi-ethnic + Caribbean Hispanic + African American + Asian,Stage 2 + Discovery + Joint-analysis + Replication + Meta-analysis + Validation + Stage 3 + Stage 1,"pre-phasing + pre-analysis quality control + machminimac + shapeitimpute2 + 1,000 genomes project + imputation + phasing",genotyping + sequencing,pittsburgh compound b + apoptosis,race + tsi + ceu + ibs + fin + gbr + ethnic + ancestry + non-european + european ancestry,meta-analysis + stage + summary statistics + meta-analyses + combined
,0.91,0.223,rs10933431,2.0,233981912.0,C/G,,"stage 1 discovery ( n /thinspace = /thinspace63,926).P","Overall stage 1/thinspace + /thinspacestage 2 ( n /thinspace = /thinspace82,771).OR",uk biobank + adgc + international genomics of alzheimers project + eadi + ld hub + databasestudy + geradperades + igap + charge,Caucasian + Multi-ethnic + Caribbean Hispanic + African American + Asian,Stage 2 + Discovery + Joint-analysis + Replication + Meta-analysis + Validation + Stage 3 + Stage 1,"1,000 genomes + pre-phasing + pre-analysis quality control + machminimac + shapeitimpute2 + thousands of genomes + 1,000 genomes project + imputation + phasing",genotyping + sequencing,multiple sclerosis + pittsburgh compound b + complex traits + apoptosis,race + tsi + ceu + ibs + fin + gbr + ethnic + ancestry + non-european + european ancestry,discovery + meta-analysis + stage + summary statistics + meta-analyses + association analysis + combined
,0.91,0.223,rs10933431,2.0,233981912.0,C/G,,"stage 2 ( n /thinspace = /thinspace18,845).P","Overall stage 1/thinspace + /thinspacestage 2 ( n /thinspace = /thinspace82,771).OR",uk biobank + adgc + international genomics of alzheimers project + eadi + ld hub + geradperades + databasestudy + igap + charge,Caucasian + Multi-ethnic + Caribbean Hispanic + African American + Asian,Stage 2 + Discovery + Joint-analysis + Replication + Meta-analysis + Validation + Stage 3 + Stage 1,"1,000 genomes + pre-phasing + pre-analysis quality control + machminimac + shapeitimpute2 + 1,000 genomes project + imputation + phasing",genotyping + sequencing,pittsburgh compound b + complex traits + apoptosis,race + tsi + ceu + ibs + fin + gbr + ethnic + ancestry + non-european + european ancestry,discovery + meta-analysis + stage + summary statistics + combined
,0.91,0.223,rs10933431,2.0,233981912.0,C/G,,"Overall stage 1/thinspace + /thinspacestage 2 ( n /thinspace = /thinspace82,771).Meta P","Overall stage 1/thinspace + /thinspacestage 2 ( n /thinspace = /thinspace82,771).OR",uk biobank + adgc + international genomics of alzheimers project + eadi + ld hub + geradperades + databasestudy + igap + charge,Caucasian + Multi-ethnic + Caribbean Hispanic + African American + Asian,Stage 2 + Discovery + Joint-analysis + Replication + Meta-analysis + Validation + Stage 3 + Stage 1,pre-phasing + pre-analysis quality control + machminimac + shapeitimpute2 + imputation + phasing,sequencing,pittsburgh compound b,race + tsi + ceu + ibs + fin + gbr + ethnic + ancestry + non-european + european ancestry,meta + meta-analysis + stage + summary statistics + meta-analyses + combined
,0.91,0.223,rs10933431,2.0,233981912.0,C/G,,"Overall stage 1/thinspace + /thinspacestage 2 ( n /thinspace = /thinspace82,771).I 2 (%), P","Overall stage 1/thinspace + /thinspacestage 2 ( n /thinspace = /thinspace82,771).OR",uk biobank + adgc + international genomics of alzheimers project + eadi + ld hub + geradperades + databasestudy + igap + charge,Caucasian + Multi-ethnic + Caribbean Hispanic + African American + Asian,Stage 2 + Discovery + Joint-analysis + Replication + Meta-analysis + Validation + Stage 3 + Stage 1,"pre-phasing + pre-analysis quality control + machminimac + shapeitimpute2 + 1,000 genomes project + imputation + phasing",genotyping + sequencing,pittsburgh compound b + apoptosis,race + tsi + ceu + ibs + fin + gbr + ethnic + ancestry + non-european + european ancestry,meta-analysis + stage + summary statistics + meta-analyses + combined
,1.1,0.27,rs9271058,6.0,32575406.0,T/A,,"stage 1 discovery ( n /thinspace = /thinspace63,926).P","Overall stage 1/thinspace + /thinspacestage 2 ( n /thinspace = /thinspace82,771).OR",uk biobank + adgc + international genomics of alzheimers project + eadi + ld hub + databasestudy + geradperades + igap + charge,Caucasian + Multi-ethnic + Caribbean Hispanic + African American + Asian,Stage 2 + Discovery + Joint-analysis + Replication + Meta-analysis + Validation + Stage 3 + Stage 1,"1,000 genomes + pre-phasing + pre-analysis quality control + machminimac + shapeitimpute2 + thousands of genomes + 1,000 genomes project + imputation + phasing",genotyping + sequencing,multiple sclerosis + pittsburgh compound b + complex traits + apoptosis,race + tsi + ceu + ibs + fin + gbr + ethnic + ancestry + non-european + european ancestry,discovery + meta-analysis + stage + summary statistics + meta-analyses + association analysis + combined
,1.1,0.27,rs9271058,6.0,32575406.0,T/A,,"stage 2 ( n /thinspace = /thinspace18,845).P","Overall stage 1/thinspace + /thinspacestage 2 ( n /thinspace = /thinspace82,771).OR",uk biobank + adgc + international genomics of alzheimers project + eadi + ld hub + geradperades + databasestudy + igap + charge,Caucasian + Multi-ethnic + Caribbean Hispanic + African American + Asian,Stage 2 + Discovery + Joint-analysis + Replication + Meta-analysis + Validation + Stage 3 + Stage 1,"1,000 genomes + pre-phasing + pre-analysis quality control + machminimac + shapeitimpute2 + 1,000 genomes project + imputation + phasing",genotyping + sequencing,pittsburgh compound b + complex traits + apoptosis,race + tsi + ceu + ibs + fin + gbr + ethnic + ancestry + non-european + european ancestry,discovery + meta-analysis + stage + summary statistics + combined
,1.1,0.27,rs9271058,6.0,32575406.0,T/A,,"Overall stage 1/thinspace + /thinspacestage 2 ( n /thinspace = /thinspace82,771).Meta P","Overall stage 1/thinspace + /thinspacestage 2 ( n /thinspace = /thinspace82,771).OR",uk biobank + adgc + international genomics of alzheimers project + eadi + ld hub + geradperades + databasestudy + igap + charge,Caucasian + Multi-ethnic + Caribbean Hispanic + African American + Asian,Stage 2 + Discovery + Joint-analysis + Replication + Meta-analysis + Validation + Stage 3 + Stage 1,pre-phasing + pre-analysis quality control + machminimac + shapeitimpute2 + imputation + phasing,sequencing,pittsburgh compound b,race + tsi + ceu + ibs + fin + gbr + ethnic + ancestry + non-european + european ancestry,meta + meta-analysis + stage + summary statistics + meta-analyses + combined
,1.1,0.27,rs9271058,6.0,32575406.0,T/A,,"Overall stage 1/thinspace + /thinspacestage 2 ( n /thinspace = /thinspace82,771).I 2 (%), P","Overall stage 1/thinspace + /thinspacestage 2 ( n /thinspace = /thinspace82,771).OR",uk biobank + adgc + international genomics of alzheimers project + eadi + ld hub + geradperades + databasestudy + igap + charge,Caucasian + Multi-ethnic + Caribbean Hispanic + African American + Asian,Stage 2 + Discovery + Joint-analysis + Replication + Meta-analysis + Validation + Stage 3 + Stage 1,"pre-phasing + pre-analysis quality control + machminimac + shapeitimpute2 + 1,000 genomes project + imputation + phasing",genotyping + sequencing,pittsburgh compound b + apoptosis,race + tsi + ceu + ibs + fin + gbr + ethnic + ancestry + non-european + european ancestry,meta-analysis + stage + summary statistics + meta-analyses + combined
,2.08,0.008,rs75932628,6.0,41129252.0,C/T,,"stage 1 discovery ( n /thinspace = /thinspace63,926).P","Overall stage 1/thinspace + /thinspacestage 2 ( n /thinspace = /thinspace82,771).OR",uk biobank + adgc + international genomics of alzheimers project + eadi + ld hub + databasestudy + geradperades + igap + charge,Caucasian + Multi-ethnic + Caribbean Hispanic + African American + Asian,Stage 2 + Discovery + Joint-analysis + Replication + Meta-analysis + Validation + Stage 3 + Stage 1,"1,000 genomes + pre-phasing + pre-analysis quality control + machminimac + shapeitimpute2 + thousands of genomes + 1,000 genomes project + imputation + phasing",genotyping + sequencing,multiple sclerosis + pittsburgh compound b + complex traits + apoptosis,race + tsi + ceu + ibs + fin + gbr + ethnic + ancestry + non-european + european ancestry,discovery + meta-analysis + stage + summary statistics + meta-analyses + association analysis + combined
,2.08,0.008,rs75932628,6.0,41129252.0,C/T,,"stage 2 ( n /thinspace = /thinspace18,845).P","Overall stage 1/thinspace + /thinspacestage 2 ( n /thinspace = /thinspace82,771).OR",uk biobank + adgc + international genomics of alzheimers project + eadi + ld hub + geradperades + databasestudy + igap + charge,Caucasian + Multi-ethnic + Caribbean Hispanic + African American + Asian,Stage 2 + Discovery + Joint-analysis + Replication + Meta-analysis + Validation + Stage 3 + Stage 1,"1,000 genomes + pre-phasing + pre-analysis quality control + machminimac + shapeitimpute2 + 1,000 genomes project + imputation + phasing",genotyping + sequencing,pittsburgh compound b + complex traits + apoptosis,race + tsi + ceu + ibs + fin + gbr + ethnic + ancestry + non-european + european ancestry,discovery + meta-analysis + stage + summary statistics + combined
,2.08,0.008,rs75932628,6.0,41129252.0,C/T,,"Overall stage 1/thinspace + /thinspacestage 2 ( n /thinspace = /thinspace82,771).Meta P","Overall stage 1/thinspace + /thinspacestage 2 ( n /thinspace = /thinspace82,771).OR",uk biobank + adgc + international genomics of alzheimers project + eadi + ld hub + geradperades + databasestudy + igap + charge,Caucasian + Multi-ethnic + Caribbean Hispanic + African American + Asian,Stage 2 + Discovery + Joint-analysis + Replication + Meta-analysis + Validation + Stage 3 + Stage 1,pre-phasing + pre-analysis quality control + machminimac + shapeitimpute2 + imputation + phasing,sequencing,pittsburgh compound b,race + tsi + ceu + ibs + fin + gbr + ethnic + ancestry + non-european + european ancestry,meta + meta-analysis + stage + summary statistics + meta-analyses + combined
,2.08,0.008,rs75932628,6.0,41129252.0,C/T,,"Overall stage 1/thinspace + /thinspacestage 2 ( n /thinspace = /thinspace82,771).I 2 (%), P","Overall stage 1/thinspace + /thinspacestage 2 ( n /thinspace = /thinspace82,771).OR",uk biobank + adgc + international genomics of alzheimers project + eadi + ld hub + geradperades + databasestudy + igap + charge,Caucasian + Multi-ethnic + Caribbean Hispanic + African American + Asian,Stage 2 + Discovery + Joint-analysis + Replication + Meta-analysis + Validation + Stage 3 + Stage 1,"pre-phasing + pre-analysis quality control + machminimac + shapeitimpute2 + 1,000 genomes project + imputation + phasing",genotyping + sequencing,pittsburgh compound b + apoptosis,race + tsi + ceu + ibs + fin + gbr + ethnic + ancestry + non-european + european ancestry,meta-analysis + stage + summary statistics + meta-analyses + combined
,1.09,0.28,rs9473117,6.0,47431284.0,A/C,,"stage 1 discovery ( n /thinspace = /thinspace63,926).P","Overall stage 1/thinspace + /thinspacestage 2 ( n /thinspace = /thinspace82,771).OR",uk biobank + adgc + international genomics of alzheimers project + eadi + ld hub + databasestudy + geradperades + igap + charge,Caucasian + Multi-ethnic + Caribbean Hispanic + African American + Asian,Stage 2 + Discovery + Joint-analysis + Replication + Meta-analysis + Validation + Stage 3 + Stage 1,"1,000 genomes + pre-phasing + pre-analysis quality control + machminimac + shapeitimpute2 + thousands of genomes + 1,000 genomes project + imputation + phasing",genotyping + sequencing,multiple sclerosis + pittsburgh compound b + complex traits + apoptosis,race + tsi + ceu + ibs + fin + gbr + ethnic + ancestry + non-european + european ancestry,discovery + meta-analysis + stage + summary statistics + meta-analyses + association analysis + combined
,1.09,0.28,rs9473117,6.0,47431284.0,A/C,,"stage 2 ( n /thinspace = /thinspace18,845).P","Overall stage 1/thinspace + /thinspacestage 2 ( n /thinspace = /thinspace82,771).OR",uk biobank + adgc + international genomics of alzheimers project + eadi + ld hub + geradperades + databasestudy + igap + charge,Caucasian + Multi-ethnic + Caribbean Hispanic + African American + Asian,Stage 2 + Discovery + Joint-analysis + Replication + Meta-analysis + Validation + Stage 3 + Stage 1,"1,000 genomes + pre-phasing + pre-analysis quality control + machminimac + shapeitimpute2 + 1,000 genomes project + imputation + phasing",genotyping + sequencing,pittsburgh compound b + complex traits + apoptosis,race + tsi + ceu + ibs + fin + gbr + ethnic + ancestry + non-european + european ancestry,discovery + meta-analysis + stage + summary statistics + combined
,1.09,0.28,rs9473117,6.0,47431284.0,A/C,,"Overall stage 1/thinspace + /thinspacestage 2 ( n /thinspace = /thinspace82,771).Meta P","Overall stage 1/thinspace + /thinspacestage 2 ( n /thinspace = /thinspace82,771).OR",uk biobank + adgc + international genomics of alzheimers project + eadi + ld hub + geradperades + databasestudy + igap + charge,Caucasian + Multi-ethnic + Caribbean Hispanic + African American + Asian,Stage 2 + Discovery + Joint-analysis + Replication + Meta-analysis + Validation + Stage 3 + Stage 1,pre-phasing + pre-analysis quality control + machminimac + shapeitimpute2 + imputation + phasing,sequencing,pittsburgh compound b,race + tsi + ceu + ibs + fin + gbr + ethnic + ancestry + non-european + european ancestry,meta + meta-analysis + stage + summary statistics + meta-analyses + combined
,1.09,0.28,rs9473117,6.0,47431284.0,A/C,,"Overall stage 1/thinspace + /thinspacestage 2 ( n /thinspace = /thinspace82,771).I 2 (%), P","Overall stage 1/thinspace + /thinspacestage 2 ( n /thinspace = /thinspace82,771).OR",uk biobank + adgc + international genomics of alzheimers project + eadi + ld hub + geradperades + databasestudy + igap + charge,Caucasian + Multi-ethnic + Caribbean Hispanic + African American + Asian,Stage 2 + Discovery + Joint-analysis + Replication + Meta-analysis + Validation + Stage 3 + Stage 1,"pre-phasing + pre-analysis quality control + machminimac + shapeitimpute2 + 1,000 genomes project + imputation + phasing",genotyping + sequencing,pittsburgh compound b + apoptosis,race + tsi + ceu + ibs + fin + gbr + ethnic + ancestry + non-european + european ancestry,meta-analysis + stage + summary statistics + meta-analyses + combined
,0.92,0.303,rs12539172,7.0,100091795.0,C/T,,"stage 1 discovery ( n /thinspace = /thinspace63,926).P","Overall stage 1/thinspace + /thinspacestage 2 ( n /thinspace = /thinspace82,771).OR",uk biobank + adgc + international genomics of alzheimers project + eadi + ld hub + databasestudy + geradperades + igap + charge,Caucasian + Multi-ethnic + Caribbean Hispanic + African American + Asian,Stage 2 + Discovery + Joint-analysis + Replication + Meta-analysis + Validation + Stage 3 + Stage 1,"1,000 genomes + pre-phasing + pre-analysis quality control + machminimac + shapeitimpute2 + thousands of genomes + 1,000 genomes project + imputation + phasing",genotyping + sequencing,multiple sclerosis + pittsburgh compound b + complex traits + apoptosis,race + tsi + ceu + ibs + fin + gbr + ethnic + ancestry + non-european + european ancestry,discovery + meta-analysis + stage + summary statistics + meta-analyses + association analysis + combined
,0.92,0.303,rs12539172,7.0,100091795.0,C/T,,"stage 2 ( n /thinspace = /thinspace18,845).P","Overall stage 1/thinspace + /thinspacestage 2 ( n /thinspace = /thinspace82,771).OR",uk biobank + adgc + international genomics of alzheimers project + eadi + ld hub + geradperades + databasestudy + igap + charge,Caucasian + Multi-ethnic + Caribbean Hispanic + African American + Asian,Stage 2 + Discovery + Joint-analysis + Replication + Meta-analysis + Validation + Stage 3 + Stage 1,"1,000 genomes + pre-phasing + pre-analysis quality control + machminimac + shapeitimpute2 + 1,000 genomes project + imputation + phasing",genotyping + sequencing,pittsburgh compound b + complex traits + apoptosis,race + tsi + ceu + ibs + fin + gbr + ethnic + ancestry + non-european + european ancestry,discovery + meta-analysis + stage + summary statistics + combined
,0.92,0.303,rs12539172,7.0,100091795.0,C/T,,"Overall stage 1/thinspace + /thinspacestage 2 ( n /thinspace = /thinspace82,771).Meta P","Overall stage 1/thinspace + /thinspacestage 2 ( n /thinspace = /thinspace82,771).OR",uk biobank + adgc + international genomics of alzheimers project + eadi + ld hub + geradperades + databasestudy + igap + charge,Caucasian + Multi-ethnic + Caribbean Hispanic + African American + Asian,Stage 2 + Discovery + Joint-analysis + Replication + Meta-analysis + Validation + Stage 3 + Stage 1,pre-phasing + pre-analysis quality control + machminimac + shapeitimpute2 + imputation + phasing,sequencing,pittsburgh compound b,race + tsi + ceu + ibs + fin + gbr + ethnic + ancestry + non-european + european ancestry,meta + meta-analysis + stage + summary statistics + meta-analyses + combined
,0.92,0.303,rs12539172,7.0,100091795.0,C/T,,"Overall stage 1/thinspace + /thinspacestage 2 ( n /thinspace = /thinspace82,771).I 2 (%), P","Overall stage 1/thinspace + /thinspacestage 2 ( n /thinspace = /thinspace82,771).OR",uk biobank + adgc + international genomics of alzheimers project + eadi + ld hub + geradperades + databasestudy + igap + charge,Caucasian + Multi-ethnic + Caribbean Hispanic + African American + Asian,Stage 2 + Discovery + Joint-analysis + Replication + Meta-analysis + Validation + Stage 3 + Stage 1,"pre-phasing + pre-analysis quality control + machminimac + shapeitimpute2 + 1,000 genomes project + imputation + phasing",genotyping + sequencing,pittsburgh compound b + apoptosis,race + tsi + ceu + ibs + fin + gbr + ethnic + ancestry + non-european + european ancestry,meta-analysis + stage + summary statistics + meta-analyses + combined
,0.9,0.199,rs10808026,7.0,143099133.0,C/A,,"stage 1 discovery ( n /thinspace = /thinspace63,926).P","Overall stage 1/thinspace + /thinspacestage 2 ( n /thinspace = /thinspace82,771).OR",uk biobank + adgc + international genomics of alzheimers project + eadi + ld hub + databasestudy + geradperades + igap + charge,Caucasian + Multi-ethnic + Caribbean Hispanic + African American + Asian,Stage 2 + Discovery + Joint-analysis + Replication + Meta-analysis + Validation + Stage 3 + Stage 1,"1,000 genomes + pre-phasing + pre-analysis quality control + machminimac + shapeitimpute2 + thousands of genomes + 1,000 genomes project + imputation + phasing",genotyping + sequencing,multiple sclerosis + pittsburgh compound b + complex traits + apoptosis,race + tsi + ceu + ibs + fin + gbr + ethnic + ancestry + non-european + european ancestry,discovery + meta-analysis + stage + summary statistics + meta-analyses + association analysis + combined
,0.9,0.199,rs10808026,7.0,143099133.0,C/A,,"stage 2 ( n /thinspace = /thinspace18,845).P","Overall stage 1/thinspace + /thinspacestage 2 ( n /thinspace = /thinspace82,771).OR",uk biobank + adgc + international genomics of alzheimers project + eadi + ld hub + geradperades + databasestudy + igap + charge,Caucasian + Multi-ethnic + Caribbean Hispanic + African American + Asian,Stage 2 + Discovery + Joint-analysis + Replication + Meta-analysis + Validation + Stage 3 + Stage 1,"1,000 genomes + pre-phasing + pre-analysis quality control + machminimac + shapeitimpute2 + 1,000 genomes project + imputation + phasing",genotyping + sequencing,pittsburgh compound b + complex traits + apoptosis,race + tsi + ceu + ibs + fin + gbr + ethnic + ancestry + non-european + european ancestry,discovery + meta-analysis + stage + summary statistics + combined
,0.9,0.199,rs10808026,7.0,143099133.0,C/A,,"Overall stage 1/thinspace + /thinspacestage 2 ( n /thinspace = /thinspace82,771).Meta P","Overall stage 1/thinspace + /thinspacestage 2 ( n /thinspace = /thinspace82,771).OR",uk biobank + adgc + international genomics of alzheimers project + eadi + ld hub + geradperades + databasestudy + igap + charge,Caucasian + Multi-ethnic + Caribbean Hispanic + African American + Asian,Stage 2 + Discovery + Joint-analysis + Replication + Meta-analysis + Validation + Stage 3 + Stage 1,pre-phasing + pre-analysis quality control + machminimac + shapeitimpute2 + imputation + phasing,sequencing,pittsburgh compound b,race + tsi + ceu + ibs + fin + gbr + ethnic + ancestry + non-european + european ancestry,meta + meta-analysis + stage + summary statistics + meta-analyses + combined
,0.9,0.199,rs10808026,7.0,143099133.0,C/A,,"Overall stage 1/thinspace + /thinspacestage 2 ( n /thinspace = /thinspace82,771).I 2 (%), P","Overall stage 1/thinspace + /thinspacestage 2 ( n /thinspace = /thinspace82,771).OR",uk biobank + adgc + international genomics of alzheimers project + eadi + ld hub + geradperades + databasestudy + igap + charge,Caucasian + Multi-ethnic + Caribbean Hispanic + African American + Asian,Stage 2 + Discovery + Joint-analysis + Replication + Meta-analysis + Validation + Stage 3 + Stage 1,"pre-phasing + pre-analysis quality control + machminimac + shapeitimpute2 + 1,000 genomes project + imputation + phasing",genotyping + sequencing,pittsburgh compound b + apoptosis,race + tsi + ceu + ibs + fin + gbr + ethnic + ancestry + non-european + european ancestry,meta-analysis + stage + summary statistics + meta-analyses + combined
,1.1,0.367,rs73223431,8.0,27219987.0,C/T,,"stage 1 discovery ( n /thinspace = /thinspace63,926).P","Overall stage 1/thinspace + /thinspacestage 2 ( n /thinspace = /thinspace82,771).OR",uk biobank + adgc + international genomics of alzheimers project + eadi + ld hub + databasestudy + geradperades + igap + charge,Caucasian + Multi-ethnic + Caribbean Hispanic + African American + Asian,Stage 2 + Discovery + Joint-analysis + Replication + Meta-analysis + Validation + Stage 3 + Stage 1,"1,000 genomes + pre-phasing + pre-analysis quality control + machminimac + shapeitimpute2 + thousands of genomes + 1,000 genomes project + imputation + phasing",genotyping + sequencing,multiple sclerosis + pittsburgh compound b + complex traits + apoptosis,race + tsi + ceu + ibs + fin + gbr + ethnic + ancestry + non-european + european ancestry,discovery + meta-analysis + stage + summary statistics + meta-analyses + association analysis + combined
,1.1,0.367,rs73223431,8.0,27219987.0,C/T,,"stage 2 ( n /thinspace = /thinspace18,845).P","Overall stage 1/thinspace + /thinspacestage 2 ( n /thinspace = /thinspace82,771).OR",uk biobank + adgc + international genomics of alzheimers project + eadi + ld hub + geradperades + databasestudy + igap + charge,Caucasian + Multi-ethnic + Caribbean Hispanic + African American + Asian,Stage 2 + Discovery + Joint-analysis + Replication + Meta-analysis + Validation + Stage 3 + Stage 1,"1,000 genomes + pre-phasing + pre-analysis quality control + machminimac + shapeitimpute2 + 1,000 genomes project + imputation + phasing",genotyping + sequencing,pittsburgh compound b + complex traits + apoptosis,race + tsi + ceu + ibs + fin + gbr + ethnic + ancestry + non-european + european ancestry,discovery + meta-analysis + stage + summary statistics + combined
,1.1,0.367,rs73223431,8.0,27219987.0,C/T,,"Overall stage 1/thinspace + /thinspacestage 2 ( n /thinspace = /thinspace82,771).Meta P","Overall stage 1/thinspace + /thinspacestage 2 ( n /thinspace = /thinspace82,771).OR",uk biobank + adgc + international genomics of alzheimers project + eadi + ld hub + geradperades + databasestudy + igap + charge,Caucasian + Multi-ethnic + Caribbean Hispanic + African American + Asian,Stage 2 + Discovery + Joint-analysis + Replication + Meta-analysis + Validation + Stage 3 + Stage 1,pre-phasing + pre-analysis quality control + machminimac + shapeitimpute2 + imputation + phasing,sequencing,pittsburgh compound b,race + tsi + ceu + ibs + fin + gbr + ethnic + ancestry + non-european + european ancestry,meta + meta-analysis + stage + summary statistics + meta-analyses + combined
,1.1,0.367,rs73223431,8.0,27219987.0,C/T,,"Overall stage 1/thinspace + /thinspacestage 2 ( n /thinspace = /thinspace82,771).I 2 (%), P","Overall stage 1/thinspace + /thinspacestage 2 ( n /thinspace = /thinspace82,771).OR",uk biobank + adgc + international genomics of alzheimers project + eadi + ld hub + geradperades + databasestudy + igap + charge,Caucasian + Multi-ethnic + Caribbean Hispanic + African American + Asian,Stage 2 + Discovery + Joint-analysis + Replication + Meta-analysis + Validation + Stage 3 + Stage 1,"pre-phasing + pre-analysis quality control + machminimac + shapeitimpute2 + 1,000 genomes project + imputation + phasing",genotyping + sequencing,pittsburgh compound b + apoptosis,race + tsi + ceu + ibs + fin + gbr + ethnic + ancestry + non-european + european ancestry,meta-analysis + stage + summary statistics + meta-analyses + combined
,0.88,0.387,rs9331896,8.0,27467686.0,T/C,,"stage 1 discovery ( n /thinspace = /thinspace63,926).P","Overall stage 1/thinspace + /thinspacestage 2 ( n /thinspace = /thinspace82,771).OR",uk biobank + adgc + international genomics of alzheimers project + eadi + ld hub + databasestudy + geradperades + igap + charge,Caucasian + Multi-ethnic + Caribbean Hispanic + African American + Asian,Stage 2 + Discovery + Joint-analysis + Replication + Meta-analysis + Validation + Stage 3 + Stage 1,"1,000 genomes + pre-phasing + pre-analysis quality control + machminimac + shapeitimpute2 + thousands of genomes + 1,000 genomes project + imputation + phasing",genotyping + sequencing,multiple sclerosis + pittsburgh compound b + complex traits + apoptosis,race + tsi + ceu + ibs + fin + gbr + ethnic + ancestry + non-european + european ancestry,discovery + meta-analysis + stage + summary statistics + meta-analyses + association analysis + combined
,0.88,0.387,rs9331896,8.0,27467686.0,T/C,,"stage 2 ( n /thinspace = /thinspace18,845).P","Overall stage 1/thinspace + /thinspacestage 2 ( n /thinspace = /thinspace82,771).OR",uk biobank + adgc + international genomics of alzheimers project + eadi + ld hub + geradperades + databasestudy + igap + charge,Caucasian + Multi-ethnic + Caribbean Hispanic + African American + Asian,Stage 2 + Discovery + Joint-analysis + Replication + Meta-analysis + Validation + Stage 3 + Stage 1,"1,000 genomes + pre-phasing + pre-analysis quality control + machminimac + shapeitimpute2 + 1,000 genomes project + imputation + phasing",genotyping + sequencing,pittsburgh compound b + complex traits + apoptosis,race + tsi + ceu + ibs + fin + gbr + ethnic + ancestry + non-european + european ancestry,discovery + meta-analysis + stage + summary statistics + combined
,0.88,0.387,rs9331896,8.0,27467686.0,T/C,,"Overall stage 1/thinspace + /thinspacestage 2 ( n /thinspace = /thinspace82,771).Meta P","Overall stage 1/thinspace + /thinspacestage 2 ( n /thinspace = /thinspace82,771).OR",uk biobank + adgc + international genomics of alzheimers project + eadi + ld hub + geradperades + databasestudy + igap + charge,Caucasian + Multi-ethnic + Caribbean Hispanic + African American + Asian,Stage 2 + Discovery + Joint-analysis + Replication + Meta-analysis + Validation + Stage 3 + Stage 1,pre-phasing + pre-analysis quality control + machminimac + shapeitimpute2 + imputation + phasing,sequencing,pittsburgh compound b,race + tsi + ceu + ibs + fin + gbr + ethnic + ancestry + non-european + european ancestry,meta + meta-analysis + stage + summary statistics + meta-analyses + combined
,0.88,0.387,rs9331896,8.0,27467686.0,T/C,,"Overall stage 1/thinspace + /thinspacestage 2 ( n /thinspace = /thinspace82,771).I 2 (%), P","Overall stage 1/thinspace + /thinspacestage 2 ( n /thinspace = /thinspace82,771).OR",uk biobank + adgc + international genomics of alzheimers project + eadi + ld hub + geradperades + databasestudy + igap + charge,Caucasian + Multi-ethnic + Caribbean Hispanic + African American + Asian,Stage 2 + Discovery + Joint-analysis + Replication + Meta-analysis + Validation + Stage 3 + Stage 1,"pre-phasing + pre-analysis quality control + machminimac + shapeitimpute2 + 1,000 genomes project + imputation + phasing",genotyping + sequencing,pittsburgh compound b + apoptosis,race + tsi + ceu + ibs + fin + gbr + ethnic + ancestry + non-european + european ancestry,meta-analysis + stage + summary statistics + meta-analyses + combined
,0.92,0.448,rs3740688,11.0,47380340.0,T/G,,"stage 1 discovery ( n /thinspace = /thinspace63,926).P","Overall stage 1/thinspace + /thinspacestage 2 ( n /thinspace = /thinspace82,771).OR",uk biobank + adgc + international genomics of alzheimers project + eadi + ld hub + databasestudy + geradperades + igap + charge,Caucasian + Multi-ethnic + Caribbean Hispanic + African American + Asian,Stage 2 + Discovery + Joint-analysis + Replication + Meta-analysis + Validation + Stage 3 + Stage 1,"1,000 genomes + pre-phasing + pre-analysis quality control + machminimac + shapeitimpute2 + thousands of genomes + 1,000 genomes project + imputation + phasing",genotyping + sequencing,multiple sclerosis + pittsburgh compound b + complex traits + apoptosis,race + tsi + ceu + ibs + fin + gbr + ethnic + ancestry + non-european + european ancestry,discovery + meta-analysis + stage + summary statistics + meta-analyses + association analysis + combined
,0.92,0.448,rs3740688,11.0,47380340.0,T/G,,"stage 2 ( n /thinspace = /thinspace18,845).P","Overall stage 1/thinspace + /thinspacestage 2 ( n /thinspace = /thinspace82,771).OR",uk biobank + adgc + international genomics of alzheimers project + eadi + ld hub + geradperades + databasestudy + igap + charge,Caucasian + Multi-ethnic + Caribbean Hispanic + African American + Asian,Stage 2 + Discovery + Joint-analysis + Replication + Meta-analysis + Validation + Stage 3 + Stage 1,"1,000 genomes + pre-phasing + pre-analysis quality control + machminimac + shapeitimpute2 + 1,000 genomes project + imputation + phasing",genotyping + sequencing,pittsburgh compound b + complex traits + apoptosis,race + tsi + ceu + ibs + fin + gbr + ethnic + ancestry + non-european + european ancestry,discovery + meta-analysis + stage + summary statistics + combined
,0.92,0.448,rs3740688,11.0,47380340.0,T/G,,"Overall stage 1/thinspace + /thinspacestage 2 ( n /thinspace = /thinspace82,771).Meta P","Overall stage 1/thinspace + /thinspacestage 2 ( n /thinspace = /thinspace82,771).OR",uk biobank + adgc + international genomics of alzheimers project + eadi + ld hub + geradperades + databasestudy + igap + charge,Caucasian + Multi-ethnic + Caribbean Hispanic + African American + Asian,Stage 2 + Discovery + Joint-analysis + Replication + Meta-analysis + Validation + Stage 3 + Stage 1,pre-phasing + pre-analysis quality control + machminimac + shapeitimpute2 + imputation + phasing,sequencing,pittsburgh compound b,race + tsi + ceu + ibs + fin + gbr + ethnic + ancestry + non-european + european ancestry,meta + meta-analysis + stage + summary statistics + meta-analyses + combined
,0.92,0.448,rs3740688,11.0,47380340.0,T/G,,"Overall stage 1/thinspace + /thinspacestage 2 ( n /thinspace = /thinspace82,771).I 2 (%), P","Overall stage 1/thinspace + /thinspacestage 2 ( n /thinspace = /thinspace82,771).OR",uk biobank + adgc + international genomics of alzheimers project + eadi + ld hub + geradperades + databasestudy + igap + charge,Caucasian + Multi-ethnic + Caribbean Hispanic + African American + Asian,Stage 2 + Discovery + Joint-analysis + Replication + Meta-analysis + Validation + Stage 3 + Stage 1,"pre-phasing + pre-analysis quality control + machminimac + shapeitimpute2 + 1,000 genomes project + imputation + phasing",genotyping + sequencing,pittsburgh compound b + apoptosis,race + tsi + ceu + ibs + fin + gbr + ethnic + ancestry + non-european + european ancestry,meta-analysis + stage + summary statistics + meta-analyses + combined
,0.89,0.391,rs7933202,11.0,59936926.0,A/C,,"stage 1 discovery ( n /thinspace = /thinspace63,926).P","Overall stage 1/thinspace + /thinspacestage 2 ( n /thinspace = /thinspace82,771).OR",uk biobank + adgc + international genomics of alzheimers project + eadi + ld hub + databasestudy + geradperades + igap + charge,Caucasian + Multi-ethnic + Caribbean Hispanic + African American + Asian,Stage 2 + Discovery + Joint-analysis + Replication + Meta-analysis + Validation + Stage 3 + Stage 1,"1,000 genomes + pre-phasing + pre-analysis quality control + machminimac + shapeitimpute2 + thousands of genomes + 1,000 genomes project + imputation + phasing",genotyping + sequencing,multiple sclerosis + pittsburgh compound b + complex traits + apoptosis,race + tsi + ceu + ibs + fin + gbr + ethnic + ancestry + non-european + european ancestry,discovery + meta-analysis + stage + summary statistics + meta-analyses + association analysis + combined
,0.89,0.391,rs7933202,11.0,59936926.0,A/C,,"stage 2 ( n /thinspace = /thinspace18,845).P","Overall stage 1/thinspace + /thinspacestage 2 ( n /thinspace = /thinspace82,771).OR",uk biobank + adgc + international genomics of alzheimers project + eadi + ld hub + geradperades + databasestudy + igap + charge,Caucasian + Multi-ethnic + Caribbean Hispanic + African American + Asian,Stage 2 + Discovery + Joint-analysis + Replication + Meta-analysis + Validation + Stage 3 + Stage 1,"1,000 genomes + pre-phasing + pre-analysis quality control + machminimac + shapeitimpute2 + 1,000 genomes project + imputation + phasing",genotyping + sequencing,pittsburgh compound b + complex traits + apoptosis,race + tsi + ceu + ibs + fin + gbr + ethnic + ancestry + non-european + european ancestry,discovery + meta-analysis + stage + summary statistics + combined
,0.89,0.391,rs7933202,11.0,59936926.0,A/C,,"Overall stage 1/thinspace + /thinspacestage 2 ( n /thinspace = /thinspace82,771).Meta P","Overall stage 1/thinspace + /thinspacestage 2 ( n /thinspace = /thinspace82,771).OR",uk biobank + adgc + international genomics of alzheimers project + eadi + ld hub + geradperades + databasestudy + igap + charge,Caucasian + Multi-ethnic + Caribbean Hispanic + African American + Asian,Stage 2 + Discovery + Joint-analysis + Replication + Meta-analysis + Validation + Stage 3 + Stage 1,pre-phasing + pre-analysis quality control + machminimac + shapeitimpute2 + imputation + phasing,sequencing,pittsburgh compound b,race + tsi + ceu + ibs + fin + gbr + ethnic + ancestry + non-european + european ancestry,meta + meta-analysis + stage + summary statistics + meta-analyses + combined
,0.89,0.391,rs7933202,11.0,59936926.0,A/C,,"Overall stage 1/thinspace + /thinspacestage 2 ( n /thinspace = /thinspace82,771).I 2 (%), P","Overall stage 1/thinspace + /thinspacestage 2 ( n /thinspace = /thinspace82,771).OR",uk biobank + adgc + international genomics of alzheimers project + eadi + ld hub + geradperades + databasestudy + igap + charge,Caucasian + Multi-ethnic + Caribbean Hispanic + African American + Asian,Stage 2 + Discovery + Joint-analysis + Replication + Meta-analysis + Validation + Stage 3 + Stage 1,"pre-phasing + pre-analysis quality control + machminimac + shapeitimpute2 + 1,000 genomes project + imputation + phasing",genotyping + sequencing,pittsburgh compound b + apoptosis,race + tsi + ceu + ibs + fin + gbr + ethnic + ancestry + non-european + european ancestry,meta-analysis + stage + summary statistics + meta-analyses + combined
,0.88,0.356,rs3851179,11.0,85868640.0,C/T,,"stage 1 discovery ( n /thinspace = /thinspace63,926).P","Overall stage 1/thinspace + /thinspacestage 2 ( n /thinspace = /thinspace82,771).OR",uk biobank + adgc + international genomics of alzheimers project + eadi + ld hub + databasestudy + geradperades + igap + charge,Caucasian + Multi-ethnic + Caribbean Hispanic + African American + Asian,Stage 2 + Discovery + Joint-analysis + Replication + Meta-analysis + Validation + Stage 3 + Stage 1,"1,000 genomes + pre-phasing + pre-analysis quality control + machminimac + shapeitimpute2 + thousands of genomes + 1,000 genomes project + imputation + phasing",genotyping + sequencing,multiple sclerosis + pittsburgh compound b + complex traits + apoptosis,race + tsi + ceu + ibs + fin + gbr + ethnic + ancestry + non-european + european ancestry,discovery + meta-analysis + stage + summary statistics + meta-analyses + association analysis + combined
,0.88,0.356,rs3851179,11.0,85868640.0,C/T,,"stage 2 ( n /thinspace = /thinspace18,845).P","Overall stage 1/thinspace + /thinspacestage 2 ( n /thinspace = /thinspace82,771).OR",uk biobank + adgc + international genomics of alzheimers project + eadi + ld hub + geradperades + databasestudy + igap + charge,Caucasian + Multi-ethnic + Caribbean Hispanic + African American + Asian,Stage 2 + Discovery + Joint-analysis + Replication + Meta-analysis + Validation + Stage 3 + Stage 1,"1,000 genomes + pre-phasing + pre-analysis quality control + machminimac + shapeitimpute2 + 1,000 genomes project + imputation + phasing",genotyping + sequencing,pittsburgh compound b + complex traits + apoptosis,race + tsi + ceu + ibs + fin + gbr + ethnic + ancestry + non-european + european ancestry,discovery + meta-analysis + stage + summary statistics + combined
,0.88,0.356,rs3851179,11.0,85868640.0,C/T,,"Overall stage 1/thinspace + /thinspacestage 2 ( n /thinspace = /thinspace82,771).Meta P","Overall stage 1/thinspace + /thinspacestage 2 ( n /thinspace = /thinspace82,771).OR",uk biobank + adgc + international genomics of alzheimers project + eadi + ld hub + geradperades + databasestudy + igap + charge,Caucasian + Multi-ethnic + Caribbean Hispanic + African American + Asian,Stage 2 + Discovery + Joint-analysis + Replication + Meta-analysis + Validation + Stage 3 + Stage 1,pre-phasing + pre-analysis quality control + machminimac + shapeitimpute2 + imputation + phasing,sequencing,pittsburgh compound b,race + tsi + ceu + ibs + fin + gbr + ethnic + ancestry + non-european + european ancestry,meta + meta-analysis + stage + summary statistics + meta-analyses + combined
,0.88,0.356,rs3851179,11.0,85868640.0,C/T,,"Overall stage 1/thinspace + /thinspacestage 2 ( n /thinspace = /thinspace82,771).I 2 (%), P","Overall stage 1/thinspace + /thinspacestage 2 ( n /thinspace = /thinspace82,771).OR",uk biobank + adgc + international genomics of alzheimers project + eadi + ld hub + geradperades + databasestudy + igap + charge,Caucasian + Multi-ethnic + Caribbean Hispanic + African American + Asian,Stage 2 + Discovery + Joint-analysis + Replication + Meta-analysis + Validation + Stage 3 + Stage 1,"pre-phasing + pre-analysis quality control + machminimac + shapeitimpute2 + 1,000 genomes project + imputation + phasing",genotyping + sequencing,pittsburgh compound b + apoptosis,race + tsi + ceu + ibs + fin + gbr + ethnic + ancestry + non-european + european ancestry,meta-analysis + stage + summary statistics + meta-analyses + combined
,0.8,0.04,rs11218343,11.0,121435587.0,T/C,,"stage 1 discovery ( n /thinspace = /thinspace63,926).P","Overall stage 1/thinspace + /thinspacestage 2 ( n /thinspace = /thinspace82,771).OR",uk biobank + adgc + international genomics of alzheimers project + eadi + ld hub + databasestudy + geradperades + igap + charge,Caucasian + Multi-ethnic + Caribbean Hispanic + African American + Asian,Stage 2 + Discovery + Joint-analysis + Replication + Meta-analysis + Validation + Stage 3 + Stage 1,"1,000 genomes + pre-phasing + pre-analysis quality control + machminimac + shapeitimpute2 + thousands of genomes + 1,000 genomes project + imputation + phasing",genotyping + sequencing,multiple sclerosis + pittsburgh compound b + complex traits + apoptosis,race + tsi + ceu + ibs + fin + gbr + ethnic + ancestry + non-european + european ancestry,discovery + meta-analysis + stage + summary statistics + meta-analyses + association analysis + combined
,0.8,0.04,rs11218343,11.0,121435587.0,T/C,,"stage 2 ( n /thinspace = /thinspace18,845).P","Overall stage 1/thinspace + /thinspacestage 2 ( n /thinspace = /thinspace82,771).OR",uk biobank + adgc + international genomics of alzheimers project + eadi + ld hub + geradperades + databasestudy + igap + charge,Caucasian + Multi-ethnic + Caribbean Hispanic + African American + Asian,Stage 2 + Discovery + Joint-analysis + Replication + Meta-analysis + Validation + Stage 3 + Stage 1,"1,000 genomes + pre-phasing + pre-analysis quality control + machminimac + shapeitimpute2 + 1,000 genomes project + imputation + phasing",genotyping + sequencing,pittsburgh compound b + complex traits + apoptosis,race + tsi + ceu + ibs + fin + gbr + ethnic + ancestry + non-european + european ancestry,discovery + meta-analysis + stage + summary statistics + combined
,0.8,0.04,rs11218343,11.0,121435587.0,T/C,,"Overall stage 1/thinspace + /thinspacestage 2 ( n /thinspace = /thinspace82,771).Meta P","Overall stage 1/thinspace + /thinspacestage 2 ( n /thinspace = /thinspace82,771).OR",uk biobank + adgc + international genomics of alzheimers project + eadi + ld hub + geradperades + databasestudy + igap + charge,Caucasian + Multi-ethnic + Caribbean Hispanic + African American + Asian,Stage 2 + Discovery + Joint-analysis + Replication + Meta-analysis + Validation + Stage 3 + Stage 1,pre-phasing + pre-analysis quality control + machminimac + shapeitimpute2 + imputation + phasing,sequencing,pittsburgh compound b,race + tsi + ceu + ibs + fin + gbr + ethnic + ancestry + non-european + european ancestry,meta + meta-analysis + stage + summary statistics + meta-analyses + combined
,0.8,0.04,rs11218343,11.0,121435587.0,T/C,,"Overall stage 1/thinspace + /thinspacestage 2 ( n /thinspace = /thinspace82,771).I 2 (%), P","Overall stage 1/thinspace + /thinspacestage 2 ( n /thinspace = /thinspace82,771).OR",uk biobank + adgc + international genomics of alzheimers project + eadi + ld hub + geradperades + databasestudy + igap + charge,Caucasian + Multi-ethnic + Caribbean Hispanic + African American + Asian,Stage 2 + Discovery + Joint-analysis + Replication + Meta-analysis + Validation + Stage 3 + Stage 1,"pre-phasing + pre-analysis quality control + machminimac + shapeitimpute2 + 1,000 genomes project + imputation + phasing",genotyping + sequencing,pittsburgh compound b + apoptosis,race + tsi + ceu + ibs + fin + gbr + ethnic + ancestry + non-european + european ancestry,meta-analysis + stage + summary statistics + meta-analyses + combined
,1.14,0.093,rs17125924,14.0,53391680.0,A/G,,"stage 1 discovery ( n /thinspace = /thinspace63,926).P","Overall stage 1/thinspace + /thinspacestage 2 ( n /thinspace = /thinspace82,771).OR",uk biobank + adgc + international genomics of alzheimers project + eadi + ld hub + databasestudy + geradperades + igap + charge,Caucasian + Multi-ethnic + Caribbean Hispanic + African American + Asian,Stage 2 + Discovery + Joint-analysis + Replication + Meta-analysis + Validation + Stage 3 + Stage 1,"1,000 genomes + pre-phasing + pre-analysis quality control + machminimac + shapeitimpute2 + thousands of genomes + 1,000 genomes project + imputation + phasing",genotyping + sequencing,multiple sclerosis + pittsburgh compound b + complex traits + apoptosis,race + tsi + ceu + ibs + fin + gbr + ethnic + ancestry + non-european + european ancestry,discovery + meta-analysis + stage + summary statistics + meta-analyses + association analysis + combined
,1.14,0.093,rs17125924,14.0,53391680.0,A/G,,"stage 2 ( n /thinspace = /thinspace18,845).P","Overall stage 1/thinspace + /thinspacestage 2 ( n /thinspace = /thinspace82,771).OR",uk biobank + adgc + international genomics of alzheimers project + eadi + ld hub + geradperades + databasestudy + igap + charge,Caucasian + Multi-ethnic + Caribbean Hispanic + African American + Asian,Stage 2 + Discovery + Joint-analysis + Replication + Meta-analysis + Validation + Stage 3 + Stage 1,"1,000 genomes + pre-phasing + pre-analysis quality control + machminimac + shapeitimpute2 + 1,000 genomes project + imputation + phasing",genotyping + sequencing,pittsburgh compound b + complex traits + apoptosis,race + tsi + ceu + ibs + fin + gbr + ethnic + ancestry + non-european + european ancestry,discovery + meta-analysis + stage + summary statistics + combined
,1.14,0.093,rs17125924,14.0,53391680.0,A/G,,"Overall stage 1/thinspace + /thinspacestage 2 ( n /thinspace = /thinspace82,771).Meta P","Overall stage 1/thinspace + /thinspacestage 2 ( n /thinspace = /thinspace82,771).OR",uk biobank + adgc + international genomics of alzheimers project + eadi + ld hub + geradperades + databasestudy + igap + charge,Caucasian + Multi-ethnic + Caribbean Hispanic + African American + Asian,Stage 2 + Discovery + Joint-analysis + Replication + Meta-analysis + Validation + Stage 3 + Stage 1,pre-phasing + pre-analysis quality control + machminimac + shapeitimpute2 + imputation + phasing,sequencing,pittsburgh compound b,race + tsi + ceu + ibs + fin + gbr + ethnic + ancestry + non-european + european ancestry,meta + meta-analysis + stage + summary statistics + meta-analyses + combined
,1.14,0.093,rs17125924,14.0,53391680.0,A/G,,"Overall stage 1/thinspace + /thinspacestage 2 ( n /thinspace = /thinspace82,771).I 2 (%), P","Overall stage 1/thinspace + /thinspacestage 2 ( n /thinspace = /thinspace82,771).OR",uk biobank + adgc + international genomics of alzheimers project + eadi + ld hub + geradperades + databasestudy + igap + charge,Caucasian + Multi-ethnic + Caribbean Hispanic + African American + Asian,Stage 2 + Discovery + Joint-analysis + Replication + Meta-analysis + Validation + Stage 3 + Stage 1,"pre-phasing + pre-analysis quality control + machminimac + shapeitimpute2 + 1,000 genomes project + imputation + phasing",genotyping + sequencing,pittsburgh compound b + apoptosis,race + tsi + ceu + ibs + fin + gbr + ethnic + ancestry + non-european + european ancestry,meta-analysis + stage + summary statistics + meta-analyses + combined
,0.92,0.221,rs12881735,14.0,92932828.0,T/C,,"stage 1 discovery ( n /thinspace = /thinspace63,926).P","Overall stage 1/thinspace + /thinspacestage 2 ( n /thinspace = /thinspace82,771).OR",uk biobank + adgc + international genomics of alzheimers project + eadi + ld hub + databasestudy + geradperades + igap + charge,Caucasian + Multi-ethnic + Caribbean Hispanic + African American + Asian,Stage 2 + Discovery + Joint-analysis + Replication + Meta-analysis + Validation + Stage 3 + Stage 1,"1,000 genomes + pre-phasing + pre-analysis quality control + machminimac + shapeitimpute2 + thousands of genomes + 1,000 genomes project + imputation + phasing",genotyping + sequencing,multiple sclerosis + pittsburgh compound b + complex traits + apoptosis,race + tsi + ceu + ibs + fin + gbr + ethnic + ancestry + non-european + european ancestry,discovery + meta-analysis + stage + summary statistics + meta-analyses + association analysis + combined
,0.92,0.221,rs12881735,14.0,92932828.0,T/C,,"stage 2 ( n /thinspace = /thinspace18,845).P","Overall stage 1/thinspace + /thinspacestage 2 ( n /thinspace = /thinspace82,771).OR",uk biobank + adgc + international genomics of alzheimers project + eadi + ld hub + geradperades + databasestudy + igap + charge,Caucasian + Multi-ethnic + Caribbean Hispanic + African American + Asian,Stage 2 + Discovery + Joint-analysis + Replication + Meta-analysis + Validation + Stage 3 + Stage 1,"1,000 genomes + pre-phasing + pre-analysis quality control + machminimac + shapeitimpute2 + 1,000 genomes project + imputation + phasing",genotyping + sequencing,pittsburgh compound b + complex traits + apoptosis,race + tsi + ceu + ibs + fin + gbr + ethnic + ancestry + non-european + european ancestry,discovery + meta-analysis + stage + summary statistics + combined
7.4e-09,0.92,0.221,rs12881735,14.0,92932828.0,T/C,,"Overall stage 1/thinspace + /thinspacestage 2 ( n /thinspace = /thinspace82,771).Meta P","Overall stage 1/thinspace + /thinspacestage 2 ( n /thinspace = /thinspace82,771).OR",uk biobank + adgc + international genomics of alzheimers project + eadi + ld hub + geradperades + databasestudy + igap + charge,Caucasian + Multi-ethnic + Caribbean Hispanic + African American + Asian,Stage 2 + Discovery + Joint-analysis + Replication + Meta-analysis + Validation + Stage 3 + Stage 1,pre-phasing + pre-analysis quality control + machminimac + shapeitimpute2 + imputation + phasing,sequencing,pittsburgh compound b,race + tsi + ceu + ibs + fin + gbr + ethnic + ancestry + non-european + european ancestry,meta + meta-analysis + stage + summary statistics + meta-analyses + combined
,0.92,0.221,rs12881735,14.0,92932828.0,T/C,,"Overall stage 1/thinspace + /thinspacestage 2 ( n /thinspace = /thinspace82,771).I 2 (%), P","Overall stage 1/thinspace + /thinspacestage 2 ( n /thinspace = /thinspace82,771).OR",uk biobank + adgc + international genomics of alzheimers project + eadi + ld hub + geradperades + databasestudy + igap + charge,Caucasian + Multi-ethnic + Caribbean Hispanic + African American + Asian,Stage 2 + Discovery + Joint-analysis + Replication + Meta-analysis + Validation + Stage 3 + Stage 1,"pre-phasing + pre-analysis quality control + machminimac + shapeitimpute2 + 1,000 genomes project + imputation + phasing",genotyping + sequencing,pittsburgh compound b + apoptosis,race + tsi + ceu + ibs + fin + gbr + ethnic + ancestry + non-european + european ancestry,meta-analysis + stage + summary statistics + meta-analyses + combined
,1.15,0.182,rs3752246,19.0,1056492.0,C/G,,"stage 1 discovery ( n /thinspace = /thinspace63,926).P","Overall stage 1/thinspace + /thinspacestage 2 ( n /thinspace = /thinspace82,771).OR",uk biobank + adgc + international genomics of alzheimers project + eadi + ld hub + databasestudy + geradperades + igap + charge,Caucasian + Multi-ethnic + Caribbean Hispanic + African American + Asian,Stage 2 + Discovery + Joint-analysis + Replication + Meta-analysis + Validation + Stage 3 + Stage 1,"1,000 genomes + pre-phasing + pre-analysis quality control + machminimac + shapeitimpute2 + thousands of genomes + 1,000 genomes project + imputation + phasing",genotyping + sequencing,multiple sclerosis + pittsburgh compound b + complex traits + apoptosis,race + tsi + ceu + ibs + fin + gbr + ethnic + ancestry + non-european + european ancestry,discovery + meta-analysis + stage + summary statistics + meta-analyses + association analysis + combined
,1.15,0.182,rs3752246,19.0,1056492.0,C/G,,"stage 2 ( n /thinspace = /thinspace18,845).P","Overall stage 1/thinspace + /thinspacestage 2 ( n /thinspace = /thinspace82,771).OR",uk biobank + adgc + international genomics of alzheimers project + eadi + ld hub + geradperades + databasestudy + igap + charge,Caucasian + Multi-ethnic + Caribbean Hispanic + African American + Asian,Stage 2 + Discovery + Joint-analysis + Replication + Meta-analysis + Validation + Stage 3 + Stage 1,"1,000 genomes + pre-phasing + pre-analysis quality control + machminimac + shapeitimpute2 + 1,000 genomes project + imputation + phasing",genotyping + sequencing,pittsburgh compound b + complex traits + apoptosis,race + tsi + ceu + ibs + fin + gbr + ethnic + ancestry + non-european + european ancestry,discovery + meta-analysis + stage + summary statistics + combined
,1.15,0.182,rs3752246,19.0,1056492.0,C/G,,"Overall stage 1/thinspace + /thinspacestage 2 ( n /thinspace = /thinspace82,771).Meta P","Overall stage 1/thinspace + /thinspacestage 2 ( n /thinspace = /thinspace82,771).OR",uk biobank + adgc + international genomics of alzheimers project + eadi + ld hub + geradperades + databasestudy + igap + charge,Caucasian + Multi-ethnic + Caribbean Hispanic + African American + Asian,Stage 2 + Discovery + Joint-analysis + Replication + Meta-analysis + Validation + Stage 3 + Stage 1,pre-phasing + pre-analysis quality control + machminimac + shapeitimpute2 + imputation + phasing,sequencing,pittsburgh compound b,race + tsi + ceu + ibs + fin + gbr + ethnic + ancestry + non-european + european ancestry,meta + meta-analysis + stage + summary statistics + meta-analyses + combined
,1.15,0.182,rs3752246,19.0,1056492.0,C/G,,"Overall stage 1/thinspace + /thinspacestage 2 ( n /thinspace = /thinspace82,771).I 2 (%), P","Overall stage 1/thinspace + /thinspacestage 2 ( n /thinspace = /thinspace82,771).OR",uk biobank + adgc + international genomics of alzheimers project + eadi + ld hub + geradperades + databasestudy + igap + charge,Caucasian + Multi-ethnic + Caribbean Hispanic + African American + Asian,Stage 2 + Discovery + Joint-analysis + Replication + Meta-analysis + Validation + Stage 3 + Stage 1,"pre-phasing + pre-analysis quality control + machminimac + shapeitimpute2 + 1,000 genomes project + imputation + phasing",genotyping + sequencing,pittsburgh compound b + apoptosis,race + tsi + ceu + ibs + fin + gbr + ethnic + ancestry + non-european + european ancestry,meta-analysis + stage + summary statistics + meta-analyses + combined
,,0.216,rs429358,19.0,45411941.0,T/C,,"stage 1 discovery ( n /thinspace = /thinspace63,926).P","Overall stage 1/thinspace + /thinspacestage 2 ( n /thinspace = /thinspace82,771).OR",uk biobank + adgc + international genomics of alzheimers project + eadi + ld hub + databasestudy + geradperades + igap + charge,Caucasian + Multi-ethnic + Caribbean Hispanic + African American + Asian,Stage 2 + Discovery + Joint-analysis + Replication + Meta-analysis + Validation + Stage 3 + Stage 1,"1,000 genomes + pre-phasing + pre-analysis quality control + machminimac + shapeitimpute2 + thousands of genomes + 1,000 genomes project + imputation + phasing",genotyping + sequencing,multiple sclerosis + pittsburgh compound b + complex traits + apoptosis,race + tsi + ceu + ibs + fin + gbr + ethnic + ancestry + non-european + european ancestry,discovery + meta-analysis + stage + summary statistics + meta-analyses + association analysis + combined
,,0.216,rs429358,19.0,45411941.0,T/C,,"stage 2 ( n /thinspace = /thinspace18,845).P","Overall stage 1/thinspace + /thinspacestage 2 ( n /thinspace = /thinspace82,771).OR",uk biobank + adgc + international genomics of alzheimers project + eadi + ld hub + geradperades + databasestudy + igap + charge,Caucasian + Multi-ethnic + Caribbean Hispanic + African American + Asian,Stage 2 + Discovery + Joint-analysis + Replication + Meta-analysis + Validation + Stage 3 + Stage 1,"1,000 genomes + pre-phasing + pre-analysis quality control + machminimac + shapeitimpute2 + 1,000 genomes project + imputation + phasing",genotyping + sequencing,pittsburgh compound b + complex traits + apoptosis,race + tsi + ceu + ibs + fin + gbr + ethnic + ancestry + non-european + european ancestry,discovery + meta-analysis + stage + summary statistics + combined
,,0.216,rs429358,19.0,45411941.0,T/C,,"Overall stage 1/thinspace + /thinspacestage 2 ( n /thinspace = /thinspace82,771).Meta P","Overall stage 1/thinspace + /thinspacestage 2 ( n /thinspace = /thinspace82,771).OR",uk biobank + adgc + international genomics of alzheimers project + eadi + ld hub + geradperades + databasestudy + igap + charge,Caucasian + Multi-ethnic + Caribbean Hispanic + African American + Asian,Stage 2 + Discovery + Joint-analysis + Replication + Meta-analysis + Validation + Stage 3 + Stage 1,pre-phasing + pre-analysis quality control + machminimac + shapeitimpute2 + imputation + phasing,sequencing,pittsburgh compound b,race + tsi + ceu + ibs + fin + gbr + ethnic + ancestry + non-european + european ancestry,meta + meta-analysis + stage + summary statistics + meta-analyses + combined
,,0.216,rs429358,19.0,45411941.0,T/C,,"Overall stage 1/thinspace + /thinspacestage 2 ( n /thinspace = /thinspace82,771).I 2 (%), P","Overall stage 1/thinspace + /thinspacestage 2 ( n /thinspace = /thinspace82,771).OR",uk biobank + adgc + international genomics of alzheimers project + eadi + ld hub + geradperades + databasestudy + igap + charge,Caucasian + Multi-ethnic + Caribbean Hispanic + African American + Asian,Stage 2 + Discovery + Joint-analysis + Replication + Meta-analysis + Validation + Stage 3 + Stage 1,"pre-phasing + pre-analysis quality control + machminimac + shapeitimpute2 + 1,000 genomes project + imputation + phasing",genotyping + sequencing,pittsburgh compound b + apoptosis,race + tsi + ceu + ibs + fin + gbr + ethnic + ancestry + non-european + european ancestry,meta-analysis + stage + summary statistics + meta-analyses + combined
,0.88,0.088,rs6024870,20.0,54997568.0,G/A,,"stage 1 discovery ( n /thinspace = /thinspace63,926).P","Overall stage 1/thinspace + /thinspacestage 2 ( n /thinspace = /thinspace82,771).OR",uk biobank + adgc + international genomics of alzheimers project + eadi + ld hub + databasestudy + geradperades + igap + charge,Caucasian + Multi-ethnic + Caribbean Hispanic + African American + Asian,Stage 2 + Discovery + Joint-analysis + Replication + Meta-analysis + Validation + Stage 3 + Stage 1,"1,000 genomes + pre-phasing + pre-analysis quality control + machminimac + shapeitimpute2 + thousands of genomes + 1,000 genomes project + imputation + phasing",genotyping + sequencing,multiple sclerosis + pittsburgh compound b + complex traits + apoptosis,race + tsi + ceu + ibs + fin + gbr + ethnic + ancestry + non-european + european ancestry,discovery + meta-analysis + stage + summary statistics + meta-analyses + association analysis + combined
,0.88,0.088,rs6024870,20.0,54997568.0,G/A,,"stage 2 ( n /thinspace = /thinspace18,845).P","Overall stage 1/thinspace + /thinspacestage 2 ( n /thinspace = /thinspace82,771).OR",uk biobank + adgc + international genomics of alzheimers project + eadi + ld hub + geradperades + databasestudy + igap + charge,Caucasian + Multi-ethnic + Caribbean Hispanic + African American + Asian,Stage 2 + Discovery + Joint-analysis + Replication + Meta-analysis + Validation + Stage 3 + Stage 1,"1,000 genomes + pre-phasing + pre-analysis quality control + machminimac + shapeitimpute2 + 1,000 genomes project + imputation + phasing",genotyping + sequencing,pittsburgh compound b + complex traits + apoptosis,race + tsi + ceu + ibs + fin + gbr + ethnic + ancestry + non-european + european ancestry,discovery + meta-analysis + stage + summary statistics + combined
,0.88,0.088,rs6024870,20.0,54997568.0,G/A,,"Overall stage 1/thinspace + /thinspacestage 2 ( n /thinspace = /thinspace82,771).Meta P","Overall stage 1/thinspace + /thinspacestage 2 ( n /thinspace = /thinspace82,771).OR",uk biobank + adgc + international genomics of alzheimers project + eadi + ld hub + geradperades + databasestudy + igap + charge,Caucasian + Multi-ethnic + Caribbean Hispanic + African American + Asian,Stage 2 + Discovery + Joint-analysis + Replication + Meta-analysis + Validation + Stage 3 + Stage 1,pre-phasing + pre-analysis quality control + machminimac + shapeitimpute2 + imputation + phasing,sequencing,pittsburgh compound b,race + tsi + ceu + ibs + fin + gbr + ethnic + ancestry + non-european + european ancestry,meta + meta-analysis + stage + summary statistics + meta-analyses + combined
,0.88,0.088,rs6024870,20.0,54997568.0,G/A,,"Overall stage 1/thinspace + /thinspacestage 2 ( n /thinspace = /thinspace82,771).I 2 (%), P","Overall stage 1/thinspace + /thinspacestage 2 ( n /thinspace = /thinspace82,771).OR",uk biobank + adgc + international genomics of alzheimers project + eadi + ld hub + geradperades + databasestudy + igap + charge,Caucasian + Multi-ethnic + Caribbean Hispanic + African American + Asian,Stage 2 + Discovery + Joint-analysis + Replication + Meta-analysis + Validation + Stage 3 + Stage 1,"pre-phasing + pre-analysis quality control + machminimac + shapeitimpute2 + 1,000 genomes project + imputation + phasing",genotyping + sequencing,pittsburgh compound b + apoptosis,race + tsi + ceu + ibs + fin + gbr + ethnic + ancestry + non-european + european ancestry,meta-analysis + stage + summary statistics + meta-analyses + combined
,1.08,0.389,rs7920721,10.0,11720308.0,A/G,,"stage 1 discovery ( n /thinspace = /thinspace63,926).P","Overall stage 1/thinspace + /thinspacestage 2 ( n /thinspace = /thinspace82,771).OR",uk biobank + adgc + international genomics of alzheimers project + eadi + ld hub + databasestudy + geradperades + igap + charge,Caucasian + Multi-ethnic + Caribbean Hispanic + African American + Asian,Stage 2 + Discovery + Joint-analysis + Replication + Meta-analysis + Validation + Stage 3 + Stage 1,"1,000 genomes + pre-phasing + pre-analysis quality control + machminimac + shapeitimpute2 + thousands of genomes + 1,000 genomes project + imputation + phasing",genotyping + sequencing,multiple sclerosis + pittsburgh compound b + complex traits + apoptosis,race + tsi + ceu + ibs + fin + gbr + ethnic + ancestry + non-european + european ancestry,discovery + meta-analysis + stage + summary statistics + meta-analyses + association analysis + combined
,1.08,0.389,rs7920721,10.0,11720308.0,A/G,,"stage 2 ( n /thinspace = /thinspace18,845).P","Overall stage 1/thinspace + /thinspacestage 2 ( n /thinspace = /thinspace82,771).OR",uk biobank + adgc + international genomics of alzheimers project + eadi + ld hub + geradperades + databasestudy + igap + charge,Caucasian + Multi-ethnic + Caribbean Hispanic + African American + Asian,Stage 2 + Discovery + Joint-analysis + Replication + Meta-analysis + Validation + Stage 3 + Stage 1,"1,000 genomes + pre-phasing + pre-analysis quality control + machminimac + shapeitimpute2 + 1,000 genomes project + imputation + phasing",genotyping + sequencing,pittsburgh compound b + complex traits + apoptosis,race + tsi + ceu + ibs + fin + gbr + ethnic + ancestry + non-european + european ancestry,discovery + meta-analysis + stage + summary statistics + combined
,1.08,0.389,rs7920721,10.0,11720308.0,A/G,,"Overall stage 1/thinspace + /thinspacestage 2 ( n /thinspace = /thinspace82,771).Meta P","Overall stage 1/thinspace + /thinspacestage 2 ( n /thinspace = /thinspace82,771).OR",uk biobank + adgc + international genomics of alzheimers project + eadi + ld hub + geradperades + databasestudy + igap + charge,Caucasian + Multi-ethnic + Caribbean Hispanic + African American + Asian,Stage 2 + Discovery + Joint-analysis + Replication + Meta-analysis + Validation + Stage 3 + Stage 1,pre-phasing + pre-analysis quality control + machminimac + shapeitimpute2 + imputation + phasing,sequencing,pittsburgh compound b,race + tsi + ceu + ibs + fin + gbr + ethnic + ancestry + non-european + european ancestry,meta + meta-analysis + stage + summary statistics + meta-analyses + combined
,1.08,0.389,rs7920721,10.0,11720308.0,A/G,,"Overall stage 1/thinspace + /thinspacestage 2 ( n /thinspace = /thinspace82,771).I 2 (%), P","Overall stage 1/thinspace + /thinspacestage 2 ( n /thinspace = /thinspace82,771).OR",uk biobank + adgc + international genomics of alzheimers project + eadi + ld hub + geradperades + databasestudy + igap + charge,Caucasian + Multi-ethnic + Caribbean Hispanic + African American + Asian,Stage 2 + Discovery + Joint-analysis + Replication + Meta-analysis + Validation + Stage 3 + Stage 1,"pre-phasing + pre-analysis quality control + machminimac + shapeitimpute2 + 1,000 genomes project + imputation + phasing",genotyping + sequencing,pittsburgh compound b + apoptosis,race + tsi + ceu + ibs + fin + gbr + ethnic + ancestry + non-european + european ancestry,meta-analysis + stage + summary statistics + meta-analyses + combined
,1.32,0.02,rs138190086,17.0,61538148.0,G/A,,"stage 1 discovery ( n /thinspace = /thinspace63,926).P","Overall stage 1/thinspace + /thinspacestage 2 ( n /thinspace = /thinspace82,771).OR",uk biobank + adgc + international genomics of alzheimers project + eadi + ld hub + databasestudy + geradperades + igap + charge,Caucasian + Multi-ethnic + Caribbean Hispanic + African American + Asian,Stage 2 + Discovery + Joint-analysis + Replication + Meta-analysis + Validation + Stage 3 + Stage 1,"1,000 genomes + pre-phasing + pre-analysis quality control + machminimac + shapeitimpute2 + thousands of genomes + 1,000 genomes project + imputation + phasing",genotyping + sequencing,multiple sclerosis + pittsburgh compound b + complex traits + apoptosis,race + tsi + ceu + ibs + fin + gbr + ethnic + ancestry + non-european + european ancestry,discovery + meta-analysis + stage + summary statistics + meta-analyses + association analysis + combined
,1.32,0.02,rs138190086,17.0,61538148.0,G/A,,"stage 2 ( n /thinspace = /thinspace18,845).P","Overall stage 1/thinspace + /thinspacestage 2 ( n /thinspace = /thinspace82,771).OR",uk biobank + adgc + international genomics of alzheimers project + eadi + ld hub + geradperades + databasestudy + igap + charge,Caucasian + Multi-ethnic + Caribbean Hispanic + African American + Asian,Stage 2 + Discovery + Joint-analysis + Replication + Meta-analysis + Validation + Stage 3 + Stage 1,"1,000 genomes + pre-phasing + pre-analysis quality control + machminimac + shapeitimpute2 + 1,000 genomes project + imputation + phasing",genotyping + sequencing,pittsburgh compound b + complex traits + apoptosis,race + tsi + ceu + ibs + fin + gbr + ethnic + ancestry + non-european + european ancestry,discovery + meta-analysis + stage + summary statistics + combined
,1.32,0.02,rs138190086,17.0,61538148.0,G/A,,"Overall stage 1/thinspace + /thinspacestage 2 ( n /thinspace = /thinspace82,771).Meta P","Overall stage 1/thinspace + /thinspacestage 2 ( n /thinspace = /thinspace82,771).OR",uk biobank + adgc + international genomics of alzheimers project + eadi + ld hub + geradperades + databasestudy + igap + charge,Caucasian + Multi-ethnic + Caribbean Hispanic + African American + Asian,Stage 2 + Discovery + Joint-analysis + Replication + Meta-analysis + Validation + Stage 3 + Stage 1,pre-phasing + pre-analysis quality control + machminimac + shapeitimpute2 + imputation + phasing,sequencing,pittsburgh compound b,race + tsi + ceu + ibs + fin + gbr + ethnic + ancestry + non-european + european ancestry,meta + meta-analysis + stage + summary statistics + meta-analyses + combined
,1.32,0.02,rs138190086,17.0,61538148.0,G/A,,"Overall stage 1/thinspace + /thinspacestage 2 ( n /thinspace = /thinspace82,771).I 2 (%), P","Overall stage 1/thinspace + /thinspacestage 2 ( n /thinspace = /thinspace82,771).OR",uk biobank + adgc + international genomics of alzheimers project + eadi + ld hub + geradperades + databasestudy + igap + charge,Caucasian + Multi-ethnic + Caribbean Hispanic + African American + Asian,Stage 2 + Discovery + Joint-analysis + Replication + Meta-analysis + Validation + Stage 3 + Stage 1,"pre-phasing + pre-analysis quality control + machminimac + shapeitimpute2 + 1,000 genomes project + imputation + phasing",genotyping + sequencing,pittsburgh compound b + apoptosis,race + tsi + ceu + ibs + fin + gbr + ethnic + ancestry + non-european + european ancestry,meta-analysis + stage + summary statistics + meta-analyses + combined
,0.94,0.39,rs190982,5.0,88223420.0,A/G,,"stage 1 discovery ( n /thinspace = /thinspace63,926).P","Overall stage 1/thinspace + /thinspacestage 2 ( n /thinspace = /thinspace82,771).OR",uk biobank + adgc + international genomics of alzheimers project + eadi + ld hub + databasestudy + geradperades + igap + charge,Caucasian + Multi-ethnic + Caribbean Hispanic + African American + Asian,Stage 2 + Discovery + Joint-analysis + Replication + Meta-analysis + Validation + Stage 3 + Stage 1,"1,000 genomes + pre-phasing + pre-analysis quality control + machminimac + shapeitimpute2 + thousands of genomes + 1,000 genomes project + imputation + phasing",genotyping + sequencing,multiple sclerosis + pittsburgh compound b + complex traits + apoptosis,race + tsi + ceu + ibs + fin + gbr + ethnic + ancestry + non-european + european ancestry,discovery + meta-analysis + stage + summary statistics + meta-analyses + association analysis + combined
,0.94,0.39,rs190982,5.0,88223420.0,A/G,,"stage 2 ( n /thinspace = /thinspace18,845).P","Overall stage 1/thinspace + /thinspacestage 2 ( n /thinspace = /thinspace82,771).OR",uk biobank + adgc + international genomics of alzheimers project + eadi + ld hub + geradperades + databasestudy + igap + charge,Caucasian + Multi-ethnic + Caribbean Hispanic + African American + Asian,Stage 2 + Discovery + Joint-analysis + Replication + Meta-analysis + Validation + Stage 3 + Stage 1,"1,000 genomes + pre-phasing + pre-analysis quality control + machminimac + shapeitimpute2 + 1,000 genomes project + imputation + phasing",genotyping + sequencing,pittsburgh compound b + complex traits + apoptosis,race + tsi + ceu + ibs + fin + gbr + ethnic + ancestry + non-european + european ancestry,discovery + meta-analysis + stage + summary statistics + combined
,0.94,0.39,rs190982,5.0,88223420.0,A/G,,"Overall stage 1/thinspace + /thinspacestage 2 ( n /thinspace = /thinspace82,771).Meta P","Overall stage 1/thinspace + /thinspacestage 2 ( n /thinspace = /thinspace82,771).OR",uk biobank + adgc + international genomics of alzheimers project + eadi + ld hub + geradperades + databasestudy + igap + charge,Caucasian + Multi-ethnic + Caribbean Hispanic + African American + Asian,Stage 2 + Discovery + Joint-analysis + Replication + Meta-analysis + Validation + Stage 3 + Stage 1,pre-phasing + pre-analysis quality control + machminimac + shapeitimpute2 + imputation + phasing,sequencing,pittsburgh compound b,race + tsi + ceu + ibs + fin + gbr + ethnic + ancestry + non-european + european ancestry,meta + meta-analysis + stage + summary statistics + meta-analyses + combined
,0.94,0.39,rs190982,5.0,88223420.0,A/G,,"Overall stage 1/thinspace + /thinspacestage 2 ( n /thinspace = /thinspace82,771).I 2 (%), P","Overall stage 1/thinspace + /thinspacestage 2 ( n /thinspace = /thinspace82,771).OR",uk biobank + adgc + international genomics of alzheimers project + eadi + ld hub + geradperades + databasestudy + igap + charge,Caucasian + Multi-ethnic + Caribbean Hispanic + African American + Asian,Stage 2 + Discovery + Joint-analysis + Replication + Meta-analysis + Validation + Stage 3 + Stage 1,"pre-phasing + pre-analysis quality control + machminimac + shapeitimpute2 + 1,000 genomes project + imputation + phasing",genotyping + sequencing,pittsburgh compound b + apoptosis,race + tsi + ceu + ibs + fin + gbr + ethnic + ancestry + non-european + european ancestry,meta-analysis + stage + summary statistics + meta-analyses + combined
,0.94,0.356,rs4723711,7.0,37844263.0,A/T,,"stage 1 discovery ( n /thinspace = /thinspace63,926).P","Overall stage 1/thinspace + /thinspacestage 2 ( n /thinspace = /thinspace82,771).OR",uk biobank + adgc + international genomics of alzheimers project + eadi + ld hub + databasestudy + geradperades + igap + charge,Caucasian + Multi-ethnic + Caribbean Hispanic + African American + Asian,Stage 2 + Discovery + Joint-analysis + Replication + Meta-analysis + Validation + Stage 3 + Stage 1,"1,000 genomes + pre-phasing + pre-analysis quality control + machminimac + shapeitimpute2 + thousands of genomes + 1,000 genomes project + imputation + phasing",genotyping + sequencing,multiple sclerosis + pittsburgh compound b + complex traits + apoptosis,race + tsi + ceu + ibs + fin + gbr + ethnic + ancestry + non-european + european ancestry,discovery + meta-analysis + stage + summary statistics + meta-analyses + association analysis + combined
,0.94,0.356,rs4723711,7.0,37844263.0,A/T,,"stage 2 ( n /thinspace = /thinspace18,845).P","Overall stage 1/thinspace + /thinspacestage 2 ( n /thinspace = /thinspace82,771).OR",uk biobank + adgc + international genomics of alzheimers project + eadi + ld hub + geradperades + databasestudy + igap + charge,Caucasian + Multi-ethnic + Caribbean Hispanic + African American + Asian,Stage 2 + Discovery + Joint-analysis + Replication + Meta-analysis + Validation + Stage 3 + Stage 1,"1,000 genomes + pre-phasing + pre-analysis quality control + machminimac + shapeitimpute2 + 1,000 genomes project + imputation + phasing",genotyping + sequencing,pittsburgh compound b + complex traits + apoptosis,race + tsi + ceu + ibs + fin + gbr + ethnic + ancestry + non-european + european ancestry,discovery + meta-analysis + stage + summary statistics + combined
,0.94,0.356,rs4723711,7.0,37844263.0,A/T,,"Overall stage 1/thinspace + /thinspacestage 2 ( n /thinspace = /thinspace82,771).Meta P","Overall stage 1/thinspace + /thinspacestage 2 ( n /thinspace = /thinspace82,771).OR",uk biobank + adgc + international genomics of alzheimers project + eadi + ld hub + geradperades + databasestudy + igap + charge,Caucasian + Multi-ethnic + Caribbean Hispanic + African American + Asian,Stage 2 + Discovery + Joint-analysis + Replication + Meta-analysis + Validation + Stage 3 + Stage 1,pre-phasing + pre-analysis quality control + machminimac + shapeitimpute2 + imputation + phasing,sequencing,pittsburgh compound b,race + tsi + ceu + ibs + fin + gbr + ethnic + ancestry + non-european + european ancestry,meta + meta-analysis + stage + summary statistics + meta-analyses + combined
,0.94,0.356,rs4723711,7.0,37844263.0,A/T,,"Overall stage 1/thinspace + /thinspacestage 2 ( n /thinspace = /thinspace82,771).I 2 (%), P","Overall stage 1/thinspace + /thinspacestage 2 ( n /thinspace = /thinspace82,771).OR",uk biobank + adgc + international genomics of alzheimers project + eadi + ld hub + geradperades + databasestudy + igap + charge,Caucasian + Multi-ethnic + Caribbean Hispanic + African American + Asian,Stage 2 + Discovery + Joint-analysis + Replication + Meta-analysis + Validation + Stage 3 + Stage 1,"pre-phasing + pre-analysis quality control + machminimac + shapeitimpute2 + 1,000 genomes project + imputation + phasing",genotyping + sequencing,pittsburgh compound b + apoptosis,race + tsi + ceu + ibs + fin + gbr + ethnic + ancestry + non-european + european ancestry,meta-analysis + stage + summary statistics + meta-analyses + combined
,1.13,0.187,rs4844610,1.0,207802552.0,C/A,,"stage 1 discovery ( n /thinspace = /thinspace63,926).P","Overall stage 1/thinspace + /thinspacestage 2 ( n /thinspace = /thinspace82,771).95%Ci",uk biobank + adgc + international genomics of alzheimers project + eadi + ld hub + databasestudy + geradperades + igap + charge,Caucasian + Multi-ethnic + Caribbean Hispanic + African American + Asian,Stage 2 + Discovery + Joint-analysis + Replication + Meta-analysis + Validation + Stage 3 + Stage 1,"1,000 genomes + pre-phasing + pre-analysis quality control + machminimac + shapeitimpute2 + thousands of genomes + 1,000 genomes project + imputation + phasing",genotyping + sequencing,multiple sclerosis + pittsburgh compound b + complex traits + apoptosis,race + tsi + ceu + ibs + fin + gbr + ethnic + ancestry + non-european + european ancestry,discovery + meta-analysis + stage + summary statistics + meta-analyses + association analysis + combined
,1.13,0.187,rs4844610,1.0,207802552.0,C/A,,"stage 2 ( n /thinspace = /thinspace18,845).P","Overall stage 1/thinspace + /thinspacestage 2 ( n /thinspace = /thinspace82,771).95%Ci",uk biobank + adgc + international genomics of alzheimers project + eadi + ld hub + geradperades + databasestudy + igap + charge,Caucasian + Multi-ethnic + Caribbean Hispanic + African American + Asian,Stage 2 + Discovery + Joint-analysis + Replication + Meta-analysis + Validation + Stage 3 + Stage 1,"1,000 genomes + pre-phasing + pre-analysis quality control + machminimac + shapeitimpute2 + 1,000 genomes project + imputation + phasing",genotyping + sequencing,pittsburgh compound b + complex traits + apoptosis,race + tsi + ceu + ibs + fin + gbr + ethnic + ancestry + non-european + european ancestry,discovery + meta-analysis + stage + summary statistics + meta-analyses + combined
,1.13,0.187,rs4844610,1.0,207802552.0,C/A,,"Overall stage 1/thinspace + /thinspacestage 2 ( n /thinspace = /thinspace82,771).Meta P","Overall stage 1/thinspace + /thinspacestage 2 ( n /thinspace = /thinspace82,771).95%Ci",uk biobank + adgc + international genomics of alzheimers project + eadi + ld hub + geradperades + databasestudy + igap + charge,Caucasian + Multi-ethnic + Caribbean Hispanic + African American + Asian,Stage 2 + Discovery + Joint-analysis + Replication + Meta-analysis + Validation + Stage 3 + Stage 1,"pre-phasing + pre-analysis quality control + machminimac + shapeitimpute2 + 1,000 genomes project + imputation + phasing",genotyping + sequencing,pittsburgh compound b,race + tsi + ceu + ibs + fin + gbr + ethnic + ancestry + non-european + european ancestry,meta + meta-analysis + stage + summary statistics + meta-analyses + combined
,1.13,0.187,rs4844610,1.0,207802552.0,C/A,,"Overall stage 1/thinspace + /thinspacestage 2 ( n /thinspace = /thinspace82,771).I 2 (%), P","Overall stage 1/thinspace + /thinspacestage 2 ( n /thinspace = /thinspace82,771).95%Ci",uk biobank + adgc + international genomics of alzheimers project + eadi + ld hub + geradperades + databasestudy + igap + charge,Caucasian + Multi-ethnic + Caribbean Hispanic + African American + Asian,Stage 2 + Discovery + Joint-analysis + Replication + Meta-analysis + Validation + Stage 3 + Stage 1,"pre-phasing + pre-analysis quality control + machminimac + shapeitimpute2 + 1,000 genomes project + imputation + phasing",genotyping + sequencing,pittsburgh compound b + apoptosis,race + tsi + ceu + ibs + fin + gbr + ethnic + ancestry + non-european + european ancestry,meta-analysis + stage + summary statistics + meta-analyses + combined
,1.17,0.407,rs6733839,2.0,127892810.0,C/T,,"stage 1 discovery ( n /thinspace = /thinspace63,926).P","Overall stage 1/thinspace + /thinspacestage 2 ( n /thinspace = /thinspace82,771).95%Ci",uk biobank + adgc + international genomics of alzheimers project + eadi + ld hub + databasestudy + geradperades + igap + charge,Caucasian + Multi-ethnic + Caribbean Hispanic + African American + Asian,Stage 2 + Discovery + Joint-analysis + Replication + Meta-analysis + Validation + Stage 3 + Stage 1,"1,000 genomes + pre-phasing + pre-analysis quality control + machminimac + shapeitimpute2 + thousands of genomes + 1,000 genomes project + imputation + phasing",genotyping + sequencing,multiple sclerosis + pittsburgh compound b + complex traits + apoptosis,race + tsi + ceu + ibs + fin + gbr + ethnic + ancestry + non-european + european ancestry,discovery + meta-analysis + stage + summary statistics + meta-analyses + association analysis + combined
,1.17,0.407,rs6733839,2.0,127892810.0,C/T,,"stage 2 ( n /thinspace = /thinspace18,845).P","Overall stage 1/thinspace + /thinspacestage 2 ( n /thinspace = /thinspace82,771).95%Ci",uk biobank + adgc + international genomics of alzheimers project + eadi + ld hub + geradperades + databasestudy + igap + charge,Caucasian + Multi-ethnic + Caribbean Hispanic + African American + Asian,Stage 2 + Discovery + Joint-analysis + Replication + Meta-analysis + Validation + Stage 3 + Stage 1,"1,000 genomes + pre-phasing + pre-analysis quality control + machminimac + shapeitimpute2 + 1,000 genomes project + imputation + phasing",genotyping + sequencing,pittsburgh compound b + complex traits + apoptosis,race + tsi + ceu + ibs + fin + gbr + ethnic + ancestry + non-european + european ancestry,discovery + meta-analysis + stage + summary statistics + meta-analyses + combined
,1.17,0.407,rs6733839,2.0,127892810.0,C/T,,"Overall stage 1/thinspace + /thinspacestage 2 ( n /thinspace = /thinspace82,771).Meta P","Overall stage 1/thinspace + /thinspacestage 2 ( n /thinspace = /thinspace82,771).95%Ci",uk biobank + adgc + international genomics of alzheimers project + eadi + ld hub + geradperades + databasestudy + igap + charge,Caucasian + Multi-ethnic + Caribbean Hispanic + African American + Asian,Stage 2 + Discovery + Joint-analysis + Replication + Meta-analysis + Validation + Stage 3 + Stage 1,"pre-phasing + pre-analysis quality control + machminimac + shapeitimpute2 + 1,000 genomes project + imputation + phasing",genotyping + sequencing,pittsburgh compound b,race + tsi + ceu + ibs + fin + gbr + ethnic + ancestry + non-european + european ancestry,meta + meta-analysis + stage + summary statistics + meta-analyses + combined
,1.17,0.407,rs6733839,2.0,127892810.0,C/T,,"Overall stage 1/thinspace + /thinspacestage 2 ( n /thinspace = /thinspace82,771).I 2 (%), P","Overall stage 1/thinspace + /thinspacestage 2 ( n /thinspace = /thinspace82,771).95%Ci",uk biobank + adgc + international genomics of alzheimers project + eadi + ld hub + geradperades + databasestudy + igap + charge,Caucasian + Multi-ethnic + Caribbean Hispanic + African American + Asian,Stage 2 + Discovery + Joint-analysis + Replication + Meta-analysis + Validation + Stage 3 + Stage 1,"pre-phasing + pre-analysis quality control + machminimac + shapeitimpute2 + 1,000 genomes project + imputation + phasing",genotyping + sequencing,pittsburgh compound b + apoptosis,race + tsi + ceu + ibs + fin + gbr + ethnic + ancestry + non-european + european ancestry,meta-analysis + stage + summary statistics + meta-analyses + combined
,0.88,0.223,rs10933431,2.0,233981912.0,C/G,,"stage 1 discovery ( n /thinspace = /thinspace63,926).P","Overall stage 1/thinspace + /thinspacestage 2 ( n /thinspace = /thinspace82,771).95%Ci",uk biobank + adgc + international genomics of alzheimers project + eadi + ld hub + databasestudy + geradperades + igap + charge,Caucasian + Multi-ethnic + Caribbean Hispanic + African American + Asian,Stage 2 + Discovery + Joint-analysis + Replication + Meta-analysis + Validation + Stage 3 + Stage 1,"1,000 genomes + pre-phasing + pre-analysis quality control + machminimac + shapeitimpute2 + thousands of genomes + 1,000 genomes project + imputation + phasing",genotyping + sequencing,multiple sclerosis + pittsburgh compound b + complex traits + apoptosis,race + tsi + ceu + ibs + fin + gbr + ethnic + ancestry + non-european + european ancestry,discovery + meta-analysis + stage + summary statistics + meta-analyses + association analysis + combined
,0.88,0.223,rs10933431,2.0,233981912.0,C/G,,"stage 2 ( n /thinspace = /thinspace18,845).P","Overall stage 1/thinspace + /thinspacestage 2 ( n /thinspace = /thinspace82,771).95%Ci",uk biobank + adgc + international genomics of alzheimers project + eadi + ld hub + geradperades + databasestudy + igap + charge,Caucasian + Multi-ethnic + Caribbean Hispanic + African American + Asian,Stage 2 + Discovery + Joint-analysis + Replication + Meta-analysis + Validation + Stage 3 + Stage 1,"1,000 genomes + pre-phasing + pre-analysis quality control + machminimac + shapeitimpute2 + 1,000 genomes project + imputation + phasing",genotyping + sequencing,pittsburgh compound b + complex traits + apoptosis,race + tsi + ceu + ibs + fin + gbr + ethnic + ancestry + non-european + european ancestry,discovery + meta-analysis + stage + summary statistics + meta-analyses + combined
,0.88,0.223,rs10933431,2.0,233981912.0,C/G,,"Overall stage 1/thinspace + /thinspacestage 2 ( n /thinspace = /thinspace82,771).Meta P","Overall stage 1/thinspace + /thinspacestage 2 ( n /thinspace = /thinspace82,771).95%Ci",uk biobank + adgc + international genomics of alzheimers project + eadi + ld hub + geradperades + databasestudy + igap + charge,Caucasian + Multi-ethnic + Caribbean Hispanic + African American + Asian,Stage 2 + Discovery + Joint-analysis + Replication + Meta-analysis + Validation + Stage 3 + Stage 1,"pre-phasing + pre-analysis quality control + machminimac + shapeitimpute2 + 1,000 genomes project + imputation + phasing",genotyping + sequencing,pittsburgh compound b,race + tsi + ceu + ibs + fin + gbr + ethnic + ancestry + non-european + european ancestry,meta + meta-analysis + stage + summary statistics + meta-analyses + combined
,0.88,0.223,rs10933431,2.0,233981912.0,C/G,,"Overall stage 1/thinspace + /thinspacestage 2 ( n /thinspace = /thinspace82,771).I 2 (%), P","Overall stage 1/thinspace + /thinspacestage 2 ( n /thinspace = /thinspace82,771).95%Ci",uk biobank + adgc + international genomics of alzheimers project + eadi + ld hub + geradperades + databasestudy + igap + charge,Caucasian + Multi-ethnic + Caribbean Hispanic + African American + Asian,Stage 2 + Discovery + Joint-analysis + Replication + Meta-analysis + Validation + Stage 3 + Stage 1,"pre-phasing + pre-analysis quality control + machminimac + shapeitimpute2 + 1,000 genomes project + imputation + phasing",genotyping + sequencing,pittsburgh compound b + apoptosis,race + tsi + ceu + ibs + fin + gbr + ethnic + ancestry + non-european + european ancestry,meta-analysis + stage + summary statistics + meta-analyses + combined
,1.07,0.27,rs9271058,6.0,32575406.0,T/A,,"stage 1 discovery ( n /thinspace = /thinspace63,926).P","Overall stage 1/thinspace + /thinspacestage 2 ( n /thinspace = /thinspace82,771).95%Ci",uk biobank + adgc + international genomics of alzheimers project + eadi + ld hub + databasestudy + geradperades + igap + charge,Caucasian + Multi-ethnic + Caribbean Hispanic + African American + Asian,Stage 2 + Discovery + Joint-analysis + Replication + Meta-analysis + Validation + Stage 3 + Stage 1,"1,000 genomes + pre-phasing + pre-analysis quality control + machminimac + shapeitimpute2 + thousands of genomes + 1,000 genomes project + imputation + phasing",genotyping + sequencing,multiple sclerosis + pittsburgh compound b + complex traits + apoptosis,race + tsi + ceu + ibs + fin + gbr + ethnic + ancestry + non-european + european ancestry,discovery + meta-analysis + stage + summary statistics + meta-analyses + association analysis + combined
,1.07,0.27,rs9271058,6.0,32575406.0,T/A,,"stage 2 ( n /thinspace = /thinspace18,845).P","Overall stage 1/thinspace + /thinspacestage 2 ( n /thinspace = /thinspace82,771).95%Ci",uk biobank + adgc + international genomics of alzheimers project + eadi + ld hub + geradperades + databasestudy + igap + charge,Caucasian + Multi-ethnic + Caribbean Hispanic + African American + Asian,Stage 2 + Discovery + Joint-analysis + Replication + Meta-analysis + Validation + Stage 3 + Stage 1,"1,000 genomes + pre-phasing + pre-analysis quality control + machminimac + shapeitimpute2 + 1,000 genomes project + imputation + phasing",genotyping + sequencing,pittsburgh compound b + complex traits + apoptosis,race + tsi + ceu + ibs + fin + gbr + ethnic + ancestry + non-european + european ancestry,discovery + meta-analysis + stage + summary statistics + meta-analyses + combined
,1.07,0.27,rs9271058,6.0,32575406.0,T/A,,"Overall stage 1/thinspace + /thinspacestage 2 ( n /thinspace = /thinspace82,771).Meta P","Overall stage 1/thinspace + /thinspacestage 2 ( n /thinspace = /thinspace82,771).95%Ci",uk biobank + adgc + international genomics of alzheimers project + eadi + ld hub + geradperades + databasestudy + igap + charge,Caucasian + Multi-ethnic + Caribbean Hispanic + African American + Asian,Stage 2 + Discovery + Joint-analysis + Replication + Meta-analysis + Validation + Stage 3 + Stage 1,"pre-phasing + pre-analysis quality control + machminimac + shapeitimpute2 + 1,000 genomes project + imputation + phasing",genotyping + sequencing,pittsburgh compound b,race + tsi + ceu + ibs + fin + gbr + ethnic + ancestry + non-european + european ancestry,meta + meta-analysis + stage + summary statistics + meta-analyses + combined
,1.07,0.27,rs9271058,6.0,32575406.0,T/A,,"Overall stage 1/thinspace + /thinspacestage 2 ( n /thinspace = /thinspace82,771).I 2 (%), P","Overall stage 1/thinspace + /thinspacestage 2 ( n /thinspace = /thinspace82,771).95%Ci",uk biobank + adgc + international genomics of alzheimers project + eadi + ld hub + geradperades + databasestudy + igap + charge,Caucasian + Multi-ethnic + Caribbean Hispanic + African American + Asian,Stage 2 + Discovery + Joint-analysis + Replication + Meta-analysis + Validation + Stage 3 + Stage 1,"pre-phasing + pre-analysis quality control + machminimac + shapeitimpute2 + 1,000 genomes project + imputation + phasing",genotyping + sequencing,pittsburgh compound b + apoptosis,race + tsi + ceu + ibs + fin + gbr + ethnic + ancestry + non-european + european ancestry,meta-analysis + stage + summary statistics + meta-analyses + combined
,1.73,0.008,rs75932628,6.0,41129252.0,C/T,,"stage 1 discovery ( n /thinspace = /thinspace63,926).P","Overall stage 1/thinspace + /thinspacestage 2 ( n /thinspace = /thinspace82,771).95%Ci",uk biobank + adgc + international genomics of alzheimers project + eadi + ld hub + databasestudy + geradperades + igap + charge,Caucasian + Multi-ethnic + Caribbean Hispanic + African American + Asian,Stage 2 + Discovery + Joint-analysis + Replication + Meta-analysis + Validation + Stage 3 + Stage 1,"1,000 genomes + pre-phasing + pre-analysis quality control + machminimac + shapeitimpute2 + thousands of genomes + 1,000 genomes project + imputation + phasing",genotyping + sequencing,multiple sclerosis + pittsburgh compound b + complex traits + apoptosis,race + tsi + ceu + ibs + fin + gbr + ethnic + ancestry + non-european + european ancestry,discovery + meta-analysis + stage + summary statistics + meta-analyses + association analysis + combined
,1.73,0.008,rs75932628,6.0,41129252.0,C/T,,"stage 2 ( n /thinspace = /thinspace18,845).P","Overall stage 1/thinspace + /thinspacestage 2 ( n /thinspace = /thinspace82,771).95%Ci",uk biobank + adgc + international genomics of alzheimers project + eadi + ld hub + geradperades + databasestudy + igap + charge,Caucasian + Multi-ethnic + Caribbean Hispanic + African American + Asian,Stage 2 + Discovery + Joint-analysis + Replication + Meta-analysis + Validation + Stage 3 + Stage 1,"1,000 genomes + pre-phasing + pre-analysis quality control + machminimac + shapeitimpute2 + 1,000 genomes project + imputation + phasing",genotyping + sequencing,pittsburgh compound b + complex traits + apoptosis,race + tsi + ceu + ibs + fin + gbr + ethnic + ancestry + non-european + european ancestry,discovery + meta-analysis + stage + summary statistics + meta-analyses + combined
,1.73,0.008,rs75932628,6.0,41129252.0,C/T,,"Overall stage 1/thinspace + /thinspacestage 2 ( n /thinspace = /thinspace82,771).Meta P","Overall stage 1/thinspace + /thinspacestage 2 ( n /thinspace = /thinspace82,771).95%Ci",uk biobank + adgc + international genomics of alzheimers project + eadi + ld hub + geradperades + databasestudy + igap + charge,Caucasian + Multi-ethnic + Caribbean Hispanic + African American + Asian,Stage 2 + Discovery + Joint-analysis + Replication + Meta-analysis + Validation + Stage 3 + Stage 1,"pre-phasing + pre-analysis quality control + machminimac + shapeitimpute2 + 1,000 genomes project + imputation + phasing",genotyping + sequencing,pittsburgh compound b,race + tsi + ceu + ibs + fin + gbr + ethnic + ancestry + non-european + european ancestry,meta + meta-analysis + stage + summary statistics + meta-analyses + combined
,1.73,0.008,rs75932628,6.0,41129252.0,C/T,,"Overall stage 1/thinspace + /thinspacestage 2 ( n /thinspace = /thinspace82,771).I 2 (%), P","Overall stage 1/thinspace + /thinspacestage 2 ( n /thinspace = /thinspace82,771).95%Ci",uk biobank + adgc + international genomics of alzheimers project + eadi + ld hub + geradperades + databasestudy + igap + charge,Caucasian + Multi-ethnic + Caribbean Hispanic + African American + Asian,Stage 2 + Discovery + Joint-analysis + Replication + Meta-analysis + Validation + Stage 3 + Stage 1,"pre-phasing + pre-analysis quality control + machminimac + shapeitimpute2 + 1,000 genomes project + imputation + phasing",genotyping + sequencing,pittsburgh compound b + apoptosis,race + tsi + ceu + ibs + fin + gbr + ethnic + ancestry + non-european + european ancestry,meta-analysis + stage + summary statistics + meta-analyses + combined
,1.06,0.28,rs9473117,6.0,47431284.0,A/C,,"stage 1 discovery ( n /thinspace = /thinspace63,926).P","Overall stage 1/thinspace + /thinspacestage 2 ( n /thinspace = /thinspace82,771).95%Ci",uk biobank + adgc + international genomics of alzheimers project + eadi + ld hub + databasestudy + geradperades + igap + charge,Caucasian + Multi-ethnic + Caribbean Hispanic + African American + Asian,Stage 2 + Discovery + Joint-analysis + Replication + Meta-analysis + Validation + Stage 3 + Stage 1,"1,000 genomes + pre-phasing + pre-analysis quality control + machminimac + shapeitimpute2 + thousands of genomes + 1,000 genomes project + imputation + phasing",genotyping + sequencing,multiple sclerosis + pittsburgh compound b + complex traits + apoptosis,race + tsi + ceu + ibs + fin + gbr + ethnic + ancestry + non-european + european ancestry,discovery + meta-analysis + stage + summary statistics + meta-analyses + association analysis + combined
,1.06,0.28,rs9473117,6.0,47431284.0,A/C,,"stage 2 ( n /thinspace = /thinspace18,845).P","Overall stage 1/thinspace + /thinspacestage 2 ( n /thinspace = /thinspace82,771).95%Ci",uk biobank + adgc + international genomics of alzheimers project + eadi + ld hub + geradperades + databasestudy + igap + charge,Caucasian + Multi-ethnic + Caribbean Hispanic + African American + Asian,Stage 2 + Discovery + Joint-analysis + Replication + Meta-analysis + Validation + Stage 3 + Stage 1,"1,000 genomes + pre-phasing + pre-analysis quality control + machminimac + shapeitimpute2 + 1,000 genomes project + imputation + phasing",genotyping + sequencing,pittsburgh compound b + complex traits + apoptosis,race + tsi + ceu + ibs + fin + gbr + ethnic + ancestry + non-european + european ancestry,discovery + meta-analysis + stage + summary statistics + meta-analyses + combined
,1.06,0.28,rs9473117,6.0,47431284.0,A/C,,"Overall stage 1/thinspace + /thinspacestage 2 ( n /thinspace = /thinspace82,771).Meta P","Overall stage 1/thinspace + /thinspacestage 2 ( n /thinspace = /thinspace82,771).95%Ci",uk biobank + adgc + international genomics of alzheimers project + eadi + ld hub + geradperades + databasestudy + igap + charge,Caucasian + Multi-ethnic + Caribbean Hispanic + African American + Asian,Stage 2 + Discovery + Joint-analysis + Replication + Meta-analysis + Validation + Stage 3 + Stage 1,"pre-phasing + pre-analysis quality control + machminimac + shapeitimpute2 + 1,000 genomes project + imputation + phasing",genotyping + sequencing,pittsburgh compound b,race + tsi + ceu + ibs + fin + gbr + ethnic + ancestry + non-european + european ancestry,meta + meta-analysis + stage + summary statistics + meta-analyses + combined
,1.06,0.28,rs9473117,6.0,47431284.0,A/C,,"Overall stage 1/thinspace + /thinspacestage 2 ( n /thinspace = /thinspace82,771).I 2 (%), P","Overall stage 1/thinspace + /thinspacestage 2 ( n /thinspace = /thinspace82,771).95%Ci",uk biobank + adgc + international genomics of alzheimers project + eadi + ld hub + geradperades + databasestudy + igap + charge,Caucasian + Multi-ethnic + Caribbean Hispanic + African American + Asian,Stage 2 + Discovery + Joint-analysis + Replication + Meta-analysis + Validation + Stage 3 + Stage 1,"pre-phasing + pre-analysis quality control + machminimac + shapeitimpute2 + 1,000 genomes project + imputation + phasing",genotyping + sequencing,pittsburgh compound b + apoptosis,race + tsi + ceu + ibs + fin + gbr + ethnic + ancestry + non-european + european ancestry,meta-analysis + stage + summary statistics + meta-analyses + combined
,0.9,0.303,rs12539172,7.0,100091795.0,C/T,,"stage 1 discovery ( n /thinspace = /thinspace63,926).P","Overall stage 1/thinspace + /thinspacestage 2 ( n /thinspace = /thinspace82,771).95%Ci",uk biobank + adgc + international genomics of alzheimers project + eadi + ld hub + databasestudy + geradperades + igap + charge,Caucasian + Multi-ethnic + Caribbean Hispanic + African American + Asian,Stage 2 + Discovery + Joint-analysis + Replication + Meta-analysis + Validation + Stage 3 + Stage 1,"1,000 genomes + pre-phasing + pre-analysis quality control + machminimac + shapeitimpute2 + thousands of genomes + 1,000 genomes project + imputation + phasing",genotyping + sequencing,multiple sclerosis + pittsburgh compound b + complex traits + apoptosis,race + tsi + ceu + ibs + fin + gbr + ethnic + ancestry + non-european + european ancestry,discovery + meta-analysis + stage + summary statistics + meta-analyses + association analysis + combined
,0.9,0.303,rs12539172,7.0,100091795.0,C/T,,"stage 2 ( n /thinspace = /thinspace18,845).P","Overall stage 1/thinspace + /thinspacestage 2 ( n /thinspace = /thinspace82,771).95%Ci",uk biobank + adgc + international genomics of alzheimers project + eadi + ld hub + geradperades + databasestudy + igap + charge,Caucasian + Multi-ethnic + Caribbean Hispanic + African American + Asian,Stage 2 + Discovery + Joint-analysis + Replication + Meta-analysis + Validation + Stage 3 + Stage 1,"1,000 genomes + pre-phasing + pre-analysis quality control + machminimac + shapeitimpute2 + 1,000 genomes project + imputation + phasing",genotyping + sequencing,pittsburgh compound b + complex traits + apoptosis,race + tsi + ceu + ibs + fin + gbr + ethnic + ancestry + non-european + european ancestry,discovery + meta-analysis + stage + summary statistics + meta-analyses + combined
,0.9,0.303,rs12539172,7.0,100091795.0,C/T,,"Overall stage 1/thinspace + /thinspacestage 2 ( n /thinspace = /thinspace82,771).Meta P","Overall stage 1/thinspace + /thinspacestage 2 ( n /thinspace = /thinspace82,771).95%Ci",uk biobank + adgc + international genomics of alzheimers project + eadi + ld hub + geradperades + databasestudy + igap + charge,Caucasian + Multi-ethnic + Caribbean Hispanic + African American + Asian,Stage 2 + Discovery + Joint-analysis + Replication + Meta-analysis + Validation + Stage 3 + Stage 1,"pre-phasing + pre-analysis quality control + machminimac + shapeitimpute2 + 1,000 genomes project + imputation + phasing",genotyping + sequencing,pittsburgh compound b,race + tsi + ceu + ibs + fin + gbr + ethnic + ancestry + non-european + european ancestry,meta + meta-analysis + stage + summary statistics + meta-analyses + combined
,0.9,0.303,rs12539172,7.0,100091795.0,C/T,,"Overall stage 1/thinspace + /thinspacestage 2 ( n /thinspace = /thinspace82,771).I 2 (%), P","Overall stage 1/thinspace + /thinspacestage 2 ( n /thinspace = /thinspace82,771).95%Ci",uk biobank + adgc + international genomics of alzheimers project + eadi + ld hub + geradperades + databasestudy + igap + charge,Caucasian + Multi-ethnic + Caribbean Hispanic + African American + Asian,Stage 2 + Discovery + Joint-analysis + Replication + Meta-analysis + Validation + Stage 3 + Stage 1,"pre-phasing + pre-analysis quality control + machminimac + shapeitimpute2 + 1,000 genomes project + imputation + phasing",genotyping + sequencing,pittsburgh compound b + apoptosis,race + tsi + ceu + ibs + fin + gbr + ethnic + ancestry + non-european + european ancestry,meta-analysis + stage + summary statistics + meta-analyses + combined
,0.88,0.199,rs10808026,7.0,143099133.0,C/A,,"stage 1 discovery ( n /thinspace = /thinspace63,926).P","Overall stage 1/thinspace + /thinspacestage 2 ( n /thinspace = /thinspace82,771).95%Ci",uk biobank + adgc + international genomics of alzheimers project + eadi + ld hub + databasestudy + geradperades + igap + charge,Caucasian + Multi-ethnic + Caribbean Hispanic + African American + Asian,Stage 2 + Discovery + Joint-analysis + Replication + Meta-analysis + Validation + Stage 3 + Stage 1,"1,000 genomes + pre-phasing + pre-analysis quality control + machminimac + shapeitimpute2 + thousands of genomes + 1,000 genomes project + imputation + phasing",genotyping + sequencing,multiple sclerosis + pittsburgh compound b + complex traits + apoptosis,race + tsi + ceu + ibs + fin + gbr + ethnic + ancestry + non-european + european ancestry,discovery + meta-analysis + stage + summary statistics + meta-analyses + association analysis + combined
,0.88,0.199,rs10808026,7.0,143099133.0,C/A,,"stage 2 ( n /thinspace = /thinspace18,845).P","Overall stage 1/thinspace + /thinspacestage 2 ( n /thinspace = /thinspace82,771).95%Ci",uk biobank + adgc + international genomics of alzheimers project + eadi + ld hub + geradperades + databasestudy + igap + charge,Caucasian + Multi-ethnic + Caribbean Hispanic + African American + Asian,Stage 2 + Discovery + Joint-analysis + Replication + Meta-analysis + Validation + Stage 3 + Stage 1,"1,000 genomes + pre-phasing + pre-analysis quality control + machminimac + shapeitimpute2 + 1,000 genomes project + imputation + phasing",genotyping + sequencing,pittsburgh compound b + complex traits + apoptosis,race + tsi + ceu + ibs + fin + gbr + ethnic + ancestry + non-european + european ancestry,discovery + meta-analysis + stage + summary statistics + meta-analyses + combined
,0.88,0.199,rs10808026,7.0,143099133.0,C/A,,"Overall stage 1/thinspace + /thinspacestage 2 ( n /thinspace = /thinspace82,771).Meta P","Overall stage 1/thinspace + /thinspacestage 2 ( n /thinspace = /thinspace82,771).95%Ci",uk biobank + adgc + international genomics of alzheimers project + eadi + ld hub + geradperades + databasestudy + igap + charge,Caucasian + Multi-ethnic + Caribbean Hispanic + African American + Asian,Stage 2 + Discovery + Joint-analysis + Replication + Meta-analysis + Validation + Stage 3 + Stage 1,"pre-phasing + pre-analysis quality control + machminimac + shapeitimpute2 + 1,000 genomes project + imputation + phasing",genotyping + sequencing,pittsburgh compound b,race + tsi + ceu + ibs + fin + gbr + ethnic + ancestry + non-european + european ancestry,meta + meta-analysis + stage + summary statistics + meta-analyses + combined
,0.88,0.199,rs10808026,7.0,143099133.0,C/A,,"Overall stage 1/thinspace + /thinspacestage 2 ( n /thinspace = /thinspace82,771).I 2 (%), P","Overall stage 1/thinspace + /thinspacestage 2 ( n /thinspace = /thinspace82,771).95%Ci",uk biobank + adgc + international genomics of alzheimers project + eadi + ld hub + geradperades + databasestudy + igap + charge,Caucasian + Multi-ethnic + Caribbean Hispanic + African American + Asian,Stage 2 + Discovery + Joint-analysis + Replication + Meta-analysis + Validation + Stage 3 + Stage 1,"pre-phasing + pre-analysis quality control + machminimac + shapeitimpute2 + 1,000 genomes project + imputation + phasing",genotyping + sequencing,pittsburgh compound b + apoptosis,race + tsi + ceu + ibs + fin + gbr + ethnic + ancestry + non-european + european ancestry,meta-analysis + stage + summary statistics + meta-analyses + combined
,1.07,0.367,rs73223431,8.0,27219987.0,C/T,,"stage 1 discovery ( n /thinspace = /thinspace63,926).P","Overall stage 1/thinspace + /thinspacestage 2 ( n /thinspace = /thinspace82,771).95%Ci",uk biobank + adgc + international genomics of alzheimers project + eadi + ld hub + databasestudy + geradperades + igap + charge,Caucasian + Multi-ethnic + Caribbean Hispanic + African American + Asian,Stage 2 + Discovery + Joint-analysis + Replication + Meta-analysis + Validation + Stage 3 + Stage 1,"1,000 genomes + pre-phasing + pre-analysis quality control + machminimac + shapeitimpute2 + thousands of genomes + 1,000 genomes project + imputation + phasing",genotyping + sequencing,multiple sclerosis + pittsburgh compound b + complex traits + apoptosis,race + tsi + ceu + ibs + fin + gbr + ethnic + ancestry + non-european + european ancestry,discovery + meta-analysis + stage + summary statistics + meta-analyses + association analysis + combined
,1.07,0.367,rs73223431,8.0,27219987.0,C/T,,"stage 2 ( n /thinspace = /thinspace18,845).P","Overall stage 1/thinspace + /thinspacestage 2 ( n /thinspace = /thinspace82,771).95%Ci",uk biobank + adgc + international genomics of alzheimers project + eadi + ld hub + geradperades + databasestudy + igap + charge,Caucasian + Multi-ethnic + Caribbean Hispanic + African American + Asian,Stage 2 + Discovery + Joint-analysis + Replication + Meta-analysis + Validation + Stage 3 + Stage 1,"1,000 genomes + pre-phasing + pre-analysis quality control + machminimac + shapeitimpute2 + 1,000 genomes project + imputation + phasing",genotyping + sequencing,pittsburgh compound b + complex traits + apoptosis,race + tsi + ceu + ibs + fin + gbr + ethnic + ancestry + non-european + european ancestry,discovery + meta-analysis + stage + summary statistics + meta-analyses + combined
,1.07,0.367,rs73223431,8.0,27219987.0,C/T,,"Overall stage 1/thinspace + /thinspacestage 2 ( n /thinspace = /thinspace82,771).Meta P","Overall stage 1/thinspace + /thinspacestage 2 ( n /thinspace = /thinspace82,771).95%Ci",uk biobank + adgc + international genomics of alzheimers project + eadi + ld hub + geradperades + databasestudy + igap + charge,Caucasian + Multi-ethnic + Caribbean Hispanic + African American + Asian,Stage 2 + Discovery + Joint-analysis + Replication + Meta-analysis + Validation + Stage 3 + Stage 1,"pre-phasing + pre-analysis quality control + machminimac + shapeitimpute2 + 1,000 genomes project + imputation + phasing",genotyping + sequencing,pittsburgh compound b,race + tsi + ceu + ibs + fin + gbr + ethnic + ancestry + non-european + european ancestry,meta + meta-analysis + stage + summary statistics + meta-analyses + combined
,1.07,0.367,rs73223431,8.0,27219987.0,C/T,,"Overall stage 1/thinspace + /thinspacestage 2 ( n /thinspace = /thinspace82,771).I 2 (%), P","Overall stage 1/thinspace + /thinspacestage 2 ( n /thinspace = /thinspace82,771).95%Ci",uk biobank + adgc + international genomics of alzheimers project + eadi + ld hub + geradperades + databasestudy + igap + charge,Caucasian + Multi-ethnic + Caribbean Hispanic + African American + Asian,Stage 2 + Discovery + Joint-analysis + Replication + Meta-analysis + Validation + Stage 3 + Stage 1,"pre-phasing + pre-analysis quality control + machminimac + shapeitimpute2 + 1,000 genomes project + imputation + phasing",genotyping + sequencing,pittsburgh compound b + apoptosis,race + tsi + ceu + ibs + fin + gbr + ethnic + ancestry + non-european + european ancestry,meta-analysis + stage + summary statistics + meta-analyses + combined
,0.85,0.387,rs9331896,8.0,27467686.0,T/C,,"stage 1 discovery ( n /thinspace = /thinspace63,926).P","Overall stage 1/thinspace + /thinspacestage 2 ( n /thinspace = /thinspace82,771).95%Ci",uk biobank + adgc + international genomics of alzheimers project + eadi + ld hub + databasestudy + geradperades + igap + charge,Caucasian + Multi-ethnic + Caribbean Hispanic + African American + Asian,Stage 2 + Discovery + Joint-analysis + Replication + Meta-analysis + Validation + Stage 3 + Stage 1,"1,000 genomes + pre-phasing + pre-analysis quality control + machminimac + shapeitimpute2 + thousands of genomes + 1,000 genomes project + imputation + phasing",genotyping + sequencing,multiple sclerosis + pittsburgh compound b + complex traits + apoptosis,race + tsi + ceu + ibs + fin + gbr + ethnic + ancestry + non-european + european ancestry,discovery + meta-analysis + stage + summary statistics + meta-analyses + association analysis + combined
,0.85,0.387,rs9331896,8.0,27467686.0,T/C,,"stage 2 ( n /thinspace = /thinspace18,845).P","Overall stage 1/thinspace + /thinspacestage 2 ( n /thinspace = /thinspace82,771).95%Ci",uk biobank + adgc + international genomics of alzheimers project + eadi + ld hub + geradperades + databasestudy + igap + charge,Caucasian + Multi-ethnic + Caribbean Hispanic + African American + Asian,Stage 2 + Discovery + Joint-analysis + Replication + Meta-analysis + Validation + Stage 3 + Stage 1,"1,000 genomes + pre-phasing + pre-analysis quality control + machminimac + shapeitimpute2 + 1,000 genomes project + imputation + phasing",genotyping + sequencing,pittsburgh compound b + complex traits + apoptosis,race + tsi + ceu + ibs + fin + gbr + ethnic + ancestry + non-european + european ancestry,discovery + meta-analysis + stage + summary statistics + meta-analyses + combined
,0.85,0.387,rs9331896,8.0,27467686.0,T/C,,"Overall stage 1/thinspace + /thinspacestage 2 ( n /thinspace = /thinspace82,771).Meta P","Overall stage 1/thinspace + /thinspacestage 2 ( n /thinspace = /thinspace82,771).95%Ci",uk biobank + adgc + international genomics of alzheimers project + eadi + ld hub + geradperades + databasestudy + igap + charge,Caucasian + Multi-ethnic + Caribbean Hispanic + African American + Asian,Stage 2 + Discovery + Joint-analysis + Replication + Meta-analysis + Validation + Stage 3 + Stage 1,"pre-phasing + pre-analysis quality control + machminimac + shapeitimpute2 + 1,000 genomes project + imputation + phasing",genotyping + sequencing,pittsburgh compound b,race + tsi + ceu + ibs + fin + gbr + ethnic + ancestry + non-european + european ancestry,meta + meta-analysis + stage + summary statistics + meta-analyses + combined
,0.85,0.387,rs9331896,8.0,27467686.0,T/C,,"Overall stage 1/thinspace + /thinspacestage 2 ( n /thinspace = /thinspace82,771).I 2 (%), P","Overall stage 1/thinspace + /thinspacestage 2 ( n /thinspace = /thinspace82,771).95%Ci",uk biobank + adgc + international genomics of alzheimers project + eadi + ld hub + geradperades + databasestudy + igap + charge,Caucasian + Multi-ethnic + Caribbean Hispanic + African American + Asian,Stage 2 + Discovery + Joint-analysis + Replication + Meta-analysis + Validation + Stage 3 + Stage 1,"pre-phasing + pre-analysis quality control + machminimac + shapeitimpute2 + 1,000 genomes project + imputation + phasing",genotyping + sequencing,pittsburgh compound b + apoptosis,race + tsi + ceu + ibs + fin + gbr + ethnic + ancestry + non-european + european ancestry,meta-analysis + stage + summary statistics + meta-analyses + combined
,0.89,0.448,rs3740688,11.0,47380340.0,T/G,,"stage 1 discovery ( n /thinspace = /thinspace63,926).P","Overall stage 1/thinspace + /thinspacestage 2 ( n /thinspace = /thinspace82,771).95%Ci",uk biobank + adgc + international genomics of alzheimers project + eadi + ld hub + databasestudy + geradperades + igap + charge,Caucasian + Multi-ethnic + Caribbean Hispanic + African American + Asian,Stage 2 + Discovery + Joint-analysis + Replication + Meta-analysis + Validation + Stage 3 + Stage 1,"1,000 genomes + pre-phasing + pre-analysis quality control + machminimac + shapeitimpute2 + thousands of genomes + 1,000 genomes project + imputation + phasing",genotyping + sequencing,multiple sclerosis + pittsburgh compound b + complex traits + apoptosis,race + tsi + ceu + ibs + fin + gbr + ethnic + ancestry + non-european + european ancestry,discovery + meta-analysis + stage + summary statistics + meta-analyses + association analysis + combined
,0.89,0.448,rs3740688,11.0,47380340.0,T/G,,"stage 2 ( n /thinspace = /thinspace18,845).P","Overall stage 1/thinspace + /thinspacestage 2 ( n /thinspace = /thinspace82,771).95%Ci",uk biobank + adgc + international genomics of alzheimers project + eadi + ld hub + geradperades + databasestudy + igap + charge,Caucasian + Multi-ethnic + Caribbean Hispanic + African American + Asian,Stage 2 + Discovery + Joint-analysis + Replication + Meta-analysis + Validation + Stage 3 + Stage 1,"1,000 genomes + pre-phasing + pre-analysis quality control + machminimac + shapeitimpute2 + 1,000 genomes project + imputation + phasing",genotyping + sequencing,pittsburgh compound b + complex traits + apoptosis,race + tsi + ceu + ibs + fin + gbr + ethnic + ancestry + non-european + european ancestry,discovery + meta-analysis + stage + summary statistics + meta-analyses + combined
,0.89,0.448,rs3740688,11.0,47380340.0,T/G,,"Overall stage 1/thinspace + /thinspacestage 2 ( n /thinspace = /thinspace82,771).Meta P","Overall stage 1/thinspace + /thinspacestage 2 ( n /thinspace = /thinspace82,771).95%Ci",uk biobank + adgc + international genomics of alzheimers project + eadi + ld hub + geradperades + databasestudy + igap + charge,Caucasian + Multi-ethnic + Caribbean Hispanic + African American + Asian,Stage 2 + Discovery + Joint-analysis + Replication + Meta-analysis + Validation + Stage 3 + Stage 1,"pre-phasing + pre-analysis quality control + machminimac + shapeitimpute2 + 1,000 genomes project + imputation + phasing",genotyping + sequencing,pittsburgh compound b,race + tsi + ceu + ibs + fin + gbr + ethnic + ancestry + non-european + european ancestry,meta + meta-analysis + stage + summary statistics + meta-analyses + combined
,0.89,0.448,rs3740688,11.0,47380340.0,T/G,,"Overall stage 1/thinspace + /thinspacestage 2 ( n /thinspace = /thinspace82,771).I 2 (%), P","Overall stage 1/thinspace + /thinspacestage 2 ( n /thinspace = /thinspace82,771).95%Ci",uk biobank + adgc + international genomics of alzheimers project + eadi + ld hub + geradperades + databasestudy + igap + charge,Caucasian + Multi-ethnic + Caribbean Hispanic + African American + Asian,Stage 2 + Discovery + Joint-analysis + Replication + Meta-analysis + Validation + Stage 3 + Stage 1,"pre-phasing + pre-analysis quality control + machminimac + shapeitimpute2 + 1,000 genomes project + imputation + phasing",genotyping + sequencing,pittsburgh compound b + apoptosis,race + tsi + ceu + ibs + fin + gbr + ethnic + ancestry + non-european + european ancestry,meta-analysis + stage + summary statistics + meta-analyses + combined
,0.87,0.391,rs7933202,11.0,59936926.0,A/C,,"stage 1 discovery ( n /thinspace = /thinspace63,926).P","Overall stage 1/thinspace + /thinspacestage 2 ( n /thinspace = /thinspace82,771).95%Ci",uk biobank + adgc + international genomics of alzheimers project + eadi + ld hub + databasestudy + geradperades + igap + charge,Caucasian + Multi-ethnic + Caribbean Hispanic + African American + Asian,Stage 2 + Discovery + Joint-analysis + Replication + Meta-analysis + Validation + Stage 3 + Stage 1,"1,000 genomes + pre-phasing + pre-analysis quality control + machminimac + shapeitimpute2 + thousands of genomes + 1,000 genomes project + imputation + phasing",genotyping + sequencing,multiple sclerosis + pittsburgh compound b + complex traits + apoptosis,race + tsi + ceu + ibs + fin + gbr + ethnic + ancestry + non-european + european ancestry,discovery + meta-analysis + stage + summary statistics + meta-analyses + association analysis + combined
,0.87,0.391,rs7933202,11.0,59936926.0,A/C,,"stage 2 ( n /thinspace = /thinspace18,845).P","Overall stage 1/thinspace + /thinspacestage 2 ( n /thinspace = /thinspace82,771).95%Ci",uk biobank + adgc + international genomics of alzheimers project + eadi + ld hub + geradperades + databasestudy + igap + charge,Caucasian + Multi-ethnic + Caribbean Hispanic + African American + Asian,Stage 2 + Discovery + Joint-analysis + Replication + Meta-analysis + Validation + Stage 3 + Stage 1,"1,000 genomes + pre-phasing + pre-analysis quality control + machminimac + shapeitimpute2 + 1,000 genomes project + imputation + phasing",genotyping + sequencing,pittsburgh compound b + complex traits + apoptosis,race + tsi + ceu + ibs + fin + gbr + ethnic + ancestry + non-european + european ancestry,discovery + meta-analysis + stage + summary statistics + meta-analyses + combined
,0.87,0.391,rs7933202,11.0,59936926.0,A/C,,"Overall stage 1/thinspace + /thinspacestage 2 ( n /thinspace = /thinspace82,771).Meta P","Overall stage 1/thinspace + /thinspacestage 2 ( n /thinspace = /thinspace82,771).95%Ci",uk biobank + adgc + international genomics of alzheimers project + eadi + ld hub + geradperades + databasestudy + igap + charge,Caucasian + Multi-ethnic + Caribbean Hispanic + African American + Asian,Stage 2 + Discovery + Joint-analysis + Replication + Meta-analysis + Validation + Stage 3 + Stage 1,"pre-phasing + pre-analysis quality control + machminimac + shapeitimpute2 + 1,000 genomes project + imputation + phasing",genotyping + sequencing,pittsburgh compound b,race + tsi + ceu + ibs + fin + gbr + ethnic + ancestry + non-european + european ancestry,meta + meta-analysis + stage + summary statistics + meta-analyses + combined
,0.87,0.391,rs7933202,11.0,59936926.0,A/C,,"Overall stage 1/thinspace + /thinspacestage 2 ( n /thinspace = /thinspace82,771).I 2 (%), P","Overall stage 1/thinspace + /thinspacestage 2 ( n /thinspace = /thinspace82,771).95%Ci",uk biobank + adgc + international genomics of alzheimers project + eadi + ld hub + geradperades + databasestudy + igap + charge,Caucasian + Multi-ethnic + Caribbean Hispanic + African American + Asian,Stage 2 + Discovery + Joint-analysis + Replication + Meta-analysis + Validation + Stage 3 + Stage 1,"pre-phasing + pre-analysis quality control + machminimac + shapeitimpute2 + 1,000 genomes project + imputation + phasing",genotyping + sequencing,pittsburgh compound b + apoptosis,race + tsi + ceu + ibs + fin + gbr + ethnic + ancestry + non-european + european ancestry,meta-analysis + stage + summary statistics + meta-analyses + combined
,0.86,0.356,rs3851179,11.0,85868640.0,C/T,,"stage 1 discovery ( n /thinspace = /thinspace63,926).P","Overall stage 1/thinspace + /thinspacestage 2 ( n /thinspace = /thinspace82,771).95%Ci",uk biobank + adgc + international genomics of alzheimers project + eadi + ld hub + databasestudy + geradperades + igap + charge,Caucasian + Multi-ethnic + Caribbean Hispanic + African American + Asian,Stage 2 + Discovery + Joint-analysis + Replication + Meta-analysis + Validation + Stage 3 + Stage 1,"1,000 genomes + pre-phasing + pre-analysis quality control + machminimac + shapeitimpute2 + thousands of genomes + 1,000 genomes project + imputation + phasing",genotyping + sequencing,multiple sclerosis + pittsburgh compound b + complex traits + apoptosis,race + tsi + ceu + ibs + fin + gbr + ethnic + ancestry + non-european + european ancestry,discovery + meta-analysis + stage + summary statistics + meta-analyses + association analysis + combined
,0.86,0.356,rs3851179,11.0,85868640.0,C/T,,"stage 2 ( n /thinspace = /thinspace18,845).P","Overall stage 1/thinspace + /thinspacestage 2 ( n /thinspace = /thinspace82,771).95%Ci",uk biobank + adgc + international genomics of alzheimers project + eadi + ld hub + geradperades + databasestudy + igap + charge,Caucasian + Multi-ethnic + Caribbean Hispanic + African American + Asian,Stage 2 + Discovery + Joint-analysis + Replication + Meta-analysis + Validation + Stage 3 + Stage 1,"1,000 genomes + pre-phasing + pre-analysis quality control + machminimac + shapeitimpute2 + 1,000 genomes project + imputation + phasing",genotyping + sequencing,pittsburgh compound b + complex traits + apoptosis,race + tsi + ceu + ibs + fin + gbr + ethnic + ancestry + non-european + european ancestry,discovery + meta-analysis + stage + summary statistics + meta-analyses + combined
,0.86,0.356,rs3851179,11.0,85868640.0,C/T,,"Overall stage 1/thinspace + /thinspacestage 2 ( n /thinspace = /thinspace82,771).Meta P","Overall stage 1/thinspace + /thinspacestage 2 ( n /thinspace = /thinspace82,771).95%Ci",uk biobank + adgc + international genomics of alzheimers project + eadi + ld hub + geradperades + databasestudy + igap + charge,Caucasian + Multi-ethnic + Caribbean Hispanic + African American + Asian,Stage 2 + Discovery + Joint-analysis + Replication + Meta-analysis + Validation + Stage 3 + Stage 1,"pre-phasing + pre-analysis quality control + machminimac + shapeitimpute2 + 1,000 genomes project + imputation + phasing",genotyping + sequencing,pittsburgh compound b,race + tsi + ceu + ibs + fin + gbr + ethnic + ancestry + non-european + european ancestry,meta + meta-analysis + stage + summary statistics + meta-analyses + combined
,0.86,0.356,rs3851179,11.0,85868640.0,C/T,,"Overall stage 1/thinspace + /thinspacestage 2 ( n /thinspace = /thinspace82,771).I 2 (%), P","Overall stage 1/thinspace + /thinspacestage 2 ( n /thinspace = /thinspace82,771).95%Ci",uk biobank + adgc + international genomics of alzheimers project + eadi + ld hub + geradperades + databasestudy + igap + charge,Caucasian + Multi-ethnic + Caribbean Hispanic + African American + Asian,Stage 2 + Discovery + Joint-analysis + Replication + Meta-analysis + Validation + Stage 3 + Stage 1,"pre-phasing + pre-analysis quality control + machminimac + shapeitimpute2 + 1,000 genomes project + imputation + phasing",genotyping + sequencing,pittsburgh compound b + apoptosis,race + tsi + ceu + ibs + fin + gbr + ethnic + ancestry + non-european + european ancestry,meta-analysis + stage + summary statistics + meta-analyses + combined
,0.75,0.04,rs11218343,11.0,121435587.0,T/C,,"stage 1 discovery ( n /thinspace = /thinspace63,926).P","Overall stage 1/thinspace + /thinspacestage 2 ( n /thinspace = /thinspace82,771).95%Ci",uk biobank + adgc + international genomics of alzheimers project + eadi + ld hub + databasestudy + geradperades + igap + charge,Caucasian + Multi-ethnic + Caribbean Hispanic + African American + Asian,Stage 2 + Discovery + Joint-analysis + Replication + Meta-analysis + Validation + Stage 3 + Stage 1,"1,000 genomes + pre-phasing + pre-analysis quality control + machminimac + shapeitimpute2 + thousands of genomes + 1,000 genomes project + imputation + phasing",genotyping + sequencing,multiple sclerosis + pittsburgh compound b + complex traits + apoptosis,race + tsi + ceu + ibs + fin + gbr + ethnic + ancestry + non-european + european ancestry,discovery + meta-analysis + stage + summary statistics + meta-analyses + association analysis + combined
,0.75,0.04,rs11218343,11.0,121435587.0,T/C,,"stage 2 ( n /thinspace = /thinspace18,845).P","Overall stage 1/thinspace + /thinspacestage 2 ( n /thinspace = /thinspace82,771).95%Ci",uk biobank + adgc + international genomics of alzheimers project + eadi + ld hub + geradperades + databasestudy + igap + charge,Caucasian + Multi-ethnic + Caribbean Hispanic + African American + Asian,Stage 2 + Discovery + Joint-analysis + Replication + Meta-analysis + Validation + Stage 3 + Stage 1,"1,000 genomes + pre-phasing + pre-analysis quality control + machminimac + shapeitimpute2 + 1,000 genomes project + imputation + phasing",genotyping + sequencing,pittsburgh compound b + complex traits + apoptosis,race + tsi + ceu + ibs + fin + gbr + ethnic + ancestry + non-european + european ancestry,discovery + meta-analysis + stage + summary statistics + meta-analyses + combined
,0.75,0.04,rs11218343,11.0,121435587.0,T/C,,"Overall stage 1/thinspace + /thinspacestage 2 ( n /thinspace = /thinspace82,771).Meta P","Overall stage 1/thinspace + /thinspacestage 2 ( n /thinspace = /thinspace82,771).95%Ci",uk biobank + adgc + international genomics of alzheimers project + eadi + ld hub + geradperades + databasestudy + igap + charge,Caucasian + Multi-ethnic + Caribbean Hispanic + African American + Asian,Stage 2 + Discovery + Joint-analysis + Replication + Meta-analysis + Validation + Stage 3 + Stage 1,"pre-phasing + pre-analysis quality control + machminimac + shapeitimpute2 + 1,000 genomes project + imputation + phasing",genotyping + sequencing,pittsburgh compound b,race + tsi + ceu + ibs + fin + gbr + ethnic + ancestry + non-european + european ancestry,meta + meta-analysis + stage + summary statistics + meta-analyses + combined
,0.75,0.04,rs11218343,11.0,121435587.0,T/C,,"Overall stage 1/thinspace + /thinspacestage 2 ( n /thinspace = /thinspace82,771).I 2 (%), P","Overall stage 1/thinspace + /thinspacestage 2 ( n /thinspace = /thinspace82,771).95%Ci",uk biobank + adgc + international genomics of alzheimers project + eadi + ld hub + geradperades + databasestudy + igap + charge,Caucasian + Multi-ethnic + Caribbean Hispanic + African American + Asian,Stage 2 + Discovery + Joint-analysis + Replication + Meta-analysis + Validation + Stage 3 + Stage 1,"pre-phasing + pre-analysis quality control + machminimac + shapeitimpute2 + 1,000 genomes project + imputation + phasing",genotyping + sequencing,pittsburgh compound b + apoptosis,race + tsi + ceu + ibs + fin + gbr + ethnic + ancestry + non-european + european ancestry,meta-analysis + stage + summary statistics + meta-analyses + combined
,1.09,0.093,rs17125924,14.0,53391680.0,A/G,,"stage 1 discovery ( n /thinspace = /thinspace63,926).P","Overall stage 1/thinspace + /thinspacestage 2 ( n /thinspace = /thinspace82,771).95%Ci",uk biobank + adgc + international genomics of alzheimers project + eadi + ld hub + databasestudy + geradperades + igap + charge,Caucasian + Multi-ethnic + Caribbean Hispanic + African American + Asian,Stage 2 + Discovery + Joint-analysis + Replication + Meta-analysis + Validation + Stage 3 + Stage 1,"1,000 genomes + pre-phasing + pre-analysis quality control + machminimac + shapeitimpute2 + thousands of genomes + 1,000 genomes project + imputation + phasing",genotyping + sequencing,multiple sclerosis + pittsburgh compound b + complex traits + apoptosis,race + tsi + ceu + ibs + fin + gbr + ethnic + ancestry + non-european + european ancestry,discovery + meta-analysis + stage + summary statistics + meta-analyses + association analysis + combined
,1.09,0.093,rs17125924,14.0,53391680.0,A/G,,"stage 2 ( n /thinspace = /thinspace18,845).P","Overall stage 1/thinspace + /thinspacestage 2 ( n /thinspace = /thinspace82,771).95%Ci",uk biobank + adgc + international genomics of alzheimers project + eadi + ld hub + geradperades + databasestudy + igap + charge,Caucasian + Multi-ethnic + Caribbean Hispanic + African American + Asian,Stage 2 + Discovery + Joint-analysis + Replication + Meta-analysis + Validation + Stage 3 + Stage 1,"1,000 genomes + pre-phasing + pre-analysis quality control + machminimac + shapeitimpute2 + 1,000 genomes project + imputation + phasing",genotyping + sequencing,pittsburgh compound b + complex traits + apoptosis,race + tsi + ceu + ibs + fin + gbr + ethnic + ancestry + non-european + european ancestry,discovery + meta-analysis + stage + summary statistics + meta-analyses + combined
,1.09,0.093,rs17125924,14.0,53391680.0,A/G,,"Overall stage 1/thinspace + /thinspacestage 2 ( n /thinspace = /thinspace82,771).Meta P","Overall stage 1/thinspace + /thinspacestage 2 ( n /thinspace = /thinspace82,771).95%Ci",uk biobank + adgc + international genomics of alzheimers project + eadi + ld hub + geradperades + databasestudy + igap + charge,Caucasian + Multi-ethnic + Caribbean Hispanic + African American + Asian,Stage 2 + Discovery + Joint-analysis + Replication + Meta-analysis + Validation + Stage 3 + Stage 1,"pre-phasing + pre-analysis quality control + machminimac + shapeitimpute2 + 1,000 genomes project + imputation + phasing",genotyping + sequencing,pittsburgh compound b,race + tsi + ceu + ibs + fin + gbr + ethnic + ancestry + non-european + european ancestry,meta + meta-analysis + stage + summary statistics + meta-analyses + combined
,1.09,0.093,rs17125924,14.0,53391680.0,A/G,,"Overall stage 1/thinspace + /thinspacestage 2 ( n /thinspace = /thinspace82,771).I 2 (%), P","Overall stage 1/thinspace + /thinspacestage 2 ( n /thinspace = /thinspace82,771).95%Ci",uk biobank + adgc + international genomics of alzheimers project + eadi + ld hub + geradperades + databasestudy + igap + charge,Caucasian + Multi-ethnic + Caribbean Hispanic + African American + Asian,Stage 2 + Discovery + Joint-analysis + Replication + Meta-analysis + Validation + Stage 3 + Stage 1,"pre-phasing + pre-analysis quality control + machminimac + shapeitimpute2 + 1,000 genomes project + imputation + phasing",genotyping + sequencing,pittsburgh compound b + apoptosis,race + tsi + ceu + ibs + fin + gbr + ethnic + ancestry + non-european + european ancestry,meta-analysis + stage + summary statistics + meta-analyses + combined
,0.89,0.221,rs12881735,14.0,92932828.0,T/C,,"stage 1 discovery ( n /thinspace = /thinspace63,926).P","Overall stage 1/thinspace + /thinspacestage 2 ( n /thinspace = /thinspace82,771).95%Ci",uk biobank + adgc + international genomics of alzheimers project + eadi + ld hub + databasestudy + geradperades + igap + charge,Caucasian + Multi-ethnic + Caribbean Hispanic + African American + Asian,Stage 2 + Discovery + Joint-analysis + Replication + Meta-analysis + Validation + Stage 3 + Stage 1,"1,000 genomes + pre-phasing + pre-analysis quality control + machminimac + shapeitimpute2 + thousands of genomes + 1,000 genomes project + imputation + phasing",genotyping + sequencing,multiple sclerosis + pittsburgh compound b + complex traits + apoptosis,race + tsi + ceu + ibs + fin + gbr + ethnic + ancestry + non-european + european ancestry,discovery + meta-analysis + stage + summary statistics + meta-analyses + association analysis + combined
,0.89,0.221,rs12881735,14.0,92932828.0,T/C,,"stage 2 ( n /thinspace = /thinspace18,845).P","Overall stage 1/thinspace + /thinspacestage 2 ( n /thinspace = /thinspace82,771).95%Ci",uk biobank + adgc + international genomics of alzheimers project + eadi + ld hub + geradperades + databasestudy + igap + charge,Caucasian + Multi-ethnic + Caribbean Hispanic + African American + Asian,Stage 2 + Discovery + Joint-analysis + Replication + Meta-analysis + Validation + Stage 3 + Stage 1,"1,000 genomes + pre-phasing + pre-analysis quality control + machminimac + shapeitimpute2 + 1,000 genomes project + imputation + phasing",genotyping + sequencing,pittsburgh compound b + complex traits + apoptosis,race + tsi + ceu + ibs + fin + gbr + ethnic + ancestry + non-european + european ancestry,discovery + meta-analysis + stage + summary statistics + meta-analyses + combined
7.4e-09,0.89,0.221,rs12881735,14.0,92932828.0,T/C,,"Overall stage 1/thinspace + /thinspacestage 2 ( n /thinspace = /thinspace82,771).Meta P","Overall stage 1/thinspace + /thinspacestage 2 ( n /thinspace = /thinspace82,771).95%Ci",uk biobank + adgc + international genomics of alzheimers project + eadi + ld hub + geradperades + databasestudy + igap + charge,Caucasian + Multi-ethnic + Caribbean Hispanic + African American + Asian,Stage 2 + Discovery + Joint-analysis + Replication + Meta-analysis + Validation + Stage 3 + Stage 1,"pre-phasing + pre-analysis quality control + machminimac + shapeitimpute2 + 1,000 genomes project + imputation + phasing",genotyping + sequencing,pittsburgh compound b,race + tsi + ceu + ibs + fin + gbr + ethnic + ancestry + non-european + european ancestry,meta + meta-analysis + stage + summary statistics + meta-analyses + combined
,0.89,0.221,rs12881735,14.0,92932828.0,T/C,,"Overall stage 1/thinspace + /thinspacestage 2 ( n /thinspace = /thinspace82,771).I 2 (%), P","Overall stage 1/thinspace + /thinspacestage 2 ( n /thinspace = /thinspace82,771).95%Ci",uk biobank + adgc + international genomics of alzheimers project + eadi + ld hub + geradperades + databasestudy + igap + charge,Caucasian + Multi-ethnic + Caribbean Hispanic + African American + Asian,Stage 2 + Discovery + Joint-analysis + Replication + Meta-analysis + Validation + Stage 3 + Stage 1,"pre-phasing + pre-analysis quality control + machminimac + shapeitimpute2 + 1,000 genomes project + imputation + phasing",genotyping + sequencing,pittsburgh compound b + apoptosis,race + tsi + ceu + ibs + fin + gbr + ethnic + ancestry + non-european + european ancestry,meta-analysis + stage + summary statistics + meta-analyses + combined
,1.11,0.182,rs3752246,19.0,1056492.0,C/G,,"stage 1 discovery ( n /thinspace = /thinspace63,926).P","Overall stage 1/thinspace + /thinspacestage 2 ( n /thinspace = /thinspace82,771).95%Ci",uk biobank + adgc + international genomics of alzheimers project + eadi + ld hub + databasestudy + geradperades + igap + charge,Caucasian + Multi-ethnic + Caribbean Hispanic + African American + Asian,Stage 2 + Discovery + Joint-analysis + Replication + Meta-analysis + Validation + Stage 3 + Stage 1,"1,000 genomes + pre-phasing + pre-analysis quality control + machminimac + shapeitimpute2 + thousands of genomes + 1,000 genomes project + imputation + phasing",genotyping + sequencing,multiple sclerosis + pittsburgh compound b + complex traits + apoptosis,race + tsi + ceu + ibs + fin + gbr + ethnic + ancestry + non-european + european ancestry,discovery + meta-analysis + stage + summary statistics + meta-analyses + association analysis + combined
,1.11,0.182,rs3752246,19.0,1056492.0,C/G,,"stage 2 ( n /thinspace = /thinspace18,845).P","Overall stage 1/thinspace + /thinspacestage 2 ( n /thinspace = /thinspace82,771).95%Ci",uk biobank + adgc + international genomics of alzheimers project + eadi + ld hub + geradperades + databasestudy + igap + charge,Caucasian + Multi-ethnic + Caribbean Hispanic + African American + Asian,Stage 2 + Discovery + Joint-analysis + Replication + Meta-analysis + Validation + Stage 3 + Stage 1,"1,000 genomes + pre-phasing + pre-analysis quality control + machminimac + shapeitimpute2 + 1,000 genomes project + imputation + phasing",genotyping + sequencing,pittsburgh compound b + complex traits + apoptosis,race + tsi + ceu + ibs + fin + gbr + ethnic + ancestry + non-european + european ancestry,discovery + meta-analysis + stage + summary statistics + meta-analyses + combined
,1.11,0.182,rs3752246,19.0,1056492.0,C/G,,"Overall stage 1/thinspace + /thinspacestage 2 ( n /thinspace = /thinspace82,771).Meta P","Overall stage 1/thinspace + /thinspacestage 2 ( n /thinspace = /thinspace82,771).95%Ci",uk biobank + adgc + international genomics of alzheimers project + eadi + ld hub + geradperades + databasestudy + igap + charge,Caucasian + Multi-ethnic + Caribbean Hispanic + African American + Asian,Stage 2 + Discovery + Joint-analysis + Replication + Meta-analysis + Validation + Stage 3 + Stage 1,"pre-phasing + pre-analysis quality control + machminimac + shapeitimpute2 + 1,000 genomes project + imputation + phasing",genotyping + sequencing,pittsburgh compound b,race + tsi + ceu + ibs + fin + gbr + ethnic + ancestry + non-european + european ancestry,meta + meta-analysis + stage + summary statistics + meta-analyses + combined
,1.11,0.182,rs3752246,19.0,1056492.0,C/G,,"Overall stage 1/thinspace + /thinspacestage 2 ( n /thinspace = /thinspace82,771).I 2 (%), P","Overall stage 1/thinspace + /thinspacestage 2 ( n /thinspace = /thinspace82,771).95%Ci",uk biobank + adgc + international genomics of alzheimers project + eadi + ld hub + geradperades + databasestudy + igap + charge,Caucasian + Multi-ethnic + Caribbean Hispanic + African American + Asian,Stage 2 + Discovery + Joint-analysis + Replication + Meta-analysis + Validation + Stage 3 + Stage 1,"pre-phasing + pre-analysis quality control + machminimac + shapeitimpute2 + 1,000 genomes project + imputation + phasing",genotyping + sequencing,pittsburgh compound b + apoptosis,race + tsi + ceu + ibs + fin + gbr + ethnic + ancestry + non-european + european ancestry,meta-analysis + stage + summary statistics + meta-analyses + combined
,,0.216,rs429358,19.0,45411941.0,T/C,,"stage 1 discovery ( n /thinspace = /thinspace63,926).P","Overall stage 1/thinspace + /thinspacestage 2 ( n /thinspace = /thinspace82,771).95%Ci",uk biobank + adgc + international genomics of alzheimers project + eadi + ld hub + databasestudy + geradperades + igap + charge,Caucasian + Multi-ethnic + Caribbean Hispanic + African American + Asian,Stage 2 + Discovery + Joint-analysis + Replication + Meta-analysis + Validation + Stage 3 + Stage 1,"1,000 genomes + pre-phasing + pre-analysis quality control + machminimac + shapeitimpute2 + thousands of genomes + 1,000 genomes project + imputation + phasing",genotyping + sequencing,multiple sclerosis + pittsburgh compound b + complex traits + apoptosis,race + tsi + ceu + ibs + fin + gbr + ethnic + ancestry + non-european + european ancestry,discovery + meta-analysis + stage + summary statistics + meta-analyses + association analysis + combined
,,0.216,rs429358,19.0,45411941.0,T/C,,"stage 2 ( n /thinspace = /thinspace18,845).P","Overall stage 1/thinspace + /thinspacestage 2 ( n /thinspace = /thinspace82,771).95%Ci",uk biobank + adgc + international genomics of alzheimers project + eadi + ld hub + geradperades + databasestudy + igap + charge,Caucasian + Multi-ethnic + Caribbean Hispanic + African American + Asian,Stage 2 + Discovery + Joint-analysis + Replication + Meta-analysis + Validation + Stage 3 + Stage 1,"1,000 genomes + pre-phasing + pre-analysis quality control + machminimac + shapeitimpute2 + 1,000 genomes project + imputation + phasing",genotyping + sequencing,pittsburgh compound b + complex traits + apoptosis,race + tsi + ceu + ibs + fin + gbr + ethnic + ancestry + non-european + european ancestry,discovery + meta-analysis + stage + summary statistics + meta-analyses + combined
,,0.216,rs429358,19.0,45411941.0,T/C,,"Overall stage 1/thinspace + /thinspacestage 2 ( n /thinspace = /thinspace82,771).Meta P","Overall stage 1/thinspace + /thinspacestage 2 ( n /thinspace = /thinspace82,771).95%Ci",uk biobank + adgc + international genomics of alzheimers project + eadi + ld hub + geradperades + databasestudy + igap + charge,Caucasian + Multi-ethnic + Caribbean Hispanic + African American + Asian,Stage 2 + Discovery + Joint-analysis + Replication + Meta-analysis + Validation + Stage 3 + Stage 1,"pre-phasing + pre-analysis quality control + machminimac + shapeitimpute2 + 1,000 genomes project + imputation + phasing",genotyping + sequencing,pittsburgh compound b,race + tsi + ceu + ibs + fin + gbr + ethnic + ancestry + non-european + european ancestry,meta + meta-analysis + stage + summary statistics + meta-analyses + combined
,,0.216,rs429358,19.0,45411941.0,T/C,,"Overall stage 1/thinspace + /thinspacestage 2 ( n /thinspace = /thinspace82,771).I 2 (%), P","Overall stage 1/thinspace + /thinspacestage 2 ( n /thinspace = /thinspace82,771).95%Ci",uk biobank + adgc + international genomics of alzheimers project + eadi + ld hub + geradperades + databasestudy + igap + charge,Caucasian + Multi-ethnic + Caribbean Hispanic + African American + Asian,Stage 2 + Discovery + Joint-analysis + Replication + Meta-analysis + Validation + Stage 3 + Stage 1,"pre-phasing + pre-analysis quality control + machminimac + shapeitimpute2 + 1,000 genomes project + imputation + phasing",genotyping + sequencing,pittsburgh compound b + apoptosis,race + tsi + ceu + ibs + fin + gbr + ethnic + ancestry + non-european + european ancestry,meta-analysis + stage + summary statistics + meta-analyses + combined
,0.85,0.088,rs6024870,20.0,54997568.0,G/A,,"stage 1 discovery ( n /thinspace = /thinspace63,926).P","Overall stage 1/thinspace + /thinspacestage 2 ( n /thinspace = /thinspace82,771).95%Ci",uk biobank + adgc + international genomics of alzheimers project + eadi + ld hub + databasestudy + geradperades + igap + charge,Caucasian + Multi-ethnic + Caribbean Hispanic + African American + Asian,Stage 2 + Discovery + Joint-analysis + Replication + Meta-analysis + Validation + Stage 3 + Stage 1,"1,000 genomes + pre-phasing + pre-analysis quality control + machminimac + shapeitimpute2 + thousands of genomes + 1,000 genomes project + imputation + phasing",genotyping + sequencing,multiple sclerosis + pittsburgh compound b + complex traits + apoptosis,race + tsi + ceu + ibs + fin + gbr + ethnic + ancestry + non-european + european ancestry,discovery + meta-analysis + stage + summary statistics + meta-analyses + association analysis + combined
,0.85,0.088,rs6024870,20.0,54997568.0,G/A,,"stage 2 ( n /thinspace = /thinspace18,845).P","Overall stage 1/thinspace + /thinspacestage 2 ( n /thinspace = /thinspace82,771).95%Ci",uk biobank + adgc + international genomics of alzheimers project + eadi + ld hub + geradperades + databasestudy + igap + charge,Caucasian + Multi-ethnic + Caribbean Hispanic + African American + Asian,Stage 2 + Discovery + Joint-analysis + Replication + Meta-analysis + Validation + Stage 3 + Stage 1,"1,000 genomes + pre-phasing + pre-analysis quality control + machminimac + shapeitimpute2 + 1,000 genomes project + imputation + phasing",genotyping + sequencing,pittsburgh compound b + complex traits + apoptosis,race + tsi + ceu + ibs + fin + gbr + ethnic + ancestry + non-european + european ancestry,discovery + meta-analysis + stage + summary statistics + meta-analyses + combined
,0.85,0.088,rs6024870,20.0,54997568.0,G/A,,"Overall stage 1/thinspace + /thinspacestage 2 ( n /thinspace = /thinspace82,771).Meta P","Overall stage 1/thinspace + /thinspacestage 2 ( n /thinspace = /thinspace82,771).95%Ci",uk biobank + adgc + international genomics of alzheimers project + eadi + ld hub + geradperades + databasestudy + igap + charge,Caucasian + Multi-ethnic + Caribbean Hispanic + African American + Asian,Stage 2 + Discovery + Joint-analysis + Replication + Meta-analysis + Validation + Stage 3 + Stage 1,"pre-phasing + pre-analysis quality control + machminimac + shapeitimpute2 + 1,000 genomes project + imputation + phasing",genotyping + sequencing,pittsburgh compound b,race + tsi + ceu + ibs + fin + gbr + ethnic + ancestry + non-european + european ancestry,meta + meta-analysis + stage + summary statistics + meta-analyses + combined
,0.85,0.088,rs6024870,20.0,54997568.0,G/A,,"Overall stage 1/thinspace + /thinspacestage 2 ( n /thinspace = /thinspace82,771).I 2 (%), P","Overall stage 1/thinspace + /thinspacestage 2 ( n /thinspace = /thinspace82,771).95%Ci",uk biobank + adgc + international genomics of alzheimers project + eadi + ld hub + geradperades + databasestudy + igap + charge,Caucasian + Multi-ethnic + Caribbean Hispanic + African American + Asian,Stage 2 + Discovery + Joint-analysis + Replication + Meta-analysis + Validation + Stage 3 + Stage 1,"pre-phasing + pre-analysis quality control + machminimac + shapeitimpute2 + 1,000 genomes project + imputation + phasing",genotyping + sequencing,pittsburgh compound b + apoptosis,race + tsi + ceu + ibs + fin + gbr + ethnic + ancestry + non-european + european ancestry,meta-analysis + stage + summary statistics + meta-analyses + combined
,1.05,0.389,rs7920721,10.0,11720308.0,A/G,,"stage 1 discovery ( n /thinspace = /thinspace63,926).P","Overall stage 1/thinspace + /thinspacestage 2 ( n /thinspace = /thinspace82,771).95%Ci",uk biobank + adgc + international genomics of alzheimers project + eadi + ld hub + databasestudy + geradperades + igap + charge,Caucasian + Multi-ethnic + Caribbean Hispanic + African American + Asian,Stage 2 + Discovery + Joint-analysis + Replication + Meta-analysis + Validation + Stage 3 + Stage 1,"1,000 genomes + pre-phasing + pre-analysis quality control + machminimac + shapeitimpute2 + thousands of genomes + 1,000 genomes project + imputation + phasing",genotyping + sequencing,multiple sclerosis + pittsburgh compound b + complex traits + apoptosis,race + tsi + ceu + ibs + fin + gbr + ethnic + ancestry + non-european + european ancestry,discovery + meta-analysis + stage + summary statistics + meta-analyses + association analysis + combined
,1.05,0.389,rs7920721,10.0,11720308.0,A/G,,"stage 2 ( n /thinspace = /thinspace18,845).P","Overall stage 1/thinspace + /thinspacestage 2 ( n /thinspace = /thinspace82,771).95%Ci",uk biobank + adgc + international genomics of alzheimers project + eadi + ld hub + geradperades + databasestudy + igap + charge,Caucasian + Multi-ethnic + Caribbean Hispanic + African American + Asian,Stage 2 + Discovery + Joint-analysis + Replication + Meta-analysis + Validation + Stage 3 + Stage 1,"1,000 genomes + pre-phasing + pre-analysis quality control + machminimac + shapeitimpute2 + 1,000 genomes project + imputation + phasing",genotyping + sequencing,pittsburgh compound b + complex traits + apoptosis,race + tsi + ceu + ibs + fin + gbr + ethnic + ancestry + non-european + european ancestry,discovery + meta-analysis + stage + summary statistics + meta-analyses + combined
,1.05,0.389,rs7920721,10.0,11720308.0,A/G,,"Overall stage 1/thinspace + /thinspacestage 2 ( n /thinspace = /thinspace82,771).Meta P","Overall stage 1/thinspace + /thinspacestage 2 ( n /thinspace = /thinspace82,771).95%Ci",uk biobank + adgc + international genomics of alzheimers project + eadi + ld hub + geradperades + databasestudy + igap + charge,Caucasian + Multi-ethnic + Caribbean Hispanic + African American + Asian,Stage 2 + Discovery + Joint-analysis + Replication + Meta-analysis + Validation + Stage 3 + Stage 1,"pre-phasing + pre-analysis quality control + machminimac + shapeitimpute2 + 1,000 genomes project + imputation + phasing",genotyping + sequencing,pittsburgh compound b,race + tsi + ceu + ibs + fin + gbr + ethnic + ancestry + non-european + european ancestry,meta + meta-analysis + stage + summary statistics + meta-analyses + combined
,1.05,0.389,rs7920721,10.0,11720308.0,A/G,,"Overall stage 1/thinspace + /thinspacestage 2 ( n /thinspace = /thinspace82,771).I 2 (%), P","Overall stage 1/thinspace + /thinspacestage 2 ( n /thinspace = /thinspace82,771).95%Ci",uk biobank + adgc + international genomics of alzheimers project + eadi + ld hub + geradperades + databasestudy + igap + charge,Caucasian + Multi-ethnic + Caribbean Hispanic + African American + Asian,Stage 2 + Discovery + Joint-analysis + Replication + Meta-analysis + Validation + Stage 3 + Stage 1,"pre-phasing + pre-analysis quality control + machminimac + shapeitimpute2 + 1,000 genomes project + imputation + phasing",genotyping + sequencing,pittsburgh compound b + apoptosis,race + tsi + ceu + ibs + fin + gbr + ethnic + ancestry + non-european + european ancestry,meta-analysis + stage + summary statistics + meta-analyses + combined
,1.2,0.02,rs138190086,17.0,61538148.0,G/A,,"stage 1 discovery ( n /thinspace = /thinspace63,926).P","Overall stage 1/thinspace + /thinspacestage 2 ( n /thinspace = /thinspace82,771).95%Ci",uk biobank + adgc + international genomics of alzheimers project + eadi + ld hub + databasestudy + geradperades + igap + charge,Caucasian + Multi-ethnic + Caribbean Hispanic + African American + Asian,Stage 2 + Discovery + Joint-analysis + Replication + Meta-analysis + Validation + Stage 3 + Stage 1,"1,000 genomes + pre-phasing + pre-analysis quality control + machminimac + shapeitimpute2 + thousands of genomes + 1,000 genomes project + imputation + phasing",genotyping + sequencing,multiple sclerosis + pittsburgh compound b + complex traits + apoptosis,race + tsi + ceu + ibs + fin + gbr + ethnic + ancestry + non-european + european ancestry,discovery + meta-analysis + stage + summary statistics + meta-analyses + association analysis + combined
,1.2,0.02,rs138190086,17.0,61538148.0,G/A,,"stage 2 ( n /thinspace = /thinspace18,845).P","Overall stage 1/thinspace + /thinspacestage 2 ( n /thinspace = /thinspace82,771).95%Ci",uk biobank + adgc + international genomics of alzheimers project + eadi + ld hub + geradperades + databasestudy + igap + charge,Caucasian + Multi-ethnic + Caribbean Hispanic + African American + Asian,Stage 2 + Discovery + Joint-analysis + Replication + Meta-analysis + Validation + Stage 3 + Stage 1,"1,000 genomes + pre-phasing + pre-analysis quality control + machminimac + shapeitimpute2 + 1,000 genomes project + imputation + phasing",genotyping + sequencing,pittsburgh compound b + complex traits + apoptosis,race + tsi + ceu + ibs + fin + gbr + ethnic + ancestry + non-european + european ancestry,discovery + meta-analysis + stage + summary statistics + meta-analyses + combined
,1.2,0.02,rs138190086,17.0,61538148.0,G/A,,"Overall stage 1/thinspace + /thinspacestage 2 ( n /thinspace = /thinspace82,771).Meta P","Overall stage 1/thinspace + /thinspacestage 2 ( n /thinspace = /thinspace82,771).95%Ci",uk biobank + adgc + international genomics of alzheimers project + eadi + ld hub + geradperades + databasestudy + igap + charge,Caucasian + Multi-ethnic + Caribbean Hispanic + African American + Asian,Stage 2 + Discovery + Joint-analysis + Replication + Meta-analysis + Validation + Stage 3 + Stage 1,"pre-phasing + pre-analysis quality control + machminimac + shapeitimpute2 + 1,000 genomes project + imputation + phasing",genotyping + sequencing,pittsburgh compound b,race + tsi + ceu + ibs + fin + gbr + ethnic + ancestry + non-european + european ancestry,meta + meta-analysis + stage + summary statistics + meta-analyses + combined
,1.2,0.02,rs138190086,17.0,61538148.0,G/A,,"Overall stage 1/thinspace + /thinspacestage 2 ( n /thinspace = /thinspace82,771).I 2 (%), P","Overall stage 1/thinspace + /thinspacestage 2 ( n /thinspace = /thinspace82,771).95%Ci",uk biobank + adgc + international genomics of alzheimers project + eadi + ld hub + geradperades + databasestudy + igap + charge,Caucasian + Multi-ethnic + Caribbean Hispanic + African American + Asian,Stage 2 + Discovery + Joint-analysis + Replication + Meta-analysis + Validation + Stage 3 + Stage 1,"pre-phasing + pre-analysis quality control + machminimac + shapeitimpute2 + 1,000 genomes project + imputation + phasing",genotyping + sequencing,pittsburgh compound b + apoptosis,race + tsi + ceu + ibs + fin + gbr + ethnic + ancestry + non-european + european ancestry,meta-analysis + stage + summary statistics + meta-analyses + combined
,0.92,0.39,rs190982,5.0,88223420.0,A/G,,"stage 1 discovery ( n /thinspace = /thinspace63,926).P","Overall stage 1/thinspace + /thinspacestage 2 ( n /thinspace = /thinspace82,771).95%Ci",uk biobank + adgc + international genomics of alzheimers project + eadi + ld hub + databasestudy + geradperades + igap + charge,Caucasian + Multi-ethnic + Caribbean Hispanic + African American + Asian,Stage 2 + Discovery + Joint-analysis + Replication + Meta-analysis + Validation + Stage 3 + Stage 1,"1,000 genomes + pre-phasing + pre-analysis quality control + machminimac + shapeitimpute2 + thousands of genomes + 1,000 genomes project + imputation + phasing",genotyping + sequencing,multiple sclerosis + pittsburgh compound b + complex traits + apoptosis,race + tsi + ceu + ibs + fin + gbr + ethnic + ancestry + non-european + european ancestry,discovery + meta-analysis + stage + summary statistics + meta-analyses + association analysis + combined
,0.92,0.39,rs190982,5.0,88223420.0,A/G,,"stage 2 ( n /thinspace = /thinspace18,845).P","Overall stage 1/thinspace + /thinspacestage 2 ( n /thinspace = /thinspace82,771).95%Ci",uk biobank + adgc + international genomics of alzheimers project + eadi + ld hub + geradperades + databasestudy + igap + charge,Caucasian + Multi-ethnic + Caribbean Hispanic + African American + Asian,Stage 2 + Discovery + Joint-analysis + Replication + Meta-analysis + Validation + Stage 3 + Stage 1,"1,000 genomes + pre-phasing + pre-analysis quality control + machminimac + shapeitimpute2 + 1,000 genomes project + imputation + phasing",genotyping + sequencing,pittsburgh compound b + complex traits + apoptosis,race + tsi + ceu + ibs + fin + gbr + ethnic + ancestry + non-european + european ancestry,discovery + meta-analysis + stage + summary statistics + meta-analyses + combined
,0.92,0.39,rs190982,5.0,88223420.0,A/G,,"Overall stage 1/thinspace + /thinspacestage 2 ( n /thinspace = /thinspace82,771).Meta P","Overall stage 1/thinspace + /thinspacestage 2 ( n /thinspace = /thinspace82,771).95%Ci",uk biobank + adgc + international genomics of alzheimers project + eadi + ld hub + geradperades + databasestudy + igap + charge,Caucasian + Multi-ethnic + Caribbean Hispanic + African American + Asian,Stage 2 + Discovery + Joint-analysis + Replication + Meta-analysis + Validation + Stage 3 + Stage 1,"pre-phasing + pre-analysis quality control + machminimac + shapeitimpute2 + 1,000 genomes project + imputation + phasing",genotyping + sequencing,pittsburgh compound b,race + tsi + ceu + ibs + fin + gbr + ethnic + ancestry + non-european + european ancestry,meta + meta-analysis + stage + summary statistics + meta-analyses + combined
,0.92,0.39,rs190982,5.0,88223420.0,A/G,,"Overall stage 1/thinspace + /thinspacestage 2 ( n /thinspace = /thinspace82,771).I 2 (%), P","Overall stage 1/thinspace + /thinspacestage 2 ( n /thinspace = /thinspace82,771).95%Ci",uk biobank + adgc + international genomics of alzheimers project + eadi + ld hub + geradperades + databasestudy + igap + charge,Caucasian + Multi-ethnic + Caribbean Hispanic + African American + Asian,Stage 2 + Discovery + Joint-analysis + Replication + Meta-analysis + Validation + Stage 3 + Stage 1,"pre-phasing + pre-analysis quality control + machminimac + shapeitimpute2 + 1,000 genomes project + imputation + phasing",genotyping + sequencing,pittsburgh compound b + apoptosis,race + tsi + ceu + ibs + fin + gbr + ethnic + ancestry + non-european + european ancestry,meta-analysis + stage + summary statistics + meta-analyses + combined
,0.91,0.356,rs4723711,7.0,37844263.0,A/T,,"stage 1 discovery ( n /thinspace = /thinspace63,926).P","Overall stage 1/thinspace + /thinspacestage 2 ( n /thinspace = /thinspace82,771).95%Ci",uk biobank + adgc + international genomics of alzheimers project + eadi + ld hub + databasestudy + geradperades + igap + charge,Caucasian + Multi-ethnic + Caribbean Hispanic + African American + Asian,Stage 2 + Discovery + Joint-analysis + Replication + Meta-analysis + Validation + Stage 3 + Stage 1,"1,000 genomes + pre-phasing + pre-analysis quality control + machminimac + shapeitimpute2 + thousands of genomes + 1,000 genomes project + imputation + phasing",genotyping + sequencing,multiple sclerosis + pittsburgh compound b + complex traits + apoptosis,race + tsi + ceu + ibs + fin + gbr + ethnic + ancestry + non-european + european ancestry,discovery + meta-analysis + stage + summary statistics + meta-analyses + association analysis + combined
,0.91,0.356,rs4723711,7.0,37844263.0,A/T,,"stage 2 ( n /thinspace = /thinspace18,845).P","Overall stage 1/thinspace + /thinspacestage 2 ( n /thinspace = /thinspace82,771).95%Ci",uk biobank + adgc + international genomics of alzheimers project + eadi + ld hub + geradperades + databasestudy + igap + charge,Caucasian + Multi-ethnic + Caribbean Hispanic + African American + Asian,Stage 2 + Discovery + Joint-analysis + Replication + Meta-analysis + Validation + Stage 3 + Stage 1,"1,000 genomes + pre-phasing + pre-analysis quality control + machminimac + shapeitimpute2 + 1,000 genomes project + imputation + phasing",genotyping + sequencing,pittsburgh compound b + complex traits + apoptosis,race + tsi + ceu + ibs + fin + gbr + ethnic + ancestry + non-european + european ancestry,discovery + meta-analysis + stage + summary statistics + meta-analyses + combined
,0.91,0.356,rs4723711,7.0,37844263.0,A/T,,"Overall stage 1/thinspace + /thinspacestage 2 ( n /thinspace = /thinspace82,771).Meta P","Overall stage 1/thinspace + /thinspacestage 2 ( n /thinspace = /thinspace82,771).95%Ci",uk biobank + adgc + international genomics of alzheimers project + eadi + ld hub + geradperades + databasestudy + igap + charge,Caucasian + Multi-ethnic + Caribbean Hispanic + African American + Asian,Stage 2 + Discovery + Joint-analysis + Replication + Meta-analysis + Validation + Stage 3 + Stage 1,"pre-phasing + pre-analysis quality control + machminimac + shapeitimpute2 + 1,000 genomes project + imputation + phasing",genotyping + sequencing,pittsburgh compound b,race + tsi + ceu + ibs + fin + gbr + ethnic + ancestry + non-european + european ancestry,meta + meta-analysis + stage + summary statistics + meta-analyses + combined
,0.91,0.356,rs4723711,7.0,37844263.0,A/T,,"Overall stage 1/thinspace + /thinspacestage 2 ( n /thinspace = /thinspace82,771).I 2 (%), P","Overall stage 1/thinspace + /thinspacestage 2 ( n /thinspace = /thinspace82,771).95%Ci",uk biobank + adgc + international genomics of alzheimers project + eadi + ld hub + geradperades + databasestudy + igap + charge,Caucasian + Multi-ethnic + Caribbean Hispanic + African American + Asian,Stage 2 + Discovery + Joint-analysis + Replication + Meta-analysis + Validation + Stage 3 + Stage 1,"pre-phasing + pre-analysis quality control + machminimac + shapeitimpute2 + 1,000 genomes project + imputation + phasing",genotyping + sequencing,pittsburgh compound b + apoptosis,race + tsi + ceu + ibs + fin + gbr + ethnic + ancestry + non-european + european ancestry,meta-analysis + stage + summary statistics + meta-analyses + combined
,,,,,,,,"Stage 1 discovery (n = 63,926) | P","Stage 1 discovery (n = 63,926) | OR",uk biobank + adgc + international genomics of alzheimers project + eadi + ld hub + geradperades + databasestudy + igap + charge,Caucasian + Multi-ethnic + Caribbean Hispanic + African American + Asian,Stage 2 + Discovery + Joint-analysis + Replication + Meta-analysis + Validation + Stage 3 + Stage 1,"1,000 genomes + pre-phasing + thousands of genomes + 1,000 genomes project + imputation + phasing",genotyping + sequencing,multiple sclerosis + complex traits + parkinson disease + apoptosis,race + tsi + ceu + ibs + fin + gbr + ethnic + ancestry + non-european + european ancestry,discovery + meta-analysis + stage + summary statistics + meta-analyses + association analysis + combined
,,,,,,,,"Stage 2 (n = 18,845) | P","Stage 1 discovery (n = 63,926) | OR",uk biobank + adgc + international genomics of alzheimers project + eadi + ld hub + geradperades + databasestudy + igap + charge,Caucasian + Multi-ethnic + Caribbean Hispanic + African American + Asian,Stage 2 + Discovery + Joint-analysis + Replication + Meta-analysis + Validation + Stage 3 + Stage 1,"reference panel + 1,000 genomes + pre-phasing + shapeitimpute2 + thousands of genomes + 1,000 genomes project + imputation + phasing",genotyping + sequencing,multiple sclerosis + complex traits + apoptosis + pittsburgh compound b + parkinson disease,race + tsi + ceu + ibs + fin + gbr + ethnic + ancestry + non-european + european ancestry,discovery + meta-analysis + stage + summary statistics + meta-analyses + association analysis + combined
,,,,,,,,"Overall stage 1 + stage 2 (n = 82,771) | Meta P","Stage 1 discovery (n = 63,926) | OR",uk biobank + adgc + international genomics of alzheimers project + eadi + ld hub + geradperades + databasestudy + igap + charge,Caucasian + Multi-ethnic + Caribbean Hispanic + African American + Asian,Stage 2 + Discovery + Joint-analysis + Replication + Meta-analysis + Validation + Stage 3 + Stage 1,"1,000 genomes + shapeitimpute2 + thousands of genomes + 1,000 genomes project + imputation",genotyping + sequencing,multiple sclerosis + complex traits + parkinson disease + apoptosis,race + tsi + ceu + ibs + fin + gbr + ethnic + ancestry + non-european + european ancestry,discovery + meta-analysis + stage + summary statistics + meta-analyses + association analysis + combined
,,,,,,,,"Overall stage 1 + stage 2 (n = 82,771) | I2 (%), Pf","Stage 1 discovery (n = 63,926) | OR",uk biobank + adgc + international genomics of alzheimers project + eadi + ld hub + geradperades + databasestudy + igap + charge,Caucasian + Multi-ethnic + Caribbean Hispanic + African American + Asian,Stage 2 + Discovery + Joint-analysis + Replication + Meta-analysis + Validation + Stage 3 + Stage 1,"1,000 genomes + pre-phasing + pre-analysis quality control + shapeitimpute2 + thousands of genomes + 1,000 genomes project + imputation + phasing",genotyping + sequencing,multiple sclerosis + complex traits + parkinson disease + apoptosis,race + tsi + ceu + ibs + fin + gbr + ethnic + ancestry + non-european + european ancestry,discovery + meta-analysis + stage + summary statistics + meta-analyses + association analysis + combined
,,,,,,Previous genome-wide-significant loci still reaching significance,,"Stage 1 discovery (n = 63,926) | P","Stage 1 discovery (n = 63,926) | OR",uk biobank + adgc + international genomics of alzheimers project + eadi + ld hub + geradperades + databasestudy + igap + charge,Caucasian + Multi-ethnic + Caribbean Hispanic + African American + Asian,Stage 2 + Discovery + Joint-analysis + Replication + Meta-analysis + Validation + Stage 3 + Stage 1,"1,000 genomes + pre-phasing + thousands of genomes + 1,000 genomes project + imputation + phasing",genotyping + sequencing,multiple sclerosis + complex traits + parkinson disease + apoptosis,race + tsi + ceu + ibs + fin + gbr + ethnic + ancestry + non-european + european ancestry,discovery + meta-analysis + stage + summary statistics + meta-analyses + association analysis + combined
,,,,,,Previous genome-wide-significant loci still reaching significance,,"Stage 2 (n = 18,845) | P","Stage 1 discovery (n = 63,926) | OR",uk biobank + adgc + international genomics of alzheimers project + eadi + ld hub + geradperades + databasestudy + igap + charge,Caucasian + Multi-ethnic + Caribbean Hispanic + African American + Asian,Stage 2 + Discovery + Joint-analysis + Replication + Meta-analysis + Validation + Stage 3 + Stage 1,"reference panel + 1,000 genomes + pre-phasing + shapeitimpute2 + thousands of genomes + 1,000 genomes project + imputation + phasing",genotyping + sequencing,multiple sclerosis + complex traits + apoptosis + pittsburgh compound b + parkinson disease,race + tsi + ceu + ibs + fin + gbr + ethnic + ancestry + non-european + european ancestry,discovery + meta-analysis + stage + summary statistics + meta-analyses + association analysis + combined
,,,,,,Previous genome-wide-significant loci still reaching significance,,"Overall stage 1 + stage 2 (n = 82,771) | Meta P","Stage 1 discovery (n = 63,926) | OR",uk biobank + adgc + international genomics of alzheimers project + eadi + ld hub + geradperades + databasestudy + igap + charge,Caucasian + Multi-ethnic + Caribbean Hispanic + African American + Asian,Stage 2 + Discovery + Joint-analysis + Replication + Meta-analysis + Validation + Stage 3 + Stage 1,"1,000 genomes + shapeitimpute2 + thousands of genomes + 1,000 genomes project + imputation",genotyping + sequencing,multiple sclerosis + complex traits + parkinson disease + apoptosis,race + tsi + ceu + ibs + fin + gbr + ethnic + ancestry + non-european + european ancestry,discovery + meta-analysis + stage + summary statistics + meta-analyses + association analysis + combined
,,,,,,Previous genome-wide-significant loci still reaching significance,,"Overall stage 1 + stage 2 (n = 82,771) | I2 (%), Pf","Stage 1 discovery (n = 63,926) | OR",uk biobank + adgc + international genomics of alzheimers project + eadi + ld hub + geradperades + databasestudy + igap + charge,Caucasian + Multi-ethnic + Caribbean Hispanic + African American + Asian,Stage 2 + Discovery + Joint-analysis + Replication + Meta-analysis + Validation + Stage 3 + Stage 1,"1,000 genomes + pre-phasing + pre-analysis quality control + shapeitimpute2 + thousands of genomes + 1,000 genomes project + imputation + phasing",genotyping + sequencing,multiple sclerosis + complex traits + parkinson disease + apoptosis,race + tsi + ceu + ibs + fin + gbr + ethnic + ancestry + non-european + european ancestry,discovery + meta-analysis + stage + summary statistics + meta-analyses + association analysis + combined
1e-15,1.16,0.187,rs4844610,1.0,,C/A,,"Stage 1 discovery (n = 63,926) | P","Stage 1 discovery (n = 63,926) | OR",uk biobank + adgc + international genomics of alzheimers project + eadi + ld hub + geradperades + databasestudy + igap + charge,Caucasian + Multi-ethnic + Caribbean Hispanic + African American + Asian,Stage 2 + Discovery + Joint-analysis + Replication + Meta-analysis + Validation + Stage 3 + Stage 1,"1,000 genomes + pre-phasing + thousands of genomes + 1,000 genomes project + imputation + phasing",genotyping + sequencing,multiple sclerosis + complex traits + parkinson disease + apoptosis,race + tsi + ceu + ibs + fin + gbr + ethnic + ancestry + non-european + european ancestry,discovery + meta-analysis + stage + summary statistics + meta-analyses + association analysis + combined
3.8e-10,1.16,0.187,rs4844610,1.0,,C/A,,"Stage 2 (n = 18,845) | P","Stage 1 discovery (n = 63,926) | OR",uk biobank + adgc + international genomics of alzheimers project + eadi + ld hub + geradperades + databasestudy + igap + charge,Caucasian + Multi-ethnic + Caribbean Hispanic + African American + Asian,Stage 2 + Discovery + Joint-analysis + Replication + Meta-analysis + Validation + Stage 3 + Stage 1,"reference panel + 1,000 genomes + pre-phasing + shapeitimpute2 + thousands of genomes + 1,000 genomes project + imputation + phasing",genotyping + sequencing,multiple sclerosis + complex traits + apoptosis + pittsburgh compound b + parkinson disease,race + tsi + ceu + ibs + fin + gbr + ethnic + ancestry + non-european + european ancestry,discovery + meta-analysis + stage + summary statistics + meta-analyses + association analysis + combined
0.0,1.16,0.187,rs4844610,1.0,,C/A,,"Overall stage 1 + stage 2 (n = 82,771) | Meta P","Stage 1 discovery (n = 63,926) | OR",uk biobank + adgc + international genomics of alzheimers project + eadi + ld hub + geradperades + databasestudy + igap + charge,Caucasian + Multi-ethnic + Caribbean Hispanic + African American + Asian,Stage 2 + Discovery + Joint-analysis + Replication + Meta-analysis + Validation + Stage 3 + Stage 1,"1,000 genomes + shapeitimpute2 + thousands of genomes + 1,000 genomes project + imputation",genotyping + sequencing,multiple sclerosis + complex traits + parkinson disease + apoptosis,race + tsi + ceu + ibs + fin + gbr + ethnic + ancestry + non-european + european ancestry,discovery + meta-analysis + stage + summary statistics + meta-analyses + association analysis + combined
0.8,1.16,0.187,rs4844610,1.0,,C/A,,"Overall stage 1 + stage 2 (n = 82,771) | I2 (%), Pf","Stage 1 discovery (n = 63,926) | OR",uk biobank + adgc + international genomics of alzheimers project + eadi + ld hub + geradperades + databasestudy + igap + charge,Caucasian + Multi-ethnic + Caribbean Hispanic + African American + Asian,Stage 2 + Discovery + Joint-analysis + Replication + Meta-analysis + Validation + Stage 3 + Stage 1,"1,000 genomes + pre-phasing + pre-analysis quality control + shapeitimpute2 + thousands of genomes + 1,000 genomes project + imputation + phasing",genotyping + sequencing,multiple sclerosis + complex traits + parkinson disease + apoptosis,race + tsi + ceu + ibs + fin + gbr + ethnic + ancestry + non-european + european ancestry,discovery + meta-analysis + stage + summary statistics + meta-analyses + association analysis + combined
0.0,1.18,0.407,rs6733839,2.0,,C/T,,"Stage 1 discovery (n = 63,926) | P","Stage 1 discovery (n = 63,926) | OR",uk biobank + adgc + international genomics of alzheimers project + eadi + ld hub + geradperades + databasestudy + igap + charge,Caucasian + Multi-ethnic + Caribbean Hispanic + African American + Asian,Stage 2 + Discovery + Joint-analysis + Replication + Meta-analysis + Validation + Stage 3 + Stage 1,"1,000 genomes + pre-phasing + thousands of genomes + 1,000 genomes project + imputation + phasing",genotyping + sequencing,multiple sclerosis + complex traits + parkinson disease + apoptosis,race + tsi + ceu + ibs + fin + gbr + ethnic + ancestry + non-european + european ancestry,discovery + meta-analysis + stage + summary statistics + meta-analyses + association analysis + combined
0.0,1.18,0.407,rs6733839,2.0,,C/T,,"Stage 2 (n = 18,845) | P","Stage 1 discovery (n = 63,926) | OR",uk biobank + adgc + international genomics of alzheimers project + eadi + ld hub + geradperades + databasestudy + igap + charge,Caucasian + Multi-ethnic + Caribbean Hispanic + African American + Asian,Stage 2 + Discovery + Joint-analysis + Replication + Meta-analysis + Validation + Stage 3 + Stage 1,"reference panel + 1,000 genomes + pre-phasing + shapeitimpute2 + thousands of genomes + 1,000 genomes project + imputation + phasing",genotyping + sequencing,multiple sclerosis + complex traits + apoptosis + pittsburgh compound b + parkinson disease,race + tsi + ceu + ibs + fin + gbr + ethnic + ancestry + non-european + european ancestry,discovery + meta-analysis + stage + summary statistics + meta-analyses + association analysis + combined
0.0,1.18,0.407,rs6733839,2.0,,C/T,,"Overall stage 1 + stage 2 (n = 82,771) | Meta P","Stage 1 discovery (n = 63,926) | OR",uk biobank + adgc + international genomics of alzheimers project + eadi + ld hub + geradperades + databasestudy + igap + charge,Caucasian + Multi-ethnic + Caribbean Hispanic + African American + Asian,Stage 2 + Discovery + Joint-analysis + Replication + Meta-analysis + Validation + Stage 3 + Stage 1,"1,000 genomes + shapeitimpute2 + thousands of genomes + 1,000 genomes project + imputation",genotyping + sequencing,multiple sclerosis + complex traits + parkinson disease + apoptosis,race + tsi + ceu + ibs + fin + gbr + ethnic + ancestry + non-european + european ancestry,discovery + meta-analysis + stage + summary statistics + meta-analyses + association analysis + combined
15.2,1.18,0.407,rs6733839,2.0,,C/T,,"Overall stage 1 + stage 2 (n = 82,771) | I2 (%), Pf","Stage 1 discovery (n = 63,926) | OR",uk biobank + adgc + international genomics of alzheimers project + eadi + ld hub + geradperades + databasestudy + igap + charge,Caucasian + Multi-ethnic + Caribbean Hispanic + African American + Asian,Stage 2 + Discovery + Joint-analysis + Replication + Meta-analysis + Validation + Stage 3 + Stage 1,"1,000 genomes + pre-phasing + pre-analysis quality control + shapeitimpute2 + thousands of genomes + 1,000 genomes project + imputation + phasing",genotyping + sequencing,multiple sclerosis + complex traits + parkinson disease + apoptosis,race + tsi + ceu + ibs + fin + gbr + ethnic + ancestry + non-european + european ancestry,discovery + meta-analysis + stage + summary statistics + meta-analyses + association analysis + combined
2.6e-07,0.9,0.223,rs10933431,2.0,,C/G,,"Stage 1 discovery (n = 63,926) | P","Stage 1 discovery (n = 63,926) | OR",uk biobank + adgc + international genomics of alzheimers project + eadi + ld hub + geradperades + databasestudy + igap + charge,Caucasian + Multi-ethnic + Caribbean Hispanic + African American + Asian,Stage 2 + Discovery + Joint-analysis + Replication + Meta-analysis + Validation + Stage 3 + Stage 1,"1,000 genomes + pre-phasing + thousands of genomes + 1,000 genomes project + imputation + phasing",genotyping + sequencing,multiple sclerosis + complex traits + parkinson disease + apoptosis,race + tsi + ceu + ibs + fin + gbr + ethnic + ancestry + non-european + european ancestry,discovery + meta-analysis + stage + summary statistics + meta-analyses + association analysis + combined
0.0032,0.9,0.223,rs10933431,2.0,,C/G,,"Stage 2 (n = 18,845) | P","Stage 1 discovery (n = 63,926) | OR",uk biobank + adgc + international genomics of alzheimers project + eadi + ld hub + geradperades + databasestudy + igap + charge,Caucasian + Multi-ethnic + Caribbean Hispanic + African American + Asian,Stage 2 + Discovery + Joint-analysis + Replication + Meta-analysis + Validation + Stage 3 + Stage 1,"reference panel + 1,000 genomes + pre-phasing + shapeitimpute2 + thousands of genomes + 1,000 genomes project + imputation + phasing",genotyping + sequencing,multiple sclerosis + complex traits + apoptosis + pittsburgh compound b + parkinson disease,race + tsi + ceu + ibs + fin + gbr + ethnic + ancestry + non-european + european ancestry,discovery + meta-analysis + stage + summary statistics + meta-analyses + association analysis + combined
3.4e-09,0.9,0.223,rs10933431,2.0,,C/G,,"Overall stage 1 + stage 2 (n = 82,771) | Meta P","Stage 1 discovery (n = 63,926) | OR",uk biobank + adgc + international genomics of alzheimers project + eadi + ld hub + geradperades + databasestudy + igap + charge,Caucasian + Multi-ethnic + Caribbean Hispanic + African American + Asian,Stage 2 + Discovery + Joint-analysis + Replication + Meta-analysis + Validation + Stage 3 + Stage 1,"1,000 genomes + shapeitimpute2 + thousands of genomes + 1,000 genomes project + imputation",genotyping + sequencing,multiple sclerosis + complex traits + parkinson disease + apoptosis,race + tsi + ceu + ibs + fin + gbr + ethnic + ancestry + non-european + european ancestry,discovery + meta-analysis + stage + summary statistics + meta-analyses + association analysis + combined
0.8,0.9,0.223,rs10933431,2.0,,C/G,,"Overall stage 1 + stage 2 (n = 82,771) | I2 (%), Pf","Stage 1 discovery (n = 63,926) | OR",uk biobank + adgc + international genomics of alzheimers project + eadi + ld hub + geradperades + databasestudy + igap + charge,Caucasian + Multi-ethnic + Caribbean Hispanic + African American + Asian,Stage 2 + Discovery + Joint-analysis + Replication + Meta-analysis + Validation + Stage 3 + Stage 1,"1,000 genomes + pre-phasing + pre-analysis quality control + shapeitimpute2 + thousands of genomes + 1,000 genomes project + imputation + phasing",genotyping + sequencing,multiple sclerosis + complex traits + parkinson disease + apoptosis,race + tsi + ceu + ibs + fin + gbr + ethnic + ancestry + non-european + european ancestry,discovery + meta-analysis + stage + summary statistics + meta-analyses + association analysis + combined
5.1e-08,1.1,0.27,rs9271058,6.0,,T/A,,"Stage 1 discovery (n = 63,926) | P","Stage 1 discovery (n = 63,926) | OR",uk biobank + adgc + international genomics of alzheimers project + eadi + ld hub + geradperades + databasestudy + igap + charge,Caucasian + Multi-ethnic + Caribbean Hispanic + African American + Asian,Stage 2 + Discovery + Joint-analysis + Replication + Meta-analysis + Validation + Stage 3 + Stage 1,"1,000 genomes + pre-phasing + thousands of genomes + 1,000 genomes project + imputation + phasing",genotyping + sequencing,multiple sclerosis + complex traits + parkinson disease + apoptosis,race + tsi + ceu + ibs + fin + gbr + ethnic + ancestry + non-european + european ancestry,discovery + meta-analysis + stage + summary statistics + meta-analyses + association analysis + combined
5.7e-05,1.1,0.27,rs9271058,6.0,,T/A,,"Stage 2 (n = 18,845) | P","Stage 1 discovery (n = 63,926) | OR",uk biobank + adgc + international genomics of alzheimers project + eadi + ld hub + geradperades + databasestudy + igap + charge,Caucasian + Multi-ethnic + Caribbean Hispanic + African American + Asian,Stage 2 + Discovery + Joint-analysis + Replication + Meta-analysis + Validation + Stage 3 + Stage 1,"reference panel + 1,000 genomes + pre-phasing + shapeitimpute2 + thousands of genomes + 1,000 genomes project + imputation + phasing",genotyping + sequencing,multiple sclerosis + complex traits + apoptosis + pittsburgh compound b + parkinson disease,race + tsi + ceu + ibs + fin + gbr + ethnic + ancestry + non-european + european ancestry,discovery + meta-analysis + stage + summary statistics + meta-analyses + association analysis + combined
1.4e-11,1.1,0.27,rs9271058,6.0,,T/A,,"Overall stage 1 + stage 2 (n = 82,771) | Meta P","Stage 1 discovery (n = 63,926) | OR",uk biobank + adgc + international genomics of alzheimers project + eadi + ld hub + geradperades + databasestudy + igap + charge,Caucasian + Multi-ethnic + Caribbean Hispanic + African American + Asian,Stage 2 + Discovery + Joint-analysis + Replication + Meta-analysis + Validation + Stage 3 + Stage 1,"1,000 genomes + shapeitimpute2 + thousands of genomes + 1,000 genomes project + imputation",genotyping + sequencing,multiple sclerosis + complex traits + parkinson disease + apoptosis,race + tsi + ceu + ibs + fin + gbr + ethnic + ancestry + non-european + european ancestry,discovery + meta-analysis + stage + summary statistics + meta-analyses + association analysis + combined
10.3,1.1,0.27,rs9271058,6.0,,T/A,,"Overall stage 1 + stage 2 (n = 82,771) | I2 (%), Pf","Stage 1 discovery (n = 63,926) | OR",uk biobank + adgc + international genomics of alzheimers project + eadi + ld hub + geradperades + databasestudy + igap + charge,Caucasian + Multi-ethnic + Caribbean Hispanic + African American + Asian,Stage 2 + Discovery + Joint-analysis + Replication + Meta-analysis + Validation + Stage 3 + Stage 1,"1,000 genomes + pre-phasing + pre-analysis quality control + shapeitimpute2 + thousands of genomes + 1,000 genomes project + imputation + phasing",genotyping + sequencing,multiple sclerosis + complex traits + parkinson disease + apoptosis,race + tsi + ceu + ibs + fin + gbr + ethnic + ancestry + non-european + european ancestry,discovery + meta-analysis + stage + summary statistics + meta-analyses + association analysis + combined
2.9e-12,2.01,0.008,rs75932628,6.0,,C/T,,"Stage 1 discovery (n = 63,926) | P","Stage 1 discovery (n = 63,926) | OR",uk biobank + adgc + international genomics of alzheimers project + eadi + ld hub + geradperades + databasestudy + igap + charge,Caucasian + Multi-ethnic + Caribbean Hispanic + African American + Asian,Stage 2 + Discovery + Joint-analysis + Replication + Meta-analysis + Validation + Stage 3 + Stage 1,"1,000 genomes + pre-phasing + thousands of genomes + 1,000 genomes project + imputation + phasing",genotyping + sequencing,multiple sclerosis + complex traits + parkinson disease + apoptosis,race + tsi + ceu + ibs + fin + gbr + ethnic + ancestry + non-european + european ancestry,discovery + meta-analysis + stage + summary statistics + meta-analyses + association analysis + combined
0.00015,2.01,0.008,rs75932628,6.0,,C/T,,"Stage 2 (n = 18,845) | P","Stage 1 discovery (n = 63,926) | OR",uk biobank + adgc + international genomics of alzheimers project + eadi + ld hub + geradperades + databasestudy + igap + charge,Caucasian + Multi-ethnic + Caribbean Hispanic + African American + Asian,Stage 2 + Discovery + Joint-analysis + Replication + Meta-analysis + Validation + Stage 3 + Stage 1,"reference panel + 1,000 genomes + pre-phasing + shapeitimpute2 + thousands of genomes + 1,000 genomes project + imputation + phasing",genotyping + sequencing,multiple sclerosis + complex traits + apoptosis + pittsburgh compound b + parkinson disease,race + tsi + ceu + ibs + fin + gbr + ethnic + ancestry + non-european + european ancestry,discovery + meta-analysis + stage + summary statistics + meta-analyses + association analysis + combined
3e-15,2.01,0.008,rs75932628,6.0,,C/T,,"Overall stage 1 + stage 2 (n = 82,771) | Meta P","Stage 1 discovery (n = 63,926) | OR",uk biobank + adgc + international genomics of alzheimers project + eadi + ld hub + geradperades + databasestudy + igap + charge,Caucasian + Multi-ethnic + Caribbean Hispanic + African American + Asian,Stage 2 + Discovery + Joint-analysis + Replication + Meta-analysis + Validation + Stage 3 + Stage 1,"1,000 genomes + shapeitimpute2 + thousands of genomes + 1,000 genomes project + imputation",genotyping + sequencing,multiple sclerosis + complex traits + parkinson disease + apoptosis,race + tsi + ceu + ibs + fin + gbr + ethnic + ancestry + non-european + european ancestry,discovery + meta-analysis + stage + summary statistics + meta-analyses + association analysis + combined
0.6,2.01,0.008,rs75932628,6.0,,C/T,,"Overall stage 1 + stage 2 (n = 82,771) | I2 (%), Pf","Stage 1 discovery (n = 63,926) | OR",uk biobank + adgc + international genomics of alzheimers project + eadi + ld hub + geradperades + databasestudy + igap + charge,Caucasian + Multi-ethnic + Caribbean Hispanic + African American + Asian,Stage 2 + Discovery + Joint-analysis + Replication + Meta-analysis + Validation + Stage 3 + Stage 1,"1,000 genomes + pre-phasing + pre-analysis quality control + shapeitimpute2 + thousands of genomes + 1,000 genomes project + imputation + phasing",genotyping + sequencing,multiple sclerosis + complex traits + parkinson disease + apoptosis,race + tsi + ceu + ibs + fin + gbr + ethnic + ancestry + non-european + european ancestry,discovery + meta-analysis + stage + summary statistics + meta-analyses + association analysis + combined
2.3e-07,1.09,0.28,rs9473117,6.0,,A/C,,"Stage 1 discovery (n = 63,926) | P","Stage 1 discovery (n = 63,926) | OR",uk biobank + adgc + international genomics of alzheimers project + eadi + ld hub + geradperades + databasestudy + igap + charge,Caucasian + Multi-ethnic + Caribbean Hispanic + African American + Asian,Stage 2 + Discovery + Joint-analysis + Replication + Meta-analysis + Validation + Stage 3 + Stage 1,"1,000 genomes + pre-phasing + thousands of genomes + 1,000 genomes project + imputation + phasing",genotyping + sequencing,multiple sclerosis + complex traits + parkinson disease + apoptosis,race + tsi + ceu + ibs + fin + gbr + ethnic + ancestry + non-european + european ancestry,discovery + meta-analysis + stage + summary statistics + meta-analyses + association analysis + combined
0.0001,1.09,0.28,rs9473117,6.0,,A/C,,"Stage 2 (n = 18,845) | P","Stage 1 discovery (n = 63,926) | OR",uk biobank + adgc + international genomics of alzheimers project + eadi + ld hub + geradperades + databasestudy + igap + charge,Caucasian + Multi-ethnic + Caribbean Hispanic + African American + Asian,Stage 2 + Discovery + Joint-analysis + Replication + Meta-analysis + Validation + Stage 3 + Stage 1,"reference panel + 1,000 genomes + pre-phasing + shapeitimpute2 + thousands of genomes + 1,000 genomes project + imputation + phasing",genotyping + sequencing,multiple sclerosis + complex traits + apoptosis + pittsburgh compound b + parkinson disease,race + tsi + ceu + ibs + fin + gbr + ethnic + ancestry + non-european + european ancestry,discovery + meta-analysis + stage + summary statistics + meta-analyses + association analysis + combined
1.2e-10,1.09,0.28,rs9473117,6.0,,A/C,,"Overall stage 1 + stage 2 (n = 82,771) | Meta P","Stage 1 discovery (n = 63,926) | OR",uk biobank + adgc + international genomics of alzheimers project + eadi + ld hub + geradperades + databasestudy + igap + charge,Caucasian + Multi-ethnic + Caribbean Hispanic + African American + Asian,Stage 2 + Discovery + Joint-analysis + Replication + Meta-analysis + Validation + Stage 3 + Stage 1,"1,000 genomes + shapeitimpute2 + thousands of genomes + 1,000 genomes project + imputation",genotyping + sequencing,multiple sclerosis + complex traits + parkinson disease + apoptosis,race + tsi + ceu + ibs + fin + gbr + ethnic + ancestry + non-european + european ancestry,discovery + meta-analysis + stage + summary statistics + meta-analyses + association analysis + combined
0.6,1.09,0.28,rs9473117,6.0,,A/C,,"Overall stage 1 + stage 2 (n = 82,771) | I2 (%), Pf","Stage 1 discovery (n = 63,926) | OR",uk biobank + adgc + international genomics of alzheimers project + eadi + ld hub + geradperades + databasestudy + igap + charge,Caucasian + Multi-ethnic + Caribbean Hispanic + African American + Asian,Stage 2 + Discovery + Joint-analysis + Replication + Meta-analysis + Validation + Stage 3 + Stage 1,"1,000 genomes + pre-phasing + pre-analysis quality control + shapeitimpute2 + thousands of genomes + 1,000 genomes project + imputation + phasing",genotyping + sequencing,multiple sclerosis + complex traits + parkinson disease + apoptosis,race + tsi + ceu + ibs + fin + gbr + ethnic + ancestry + non-european + european ancestry,discovery + meta-analysis + stage + summary statistics + meta-analyses + association analysis + combined
2.1e-05,0.93,0.303,rs12539172,7.0,,C/T,,"Stage 1 discovery (n = 63,926) | P","Stage 1 discovery (n = 63,926) | OR",uk biobank + adgc + international genomics of alzheimers project + eadi + ld hub + geradperades + databasestudy + igap + charge,Caucasian + Multi-ethnic + Caribbean Hispanic + African American + Asian,Stage 2 + Discovery + Joint-analysis + Replication + Meta-analysis + Validation + Stage 3 + Stage 1,"1,000 genomes + pre-phasing + thousands of genomes + 1,000 genomes project + imputation + phasing",genotyping + sequencing,multiple sclerosis + complex traits + parkinson disease + apoptosis,race + tsi + ceu + ibs + fin + gbr + ethnic + ancestry + non-european + european ancestry,discovery + meta-analysis + stage + summary statistics + meta-analyses + association analysis + combined
2.1e-06,0.93,0.303,rs12539172,7.0,,C/T,,"Stage 2 (n = 18,845) | P","Stage 1 discovery (n = 63,926) | OR",uk biobank + adgc + international genomics of alzheimers project + eadi + ld hub + geradperades + databasestudy + igap + charge,Caucasian + Multi-ethnic + Caribbean Hispanic + African American + Asian,Stage 2 + Discovery + Joint-analysis + Replication + Meta-analysis + Validation + Stage 3 + Stage 1,"reference panel + 1,000 genomes + pre-phasing + shapeitimpute2 + thousands of genomes + 1,000 genomes project + imputation + phasing",genotyping + sequencing,multiple sclerosis + complex traits + apoptosis + pittsburgh compound b + parkinson disease,race + tsi + ceu + ibs + fin + gbr + ethnic + ancestry + non-european + european ancestry,discovery + meta-analysis + stage + summary statistics + meta-analyses + association analysis + combined
9.3e-10,0.93,0.303,rs12539172,7.0,,C/T,,"Overall stage 1 + stage 2 (n = 82,771) | Meta P","Stage 1 discovery (n = 63,926) | OR",uk biobank + adgc + international genomics of alzheimers project + eadi + ld hub + geradperades + databasestudy + igap + charge,Caucasian + Multi-ethnic + Caribbean Hispanic + African American + Asian,Stage 2 + Discovery + Joint-analysis + Replication + Meta-analysis + Validation + Stage 3 + Stage 1,"1,000 genomes + shapeitimpute2 + thousands of genomes + 1,000 genomes project + imputation",genotyping + sequencing,multiple sclerosis + complex traits + parkinson disease + apoptosis,race + tsi + ceu + ibs + fin + gbr + ethnic + ancestry + non-european + european ancestry,discovery + meta-analysis + stage + summary statistics + meta-analyses + association analysis + combined
0.8,0.93,0.303,rs12539172,7.0,,C/T,,"Overall stage 1 + stage 2 (n = 82,771) | I2 (%), Pf","Stage 1 discovery (n = 63,926) | OR",uk biobank + adgc + international genomics of alzheimers project + eadi + ld hub + geradperades + databasestudy + igap + charge,Caucasian + Multi-ethnic + Caribbean Hispanic + African American + Asian,Stage 2 + Discovery + Joint-analysis + Replication + Meta-analysis + Validation + Stage 3 + Stage 1,"1,000 genomes + pre-phasing + pre-analysis quality control + shapeitimpute2 + thousands of genomes + 1,000 genomes project + imputation + phasing",genotyping + sequencing,multiple sclerosis + complex traits + parkinson disease + apoptosis,race + tsi + ceu + ibs + fin + gbr + ethnic + ancestry + non-european + european ancestry,discovery + meta-analysis + stage + summary statistics + meta-analyses + association analysis + combined
3.1e-08,0.9,0.199,rs10808026,7.0,,C/A,,"Stage 1 discovery (n = 63,926) | P","Stage 1 discovery (n = 63,926) | OR",uk biobank + adgc + international genomics of alzheimers project + eadi + ld hub + geradperades + databasestudy + igap + charge,Caucasian + Multi-ethnic + Caribbean Hispanic + African American + Asian,Stage 2 + Discovery + Joint-analysis + Replication + Meta-analysis + Validation + Stage 3 + Stage 1,"1,000 genomes + pre-phasing + thousands of genomes + 1,000 genomes project + imputation + phasing",genotyping + sequencing,multiple sclerosis + complex traits + parkinson disease + apoptosis,race + tsi + ceu + ibs + fin + gbr + ethnic + ancestry + non-european + european ancestry,discovery + meta-analysis + stage + summary statistics + meta-analyses + association analysis + combined
0.0011,0.9,0.199,rs10808026,7.0,,C/A,,"Stage 2 (n = 18,845) | P","Stage 1 discovery (n = 63,926) | OR",uk biobank + adgc + international genomics of alzheimers project + eadi + ld hub + geradperades + databasestudy + igap + charge,Caucasian + Multi-ethnic + Caribbean Hispanic + African American + Asian,Stage 2 + Discovery + Joint-analysis + Replication + Meta-analysis + Validation + Stage 3 + Stage 1,"reference panel + 1,000 genomes + pre-phasing + shapeitimpute2 + thousands of genomes + 1,000 genomes project + imputation + phasing",genotyping + sequencing,multiple sclerosis + complex traits + apoptosis + pittsburgh compound b + parkinson disease,race + tsi + ceu + ibs + fin + gbr + ethnic + ancestry + non-european + european ancestry,discovery + meta-analysis + stage + summary statistics + meta-analyses + association analysis + combined
1.3e-10,0.9,0.199,rs10808026,7.0,,C/A,,"Overall stage 1 + stage 2 (n = 82,771) | Meta P","Stage 1 discovery (n = 63,926) | OR",uk biobank + adgc + international genomics of alzheimers project + eadi + ld hub + geradperades + databasestudy + igap + charge,Caucasian + Multi-ethnic + Caribbean Hispanic + African American + Asian,Stage 2 + Discovery + Joint-analysis + Replication + Meta-analysis + Validation + Stage 3 + Stage 1,"1,000 genomes + shapeitimpute2 + thousands of genomes + 1,000 genomes project + imputation",genotyping + sequencing,multiple sclerosis + complex traits + parkinson disease + apoptosis,race + tsi + ceu + ibs + fin + gbr + ethnic + ancestry + non-european + european ancestry,discovery + meta-analysis + stage + summary statistics + meta-analyses + association analysis + combined
0.5,0.9,0.199,rs10808026,7.0,,C/A,,"Overall stage 1 + stage 2 (n = 82,771) | I2 (%), Pf","Stage 1 discovery (n = 63,926) | OR",uk biobank + adgc + international genomics of alzheimers project + eadi + ld hub + geradperades + databasestudy + igap + charge,Caucasian + Multi-ethnic + Caribbean Hispanic + African American + Asian,Stage 2 + Discovery + Joint-analysis + Replication + Meta-analysis + Validation + Stage 3 + Stage 1,"1,000 genomes + pre-phasing + pre-analysis quality control + shapeitimpute2 + thousands of genomes + 1,000 genomes project + imputation + phasing",genotyping + sequencing,multiple sclerosis + complex traits + parkinson disease + apoptosis,race + tsi + ceu + ibs + fin + gbr + ethnic + ancestry + non-european + european ancestry,discovery + meta-analysis + stage + summary statistics + meta-analyses + association analysis + combined
8.3e-10,1.1,0.367,rs73223431,8.0,,C/T,,"Stage 1 discovery (n = 63,926) | P","Stage 1 discovery (n = 63,926) | OR",uk biobank + adgc + international genomics of alzheimers project + eadi + ld hub + geradperades + databasestudy + igap + charge,Caucasian + Multi-ethnic + Caribbean Hispanic + African American + Asian,Stage 2 + Discovery + Joint-analysis + Replication + Meta-analysis + Validation + Stage 3 + Stage 1,"1,000 genomes + pre-phasing + thousands of genomes + 1,000 genomes project + imputation + phasing",genotyping + sequencing,multiple sclerosis + complex traits + parkinson disease + apoptosis,race + tsi + ceu + ibs + fin + gbr + ethnic + ancestry + non-european + european ancestry,discovery + meta-analysis + stage + summary statistics + meta-analyses + association analysis + combined
1.5e-05,1.1,0.367,rs73223431,8.0,,C/T,,"Stage 2 (n = 18,845) | P","Stage 1 discovery (n = 63,926) | OR",uk biobank + adgc + international genomics of alzheimers project + eadi + ld hub + geradperades + databasestudy + igap + charge,Caucasian + Multi-ethnic + Caribbean Hispanic + African American + Asian,Stage 2 + Discovery + Joint-analysis + Replication + Meta-analysis + Validation + Stage 3 + Stage 1,"reference panel + 1,000 genomes + pre-phasing + shapeitimpute2 + thousands of genomes + 1,000 genomes project + imputation + phasing",genotyping + sequencing,multiple sclerosis + complex traits + apoptosis + pittsburgh compound b + parkinson disease,race + tsi + ceu + ibs + fin + gbr + ethnic + ancestry + non-european + european ancestry,discovery + meta-analysis + stage + summary statistics + meta-analyses + association analysis + combined
6.3e-14,1.1,0.367,rs73223431,8.0,,C/T,,"Overall stage 1 + stage 2 (n = 82,771) | Meta P","Stage 1 discovery (n = 63,926) | OR",uk biobank + adgc + international genomics of alzheimers project + eadi + ld hub + geradperades + databasestudy + igap + charge,Caucasian + Multi-ethnic + Caribbean Hispanic + African American + Asian,Stage 2 + Discovery + Joint-analysis + Replication + Meta-analysis + Validation + Stage 3 + Stage 1,"1,000 genomes + shapeitimpute2 + thousands of genomes + 1,000 genomes project + imputation",genotyping + sequencing,multiple sclerosis + complex traits + parkinson disease + apoptosis,race + tsi + ceu + ibs + fin + gbr + ethnic + ancestry + non-european + european ancestry,discovery + meta-analysis + stage + summary statistics + meta-analyses + association analysis + combined
0.6,1.1,0.367,rs73223431,8.0,,C/T,,"Overall stage 1 + stage 2 (n = 82,771) | I2 (%), Pf","Stage 1 discovery (n = 63,926) | OR",uk biobank + adgc + international genomics of alzheimers project + eadi + ld hub + geradperades + databasestudy + igap + charge,Caucasian + Multi-ethnic + Caribbean Hispanic + African American + Asian,Stage 2 + Discovery + Joint-analysis + Replication + Meta-analysis + Validation + Stage 3 + Stage 1,"1,000 genomes + pre-phasing + pre-analysis quality control + shapeitimpute2 + thousands of genomes + 1,000 genomes project + imputation + phasing",genotyping + sequencing,multiple sclerosis + complex traits + parkinson disease + apoptosis,race + tsi + ceu + ibs + fin + gbr + ethnic + ancestry + non-european + european ancestry,discovery + meta-analysis + stage + summary statistics + meta-analyses + association analysis + combined
0.0,0.88,0.387,rs9331896,8.0,,T/C,,"Stage 1 discovery (n = 63,926) | P","Stage 1 discovery (n = 63,926) | OR",uk biobank + adgc + international genomics of alzheimers project + eadi + ld hub + geradperades + databasestudy + igap + charge,Caucasian + Multi-ethnic + Caribbean Hispanic + African American + Asian,Stage 2 + Discovery + Joint-analysis + Replication + Meta-analysis + Validation + Stage 3 + Stage 1,"1,000 genomes + pre-phasing + thousands of genomes + 1,000 genomes project + imputation + phasing",genotyping + sequencing,multiple sclerosis + complex traits + parkinson disease + apoptosis,race + tsi + ceu + ibs + fin + gbr + ethnic + ancestry + non-european + european ancestry,discovery + meta-analysis + stage + summary statistics + meta-analyses + association analysis + combined
1.7e-09,0.88,0.387,rs9331896,8.0,,T/C,,"Stage 2 (n = 18,845) | P","Stage 1 discovery (n = 63,926) | OR",uk biobank + adgc + international genomics of alzheimers project + eadi + ld hub + geradperades + databasestudy + igap + charge,Caucasian + Multi-ethnic + Caribbean Hispanic + African American + Asian,Stage 2 + Discovery + Joint-analysis + Replication + Meta-analysis + Validation + Stage 3 + Stage 1,"reference panel + 1,000 genomes + pre-phasing + shapeitimpute2 + thousands of genomes + 1,000 genomes project + imputation + phasing",genotyping + sequencing,multiple sclerosis + complex traits + apoptosis + pittsburgh compound b + parkinson disease,race + tsi + ceu + ibs + fin + gbr + ethnic + ancestry + non-european + european ancestry,discovery + meta-analysis + stage + summary statistics + meta-analyses + association analysis + combined
0.0,0.88,0.387,rs9331896,8.0,,T/C,,"Overall stage 1 + stage 2 (n = 82,771) | Meta P","Stage 1 discovery (n = 63,926) | OR",uk biobank + adgc + international genomics of alzheimers project + eadi + ld hub + geradperades + databasestudy + igap + charge,Caucasian + Multi-ethnic + Caribbean Hispanic + African American + Asian,Stage 2 + Discovery + Joint-analysis + Replication + Meta-analysis + Validation + Stage 3 + Stage 1,"1,000 genomes + shapeitimpute2 + thousands of genomes + 1,000 genomes project + imputation",genotyping + sequencing,multiple sclerosis + complex traits + parkinson disease + apoptosis,race + tsi + ceu + ibs + fin + gbr + ethnic + ancestry + non-european + european ancestry,discovery + meta-analysis + stage + summary statistics + meta-analyses + association analysis + combined
3.4,0.88,0.387,rs9331896,8.0,,T/C,,"Overall stage 1 + stage 2 (n = 82,771) | I2 (%), Pf","Stage 1 discovery (n = 63,926) | OR",uk biobank + adgc + international genomics of alzheimers project + eadi + ld hub + geradperades + databasestudy + igap + charge,Caucasian + Multi-ethnic + Caribbean Hispanic + African American + Asian,Stage 2 + Discovery + Joint-analysis + Replication + Meta-analysis + Validation + Stage 3 + Stage 1,"1,000 genomes + pre-phasing + pre-analysis quality control + shapeitimpute2 + thousands of genomes + 1,000 genomes project + imputation + phasing",genotyping + sequencing,multiple sclerosis + complex traits + parkinson disease + apoptosis,race + tsi + ceu + ibs + fin + gbr + ethnic + ancestry + non-european + european ancestry,discovery + meta-analysis + stage + summary statistics + meta-analyses + association analysis + combined
9.7e-11,0.91,0.448,rs3740688,11.0,,T/G,,"Stage 1 discovery (n = 63,926) | P","Stage 1 discovery (n = 63,926) | OR",uk biobank + adgc + international genomics of alzheimers project + eadi + ld hub + geradperades + databasestudy + igap + charge,Caucasian + Multi-ethnic + Caribbean Hispanic + African American + Asian,Stage 2 + Discovery + Joint-analysis + Replication + Meta-analysis + Validation + Stage 3 + Stage 1,"1,000 genomes + pre-phasing + thousands of genomes + 1,000 genomes project + imputation + phasing",genotyping + sequencing,multiple sclerosis + complex traits + parkinson disease + apoptosis,race + tsi + ceu + ibs + fin + gbr + ethnic + ancestry + non-european + european ancestry,discovery + meta-analysis + stage + summary statistics + meta-analyses + association analysis + combined
0.0012,0.91,0.448,rs3740688,11.0,,T/G,,"Stage 2 (n = 18,845) | P","Stage 1 discovery (n = 63,926) | OR",uk biobank + adgc + international genomics of alzheimers project + eadi + ld hub + geradperades + databasestudy + igap + charge,Caucasian + Multi-ethnic + Caribbean Hispanic + African American + Asian,Stage 2 + Discovery + Joint-analysis + Replication + Meta-analysis + Validation + Stage 3 + Stage 1,"reference panel + 1,000 genomes + pre-phasing + shapeitimpute2 + thousands of genomes + 1,000 genomes project + imputation + phasing",genotyping + sequencing,multiple sclerosis + complex traits + apoptosis + pittsburgh compound b + parkinson disease,race + tsi + ceu + ibs + fin + gbr + ethnic + ancestry + non-european + european ancestry,discovery + meta-analysis + stage + summary statistics + meta-analyses + association analysis + combined
5.4e-13,0.91,0.448,rs3740688,11.0,,T/G,,"Overall stage 1 + stage 2 (n = 82,771) | Meta P","Stage 1 discovery (n = 63,926) | OR",uk biobank + adgc + international genomics of alzheimers project + eadi + ld hub + geradperades + databasestudy + igap + charge,Caucasian + Multi-ethnic + Caribbean Hispanic + African American + Asian,Stage 2 + Discovery + Joint-analysis + Replication + Meta-analysis + Validation + Stage 3 + Stage 1,"1,000 genomes + shapeitimpute2 + thousands of genomes + 1,000 genomes project + imputation",genotyping + sequencing,multiple sclerosis + complex traits + parkinson disease + apoptosis,race + tsi + ceu + ibs + fin + gbr + ethnic + ancestry + non-european + european ancestry,discovery + meta-analysis + stage + summary statistics + meta-analyses + association analysis + combined
4.4,0.91,0.448,rs3740688,11.0,,T/G,,"Overall stage 1 + stage 2 (n = 82,771) | I2 (%), Pf","Stage 1 discovery (n = 63,926) | OR",uk biobank + adgc + international genomics of alzheimers project + eadi + ld hub + geradperades + databasestudy + igap + charge,Caucasian + Multi-ethnic + Caribbean Hispanic + African American + Asian,Stage 2 + Discovery + Joint-analysis + Replication + Meta-analysis + Validation + Stage 3 + Stage 1,"1,000 genomes + pre-phasing + pre-analysis quality control + shapeitimpute2 + thousands of genomes + 1,000 genomes project + imputation + phasing",genotyping + sequencing,multiple sclerosis + complex traits + parkinson disease + apoptosis,race + tsi + ceu + ibs + fin + gbr + ethnic + ancestry + non-european + european ancestry,discovery + meta-analysis + stage + summary statistics + meta-analyses + association analysis + combined
2e-15,0.89,0.391,rs7933202,11.0,,A/C,,"Stage 1 discovery (n = 63,926) | P","Stage 1 discovery (n = 63,926) | OR",uk biobank + adgc + international genomics of alzheimers project + eadi + ld hub + geradperades + databasestudy + igap + charge,Caucasian + Multi-ethnic + Caribbean Hispanic + African American + Asian,Stage 2 + Discovery + Joint-analysis + Replication + Meta-analysis + Validation + Stage 3 + Stage 1,"1,000 genomes + pre-phasing + thousands of genomes + 1,000 genomes project + imputation + phasing",genotyping + sequencing,multiple sclerosis + complex traits + parkinson disease + apoptosis,race + tsi + ceu + ibs + fin + gbr + ethnic + ancestry + non-european + european ancestry,discovery + meta-analysis + stage + summary statistics + meta-analyses + association analysis + combined
1.6e-05,0.89,0.391,rs7933202,11.0,,A/C,,"Stage 2 (n = 18,845) | P","Stage 1 discovery (n = 63,926) | OR",uk biobank + adgc + international genomics of alzheimers project + eadi + ld hub + geradperades + databasestudy + igap + charge,Caucasian + Multi-ethnic + Caribbean Hispanic + African American + Asian,Stage 2 + Discovery + Joint-analysis + Replication + Meta-analysis + Validation + Stage 3 + Stage 1,"reference panel + 1,000 genomes + pre-phasing + shapeitimpute2 + thousands of genomes + 1,000 genomes project + imputation + phasing",genotyping + sequencing,multiple sclerosis + complex traits + apoptosis + pittsburgh compound b + parkinson disease,race + tsi + ceu + ibs + fin + gbr + ethnic + ancestry + non-european + european ancestry,discovery + meta-analysis + stage + summary statistics + meta-analyses + association analysis + combined
0.0,0.89,0.391,rs7933202,11.0,,A/C,,"Overall stage 1 + stage 2 (n = 82,771) | Meta P","Stage 1 discovery (n = 63,926) | OR",uk biobank + adgc + international genomics of alzheimers project + eadi + ld hub + geradperades + databasestudy + igap + charge,Caucasian + Multi-ethnic + Caribbean Hispanic + African American + Asian,Stage 2 + Discovery + Joint-analysis + Replication + Meta-analysis + Validation + Stage 3 + Stage 1,"1,000 genomes + shapeitimpute2 + thousands of genomes + 1,000 genomes project + imputation",genotyping + sequencing,multiple sclerosis + complex traits + parkinson disease + apoptosis,race + tsi + ceu + ibs + fin + gbr + ethnic + ancestry + non-european + european ancestry,discovery + meta-analysis + stage + summary statistics + meta-analyses + association analysis + combined
2.75,0.89,0.391,rs7933202,11.0,,A/C,,"Overall stage 1 + stage 2 (n = 82,771) | I2 (%), Pf","Stage 1 discovery (n = 63,926) | OR",uk biobank + adgc + international genomics of alzheimers project + eadi + ld hub + geradperades + databasestudy + igap + charge,Caucasian + Multi-ethnic + Caribbean Hispanic + African American + Asian,Stage 2 + Discovery + Joint-analysis + Replication + Meta-analysis + Validation + Stage 3 + Stage 1,"1,000 genomes + pre-phasing + pre-analysis quality control + shapeitimpute2 + thousands of genomes + 1,000 genomes project + imputation + phasing",genotyping + sequencing,multiple sclerosis + complex traits + parkinson disease + apoptosis,race + tsi + ceu + ibs + fin + gbr + ethnic + ancestry + non-european + european ancestry,discovery + meta-analysis + stage + summary statistics + meta-analyses + association analysis + combined
1e-15,0.89,0.356,rs3851179,11.0,,C/T,,"Stage 1 discovery (n = 63,926) | P","Stage 1 discovery (n = 63,926) | OR",uk biobank + adgc + international genomics of alzheimers project + eadi + ld hub + geradperades + databasestudy + igap + charge,Caucasian + Multi-ethnic + Caribbean Hispanic + African American + Asian,Stage 2 + Discovery + Joint-analysis + Replication + Meta-analysis + Validation + Stage 3 + Stage 1,"1,000 genomes + pre-phasing + thousands of genomes + 1,000 genomes project + imputation + phasing",genotyping + sequencing,multiple sclerosis + complex traits + parkinson disease + apoptosis,race + tsi + ceu + ibs + fin + gbr + ethnic + ancestry + non-european + european ancestry,discovery + meta-analysis + stage + summary statistics + meta-analyses + association analysis + combined
6.1e-11,0.89,0.356,rs3851179,11.0,,C/T,,"Stage 2 (n = 18,845) | P","Stage 1 discovery (n = 63,926) | OR",uk biobank + adgc + international genomics of alzheimers project + eadi + ld hub + geradperades + databasestudy + igap + charge,Caucasian + Multi-ethnic + Caribbean Hispanic + African American + Asian,Stage 2 + Discovery + Joint-analysis + Replication + Meta-analysis + Validation + Stage 3 + Stage 1,"reference panel + 1,000 genomes + pre-phasing + shapeitimpute2 + thousands of genomes + 1,000 genomes project + imputation + phasing",genotyping + sequencing,multiple sclerosis + complex traits + apoptosis + pittsburgh compound b + parkinson disease,race + tsi + ceu + ibs + fin + gbr + ethnic + ancestry + non-european + european ancestry,discovery + meta-analysis + stage + summary statistics + meta-analyses + association analysis + combined
0.0,0.89,0.356,rs3851179,11.0,,C/T,,"Overall stage 1 + stage 2 (n = 82,771) | Meta P","Stage 1 discovery (n = 63,926) | OR",uk biobank + adgc + international genomics of alzheimers project + eadi + ld hub + geradperades + databasestudy + igap + charge,Caucasian + Multi-ethnic + Caribbean Hispanic + African American + Asian,Stage 2 + Discovery + Joint-analysis + Replication + Meta-analysis + Validation + Stage 3 + Stage 1,"1,000 genomes + shapeitimpute2 + thousands of genomes + 1,000 genomes project + imputation",genotyping + sequencing,multiple sclerosis + complex traits + parkinson disease + apoptosis,race + tsi + ceu + ibs + fin + gbr + ethnic + ancestry + non-european + european ancestry,discovery + meta-analysis + stage + summary statistics + meta-analyses + association analysis + combined
0.8,0.89,0.356,rs3851179,11.0,,C/T,,"Overall stage 1 + stage 2 (n = 82,771) | I2 (%), Pf","Stage 1 discovery (n = 63,926) | OR",uk biobank + adgc + international genomics of alzheimers project + eadi + ld hub + geradperades + databasestudy + igap + charge,Caucasian + Multi-ethnic + Caribbean Hispanic + African American + Asian,Stage 2 + Discovery + Joint-analysis + Replication + Meta-analysis + Validation + Stage 3 + Stage 1,"1,000 genomes + pre-phasing + pre-analysis quality control + shapeitimpute2 + thousands of genomes + 1,000 genomes project + imputation + phasing",genotyping + sequencing,multiple sclerosis + complex traits + parkinson disease + apoptosis,race + tsi + ceu + ibs + fin + gbr + ethnic + ancestry + non-european + european ancestry,discovery + meta-analysis + stage + summary statistics + meta-analyses + association analysis + combined
2.7e-08,0.81,0.04,rs11218343,11.0,,T/C,,"Stage 1 discovery (n = 63,926) | P","Stage 1 discovery (n = 63,926) | OR",uk biobank + adgc + international genomics of alzheimers project + eadi + ld hub + geradperades + databasestudy + igap + charge,Caucasian + Multi-ethnic + Caribbean Hispanic + African American + Asian,Stage 2 + Discovery + Joint-analysis + Replication + Meta-analysis + Validation + Stage 3 + Stage 1,"1,000 genomes + pre-phasing + thousands of genomes + 1,000 genomes project + imputation + phasing",genotyping + sequencing,multiple sclerosis + complex traits + parkinson disease + apoptosis,race + tsi + ceu + ibs + fin + gbr + ethnic + ancestry + non-european + european ancestry,discovery + meta-analysis + stage + summary statistics + meta-analyses + association analysis + combined
1.8e-05,0.81,0.04,rs11218343,11.0,,T/C,,"Stage 2 (n = 18,845) | P","Stage 1 discovery (n = 63,926) | OR",uk biobank + adgc + international genomics of alzheimers project + eadi + ld hub + geradperades + databasestudy + igap + charge,Caucasian + Multi-ethnic + Caribbean Hispanic + African American + Asian,Stage 2 + Discovery + Joint-analysis + Replication + Meta-analysis + Validation + Stage 3 + Stage 1,"reference panel + 1,000 genomes + pre-phasing + shapeitimpute2 + thousands of genomes + 1,000 genomes project + imputation + phasing",genotyping + sequencing,multiple sclerosis + complex traits + apoptosis + pittsburgh compound b + parkinson disease,race + tsi + ceu + ibs + fin + gbr + ethnic + ancestry + non-european + european ancestry,discovery + meta-analysis + stage + summary statistics + meta-analyses + association analysis + combined
2.9e-12,0.81,0.04,rs11218343,11.0,,T/C,,"Overall stage 1 + stage 2 (n = 82,771) | Meta P","Stage 1 discovery (n = 63,926) | OR",uk biobank + adgc + international genomics of alzheimers project + eadi + ld hub + geradperades + databasestudy + igap + charge,Caucasian + Multi-ethnic + Caribbean Hispanic + African American + Asian,Stage 2 + Discovery + Joint-analysis + Replication + Meta-analysis + Validation + Stage 3 + Stage 1,"1,000 genomes + shapeitimpute2 + thousands of genomes + 1,000 genomes project + imputation",genotyping + sequencing,multiple sclerosis + complex traits + parkinson disease + apoptosis,race + tsi + ceu + ibs + fin + gbr + ethnic + ancestry + non-european + european ancestry,discovery + meta-analysis + stage + summary statistics + meta-analyses + association analysis + combined
7.300000000000001,0.81,0.04,rs11218343,11.0,,T/C,,"Overall stage 1 + stage 2 (n = 82,771) | I2 (%), Pf","Stage 1 discovery (n = 63,926) | OR",uk biobank + adgc + international genomics of alzheimers project + eadi + ld hub + geradperades + databasestudy + igap + charge,Caucasian + Multi-ethnic + Caribbean Hispanic + African American + Asian,Stage 2 + Discovery + Joint-analysis + Replication + Meta-analysis + Validation + Stage 3 + Stage 1,"1,000 genomes + pre-phasing + pre-analysis quality control + shapeitimpute2 + thousands of genomes + 1,000 genomes project + imputation + phasing",genotyping + sequencing,multiple sclerosis + complex traits + parkinson disease + apoptosis,race + tsi + ceu + ibs + fin + gbr + ethnic + ancestry + non-european + european ancestry,discovery + meta-analysis + stage + summary statistics + meta-analyses + association analysis + combined
6.6e-07,1.13,0.093,rs17125924,14.0,,A/G,,"Stage 1 discovery (n = 63,926) | P","Stage 1 discovery (n = 63,926) | OR",uk biobank + adgc + international genomics of alzheimers project + eadi + ld hub + geradperades + databasestudy + igap + charge,Caucasian + Multi-ethnic + Caribbean Hispanic + African American + Asian,Stage 2 + Discovery + Joint-analysis + Replication + Meta-analysis + Validation + Stage 3 + Stage 1,"1,000 genomes + pre-phasing + thousands of genomes + 1,000 genomes project + imputation + phasing",genotyping + sequencing,multiple sclerosis + complex traits + parkinson disease + apoptosis,race + tsi + ceu + ibs + fin + gbr + ethnic + ancestry + non-european + european ancestry,discovery + meta-analysis + stage + summary statistics + meta-analyses + association analysis + combined
0.0005,1.13,0.093,rs17125924,14.0,,A/G,,"Stage 2 (n = 18,845) | P","Stage 1 discovery (n = 63,926) | OR",uk biobank + adgc + international genomics of alzheimers project + eadi + ld hub + geradperades + databasestudy + igap + charge,Caucasian + Multi-ethnic + Caribbean Hispanic + African American + Asian,Stage 2 + Discovery + Joint-analysis + Replication + Meta-analysis + Validation + Stage 3 + Stage 1,"reference panel + 1,000 genomes + pre-phasing + shapeitimpute2 + thousands of genomes + 1,000 genomes project + imputation + phasing",genotyping + sequencing,multiple sclerosis + complex traits + apoptosis + pittsburgh compound b + parkinson disease,race + tsi + ceu + ibs + fin + gbr + ethnic + ancestry + non-european + european ancestry,discovery + meta-analysis + stage + summary statistics + meta-analyses + association analysis + combined
1.4e-09,1.13,0.093,rs17125924,14.0,,A/G,,"Overall stage 1 + stage 2 (n = 82,771) | Meta P","Stage 1 discovery (n = 63,926) | OR",uk biobank + adgc + international genomics of alzheimers project + eadi + ld hub + geradperades + databasestudy + igap + charge,Caucasian + Multi-ethnic + Caribbean Hispanic + African American + Asian,Stage 2 + Discovery + Joint-analysis + Replication + Meta-analysis + Validation + Stage 3 + Stage 1,"1,000 genomes + shapeitimpute2 + thousands of genomes + 1,000 genomes project + imputation",genotyping + sequencing,multiple sclerosis + complex traits + parkinson disease + apoptosis,race + tsi + ceu + ibs + fin + gbr + ethnic + ancestry + non-european + european ancestry,discovery + meta-analysis + stage + summary statistics + meta-analyses + association analysis + combined
8.3,1.13,0.093,rs17125924,14.0,,A/G,,"Overall stage 1 + stage 2 (n = 82,771) | I2 (%), Pf","Stage 1 discovery (n = 63,926) | OR",uk biobank + adgc + international genomics of alzheimers project + eadi + ld hub + geradperades + databasestudy + igap + charge,Caucasian + Multi-ethnic + Caribbean Hispanic + African American + Asian,Stage 2 + Discovery + Joint-analysis + Replication + Meta-analysis + Validation + Stage 3 + Stage 1,"1,000 genomes + pre-phasing + pre-analysis quality control + shapeitimpute2 + thousands of genomes + 1,000 genomes project + imputation + phasing",genotyping + sequencing,multiple sclerosis + complex traits + parkinson disease + apoptosis,race + tsi + ceu + ibs + fin + gbr + ethnic + ancestry + non-european + european ancestry,discovery + meta-analysis + stage + summary statistics + meta-analyses + association analysis + combined
4.9e-07,0.92,0.221,rs12881735,14.0,,T/C,,"Stage 1 discovery (n = 63,926) | P","Stage 1 discovery (n = 63,926) | OR",uk biobank + adgc + international genomics of alzheimers project + eadi + ld hub + geradperades + databasestudy + igap + charge,Caucasian + Multi-ethnic + Caribbean Hispanic + African American + Asian,Stage 2 + Discovery + Joint-analysis + Replication + Meta-analysis + Validation + Stage 3 + Stage 1,"1,000 genomes + pre-phasing + thousands of genomes + 1,000 genomes project + imputation + phasing",genotyping + sequencing,multiple sclerosis + complex traits + parkinson disease + apoptosis,race + tsi + ceu + ibs + fin + gbr + ethnic + ancestry + non-european + european ancestry,discovery + meta-analysis + stage + summary statistics + meta-analyses + association analysis + combined
0.0043,0.92,0.221,rs12881735,14.0,,T/C,,"Stage 2 (n = 18,845) | P","Stage 1 discovery (n = 63,926) | OR",uk biobank + adgc + international genomics of alzheimers project + eadi + ld hub + geradperades + databasestudy + igap + charge,Caucasian + Multi-ethnic + Caribbean Hispanic + African American + Asian,Stage 2 + Discovery + Joint-analysis + Replication + Meta-analysis + Validation + Stage 3 + Stage 1,"reference panel + 1,000 genomes + pre-phasing + shapeitimpute2 + thousands of genomes + 1,000 genomes project + imputation + phasing",genotyping + sequencing,multiple sclerosis + complex traits + apoptosis + pittsburgh compound b + parkinson disease,race + tsi + ceu + ibs + fin + gbr + ethnic + ancestry + non-european + european ancestry,discovery + meta-analysis + stage + summary statistics + meta-analyses + association analysis + combined
7.4e-09,0.92,0.221,rs12881735,14.0,,T/C,,"Overall stage 1 + stage 2 (n = 82,771) | Meta P","Stage 1 discovery (n = 63,926) | OR",uk biobank + adgc + international genomics of alzheimers project + eadi + ld hub + geradperades + databasestudy + igap + charge,Caucasian + Multi-ethnic + Caribbean Hispanic + African American + Asian,Stage 2 + Discovery + Joint-analysis + Replication + Meta-analysis + Validation + Stage 3 + Stage 1,"1,000 genomes + shapeitimpute2 + thousands of genomes + 1,000 genomes project + imputation",genotyping + sequencing,multiple sclerosis + complex traits + parkinson disease + apoptosis,race + tsi + ceu + ibs + fin + gbr + ethnic + ancestry + non-european + european ancestry,discovery + meta-analysis + stage + summary statistics + meta-analyses + association analysis + combined
0.6,0.92,0.221,rs12881735,14.0,,T/C,,"Overall stage 1 + stage 2 (n = 82,771) | I2 (%), Pf","Stage 1 discovery (n = 63,926) | OR",uk biobank + adgc + international genomics of alzheimers project + eadi + ld hub + geradperades + databasestudy + igap + charge,Caucasian + Multi-ethnic + Caribbean Hispanic + African American + Asian,Stage 2 + Discovery + Joint-analysis + Replication + Meta-analysis + Validation + Stage 3 + Stage 1,"1,000 genomes + pre-phasing + pre-analysis quality control + shapeitimpute2 + thousands of genomes + 1,000 genomes project + imputation + phasing",genotyping + sequencing,multiple sclerosis + complex traits + parkinson disease + apoptosis,race + tsi + ceu + ibs + fin + gbr + ethnic + ancestry + non-european + european ancestry,discovery + meta-analysis + stage + summary statistics + meta-analyses + association analysis + combined
6.6e-10,1.13,0.182,rs3752246,19.0,,C/G,,"Stage 1 discovery (n = 63,926) | P","Stage 1 discovery (n = 63,926) | OR",uk biobank + adgc + international genomics of alzheimers project + eadi + ld hub + geradperades + databasestudy + igap + charge,Caucasian + Multi-ethnic + Caribbean Hispanic + African American + Asian,Stage 2 + Discovery + Joint-analysis + Replication + Meta-analysis + Validation + Stage 3 + Stage 1,"1,000 genomes + pre-phasing + thousands of genomes + 1,000 genomes project + imputation + phasing",genotyping + sequencing,multiple sclerosis + complex traits + parkinson disease + apoptosis,race + tsi + ceu + ibs + fin + gbr + ethnic + ancestry + non-european + european ancestry,discovery + meta-analysis + stage + summary statistics + meta-analyses + association analysis + combined
4.7e-08,1.13,0.182,rs3752246,19.0,,C/G,,"Stage 2 (n = 18,845) | P","Stage 1 discovery (n = 63,926) | OR",uk biobank + adgc + international genomics of alzheimers project + eadi + ld hub + geradperades + databasestudy + igap + charge,Caucasian + Multi-ethnic + Caribbean Hispanic + African American + Asian,Stage 2 + Discovery + Joint-analysis + Replication + Meta-analysis + Validation + Stage 3 + Stage 1,"reference panel + 1,000 genomes + pre-phasing + shapeitimpute2 + thousands of genomes + 1,000 genomes project + imputation + phasing",genotyping + sequencing,multiple sclerosis + complex traits + apoptosis + pittsburgh compound b + parkinson disease,race + tsi + ceu + ibs + fin + gbr + ethnic + ancestry + non-european + european ancestry,discovery + meta-analysis + stage + summary statistics + meta-analyses + association analysis + combined
0.0,1.13,0.182,rs3752246,19.0,,C/G,,"Overall stage 1 + stage 2 (n = 82,771) | Meta P","Stage 1 discovery (n = 63,926) | OR",uk biobank + adgc + international genomics of alzheimers project + eadi + ld hub + geradperades + databasestudy + igap + charge,Caucasian + Multi-ethnic + Caribbean Hispanic + African American + Asian,Stage 2 + Discovery + Joint-analysis + Replication + Meta-analysis + Validation + Stage 3 + Stage 1,"1,000 genomes + shapeitimpute2 + thousands of genomes + 1,000 genomes project + imputation",genotyping + sequencing,multiple sclerosis + complex traits + parkinson disease + apoptosis,race + tsi + ceu + ibs + fin + gbr + ethnic + ancestry + non-european + european ancestry,discovery + meta-analysis + stage + summary statistics + meta-analyses + association analysis + combined
0.5,1.13,0.182,rs3752246,19.0,,C/G,,"Overall stage 1 + stage 2 (n = 82,771) | I2 (%), Pf","Stage 1 discovery (n = 63,926) | OR",uk biobank + adgc + international genomics of alzheimers project + eadi + ld hub + geradperades + databasestudy + igap + charge,Caucasian + Multi-ethnic + Caribbean Hispanic + African American + Asian,Stage 2 + Discovery + Joint-analysis + Replication + Meta-analysis + Validation + Stage 3 + Stage 1,"1,000 genomes + pre-phasing + pre-analysis quality control + shapeitimpute2 + thousands of genomes + 1,000 genomes project + imputation + phasing",genotyping + sequencing,multiple sclerosis + complex traits + parkinson disease + apoptosis,race + tsi + ceu + ibs + fin + gbr + ethnic + ancestry + non-european + european ancestry,discovery + meta-analysis + stage + summary statistics + meta-analyses + association analysis + combined
0.0,3.32,0.216,rs429358,19.0,,T/C,,"Stage 1 discovery (n = 63,926) | P","Stage 1 discovery (n = 63,926) | OR",uk biobank + adgc + international genomics of alzheimers project + eadi + ld hub + geradperades + databasestudy + igap + charge,Caucasian + Multi-ethnic + Caribbean Hispanic + African American + Asian,Stage 2 + Discovery + Joint-analysis + Replication + Meta-analysis + Validation + Stage 3 + Stage 1,"1,000 genomes + pre-phasing + thousands of genomes + 1,000 genomes project + imputation + phasing",genotyping + sequencing,multiple sclerosis + complex traits + parkinson disease + apoptosis,race + tsi + ceu + ibs + fin + gbr + ethnic + ancestry + non-european + european ancestry,discovery + meta-analysis + stage + summary statistics + meta-analyses + association analysis + combined
,3.32,0.216,rs429358,19.0,,T/C,,"Stage 2 (n = 18,845) | P","Stage 1 discovery (n = 63,926) | OR",uk biobank + adgc + international genomics of alzheimers project + eadi + ld hub + geradperades + databasestudy + igap + charge,Caucasian + Multi-ethnic + Caribbean Hispanic + African American + Asian,Stage 2 + Discovery + Joint-analysis + Replication + Meta-analysis + Validation + Stage 3 + Stage 1,"reference panel + 1,000 genomes + pre-phasing + shapeitimpute2 + thousands of genomes + 1,000 genomes project + imputation + phasing",genotyping + sequencing,multiple sclerosis + complex traits + apoptosis + pittsburgh compound b + parkinson disease,race + tsi + ceu + ibs + fin + gbr + ethnic + ancestry + non-european + european ancestry,discovery + meta-analysis + stage + summary statistics + meta-analyses + association analysis + combined
,3.32,0.216,rs429358,19.0,,T/C,,"Overall stage 1 + stage 2 (n = 82,771) | Meta P","Stage 1 discovery (n = 63,926) | OR",uk biobank + adgc + international genomics of alzheimers project + eadi + ld hub + geradperades + databasestudy + igap + charge,Caucasian + Multi-ethnic + Caribbean Hispanic + African American + Asian,Stage 2 + Discovery + Joint-analysis + Replication + Meta-analysis + Validation + Stage 3 + Stage 1,"1,000 genomes + shapeitimpute2 + thousands of genomes + 1,000 genomes project + imputation",genotyping + sequencing,multiple sclerosis + complex traits + parkinson disease + apoptosis,race + tsi + ceu + ibs + fin + gbr + ethnic + ancestry + non-european + european ancestry,discovery + meta-analysis + stage + summary statistics + meta-analyses + association analysis + combined
0.5,3.32,0.216,rs429358,19.0,,T/C,,"Overall stage 1 + stage 2 (n = 82,771) | I2 (%), Pf","Stage 1 discovery (n = 63,926) | OR",uk biobank + adgc + international genomics of alzheimers project + eadi + ld hub + geradperades + databasestudy + igap + charge,Caucasian + Multi-ethnic + Caribbean Hispanic + African American + Asian,Stage 2 + Discovery + Joint-analysis + Replication + Meta-analysis + Validation + Stage 3 + Stage 1,"1,000 genomes + pre-phasing + pre-analysis quality control + shapeitimpute2 + thousands of genomes + 1,000 genomes project + imputation + phasing",genotyping + sequencing,multiple sclerosis + complex traits + parkinson disease + apoptosis,race + tsi + ceu + ibs + fin + gbr + ethnic + ancestry + non-european + european ancestry,discovery + meta-analysis + stage + summary statistics + meta-analyses + association analysis + combined
1.1e-06,0.88,0.088,rs6024870,20.0,,G/A,,"Stage 1 discovery (n = 63,926) | P","Stage 1 discovery (n = 63,926) | OR",uk biobank + adgc + international genomics of alzheimers project + eadi + ld hub + geradperades + databasestudy + igap + charge,Caucasian + Multi-ethnic + Caribbean Hispanic + African American + Asian,Stage 2 + Discovery + Joint-analysis + Replication + Meta-analysis + Validation + Stage 3 + Stage 1,"1,000 genomes + pre-phasing + thousands of genomes + 1,000 genomes project + imputation + phasing",genotyping + sequencing,multiple sclerosis + complex traits + parkinson disease + apoptosis,race + tsi + ceu + ibs + fin + gbr + ethnic + ancestry + non-european + european ancestry,discovery + meta-analysis + stage + summary statistics + meta-analyses + association analysis + combined
0.009,0.88,0.088,rs6024870,20.0,,G/A,,"Stage 2 (n = 18,845) | P","Stage 1 discovery (n = 63,926) | OR",uk biobank + adgc + international genomics of alzheimers project + eadi + ld hub + geradperades + databasestudy + igap + charge,Caucasian + Multi-ethnic + Caribbean Hispanic + African American + Asian,Stage 2 + Discovery + Joint-analysis + Replication + Meta-analysis + Validation + Stage 3 + Stage 1,"reference panel + 1,000 genomes + pre-phasing + shapeitimpute2 + thousands of genomes + 1,000 genomes project + imputation + phasing",genotyping + sequencing,multiple sclerosis + complex traits + apoptosis + pittsburgh compound b + parkinson disease,race + tsi + ceu + ibs + fin + gbr + ethnic + ancestry + non-european + european ancestry,discovery + meta-analysis + stage + summary statistics + meta-analyses + association analysis + combined
3.5e-08,0.88,0.088,rs6024870,20.0,,G/A,,"Overall stage 1 + stage 2 (n = 82,771) | Meta P","Stage 1 discovery (n = 63,926) | OR",uk biobank + adgc + international genomics of alzheimers project + eadi + ld hub + geradperades + databasestudy + igap + charge,Caucasian + Multi-ethnic + Caribbean Hispanic + African American + Asian,Stage 2 + Discovery + Joint-analysis + Replication + Meta-analysis + Validation + Stage 3 + Stage 1,"1,000 genomes + shapeitimpute2 + thousands of genomes + 1,000 genomes project + imputation",genotyping + sequencing,multiple sclerosis + complex traits + parkinson disease + apoptosis,race + tsi + ceu + ibs + fin + gbr + ethnic + ancestry + non-european + european ancestry,discovery + meta-analysis + stage + summary statistics + meta-analyses + association analysis + combined
0.9,0.88,0.088,rs6024870,20.0,,G/A,,"Overall stage 1 + stage 2 (n = 82,771) | I2 (%), Pf","Stage 1 discovery (n = 63,926) | OR",uk biobank + adgc + international genomics of alzheimers project + eadi + ld hub + geradperades + databasestudy + igap + charge,Caucasian + Multi-ethnic + Caribbean Hispanic + African American + Asian,Stage 2 + Discovery + Joint-analysis + Replication + Meta-analysis + Validation + Stage 3 + Stage 1,"1,000 genomes + pre-phasing + pre-analysis quality control + shapeitimpute2 + thousands of genomes + 1,000 genomes project + imputation + phasing",genotyping + sequencing,multiple sclerosis + complex traits + parkinson disease + apoptosis,race + tsi + ceu + ibs + fin + gbr + ethnic + ancestry + non-european + european ancestry,discovery + meta-analysis + stage + summary statistics + meta-analyses + association analysis + combined
,,,,,,New genome-wide-significant loci reaching significance,,"Stage 1 discovery (n = 63,926) | P","Stage 1 discovery (n = 63,926) | OR",uk biobank + adgc + international genomics of alzheimers project + eadi + ld hub + geradperades + databasestudy + igap + charge,Caucasian + Multi-ethnic + Caribbean Hispanic + African American + Asian,Stage 2 + Discovery + Joint-analysis + Replication + Meta-analysis + Validation + Stage 3 + Stage 1,"1,000 genomes + pre-phasing + thousands of genomes + 1,000 genomes project + imputation + phasing",genotyping + sequencing,multiple sclerosis + complex traits + parkinson disease + apoptosis,race + tsi + ceu + ibs + fin + gbr + ethnic + ancestry + non-european + european ancestry,discovery + meta-analysis + stage + summary statistics + meta-analyses + association analysis + combined
,,,,,,New genome-wide-significant loci reaching significance,,"Stage 2 (n = 18,845) | P","Stage 1 discovery (n = 63,926) | OR",uk biobank + adgc + international genomics of alzheimers project + eadi + ld hub + geradperades + databasestudy + igap + charge,Caucasian + Multi-ethnic + Caribbean Hispanic + African American + Asian,Stage 2 + Discovery + Joint-analysis + Replication + Meta-analysis + Validation + Stage 3 + Stage 1,"reference panel + 1,000 genomes + pre-phasing + shapeitimpute2 + thousands of genomes + 1,000 genomes project + imputation + phasing",genotyping + sequencing,multiple sclerosis + complex traits + apoptosis + pittsburgh compound b + parkinson disease,race + tsi + ceu + ibs + fin + gbr + ethnic + ancestry + non-european + european ancestry,discovery + meta-analysis + stage + summary statistics + meta-analyses + association analysis + combined
,,,,,,New genome-wide-significant loci reaching significance,,"Overall stage 1 + stage 2 (n = 82,771) | Meta P","Stage 1 discovery (n = 63,926) | OR",uk biobank + adgc + international genomics of alzheimers project + eadi + ld hub + geradperades + databasestudy + igap + charge,Caucasian + Multi-ethnic + Caribbean Hispanic + African American + Asian,Stage 2 + Discovery + Joint-analysis + Replication + Meta-analysis + Validation + Stage 3 + Stage 1,"1,000 genomes + shapeitimpute2 + thousands of genomes + 1,000 genomes project + imputation",genotyping + sequencing,multiple sclerosis + complex traits + parkinson disease + apoptosis,race + tsi + ceu + ibs + fin + gbr + ethnic + ancestry + non-european + european ancestry,discovery + meta-analysis + stage + summary statistics + meta-analyses + association analysis + combined
,,,,,,New genome-wide-significant loci reaching significance,,"Overall stage 1 + stage 2 (n = 82,771) | I2 (%), Pf","Stage 1 discovery (n = 63,926) | OR",uk biobank + adgc + international genomics of alzheimers project + eadi + ld hub + geradperades + databasestudy + igap + charge,Caucasian + Multi-ethnic + Caribbean Hispanic + African American + Asian,Stage 2 + Discovery + Joint-analysis + Replication + Meta-analysis + Validation + Stage 3 + Stage 1,"1,000 genomes + pre-phasing + pre-analysis quality control + shapeitimpute2 + thousands of genomes + 1,000 genomes project + imputation + phasing",genotyping + sequencing,multiple sclerosis + complex traits + parkinson disease + apoptosis,race + tsi + ceu + ibs + fin + gbr + ethnic + ancestry + non-european + european ancestry,discovery + meta-analysis + stage + summary statistics + meta-analyses + association analysis + combined
1.9e-07,1.08,0.389,rs7920721,10.0,,A/G,,"Stage 1 discovery (n = 63,926) | P","Stage 1 discovery (n = 63,926) | OR",uk biobank + adgc + international genomics of alzheimers project + eadi + ld hub + geradperades + databasestudy + igap + charge,Caucasian + Multi-ethnic + Caribbean Hispanic + African American + Asian,Stage 2 + Discovery + Joint-analysis + Replication + Meta-analysis + Validation + Stage 3 + Stage 1,"1,000 genomes + pre-phasing + thousands of genomes + 1,000 genomes project + imputation + phasing",genotyping + sequencing,multiple sclerosis + complex traits + parkinson disease + apoptosis,race + tsi + ceu + ibs + fin + gbr + ethnic + ancestry + non-european + european ancestry,discovery + meta-analysis + stage + summary statistics + meta-analyses + association analysis + combined
0.0032,1.08,0.389,rs7920721,10.0,,A/G,,"Stage 2 (n = 18,845) | P","Stage 1 discovery (n = 63,926) | OR",uk biobank + adgc + international genomics of alzheimers project + eadi + ld hub + geradperades + databasestudy + igap + charge,Caucasian + Multi-ethnic + Caribbean Hispanic + African American + Asian,Stage 2 + Discovery + Joint-analysis + Replication + Meta-analysis + Validation + Stage 3 + Stage 1,"reference panel + 1,000 genomes + pre-phasing + shapeitimpute2 + thousands of genomes + 1,000 genomes project + imputation + phasing",genotyping + sequencing,multiple sclerosis + complex traits + apoptosis + pittsburgh compound b + parkinson disease,race + tsi + ceu + ibs + fin + gbr + ethnic + ancestry + non-european + european ancestry,discovery + meta-analysis + stage + summary statistics + meta-analyses + association analysis + combined
2.3e-09,1.08,0.389,rs7920721,10.0,,A/G,,"Overall stage 1 + stage 2 (n = 82,771) | Meta P","Stage 1 discovery (n = 63,926) | OR",uk biobank + adgc + international genomics of alzheimers project + eadi + ld hub + geradperades + databasestudy + igap + charge,Caucasian + Multi-ethnic + Caribbean Hispanic + African American + Asian,Stage 2 + Discovery + Joint-analysis + Replication + Meta-analysis + Validation + Stage 3 + Stage 1,"1,000 genomes + shapeitimpute2 + thousands of genomes + 1,000 genomes project + imputation",genotyping + sequencing,multiple sclerosis + complex traits + parkinson disease + apoptosis,race + tsi + ceu + ibs + fin + gbr + ethnic + ancestry + non-european + european ancestry,discovery + meta-analysis + stage + summary statistics + meta-analyses + association analysis + combined
0.8,1.08,0.389,rs7920721,10.0,,A/G,,"Overall stage 1 + stage 2 (n = 82,771) | I2 (%), Pf","Stage 1 discovery (n = 63,926) | OR",uk biobank + adgc + international genomics of alzheimers project + eadi + ld hub + geradperades + databasestudy + igap + charge,Caucasian + Multi-ethnic + Caribbean Hispanic + African American + Asian,Stage 2 + Discovery + Joint-analysis + Replication + Meta-analysis + Validation + Stage 3 + Stage 1,"1,000 genomes + pre-phasing + pre-analysis quality control + shapeitimpute2 + thousands of genomes + 1,000 genomes project + imputation + phasing",genotyping + sequencing,multiple sclerosis + complex traits + parkinson disease + apoptosis,race + tsi + ceu + ibs + fin + gbr + ethnic + ancestry + non-european + european ancestry,discovery + meta-analysis + stage + summary statistics + meta-analyses + association analysis + combined
7.5e-06,1.29,0.02,rs138190086,17.0,,G/A,,"Stage 1 discovery (n = 63,926) | P","Stage 1 discovery (n = 63,926) | OR",uk biobank + adgc + international genomics of alzheimers project + eadi + ld hub + geradperades + databasestudy + igap + charge,Caucasian + Multi-ethnic + Caribbean Hispanic + African American + Asian,Stage 2 + Discovery + Joint-analysis + Replication + Meta-analysis + Validation + Stage 3 + Stage 1,"1,000 genomes + pre-phasing + thousands of genomes + 1,000 genomes project + imputation + phasing",genotyping + sequencing,multiple sclerosis + complex traits + parkinson disease + apoptosis,race + tsi + ceu + ibs + fin + gbr + ethnic + ancestry + non-european + european ancestry,discovery + meta-analysis + stage + summary statistics + meta-analyses + association analysis + combined
0.00018,1.29,0.02,rs138190086,17.0,,G/A,,"Stage 2 (n = 18,845) | P","Stage 1 discovery (n = 63,926) | OR",uk biobank + adgc + international genomics of alzheimers project + eadi + ld hub + geradperades + databasestudy + igap + charge,Caucasian + Multi-ethnic + Caribbean Hispanic + African American + Asian,Stage 2 + Discovery + Joint-analysis + Replication + Meta-analysis + Validation + Stage 3 + Stage 1,"reference panel + 1,000 genomes + pre-phasing + shapeitimpute2 + thousands of genomes + 1,000 genomes project + imputation + phasing",genotyping + sequencing,multiple sclerosis + complex traits + apoptosis + pittsburgh compound b + parkinson disease,race + tsi + ceu + ibs + fin + gbr + ethnic + ancestry + non-european + european ancestry,discovery + meta-analysis + stage + summary statistics + meta-analyses + association analysis + combined
7.5e-09,1.29,0.02,rs138190086,17.0,,G/A,,"Overall stage 1 + stage 2 (n = 82,771) | Meta P","Stage 1 discovery (n = 63,926) | OR",uk biobank + adgc + international genomics of alzheimers project + eadi + ld hub + geradperades + databasestudy + igap + charge,Caucasian + Multi-ethnic + Caribbean Hispanic + African American + Asian,Stage 2 + Discovery + Joint-analysis + Replication + Meta-analysis + Validation + Stage 3 + Stage 1,"1,000 genomes + shapeitimpute2 + thousands of genomes + 1,000 genomes project + imputation",genotyping + sequencing,multiple sclerosis + complex traits + parkinson disease + apoptosis,race + tsi + ceu + ibs + fin + gbr + ethnic + ancestry + non-european + european ancestry,discovery + meta-analysis + stage + summary statistics + meta-analyses + association analysis + combined
0.9,1.29,0.02,rs138190086,17.0,,G/A,,"Overall stage 1 + stage 2 (n = 82,771) | I2 (%), Pf","Stage 1 discovery (n = 63,926) | OR",uk biobank + adgc + international genomics of alzheimers project + eadi + ld hub + geradperades + databasestudy + igap + charge,Caucasian + Multi-ethnic + Caribbean Hispanic + African American + Asian,Stage 2 + Discovery + Joint-analysis + Replication + Meta-analysis + Validation + Stage 3 + Stage 1,"1,000 genomes + pre-phasing + pre-analysis quality control + shapeitimpute2 + thousands of genomes + 1,000 genomes project + imputation + phasing",genotyping + sequencing,multiple sclerosis + complex traits + parkinson disease + apoptosis,race + tsi + ceu + ibs + fin + gbr + ethnic + ancestry + non-european + european ancestry,discovery + meta-analysis + stage + summary statistics + meta-analyses + association analysis + combined
,,,,,,Previous genome-wide-significant loci not reaching significance,,"Stage 1 discovery (n = 63,926) | P","Stage 1 discovery (n = 63,926) | OR",uk biobank + adgc + international genomics of alzheimers project + eadi + ld hub + geradperades + databasestudy + igap + charge,Caucasian + Multi-ethnic + Caribbean Hispanic + African American + Asian,Stage 2 + Discovery + Joint-analysis + Replication + Meta-analysis + Validation + Stage 3 + Stage 1,"1,000 genomes + pre-phasing + thousands of genomes + 1,000 genomes project + imputation + phasing",genotyping + sequencing,multiple sclerosis + complex traits + parkinson disease + apoptosis,race + tsi + ceu + ibs + fin + gbr + ethnic + ancestry + non-european + european ancestry,discovery + meta-analysis + stage + summary statistics + meta-analyses + association analysis + combined
,,,,,,Previous genome-wide-significant loci not reaching significance,,"Stage 2 (n = 18,845) | P","Stage 1 discovery (n = 63,926) | OR",uk biobank + adgc + international genomics of alzheimers project + eadi + ld hub + geradperades + databasestudy + igap + charge,Caucasian + Multi-ethnic + Caribbean Hispanic + African American + Asian,Stage 2 + Discovery + Joint-analysis + Replication + Meta-analysis + Validation + Stage 3 + Stage 1,"reference panel + 1,000 genomes + pre-phasing + shapeitimpute2 + thousands of genomes + 1,000 genomes project + imputation + phasing",genotyping + sequencing,multiple sclerosis + complex traits + apoptosis + pittsburgh compound b + parkinson disease,race + tsi + ceu + ibs + fin + gbr + ethnic + ancestry + non-european + european ancestry,discovery + meta-analysis + stage + summary statistics + meta-analyses + association analysis + combined
,,,,,,Previous genome-wide-significant loci not reaching significance,,"Overall stage 1 + stage 2 (n = 82,771) | Meta P","Stage 1 discovery (n = 63,926) | OR",uk biobank + adgc + international genomics of alzheimers project + eadi + ld hub + geradperades + databasestudy + igap + charge,Caucasian + Multi-ethnic + Caribbean Hispanic + African American + Asian,Stage 2 + Discovery + Joint-analysis + Replication + Meta-analysis + Validation + Stage 3 + Stage 1,"1,000 genomes + shapeitimpute2 + thousands of genomes + 1,000 genomes project + imputation",genotyping + sequencing,multiple sclerosis + complex traits + parkinson disease + apoptosis,race + tsi + ceu + ibs + fin + gbr + ethnic + ancestry + non-european + european ancestry,discovery + meta-analysis + stage + summary statistics + meta-analyses + association analysis + combined
,,,,,,Previous genome-wide-significant loci not reaching significance,,"Overall stage 1 + stage 2 (n = 82,771) | I2 (%), Pf","Stage 1 discovery (n = 63,926) | OR",uk biobank + adgc + international genomics of alzheimers project + eadi + ld hub + geradperades + databasestudy + igap + charge,Caucasian + Multi-ethnic + Caribbean Hispanic + African American + Asian,Stage 2 + Discovery + Joint-analysis + Replication + Meta-analysis + Validation + Stage 3 + Stage 1,"1,000 genomes + pre-phasing + pre-analysis quality control + shapeitimpute2 + thousands of genomes + 1,000 genomes project + imputation + phasing",genotyping + sequencing,multiple sclerosis + complex traits + parkinson disease + apoptosis,race + tsi + ceu + ibs + fin + gbr + ethnic + ancestry + non-european + european ancestry,discovery + meta-analysis + stage + summary statistics + meta-analyses + association analysis + combined
0.00028,0.95,0.39,rs190982,5.0,,A/G,,"Stage 1 discovery (n = 63,926) | P","Stage 1 discovery (n = 63,926) | OR",uk biobank + adgc + international genomics of alzheimers project + eadi + ld hub + geradperades + databasestudy + igap + charge,Caucasian + Multi-ethnic + Caribbean Hispanic + African American + Asian,Stage 2 + Discovery + Joint-analysis + Replication + Meta-analysis + Validation + Stage 3 + Stage 1,"1,000 genomes + pre-phasing + thousands of genomes + 1,000 genomes project + imputation + phasing",genotyping + sequencing,multiple sclerosis + complex traits + parkinson disease + apoptosis,race + tsi + ceu + ibs + fin + gbr + ethnic + ancestry + non-european + european ancestry,discovery + meta-analysis + stage + summary statistics + meta-analyses + association analysis + combined
0.0027,0.95,0.39,rs190982,5.0,,A/G,,"Stage 2 (n = 18,845) | P","Stage 1 discovery (n = 63,926) | OR",uk biobank + adgc + international genomics of alzheimers project + eadi + ld hub + geradperades + databasestudy + igap + charge,Caucasian + Multi-ethnic + Caribbean Hispanic + African American + Asian,Stage 2 + Discovery + Joint-analysis + Replication + Meta-analysis + Validation + Stage 3 + Stage 1,"reference panel + 1,000 genomes + pre-phasing + shapeitimpute2 + thousands of genomes + 1,000 genomes project + imputation + phasing",genotyping + sequencing,multiple sclerosis + complex traits + apoptosis + pittsburgh compound b + parkinson disease,race + tsi + ceu + ibs + fin + gbr + ethnic + ancestry + non-european + european ancestry,discovery + meta-analysis + stage + summary statistics + meta-analyses + association analysis + combined
2.8e-06,0.95,0.39,rs190982,5.0,,A/G,,"Overall stage 1 + stage 2 (n = 82,771) | Meta P","Stage 1 discovery (n = 63,926) | OR",uk biobank + adgc + international genomics of alzheimers project + eadi + ld hub + geradperades + databasestudy + igap + charge,Caucasian + Multi-ethnic + Caribbean Hispanic + African American + Asian,Stage 2 + Discovery + Joint-analysis + Replication + Meta-analysis + Validation + Stage 3 + Stage 1,"1,000 genomes + shapeitimpute2 + thousands of genomes + 1,000 genomes project + imputation",genotyping + sequencing,multiple sclerosis + complex traits + parkinson disease + apoptosis,race + tsi + ceu + ibs + fin + gbr + ethnic + ancestry + non-european + european ancestry,discovery + meta-analysis + stage + summary statistics + meta-analyses + association analysis + combined
0.6,0.95,0.39,rs190982,5.0,,A/G,,"Overall stage 1 + stage 2 (n = 82,771) | I2 (%), Pf","Stage 1 discovery (n = 63,926) | OR",uk biobank + adgc + international genomics of alzheimers project + eadi + ld hub + geradperades + databasestudy + igap + charge,Caucasian + Multi-ethnic + Caribbean Hispanic + African American + Asian,Stage 2 + Discovery + Joint-analysis + Replication + Meta-analysis + Validation + Stage 3 + Stage 1,"1,000 genomes + pre-phasing + pre-analysis quality control + shapeitimpute2 + thousands of genomes + 1,000 genomes project + imputation + phasing",genotyping + sequencing,multiple sclerosis + complex traits + parkinson disease + apoptosis,race + tsi + ceu + ibs + fin + gbr + ethnic + ancestry + non-european + european ancestry,discovery + meta-analysis + stage + summary statistics + meta-analyses + association analysis + combined
0.00027,0.95,0.356,rs4723711,7.0,,A/T,,"Stage 1 discovery (n = 63,926) | P","Stage 1 discovery (n = 63,926) | OR",uk biobank + adgc + international genomics of alzheimers project + eadi + ld hub + geradperades + databasestudy + igap + charge,Caucasian + Multi-ethnic + Caribbean Hispanic + African American + Asian,Stage 2 + Discovery + Joint-analysis + Replication + Meta-analysis + Validation + Stage 3 + Stage 1,"1,000 genomes + pre-phasing + thousands of genomes + 1,000 genomes project + imputation + phasing",genotyping + sequencing,multiple sclerosis + complex traits + parkinson disease + apoptosis,race + tsi + ceu + ibs + fin + gbr + ethnic + ancestry + non-european + european ancestry,discovery + meta-analysis + stage + summary statistics + meta-analyses + association analysis + combined
0.0001,0.95,0.356,rs4723711,7.0,,A/T,,"Stage 2 (n = 18,845) | P","Stage 1 discovery (n = 63,926) | OR",uk biobank + adgc + international genomics of alzheimers project + eadi + ld hub + geradperades + databasestudy + igap + charge,Caucasian + Multi-ethnic + Caribbean Hispanic + African American + Asian,Stage 2 + Discovery + Joint-analysis + Replication + Meta-analysis + Validation + Stage 3 + Stage 1,"reference panel + 1,000 genomes + pre-phasing + shapeitimpute2 + thousands of genomes + 1,000 genomes project + imputation + phasing",genotyping + sequencing,multiple sclerosis + complex traits + apoptosis + pittsburgh compound b + parkinson disease,race + tsi + ceu + ibs + fin + gbr + ethnic + ancestry + non-european + european ancestry,discovery + meta-analysis + stage + summary statistics + meta-analyses + association analysis + combined
2.8e-07,0.95,0.356,rs4723711,7.0,,A/T,,"Overall stage 1 + stage 2 (n = 82,771) | Meta P","Stage 1 discovery (n = 63,926) | OR",uk biobank + adgc + international genomics of alzheimers project + eadi + ld hub + geradperades + databasestudy + igap + charge,Caucasian + Multi-ethnic + Caribbean Hispanic + African American + Asian,Stage 2 + Discovery + Joint-analysis + Replication + Meta-analysis + Validation + Stage 3 + Stage 1,"1,000 genomes + shapeitimpute2 + thousands of genomes + 1,000 genomes project + imputation",genotyping + sequencing,multiple sclerosis + complex traits + parkinson disease + apoptosis,race + tsi + ceu + ibs + fin + gbr + ethnic + ancestry + non-european + european ancestry,discovery + meta-analysis + stage + summary statistics + meta-analyses + association analysis + combined
0.5,0.95,0.356,rs4723711,7.0,,A/T,,"Overall stage 1 + stage 2 (n = 82,771) | I2 (%), Pf","Stage 1 discovery (n = 63,926) | OR",uk biobank + adgc + international genomics of alzheimers project + eadi + ld hub + geradperades + databasestudy + igap + charge,Caucasian + Multi-ethnic + Caribbean Hispanic + African American + Asian,Stage 2 + Discovery + Joint-analysis + Replication + Meta-analysis + Validation + Stage 3 + Stage 1,"1,000 genomes + pre-phasing + pre-analysis quality control + shapeitimpute2 + thousands of genomes + 1,000 genomes project + imputation + phasing",genotyping + sequencing,multiple sclerosis + complex traits + parkinson disease + apoptosis,race + tsi + ceu + ibs + fin + gbr + ethnic + ancestry + non-european + european ancestry,discovery + meta-analysis + stage + summary statistics + meta-analyses + association analysis + combined
,,,,,,,,"Stage 1 discovery (n = 63,926) | P","Stage 2 (n = 18,845) | OR",uk biobank + adgc + international genomics of alzheimers project + eadi + ld hub + geradperades + databasestudy + igap + charge,Caucasian + Multi-ethnic + Caribbean Hispanic + African American + Asian,Stage 2 + Discovery + Joint-analysis + Replication + Meta-analysis + Validation + Stage 3 + Stage 1,"1,000 genomes + pre-phasing + shapeitimpute2 + thousands of genomes + 1,000 genomes project + imputation + phasing",genotyping + sequencing,multiple sclerosis + complex traits + apoptosis + pittsburgh compound b + parkinson disease,race + tsi + ceu + ibs + fin + gbr + ethnic + ancestry + non-european + european ancestry,discovery + meta-analysis + stage + summary statistics + meta-analyses + association analysis + combined
,,,,,,,,"Stage 2 (n = 18,845) | P","Stage 2 (n = 18,845) | OR",uk biobank + adgc + international genomics of alzheimers project + eadi + ld hub + geradperades + databasestudy + igap + charge,Caucasian + Multi-ethnic + Caribbean Hispanic + African American + Asian,Stage 2 + Discovery + Joint-analysis + Replication + Meta-analysis + Validation + Stage 3 + Stage 1,"reference panel + pre-phasing + shapeitimpute2 + 1,000 genomes project + imputation + phasing",genotyping + sequencing,pittsburgh compound b + complex traits + apoptosis,race + tsi + ceu + ibs + fin + gbr + ethnic + ancestry + non-european + european ancestry,discovery + meta-analysis + stage + summary statistics + meta-analyses + association analysis + combined
,,,,,,,,"Overall stage 1 + stage 2 (n = 82,771) | Meta P","Stage 2 (n = 18,845) | OR",uk biobank + adgc + international genomics of alzheimers project + eadi + ld hub + geradperades + databasestudy + igap + charge,Caucasian + Multi-ethnic + Caribbean Hispanic + African American + Asian,Stage 2 + Discovery + Joint-analysis + Replication + Meta-analysis + Validation + Stage 3 + Stage 1,"1,000 genomes + shapeitimpute2 + 1,000 genomes project + imputation + phasing",genotyping + sequencing,pittsburgh compound b + complex traits + apoptosis,race + tsi + ceu + ibs + fin + gbr + ethnic + ancestry + non-european + european ancestry,discovery + meta-analysis + stage + summary statistics + meta-analyses + combined
,,,,,,,,"Overall stage 1 + stage 2 (n = 82,771) | I2 (%), Pf","Stage 2 (n = 18,845) | OR",uk biobank + adgc + international genomics of alzheimers project + eadi + ld hub + geradperades + databasestudy + igap + charge,Caucasian + Multi-ethnic + Caribbean Hispanic + African American + Asian,Stage 2 + Discovery + Joint-analysis + Replication + Meta-analysis + Validation + Stage 3 + Stage 1,"pre-phasing + pre-analysis quality control + shapeitimpute2 + 1,000 genomes project + imputation + phasing",genotyping + sequencing,pittsburgh compound b + complex traits + apoptosis,race + tsi + ceu + ibs + fin + gbr + ethnic + ancestry + non-european + european ancestry,discovery + meta-analysis + stage + summary statistics + meta-analyses + association analysis + combined
,,,,,,Previous genome-wide-significant loci still reaching significance,,"Stage 1 discovery (n = 63,926) | P","Stage 2 (n = 18,845) | OR",uk biobank + adgc + international genomics of alzheimers project + eadi + ld hub + geradperades + databasestudy + igap + charge,Caucasian + Multi-ethnic + Caribbean Hispanic + African American + Asian,Stage 2 + Discovery + Joint-analysis + Replication + Meta-analysis + Validation + Stage 3 + Stage 1,"1,000 genomes + pre-phasing + shapeitimpute2 + thousands of genomes + 1,000 genomes project + imputation + phasing",genotyping + sequencing,multiple sclerosis + complex traits + apoptosis + pittsburgh compound b + parkinson disease,race + tsi + ceu + ibs + fin + gbr + ethnic + ancestry + non-european + european ancestry,discovery + meta-analysis + stage + summary statistics + meta-analyses + association analysis + combined
,,,,,,Previous genome-wide-significant loci still reaching significance,,"Stage 2 (n = 18,845) | P","Stage 2 (n = 18,845) | OR",uk biobank + adgc + international genomics of alzheimers project + eadi + ld hub + geradperades + databasestudy + igap + charge,Caucasian + Multi-ethnic + Caribbean Hispanic + African American + Asian,Stage 2 + Discovery + Joint-analysis + Replication + Meta-analysis + Validation + Stage 3 + Stage 1,"reference panel + pre-phasing + shapeitimpute2 + 1,000 genomes project + imputation + phasing",genotyping + sequencing,pittsburgh compound b + complex traits + apoptosis,race + tsi + ceu + ibs + fin + gbr + ethnic + ancestry + non-european + european ancestry,discovery + meta-analysis + stage + summary statistics + meta-analyses + association analysis + combined
,,,,,,Previous genome-wide-significant loci still reaching significance,,"Overall stage 1 + stage 2 (n = 82,771) | Meta P","Stage 2 (n = 18,845) | OR",uk biobank + adgc + international genomics of alzheimers project + eadi + ld hub + geradperades + databasestudy + igap + charge,Caucasian + Multi-ethnic + Caribbean Hispanic + African American + Asian,Stage 2 + Discovery + Joint-analysis + Replication + Meta-analysis + Validation + Stage 3 + Stage 1,"1,000 genomes + shapeitimpute2 + 1,000 genomes project + imputation + phasing",genotyping + sequencing,pittsburgh compound b + complex traits + apoptosis,race + tsi + ceu + ibs + fin + gbr + ethnic + ancestry + non-european + european ancestry,discovery + meta-analysis + stage + summary statistics + meta-analyses + combined
,,,,,,Previous genome-wide-significant loci still reaching significance,,"Overall stage 1 + stage 2 (n = 82,771) | I2 (%), Pf","Stage 2 (n = 18,845) | OR",uk biobank + adgc + international genomics of alzheimers project + eadi + ld hub + geradperades + databasestudy + igap + charge,Caucasian + Multi-ethnic + Caribbean Hispanic + African American + Asian,Stage 2 + Discovery + Joint-analysis + Replication + Meta-analysis + Validation + Stage 3 + Stage 1,"pre-phasing + pre-analysis quality control + shapeitimpute2 + 1,000 genomes project + imputation + phasing",genotyping + sequencing,pittsburgh compound b + complex traits + apoptosis,race + tsi + ceu + ibs + fin + gbr + ethnic + ancestry + non-european + european ancestry,discovery + meta-analysis + stage + summary statistics + meta-analyses + association analysis + combined
1e-15,1.2,0.187,rs4844610,1.0,,C/A,,"Stage 1 discovery (n = 63,926) | P","Stage 2 (n = 18,845) | OR",uk biobank + adgc + international genomics of alzheimers project + eadi + ld hub + geradperades + databasestudy + igap + charge,Caucasian + Multi-ethnic + Caribbean Hispanic + African American + Asian,Stage 2 + Discovery + Joint-analysis + Replication + Meta-analysis + Validation + Stage 3 + Stage 1,"1,000 genomes + pre-phasing + shapeitimpute2 + thousands of genomes + 1,000 genomes project + imputation + phasing",genotyping + sequencing,multiple sclerosis + complex traits + apoptosis + pittsburgh compound b + parkinson disease,race + tsi + ceu + ibs + fin + gbr + ethnic + ancestry + non-european + european ancestry,discovery + meta-analysis + stage + summary statistics + meta-analyses + association analysis + combined
3.8e-10,1.2,0.187,rs4844610,1.0,,C/A,,"Stage 2 (n = 18,845) | P","Stage 2 (n = 18,845) | OR",uk biobank + adgc + international genomics of alzheimers project + eadi + ld hub + geradperades + databasestudy + igap + charge,Caucasian + Multi-ethnic + Caribbean Hispanic + African American + Asian,Stage 2 + Discovery + Joint-analysis + Replication + Meta-analysis + Validation + Stage 3 + Stage 1,"reference panel + pre-phasing + shapeitimpute2 + 1,000 genomes project + imputation + phasing",genotyping + sequencing,pittsburgh compound b + complex traits + apoptosis,race + tsi + ceu + ibs + fin + gbr + ethnic + ancestry + non-european + european ancestry,discovery + meta-analysis + stage + summary statistics + meta-analyses + association analysis + combined
0.0,1.2,0.187,rs4844610,1.0,,C/A,,"Overall stage 1 + stage 2 (n = 82,771) | Meta P","Stage 2 (n = 18,845) | OR",uk biobank + adgc + international genomics of alzheimers project + eadi + ld hub + geradperades + databasestudy + igap + charge,Caucasian + Multi-ethnic + Caribbean Hispanic + African American + Asian,Stage 2 + Discovery + Joint-analysis + Replication + Meta-analysis + Validation + Stage 3 + Stage 1,"1,000 genomes + shapeitimpute2 + 1,000 genomes project + imputation + phasing",genotyping + sequencing,pittsburgh compound b + complex traits + apoptosis,race + tsi + ceu + ibs + fin + gbr + ethnic + ancestry + non-european + european ancestry,discovery + meta-analysis + stage + summary statistics + meta-analyses + combined
0.8,1.2,0.187,rs4844610,1.0,,C/A,,"Overall stage 1 + stage 2 (n = 82,771) | I2 (%), Pf","Stage 2 (n = 18,845) | OR",uk biobank + adgc + international genomics of alzheimers project + eadi + ld hub + geradperades + databasestudy + igap + charge,Caucasian + Multi-ethnic + Caribbean Hispanic + African American + Asian,Stage 2 + Discovery + Joint-analysis + Replication + Meta-analysis + Validation + Stage 3 + Stage 1,"pre-phasing + pre-analysis quality control + shapeitimpute2 + 1,000 genomes project + imputation + phasing",genotyping + sequencing,pittsburgh compound b + complex traits + apoptosis,race + tsi + ceu + ibs + fin + gbr + ethnic + ancestry + non-european + european ancestry,discovery + meta-analysis + stage + summary statistics + meta-analyses + association analysis + combined
0.0,1.23,0.407,rs6733839,2.0,,C/T,,"Stage 1 discovery (n = 63,926) | P","Stage 2 (n = 18,845) | OR",uk biobank + adgc + international genomics of alzheimers project + eadi + ld hub + geradperades + databasestudy + igap + charge,Caucasian + Multi-ethnic + Caribbean Hispanic + African American + Asian,Stage 2 + Discovery + Joint-analysis + Replication + Meta-analysis + Validation + Stage 3 + Stage 1,"1,000 genomes + pre-phasing + shapeitimpute2 + thousands of genomes + 1,000 genomes project + imputation + phasing",genotyping + sequencing,multiple sclerosis + complex traits + apoptosis + pittsburgh compound b + parkinson disease,race + tsi + ceu + ibs + fin + gbr + ethnic + ancestry + non-european + european ancestry,discovery + meta-analysis + stage + summary statistics + meta-analyses + association analysis + combined
0.0,1.23,0.407,rs6733839,2.0,,C/T,,"Stage 2 (n = 18,845) | P","Stage 2 (n = 18,845) | OR",uk biobank + adgc + international genomics of alzheimers project + eadi + ld hub + geradperades + databasestudy + igap + charge,Caucasian + Multi-ethnic + Caribbean Hispanic + African American + Asian,Stage 2 + Discovery + Joint-analysis + Replication + Meta-analysis + Validation + Stage 3 + Stage 1,"reference panel + pre-phasing + shapeitimpute2 + 1,000 genomes project + imputation + phasing",genotyping + sequencing,pittsburgh compound b + complex traits + apoptosis,race + tsi + ceu + ibs + fin + gbr + ethnic + ancestry + non-european + european ancestry,discovery + meta-analysis + stage + summary statistics + meta-analyses + association analysis + combined
0.0,1.23,0.407,rs6733839,2.0,,C/T,,"Overall stage 1 + stage 2 (n = 82,771) | Meta P","Stage 2 (n = 18,845) | OR",uk biobank + adgc + international genomics of alzheimers project + eadi + ld hub + geradperades + databasestudy + igap + charge,Caucasian + Multi-ethnic + Caribbean Hispanic + African American + Asian,Stage 2 + Discovery + Joint-analysis + Replication + Meta-analysis + Validation + Stage 3 + Stage 1,"1,000 genomes + shapeitimpute2 + 1,000 genomes project + imputation + phasing",genotyping + sequencing,pittsburgh compound b + complex traits + apoptosis,race + tsi + ceu + ibs + fin + gbr + ethnic + ancestry + non-european + european ancestry,discovery + meta-analysis + stage + summary statistics + meta-analyses + combined
15.2,1.23,0.407,rs6733839,2.0,,C/T,,"Overall stage 1 + stage 2 (n = 82,771) | I2 (%), Pf","Stage 2 (n = 18,845) | OR",uk biobank + adgc + international genomics of alzheimers project + eadi + ld hub + geradperades + databasestudy + igap + charge,Caucasian + Multi-ethnic + Caribbean Hispanic + African American + Asian,Stage 2 + Discovery + Joint-analysis + Replication + Meta-analysis + Validation + Stage 3 + Stage 1,"pre-phasing + pre-analysis quality control + shapeitimpute2 + 1,000 genomes project + imputation + phasing",genotyping + sequencing,pittsburgh compound b + complex traits + apoptosis,race + tsi + ceu + ibs + fin + gbr + ethnic + ancestry + non-european + european ancestry,discovery + meta-analysis + stage + summary statistics + meta-analyses + association analysis + combined
2.6e-07,0.92,0.223,rs10933431,2.0,,C/G,,"Stage 1 discovery (n = 63,926) | P","Stage 2 (n = 18,845) | OR",uk biobank + adgc + international genomics of alzheimers project + eadi + ld hub + geradperades + databasestudy + igap + charge,Caucasian + Multi-ethnic + Caribbean Hispanic + African American + Asian,Stage 2 + Discovery + Joint-analysis + Replication + Meta-analysis + Validation + Stage 3 + Stage 1,"1,000 genomes + pre-phasing + shapeitimpute2 + thousands of genomes + 1,000 genomes project + imputation + phasing",genotyping + sequencing,multiple sclerosis + complex traits + apoptosis + pittsburgh compound b + parkinson disease,race + tsi + ceu + ibs + fin + gbr + ethnic + ancestry + non-european + european ancestry,discovery + meta-analysis + stage + summary statistics + meta-analyses + association analysis + combined
0.0032,0.92,0.223,rs10933431,2.0,,C/G,,"Stage 2 (n = 18,845) | P","Stage 2 (n = 18,845) | OR",uk biobank + adgc + international genomics of alzheimers project + eadi + ld hub + geradperades + databasestudy + igap + charge,Caucasian + Multi-ethnic + Caribbean Hispanic + African American + Asian,Stage 2 + Discovery + Joint-analysis + Replication + Meta-analysis + Validation + Stage 3 + Stage 1,"reference panel + pre-phasing + shapeitimpute2 + 1,000 genomes project + imputation + phasing",genotyping + sequencing,pittsburgh compound b + complex traits + apoptosis,race + tsi + ceu + ibs + fin + gbr + ethnic + ancestry + non-european + european ancestry,discovery + meta-analysis + stage + summary statistics + meta-analyses + association analysis + combined
3.4e-09,0.92,0.223,rs10933431,2.0,,C/G,,"Overall stage 1 + stage 2 (n = 82,771) | Meta P","Stage 2 (n = 18,845) | OR",uk biobank + adgc + international genomics of alzheimers project + eadi + ld hub + geradperades + databasestudy + igap + charge,Caucasian + Multi-ethnic + Caribbean Hispanic + African American + Asian,Stage 2 + Discovery + Joint-analysis + Replication + Meta-analysis + Validation + Stage 3 + Stage 1,"1,000 genomes + shapeitimpute2 + 1,000 genomes project + imputation + phasing",genotyping + sequencing,pittsburgh compound b + complex traits + apoptosis,race + tsi + ceu + ibs + fin + gbr + ethnic + ancestry + non-european + european ancestry,discovery + meta-analysis + stage + summary statistics + meta-analyses + combined
0.8,0.92,0.223,rs10933431,2.0,,C/G,,"Overall stage 1 + stage 2 (n = 82,771) | I2 (%), Pf","Stage 2 (n = 18,845) | OR",uk biobank + adgc + international genomics of alzheimers project + eadi + ld hub + geradperades + databasestudy + igap + charge,Caucasian + Multi-ethnic + Caribbean Hispanic + African American + Asian,Stage 2 + Discovery + Joint-analysis + Replication + Meta-analysis + Validation + Stage 3 + Stage 1,"pre-phasing + pre-analysis quality control + shapeitimpute2 + 1,000 genomes project + imputation + phasing",genotyping + sequencing,pittsburgh compound b + complex traits + apoptosis,race + tsi + ceu + ibs + fin + gbr + ethnic + ancestry + non-european + european ancestry,discovery + meta-analysis + stage + summary statistics + meta-analyses + association analysis + combined
5.1e-08,1.11,0.27,rs9271058,6.0,,T/A,,"Stage 1 discovery (n = 63,926) | P","Stage 2 (n = 18,845) | OR",uk biobank + adgc + international genomics of alzheimers project + eadi + ld hub + geradperades + databasestudy + igap + charge,Caucasian + Multi-ethnic + Caribbean Hispanic + African American + Asian,Stage 2 + Discovery + Joint-analysis + Replication + Meta-analysis + Validation + Stage 3 + Stage 1,"1,000 genomes + pre-phasing + shapeitimpute2 + thousands of genomes + 1,000 genomes project + imputation + phasing",genotyping + sequencing,multiple sclerosis + complex traits + apoptosis + pittsburgh compound b + parkinson disease,race + tsi + ceu + ibs + fin + gbr + ethnic + ancestry + non-european + european ancestry,discovery + meta-analysis + stage + summary statistics + meta-analyses + association analysis + combined
5.7e-05,1.11,0.27,rs9271058,6.0,,T/A,,"Stage 2 (n = 18,845) | P","Stage 2 (n = 18,845) | OR",uk biobank + adgc + international genomics of alzheimers project + eadi + ld hub + geradperades + databasestudy + igap + charge,Caucasian + Multi-ethnic + Caribbean Hispanic + African American + Asian,Stage 2 + Discovery + Joint-analysis + Replication + Meta-analysis + Validation + Stage 3 + Stage 1,"reference panel + pre-phasing + shapeitimpute2 + 1,000 genomes project + imputation + phasing",genotyping + sequencing,pittsburgh compound b + complex traits + apoptosis,race + tsi + ceu + ibs + fin + gbr + ethnic + ancestry + non-european + european ancestry,discovery + meta-analysis + stage + summary statistics + meta-analyses + association analysis + combined
1.4e-11,1.11,0.27,rs9271058,6.0,,T/A,,"Overall stage 1 + stage 2 (n = 82,771) | Meta P","Stage 2 (n = 18,845) | OR",uk biobank + adgc + international genomics of alzheimers project + eadi + ld hub + geradperades + databasestudy + igap + charge,Caucasian + Multi-ethnic + Caribbean Hispanic + African American + Asian,Stage 2 + Discovery + Joint-analysis + Replication + Meta-analysis + Validation + Stage 3 + Stage 1,"1,000 genomes + shapeitimpute2 + 1,000 genomes project + imputation + phasing",genotyping + sequencing,pittsburgh compound b + complex traits + apoptosis,race + tsi + ceu + ibs + fin + gbr + ethnic + ancestry + non-european + european ancestry,discovery + meta-analysis + stage + summary statistics + meta-analyses + combined
10.3,1.11,0.27,rs9271058,6.0,,T/A,,"Overall stage 1 + stage 2 (n = 82,771) | I2 (%), Pf","Stage 2 (n = 18,845) | OR",uk biobank + adgc + international genomics of alzheimers project + eadi + ld hub + geradperades + databasestudy + igap + charge,Caucasian + Multi-ethnic + Caribbean Hispanic + African American + Asian,Stage 2 + Discovery + Joint-analysis + Replication + Meta-analysis + Validation + Stage 3 + Stage 1,"pre-phasing + pre-analysis quality control + shapeitimpute2 + 1,000 genomes project + imputation + phasing",genotyping + sequencing,pittsburgh compound b + complex traits + apoptosis,race + tsi + ceu + ibs + fin + gbr + ethnic + ancestry + non-european + european ancestry,discovery + meta-analysis + stage + summary statistics + meta-analyses + association analysis + combined
2.9e-12,2.5,0.008,rs75932628,6.0,,C/T,,"Stage 1 discovery (n = 63,926) | P","Stage 2 (n = 18,845) | OR",uk biobank + adgc + international genomics of alzheimers project + eadi + ld hub + geradperades + databasestudy + igap + charge,Caucasian + Multi-ethnic + Caribbean Hispanic + African American + Asian,Stage 2 + Discovery + Joint-analysis + Replication + Meta-analysis + Validation + Stage 3 + Stage 1,"1,000 genomes + pre-phasing + shapeitimpute2 + thousands of genomes + 1,000 genomes project + imputation + phasing",genotyping + sequencing,multiple sclerosis + complex traits + apoptosis + pittsburgh compound b + parkinson disease,race + tsi + ceu + ibs + fin + gbr + ethnic + ancestry + non-european + european ancestry,discovery + meta-analysis + stage + summary statistics + meta-analyses + association analysis + combined
0.00015,2.5,0.008,rs75932628,6.0,,C/T,,"Stage 2 (n = 18,845) | P","Stage 2 (n = 18,845) | OR",uk biobank + adgc + international genomics of alzheimers project + eadi + ld hub + geradperades + databasestudy + igap + charge,Caucasian + Multi-ethnic + Caribbean Hispanic + African American + Asian,Stage 2 + Discovery + Joint-analysis + Replication + Meta-analysis + Validation + Stage 3 + Stage 1,"reference panel + pre-phasing + shapeitimpute2 + 1,000 genomes project + imputation + phasing",genotyping + sequencing,pittsburgh compound b + complex traits + apoptosis,race + tsi + ceu + ibs + fin + gbr + ethnic + ancestry + non-european + european ancestry,discovery + meta-analysis + stage + summary statistics + meta-analyses + association analysis + combined
3e-15,2.5,0.008,rs75932628,6.0,,C/T,,"Overall stage 1 + stage 2 (n = 82,771) | Meta P","Stage 2 (n = 18,845) | OR",uk biobank + adgc + international genomics of alzheimers project + eadi + ld hub + geradperades + databasestudy + igap + charge,Caucasian + Multi-ethnic + Caribbean Hispanic + African American + Asian,Stage 2 + Discovery + Joint-analysis + Replication + Meta-analysis + Validation + Stage 3 + Stage 1,"1,000 genomes + shapeitimpute2 + 1,000 genomes project + imputation + phasing",genotyping + sequencing,pittsburgh compound b + complex traits + apoptosis,race + tsi + ceu + ibs + fin + gbr + ethnic + ancestry + non-european + european ancestry,discovery + meta-analysis + stage + summary statistics + meta-analyses + combined
0.6,2.5,0.008,rs75932628,6.0,,C/T,,"Overall stage 1 + stage 2 (n = 82,771) | I2 (%), Pf","Stage 2 (n = 18,845) | OR",uk biobank + adgc + international genomics of alzheimers project + eadi + ld hub + geradperades + databasestudy + igap + charge,Caucasian + Multi-ethnic + Caribbean Hispanic + African American + Asian,Stage 2 + Discovery + Joint-analysis + Replication + Meta-analysis + Validation + Stage 3 + Stage 1,"pre-phasing + pre-analysis quality control + shapeitimpute2 + 1,000 genomes project + imputation + phasing",genotyping + sequencing,pittsburgh compound b + complex traits + apoptosis,race + tsi + ceu + ibs + fin + gbr + ethnic + ancestry + non-european + european ancestry,discovery + meta-analysis + stage + summary statistics + meta-analyses + association analysis + combined
2.3e-07,1.11,0.28,rs9473117,6.0,,A/C,,"Stage 1 discovery (n = 63,926) | P","Stage 2 (n = 18,845) | OR",uk biobank + adgc + international genomics of alzheimers project + eadi + ld hub + geradperades + databasestudy + igap + charge,Caucasian + Multi-ethnic + Caribbean Hispanic + African American + Asian,Stage 2 + Discovery + Joint-analysis + Replication + Meta-analysis + Validation + Stage 3 + Stage 1,"1,000 genomes + pre-phasing + shapeitimpute2 + thousands of genomes + 1,000 genomes project + imputation + phasing",genotyping + sequencing,multiple sclerosis + complex traits + apoptosis + pittsburgh compound b + parkinson disease,race + tsi + ceu + ibs + fin + gbr + ethnic + ancestry + non-european + european ancestry,discovery + meta-analysis + stage + summary statistics + meta-analyses + association analysis + combined
0.0001,1.11,0.28,rs9473117,6.0,,A/C,,"Stage 2 (n = 18,845) | P","Stage 2 (n = 18,845) | OR",uk biobank + adgc + international genomics of alzheimers project + eadi + ld hub + geradperades + databasestudy + igap + charge,Caucasian + Multi-ethnic + Caribbean Hispanic + African American + Asian,Stage 2 + Discovery + Joint-analysis + Replication + Meta-analysis + Validation + Stage 3 + Stage 1,"reference panel + pre-phasing + shapeitimpute2 + 1,000 genomes project + imputation + phasing",genotyping + sequencing,pittsburgh compound b + complex traits + apoptosis,race + tsi + ceu + ibs + fin + gbr + ethnic + ancestry + non-european + european ancestry,discovery + meta-analysis + stage + summary statistics + meta-analyses + association analysis + combined
1.2e-10,1.11,0.28,rs9473117,6.0,,A/C,,"Overall stage 1 + stage 2 (n = 82,771) | Meta P","Stage 2 (n = 18,845) | OR",uk biobank + adgc + international genomics of alzheimers project + eadi + ld hub + geradperades + databasestudy + igap + charge,Caucasian + Multi-ethnic + Caribbean Hispanic + African American + Asian,Stage 2 + Discovery + Joint-analysis + Replication + Meta-analysis + Validation + Stage 3 + Stage 1,"1,000 genomes + shapeitimpute2 + 1,000 genomes project + imputation + phasing",genotyping + sequencing,pittsburgh compound b + complex traits + apoptosis,race + tsi + ceu + ibs + fin + gbr + ethnic + ancestry + non-european + european ancestry,discovery + meta-analysis + stage + summary statistics + meta-analyses + combined
0.6,1.11,0.28,rs9473117,6.0,,A/C,,"Overall stage 1 + stage 2 (n = 82,771) | I2 (%), Pf","Stage 2 (n = 18,845) | OR",uk biobank + adgc + international genomics of alzheimers project + eadi + ld hub + geradperades + databasestudy + igap + charge,Caucasian + Multi-ethnic + Caribbean Hispanic + African American + Asian,Stage 2 + Discovery + Joint-analysis + Replication + Meta-analysis + Validation + Stage 3 + Stage 1,"pre-phasing + pre-analysis quality control + shapeitimpute2 + 1,000 genomes project + imputation + phasing",genotyping + sequencing,pittsburgh compound b + complex traits + apoptosis,race + tsi + ceu + ibs + fin + gbr + ethnic + ancestry + non-european + european ancestry,discovery + meta-analysis + stage + summary statistics + meta-analyses + association analysis + combined
2.1e-05,0.89,0.303,rs12539172,7.0,,C/T,,"Stage 1 discovery (n = 63,926) | P","Stage 2 (n = 18,845) | OR",uk biobank + adgc + international genomics of alzheimers project + eadi + ld hub + geradperades + databasestudy + igap + charge,Caucasian + Multi-ethnic + Caribbean Hispanic + African American + Asian,Stage 2 + Discovery + Joint-analysis + Replication + Meta-analysis + Validation + Stage 3 + Stage 1,"1,000 genomes + pre-phasing + shapeitimpute2 + thousands of genomes + 1,000 genomes project + imputation + phasing",genotyping + sequencing,multiple sclerosis + complex traits + apoptosis + pittsburgh compound b + parkinson disease,race + tsi + ceu + ibs + fin + gbr + ethnic + ancestry + non-european + european ancestry,discovery + meta-analysis + stage + summary statistics + meta-analyses + association analysis + combined
2.1e-06,0.89,0.303,rs12539172,7.0,,C/T,,"Stage 2 (n = 18,845) | P","Stage 2 (n = 18,845) | OR",uk biobank + adgc + international genomics of alzheimers project + eadi + ld hub + geradperades + databasestudy + igap + charge,Caucasian + Multi-ethnic + Caribbean Hispanic + African American + Asian,Stage 2 + Discovery + Joint-analysis + Replication + Meta-analysis + Validation + Stage 3 + Stage 1,"reference panel + pre-phasing + shapeitimpute2 + 1,000 genomes project + imputation + phasing",genotyping + sequencing,pittsburgh compound b + complex traits + apoptosis,race + tsi + ceu + ibs + fin + gbr + ethnic + ancestry + non-european + european ancestry,discovery + meta-analysis + stage + summary statistics + meta-analyses + association analysis + combined
9.3e-10,0.89,0.303,rs12539172,7.0,,C/T,,"Overall stage 1 + stage 2 (n = 82,771) | Meta P","Stage 2 (n = 18,845) | OR",uk biobank + adgc + international genomics of alzheimers project + eadi + ld hub + geradperades + databasestudy + igap + charge,Caucasian + Multi-ethnic + Caribbean Hispanic + African American + Asian,Stage 2 + Discovery + Joint-analysis + Replication + Meta-analysis + Validation + Stage 3 + Stage 1,"1,000 genomes + shapeitimpute2 + 1,000 genomes project + imputation + phasing",genotyping + sequencing,pittsburgh compound b + complex traits + apoptosis,race + tsi + ceu + ibs + fin + gbr + ethnic + ancestry + non-european + european ancestry,discovery + meta-analysis + stage + summary statistics + meta-analyses + combined
0.8,0.89,0.303,rs12539172,7.0,,C/T,,"Overall stage 1 + stage 2 (n = 82,771) | I2 (%), Pf","Stage 2 (n = 18,845) | OR",uk biobank + adgc + international genomics of alzheimers project + eadi + ld hub + geradperades + databasestudy + igap + charge,Caucasian + Multi-ethnic + Caribbean Hispanic + African American + Asian,Stage 2 + Discovery + Joint-analysis + Replication + Meta-analysis + Validation + Stage 3 + Stage 1,"pre-phasing + pre-analysis quality control + shapeitimpute2 + 1,000 genomes project + imputation + phasing",genotyping + sequencing,pittsburgh compound b + complex traits + apoptosis,race + tsi + ceu + ibs + fin + gbr + ethnic + ancestry + non-european + european ancestry,discovery + meta-analysis + stage + summary statistics + meta-analyses + association analysis + combined
3.1e-08,0.91,0.199,rs10808026,7.0,,C/A,,"Stage 1 discovery (n = 63,926) | P","Stage 2 (n = 18,845) | OR",uk biobank + adgc + international genomics of alzheimers project + eadi + ld hub + geradperades + databasestudy + igap + charge,Caucasian + Multi-ethnic + Caribbean Hispanic + African American + Asian,Stage 2 + Discovery + Joint-analysis + Replication + Meta-analysis + Validation + Stage 3 + Stage 1,"1,000 genomes + pre-phasing + shapeitimpute2 + thousands of genomes + 1,000 genomes project + imputation + phasing",genotyping + sequencing,multiple sclerosis + complex traits + apoptosis + pittsburgh compound b + parkinson disease,race + tsi + ceu + ibs + fin + gbr + ethnic + ancestry + non-european + european ancestry,discovery + meta-analysis + stage + summary statistics + meta-analyses + association analysis + combined
0.0011,0.91,0.199,rs10808026,7.0,,C/A,,"Stage 2 (n = 18,845) | P","Stage 2 (n = 18,845) | OR",uk biobank + adgc + international genomics of alzheimers project + eadi + ld hub + geradperades + databasestudy + igap + charge,Caucasian + Multi-ethnic + Caribbean Hispanic + African American + Asian,Stage 2 + Discovery + Joint-analysis + Replication + Meta-analysis + Validation + Stage 3 + Stage 1,"reference panel + pre-phasing + shapeitimpute2 + 1,000 genomes project + imputation + phasing",genotyping + sequencing,pittsburgh compound b + complex traits + apoptosis,race + tsi + ceu + ibs + fin + gbr + ethnic + ancestry + non-european + european ancestry,discovery + meta-analysis + stage + summary statistics + meta-analyses + association analysis + combined
1.3e-10,0.91,0.199,rs10808026,7.0,,C/A,,"Overall stage 1 + stage 2 (n = 82,771) | Meta P","Stage 2 (n = 18,845) | OR",uk biobank + adgc + international genomics of alzheimers project + eadi + ld hub + geradperades + databasestudy + igap + charge,Caucasian + Multi-ethnic + Caribbean Hispanic + African American + Asian,Stage 2 + Discovery + Joint-analysis + Replication + Meta-analysis + Validation + Stage 3 + Stage 1,"1,000 genomes + shapeitimpute2 + 1,000 genomes project + imputation + phasing",genotyping + sequencing,pittsburgh compound b + complex traits + apoptosis,race + tsi + ceu + ibs + fin + gbr + ethnic + ancestry + non-european + european ancestry,discovery + meta-analysis + stage + summary statistics + meta-analyses + combined
0.5,0.91,0.199,rs10808026,7.0,,C/A,,"Overall stage 1 + stage 2 (n = 82,771) | I2 (%), Pf","Stage 2 (n = 18,845) | OR",uk biobank + adgc + international genomics of alzheimers project + eadi + ld hub + geradperades + databasestudy + igap + charge,Caucasian + Multi-ethnic + Caribbean Hispanic + African American + Asian,Stage 2 + Discovery + Joint-analysis + Replication + Meta-analysis + Validation + Stage 3 + Stage 1,"pre-phasing + pre-analysis quality control + shapeitimpute2 + 1,000 genomes project + imputation + phasing",genotyping + sequencing,pittsburgh compound b + complex traits + apoptosis,race + tsi + ceu + ibs + fin + gbr + ethnic + ancestry + non-european + european ancestry,discovery + meta-analysis + stage + summary statistics + meta-analyses + association analysis + combined
8.3e-10,1.11,0.367,rs73223431,8.0,,C/T,,"Stage 1 discovery (n = 63,926) | P","Stage 2 (n = 18,845) | OR",uk biobank + adgc + international genomics of alzheimers project + eadi + ld hub + geradperades + databasestudy + igap + charge,Caucasian + Multi-ethnic + Caribbean Hispanic + African American + Asian,Stage 2 + Discovery + Joint-analysis + Replication + Meta-analysis + Validation + Stage 3 + Stage 1,"1,000 genomes + pre-phasing + shapeitimpute2 + thousands of genomes + 1,000 genomes project + imputation + phasing",genotyping + sequencing,multiple sclerosis + complex traits + apoptosis + pittsburgh compound b + parkinson disease,race + tsi + ceu + ibs + fin + gbr + ethnic + ancestry + non-european + european ancestry,discovery + meta-analysis + stage + summary statistics + meta-analyses + association analysis + combined
1.5e-05,1.11,0.367,rs73223431,8.0,,C/T,,"Stage 2 (n = 18,845) | P","Stage 2 (n = 18,845) | OR",uk biobank + adgc + international genomics of alzheimers project + eadi + ld hub + geradperades + databasestudy + igap + charge,Caucasian + Multi-ethnic + Caribbean Hispanic + African American + Asian,Stage 2 + Discovery + Joint-analysis + Replication + Meta-analysis + Validation + Stage 3 + Stage 1,"reference panel + pre-phasing + shapeitimpute2 + 1,000 genomes project + imputation + phasing",genotyping + sequencing,pittsburgh compound b + complex traits + apoptosis,race + tsi + ceu + ibs + fin + gbr + ethnic + ancestry + non-european + european ancestry,discovery + meta-analysis + stage + summary statistics + meta-analyses + association analysis + combined
6.3e-14,1.11,0.367,rs73223431,8.0,,C/T,,"Overall stage 1 + stage 2 (n = 82,771) | Meta P","Stage 2 (n = 18,845) | OR",uk biobank + adgc + international genomics of alzheimers project + eadi + ld hub + geradperades + databasestudy + igap + charge,Caucasian + Multi-ethnic + Caribbean Hispanic + African American + Asian,Stage 2 + Discovery + Joint-analysis + Replication + Meta-analysis + Validation + Stage 3 + Stage 1,"1,000 genomes + shapeitimpute2 + 1,000 genomes project + imputation + phasing",genotyping + sequencing,pittsburgh compound b + complex traits + apoptosis,race + tsi + ceu + ibs + fin + gbr + ethnic + ancestry + non-european + european ancestry,discovery + meta-analysis + stage + summary statistics + meta-analyses + combined
0.6,1.11,0.367,rs73223431,8.0,,C/T,,"Overall stage 1 + stage 2 (n = 82,771) | I2 (%), Pf","Stage 2 (n = 18,845) | OR",uk biobank + adgc + international genomics of alzheimers project + eadi + ld hub + geradperades + databasestudy + igap + charge,Caucasian + Multi-ethnic + Caribbean Hispanic + African American + Asian,Stage 2 + Discovery + Joint-analysis + Replication + Meta-analysis + Validation + Stage 3 + Stage 1,"pre-phasing + pre-analysis quality control + shapeitimpute2 + 1,000 genomes project + imputation + phasing",genotyping + sequencing,pittsburgh compound b + complex traits + apoptosis,race + tsi + ceu + ibs + fin + gbr + ethnic + ancestry + non-european + european ancestry,discovery + meta-analysis + stage + summary statistics + meta-analyses + association analysis + combined
0.0,0.87,0.387,rs9331896,8.0,,T/C,,"Stage 1 discovery (n = 63,926) | P","Stage 2 (n = 18,845) | OR",uk biobank + adgc + international genomics of alzheimers project + eadi + ld hub + geradperades + databasestudy + igap + charge,Caucasian + Multi-ethnic + Caribbean Hispanic + African American + Asian,Stage 2 + Discovery + Joint-analysis + Replication + Meta-analysis + Validation + Stage 3 + Stage 1,"1,000 genomes + pre-phasing + shapeitimpute2 + thousands of genomes + 1,000 genomes project + imputation + phasing",genotyping + sequencing,multiple sclerosis + complex traits + apoptosis + pittsburgh compound b + parkinson disease,race + tsi + ceu + ibs + fin + gbr + ethnic + ancestry + non-european + european ancestry,discovery + meta-analysis + stage + summary statistics + meta-analyses + association analysis + combined
1.7e-09,0.87,0.387,rs9331896,8.0,,T/C,,"Stage 2 (n = 18,845) | P","Stage 2 (n = 18,845) | OR",uk biobank + adgc + international genomics of alzheimers project + eadi + ld hub + geradperades + databasestudy + igap + charge,Caucasian + Multi-ethnic + Caribbean Hispanic + African American + Asian,Stage 2 + Discovery + Joint-analysis + Replication + Meta-analysis + Validation + Stage 3 + Stage 1,"reference panel + pre-phasing + shapeitimpute2 + 1,000 genomes project + imputation + phasing",genotyping + sequencing,pittsburgh compound b + complex traits + apoptosis,race + tsi + ceu + ibs + fin + gbr + ethnic + ancestry + non-european + european ancestry,discovery + meta-analysis + stage + summary statistics + meta-analyses + association analysis + combined
0.0,0.87,0.387,rs9331896,8.0,,T/C,,"Overall stage 1 + stage 2 (n = 82,771) | Meta P","Stage 2 (n = 18,845) | OR",uk biobank + adgc + international genomics of alzheimers project + eadi + ld hub + geradperades + databasestudy + igap + charge,Caucasian + Multi-ethnic + Caribbean Hispanic + African American + Asian,Stage 2 + Discovery + Joint-analysis + Replication + Meta-analysis + Validation + Stage 3 + Stage 1,"1,000 genomes + shapeitimpute2 + 1,000 genomes project + imputation + phasing",genotyping + sequencing,pittsburgh compound b + complex traits + apoptosis,race + tsi + ceu + ibs + fin + gbr + ethnic + ancestry + non-european + european ancestry,discovery + meta-analysis + stage + summary statistics + meta-analyses + combined
3.4,0.87,0.387,rs9331896,8.0,,T/C,,"Overall stage 1 + stage 2 (n = 82,771) | I2 (%), Pf","Stage 2 (n = 18,845) | OR",uk biobank + adgc + international genomics of alzheimers project + eadi + ld hub + geradperades + databasestudy + igap + charge,Caucasian + Multi-ethnic + Caribbean Hispanic + African American + Asian,Stage 2 + Discovery + Joint-analysis + Replication + Meta-analysis + Validation + Stage 3 + Stage 1,"pre-phasing + pre-analysis quality control + shapeitimpute2 + 1,000 genomes project + imputation + phasing",genotyping + sequencing,pittsburgh compound b + complex traits + apoptosis,race + tsi + ceu + ibs + fin + gbr + ethnic + ancestry + non-european + european ancestry,discovery + meta-analysis + stage + summary statistics + meta-analyses + association analysis + combined
9.7e-11,0.93,0.448,rs3740688,11.0,,T/G,,"Stage 1 discovery (n = 63,926) | P","Stage 2 (n = 18,845) | OR",uk biobank + adgc + international genomics of alzheimers project + eadi + ld hub + geradperades + databasestudy + igap + charge,Caucasian + Multi-ethnic + Caribbean Hispanic + African American + Asian,Stage 2 + Discovery + Joint-analysis + Replication + Meta-analysis + Validation + Stage 3 + Stage 1,"1,000 genomes + pre-phasing + shapeitimpute2 + thousands of genomes + 1,000 genomes project + imputation + phasing",genotyping + sequencing,multiple sclerosis + complex traits + apoptosis + pittsburgh compound b + parkinson disease,race + tsi + ceu + ibs + fin + gbr + ethnic + ancestry + non-european + european ancestry,discovery + meta-analysis + stage + summary statistics + meta-analyses + association analysis + combined
0.0012,0.93,0.448,rs3740688,11.0,,T/G,,"Stage 2 (n = 18,845) | P","Stage 2 (n = 18,845) | OR",uk biobank + adgc + international genomics of alzheimers project + eadi + ld hub + geradperades + databasestudy + igap + charge,Caucasian + Multi-ethnic + Caribbean Hispanic + African American + Asian,Stage 2 + Discovery + Joint-analysis + Replication + Meta-analysis + Validation + Stage 3 + Stage 1,"reference panel + pre-phasing + shapeitimpute2 + 1,000 genomes project + imputation + phasing",genotyping + sequencing,pittsburgh compound b + complex traits + apoptosis,race + tsi + ceu + ibs + fin + gbr + ethnic + ancestry + non-european + european ancestry,discovery + meta-analysis + stage + summary statistics + meta-analyses + association analysis + combined
5.4e-13,0.93,0.448,rs3740688,11.0,,T/G,,"Overall stage 1 + stage 2 (n = 82,771) | Meta P","Stage 2 (n = 18,845) | OR",uk biobank + adgc + international genomics of alzheimers project + eadi + ld hub + geradperades + databasestudy + igap + charge,Caucasian + Multi-ethnic + Caribbean Hispanic + African American + Asian,Stage 2 + Discovery + Joint-analysis + Replication + Meta-analysis + Validation + Stage 3 + Stage 1,"1,000 genomes + shapeitimpute2 + 1,000 genomes project + imputation + phasing",genotyping + sequencing,pittsburgh compound b + complex traits + apoptosis,race + tsi + ceu + ibs + fin + gbr + ethnic + ancestry + non-european + european ancestry,discovery + meta-analysis + stage + summary statistics + meta-analyses + combined
4.4,0.93,0.448,rs3740688,11.0,,T/G,,"Overall stage 1 + stage 2 (n = 82,771) | I2 (%), Pf","Stage 2 (n = 18,845) | OR",uk biobank + adgc + international genomics of alzheimers project + eadi + ld hub + geradperades + databasestudy + igap + charge,Caucasian + Multi-ethnic + Caribbean Hispanic + African American + Asian,Stage 2 + Discovery + Joint-analysis + Replication + Meta-analysis + Validation + Stage 3 + Stage 1,"pre-phasing + pre-analysis quality control + shapeitimpute2 + 1,000 genomes project + imputation + phasing",genotyping + sequencing,pittsburgh compound b + complex traits + apoptosis,race + tsi + ceu + ibs + fin + gbr + ethnic + ancestry + non-european + european ancestry,discovery + meta-analysis + stage + summary statistics + meta-analyses + association analysis + combined
2e-15,0.9,0.391,rs7933202,11.0,,A/C,,"Stage 1 discovery (n = 63,926) | P","Stage 2 (n = 18,845) | OR",uk biobank + adgc + international genomics of alzheimers project + eadi + ld hub + geradperades + databasestudy + igap + charge,Caucasian + Multi-ethnic + Caribbean Hispanic + African American + Asian,Stage 2 + Discovery + Joint-analysis + Replication + Meta-analysis + Validation + Stage 3 + Stage 1,"1,000 genomes + pre-phasing + shapeitimpute2 + thousands of genomes + 1,000 genomes project + imputation + phasing",genotyping + sequencing,multiple sclerosis + complex traits + apoptosis + pittsburgh compound b + parkinson disease,race + tsi + ceu + ibs + fin + gbr + ethnic + ancestry + non-european + european ancestry,discovery + meta-analysis + stage + summary statistics + meta-analyses + association analysis + combined
1.6e-05,0.9,0.391,rs7933202,11.0,,A/C,,"Stage 2 (n = 18,845) | P","Stage 2 (n = 18,845) | OR",uk biobank + adgc + international genomics of alzheimers project + eadi + ld hub + geradperades + databasestudy + igap + charge,Caucasian + Multi-ethnic + Caribbean Hispanic + African American + Asian,Stage 2 + Discovery + Joint-analysis + Replication + Meta-analysis + Validation + Stage 3 + Stage 1,"reference panel + pre-phasing + shapeitimpute2 + 1,000 genomes project + imputation + phasing",genotyping + sequencing,pittsburgh compound b + complex traits + apoptosis,race + tsi + ceu + ibs + fin + gbr + ethnic + ancestry + non-european + european ancestry,discovery + meta-analysis + stage + summary statistics + meta-analyses + association analysis + combined
0.0,0.9,0.391,rs7933202,11.0,,A/C,,"Overall stage 1 + stage 2 (n = 82,771) | Meta P","Stage 2 (n = 18,845) | OR",uk biobank + adgc + international genomics of alzheimers project + eadi + ld hub + geradperades + databasestudy + igap + charge,Caucasian + Multi-ethnic + Caribbean Hispanic + African American + Asian,Stage 2 + Discovery + Joint-analysis + Replication + Meta-analysis + Validation + Stage 3 + Stage 1,"1,000 genomes + shapeitimpute2 + 1,000 genomes project + imputation + phasing",genotyping + sequencing,pittsburgh compound b + complex traits + apoptosis,race + tsi + ceu + ibs + fin + gbr + ethnic + ancestry + non-european + european ancestry,discovery + meta-analysis + stage + summary statistics + meta-analyses + combined
2.75,0.9,0.391,rs7933202,11.0,,A/C,,"Overall stage 1 + stage 2 (n = 82,771) | I2 (%), Pf","Stage 2 (n = 18,845) | OR",uk biobank + adgc + international genomics of alzheimers project + eadi + ld hub + geradperades + databasestudy + igap + charge,Caucasian + Multi-ethnic + Caribbean Hispanic + African American + Asian,Stage 2 + Discovery + Joint-analysis + Replication + Meta-analysis + Validation + Stage 3 + Stage 1,"pre-phasing + pre-analysis quality control + shapeitimpute2 + 1,000 genomes project + imputation + phasing",genotyping + sequencing,pittsburgh compound b + complex traits + apoptosis,race + tsi + ceu + ibs + fin + gbr + ethnic + ancestry + non-european + european ancestry,discovery + meta-analysis + stage + summary statistics + meta-analyses + association analysis + combined
1e-15,0.85,0.356,rs3851179,11.0,,C/T,,"Stage 1 discovery (n = 63,926) | P","Stage 2 (n = 18,845) | OR",uk biobank + adgc + international genomics of alzheimers project + eadi + ld hub + geradperades + databasestudy + igap + charge,Caucasian + Multi-ethnic + Caribbean Hispanic + African American + Asian,Stage 2 + Discovery + Joint-analysis + Replication + Meta-analysis + Validation + Stage 3 + Stage 1,"1,000 genomes + pre-phasing + shapeitimpute2 + thousands of genomes + 1,000 genomes project + imputation + phasing",genotyping + sequencing,multiple sclerosis + complex traits + apoptosis + pittsburgh compound b + parkinson disease,race + tsi + ceu + ibs + fin + gbr + ethnic + ancestry + non-european + european ancestry,discovery + meta-analysis + stage + summary statistics + meta-analyses + association analysis + combined
6.1e-11,0.85,0.356,rs3851179,11.0,,C/T,,"Stage 2 (n = 18,845) | P","Stage 2 (n = 18,845) | OR",uk biobank + adgc + international genomics of alzheimers project + eadi + ld hub + geradperades + databasestudy + igap + charge,Caucasian + Multi-ethnic + Caribbean Hispanic + African American + Asian,Stage 2 + Discovery + Joint-analysis + Replication + Meta-analysis + Validation + Stage 3 + Stage 1,"reference panel + pre-phasing + shapeitimpute2 + 1,000 genomes project + imputation + phasing",genotyping + sequencing,pittsburgh compound b + complex traits + apoptosis,race + tsi + ceu + ibs + fin + gbr + ethnic + ancestry + non-european + european ancestry,discovery + meta-analysis + stage + summary statistics + meta-analyses + association analysis + combined
0.0,0.85,0.356,rs3851179,11.0,,C/T,,"Overall stage 1 + stage 2 (n = 82,771) | Meta P","Stage 2 (n = 18,845) | OR",uk biobank + adgc + international genomics of alzheimers project + eadi + ld hub + geradperades + databasestudy + igap + charge,Caucasian + Multi-ethnic + Caribbean Hispanic + African American + Asian,Stage 2 + Discovery + Joint-analysis + Replication + Meta-analysis + Validation + Stage 3 + Stage 1,"1,000 genomes + shapeitimpute2 + 1,000 genomes project + imputation + phasing",genotyping + sequencing,pittsburgh compound b + complex traits + apoptosis,race + tsi + ceu + ibs + fin + gbr + ethnic + ancestry + non-european + european ancestry,discovery + meta-analysis + stage + summary statistics + meta-analyses + combined
0.8,0.85,0.356,rs3851179,11.0,,C/T,,"Overall stage 1 + stage 2 (n = 82,771) | I2 (%), Pf","Stage 2 (n = 18,845) | OR",uk biobank + adgc + international genomics of alzheimers project + eadi + ld hub + geradperades + databasestudy + igap + charge,Caucasian + Multi-ethnic + Caribbean Hispanic + African American + Asian,Stage 2 + Discovery + Joint-analysis + Replication + Meta-analysis + Validation + Stage 3 + Stage 1,"pre-phasing + pre-analysis quality control + shapeitimpute2 + 1,000 genomes project + imputation + phasing",genotyping + sequencing,pittsburgh compound b + complex traits + apoptosis,race + tsi + ceu + ibs + fin + gbr + ethnic + ancestry + non-european + european ancestry,discovery + meta-analysis + stage + summary statistics + meta-analyses + association analysis + combined
2.7e-08,0.77,0.04,rs11218343,11.0,,T/C,,"Stage 1 discovery (n = 63,926) | P","Stage 2 (n = 18,845) | OR",uk biobank + adgc + international genomics of alzheimers project + eadi + ld hub + geradperades + databasestudy + igap + charge,Caucasian + Multi-ethnic + Caribbean Hispanic + African American + Asian,Stage 2 + Discovery + Joint-analysis + Replication + Meta-analysis + Validation + Stage 3 + Stage 1,"1,000 genomes + pre-phasing + shapeitimpute2 + thousands of genomes + 1,000 genomes project + imputation + phasing",genotyping + sequencing,multiple sclerosis + complex traits + apoptosis + pittsburgh compound b + parkinson disease,race + tsi + ceu + ibs + fin + gbr + ethnic + ancestry + non-european + european ancestry,discovery + meta-analysis + stage + summary statistics + meta-analyses + association analysis + combined
1.8e-05,0.77,0.04,rs11218343,11.0,,T/C,,"Stage 2 (n = 18,845) | P","Stage 2 (n = 18,845) | OR",uk biobank + adgc + international genomics of alzheimers project + eadi + ld hub + geradperades + databasestudy + igap + charge,Caucasian + Multi-ethnic + Caribbean Hispanic + African American + Asian,Stage 2 + Discovery + Joint-analysis + Replication + Meta-analysis + Validation + Stage 3 + Stage 1,"reference panel + pre-phasing + shapeitimpute2 + 1,000 genomes project + imputation + phasing",genotyping + sequencing,pittsburgh compound b + complex traits + apoptosis,race + tsi + ceu + ibs + fin + gbr + ethnic + ancestry + non-european + european ancestry,discovery + meta-analysis + stage + summary statistics + meta-analyses + association analysis + combined
2.9e-12,0.77,0.04,rs11218343,11.0,,T/C,,"Overall stage 1 + stage 2 (n = 82,771) | Meta P","Stage 2 (n = 18,845) | OR",uk biobank + adgc + international genomics of alzheimers project + eadi + ld hub + geradperades + databasestudy + igap + charge,Caucasian + Multi-ethnic + Caribbean Hispanic + African American + Asian,Stage 2 + Discovery + Joint-analysis + Replication + Meta-analysis + Validation + Stage 3 + Stage 1,"1,000 genomes + shapeitimpute2 + 1,000 genomes project + imputation + phasing",genotyping + sequencing,pittsburgh compound b + complex traits + apoptosis,race + tsi + ceu + ibs + fin + gbr + ethnic + ancestry + non-european + european ancestry,discovery + meta-analysis + stage + summary statistics + meta-analyses + combined
7.300000000000001,0.77,0.04,rs11218343,11.0,,T/C,,"Overall stage 1 + stage 2 (n = 82,771) | I2 (%), Pf","Stage 2 (n = 18,845) | OR",uk biobank + adgc + international genomics of alzheimers project + eadi + ld hub + geradperades + databasestudy + igap + charge,Caucasian + Multi-ethnic + Caribbean Hispanic + African American + Asian,Stage 2 + Discovery + Joint-analysis + Replication + Meta-analysis + Validation + Stage 3 + Stage 1,"pre-phasing + pre-analysis quality control + shapeitimpute2 + 1,000 genomes project + imputation + phasing",genotyping + sequencing,pittsburgh compound b + complex traits + apoptosis,race + tsi + ceu + ibs + fin + gbr + ethnic + ancestry + non-european + european ancestry,discovery + meta-analysis + stage + summary statistics + meta-analyses + association analysis + combined
6.6e-07,1.15,0.093,rs17125924,14.0,,A/G,,"Stage 1 discovery (n = 63,926) | P","Stage 2 (n = 18,845) | OR",uk biobank + adgc + international genomics of alzheimers project + eadi + ld hub + geradperades + databasestudy + igap + charge,Caucasian + Multi-ethnic + Caribbean Hispanic + African American + Asian,Stage 2 + Discovery + Joint-analysis + Replication + Meta-analysis + Validation + Stage 3 + Stage 1,"1,000 genomes + pre-phasing + shapeitimpute2 + thousands of genomes + 1,000 genomes project + imputation + phasing",genotyping + sequencing,multiple sclerosis + complex traits + apoptosis + pittsburgh compound b + parkinson disease,race + tsi + ceu + ibs + fin + gbr + ethnic + ancestry + non-european + european ancestry,discovery + meta-analysis + stage + summary statistics + meta-analyses + association analysis + combined
0.0005,1.15,0.093,rs17125924,14.0,,A/G,,"Stage 2 (n = 18,845) | P","Stage 2 (n = 18,845) | OR",uk biobank + adgc + international genomics of alzheimers project + eadi + ld hub + geradperades + databasestudy + igap + charge,Caucasian + Multi-ethnic + Caribbean Hispanic + African American + Asian,Stage 2 + Discovery + Joint-analysis + Replication + Meta-analysis + Validation + Stage 3 + Stage 1,"reference panel + pre-phasing + shapeitimpute2 + 1,000 genomes project + imputation + phasing",genotyping + sequencing,pittsburgh compound b + complex traits + apoptosis,race + tsi + ceu + ibs + fin + gbr + ethnic + ancestry + non-european + european ancestry,discovery + meta-analysis + stage + summary statistics + meta-analyses + association analysis + combined
1.4e-09,1.15,0.093,rs17125924,14.0,,A/G,,"Overall stage 1 + stage 2 (n = 82,771) | Meta P","Stage 2 (n = 18,845) | OR",uk biobank + adgc + international genomics of alzheimers project + eadi + ld hub + geradperades + databasestudy + igap + charge,Caucasian + Multi-ethnic + Caribbean Hispanic + African American + Asian,Stage 2 + Discovery + Joint-analysis + Replication + Meta-analysis + Validation + Stage 3 + Stage 1,"1,000 genomes + shapeitimpute2 + 1,000 genomes project + imputation + phasing",genotyping + sequencing,pittsburgh compound b + complex traits + apoptosis,race + tsi + ceu + ibs + fin + gbr + ethnic + ancestry + non-european + european ancestry,discovery + meta-analysis + stage + summary statistics + meta-analyses + combined
8.3,1.15,0.093,rs17125924,14.0,,A/G,,"Overall stage 1 + stage 2 (n = 82,771) | I2 (%), Pf","Stage 2 (n = 18,845) | OR",uk biobank + adgc + international genomics of alzheimers project + eadi + ld hub + geradperades + databasestudy + igap + charge,Caucasian + Multi-ethnic + Caribbean Hispanic + African American + Asian,Stage 2 + Discovery + Joint-analysis + Replication + Meta-analysis + Validation + Stage 3 + Stage 1,"pre-phasing + pre-analysis quality control + shapeitimpute2 + 1,000 genomes project + imputation + phasing",genotyping + sequencing,pittsburgh compound b + complex traits + apoptosis,race + tsi + ceu + ibs + fin + gbr + ethnic + ancestry + non-european + european ancestry,discovery + meta-analysis + stage + summary statistics + meta-analyses + association analysis + combined
4.9e-07,0.92,0.221,rs12881735,14.0,,T/C,,"Stage 1 discovery (n = 63,926) | P","Stage 2 (n = 18,845) | OR",uk biobank + adgc + international genomics of alzheimers project + eadi + ld hub + geradperades + databasestudy + igap + charge,Caucasian + Multi-ethnic + Caribbean Hispanic + African American + Asian,Stage 2 + Discovery + Joint-analysis + Replication + Meta-analysis + Validation + Stage 3 + Stage 1,"1,000 genomes + pre-phasing + shapeitimpute2 + thousands of genomes + 1,000 genomes project + imputation + phasing",genotyping + sequencing,multiple sclerosis + complex traits + apoptosis + pittsburgh compound b + parkinson disease,race + tsi + ceu + ibs + fin + gbr + ethnic + ancestry + non-european + european ancestry,discovery + meta-analysis + stage + summary statistics + meta-analyses + association analysis + combined
0.0043,0.92,0.221,rs12881735,14.0,,T/C,,"Stage 2 (n = 18,845) | P","Stage 2 (n = 18,845) | OR",uk biobank + adgc + international genomics of alzheimers project + eadi + ld hub + geradperades + databasestudy + igap + charge,Caucasian + Multi-ethnic + Caribbean Hispanic + African American + Asian,Stage 2 + Discovery + Joint-analysis + Replication + Meta-analysis + Validation + Stage 3 + Stage 1,"reference panel + pre-phasing + shapeitimpute2 + 1,000 genomes project + imputation + phasing",genotyping + sequencing,pittsburgh compound b + complex traits + apoptosis,race + tsi + ceu + ibs + fin + gbr + ethnic + ancestry + non-european + european ancestry,discovery + meta-analysis + stage + summary statistics + meta-analyses + association analysis + combined
7.4e-09,0.92,0.221,rs12881735,14.0,,T/C,,"Overall stage 1 + stage 2 (n = 82,771) | Meta P","Stage 2 (n = 18,845) | OR",uk biobank + adgc + international genomics of alzheimers project + eadi + ld hub + geradperades + databasestudy + igap + charge,Caucasian + Multi-ethnic + Caribbean Hispanic + African American + Asian,Stage 2 + Discovery + Joint-analysis + Replication + Meta-analysis + Validation + Stage 3 + Stage 1,"1,000 genomes + shapeitimpute2 + 1,000 genomes project + imputation + phasing",genotyping + sequencing,pittsburgh compound b + complex traits + apoptosis,race + tsi + ceu + ibs + fin + gbr + ethnic + ancestry + non-european + european ancestry,discovery + meta-analysis + stage + summary statistics + meta-analyses + combined
0.6,0.92,0.221,rs12881735,14.0,,T/C,,"Overall stage 1 + stage 2 (n = 82,771) | I2 (%), Pf","Stage 2 (n = 18,845) | OR",uk biobank + adgc + international genomics of alzheimers project + eadi + ld hub + geradperades + databasestudy + igap + charge,Caucasian + Multi-ethnic + Caribbean Hispanic + African American + Asian,Stage 2 + Discovery + Joint-analysis + Replication + Meta-analysis + Validation + Stage 3 + Stage 1,"pre-phasing + pre-analysis quality control + shapeitimpute2 + 1,000 genomes project + imputation + phasing",genotyping + sequencing,pittsburgh compound b + complex traits + apoptosis,race + tsi + ceu + ibs + fin + gbr + ethnic + ancestry + non-european + european ancestry,discovery + meta-analysis + stage + summary statistics + meta-analyses + association analysis + combined
6.6e-10,1.18,0.182,rs3752246,19.0,,C/G,,"Stage 1 discovery (n = 63,926) | P","Stage 2 (n = 18,845) | OR",uk biobank + adgc + international genomics of alzheimers project + eadi + ld hub + geradperades + databasestudy + igap + charge,Caucasian + Multi-ethnic + Caribbean Hispanic + African American + Asian,Stage 2 + Discovery + Joint-analysis + Replication + Meta-analysis + Validation + Stage 3 + Stage 1,"1,000 genomes + pre-phasing + shapeitimpute2 + thousands of genomes + 1,000 genomes project + imputation + phasing",genotyping + sequencing,multiple sclerosis + complex traits + apoptosis + pittsburgh compound b + parkinson disease,race + tsi + ceu + ibs + fin + gbr + ethnic + ancestry + non-european + european ancestry,discovery + meta-analysis + stage + summary statistics + meta-analyses + association analysis + combined
4.7e-08,1.18,0.182,rs3752246,19.0,,C/G,,"Stage 2 (n = 18,845) | P","Stage 2 (n = 18,845) | OR",uk biobank + adgc + international genomics of alzheimers project + eadi + ld hub + geradperades + databasestudy + igap + charge,Caucasian + Multi-ethnic + Caribbean Hispanic + African American + Asian,Stage 2 + Discovery + Joint-analysis + Replication + Meta-analysis + Validation + Stage 3 + Stage 1,"reference panel + pre-phasing + shapeitimpute2 + 1,000 genomes project + imputation + phasing",genotyping + sequencing,pittsburgh compound b + complex traits + apoptosis,race + tsi + ceu + ibs + fin + gbr + ethnic + ancestry + non-european + european ancestry,discovery + meta-analysis + stage + summary statistics + meta-analyses + association analysis + combined
0.0,1.18,0.182,rs3752246,19.0,,C/G,,"Overall stage 1 + stage 2 (n = 82,771) | Meta P","Stage 2 (n = 18,845) | OR",uk biobank + adgc + international genomics of alzheimers project + eadi + ld hub + geradperades + databasestudy + igap + charge,Caucasian + Multi-ethnic + Caribbean Hispanic + African American + Asian,Stage 2 + Discovery + Joint-analysis + Replication + Meta-analysis + Validation + Stage 3 + Stage 1,"1,000 genomes + shapeitimpute2 + 1,000 genomes project + imputation + phasing",genotyping + sequencing,pittsburgh compound b + complex traits + apoptosis,race + tsi + ceu + ibs + fin + gbr + ethnic + ancestry + non-european + european ancestry,discovery + meta-analysis + stage + summary statistics + meta-analyses + combined
0.5,1.18,0.182,rs3752246,19.0,,C/G,,"Overall stage 1 + stage 2 (n = 82,771) | I2 (%), Pf","Stage 2 (n = 18,845) | OR",uk biobank + adgc + international genomics of alzheimers project + eadi + ld hub + geradperades + databasestudy + igap + charge,Caucasian + Multi-ethnic + Caribbean Hispanic + African American + Asian,Stage 2 + Discovery + Joint-analysis + Replication + Meta-analysis + Validation + Stage 3 + Stage 1,"pre-phasing + pre-analysis quality control + shapeitimpute2 + 1,000 genomes project + imputation + phasing",genotyping + sequencing,pittsburgh compound b + complex traits + apoptosis,race + tsi + ceu + ibs + fin + gbr + ethnic + ancestry + non-european + european ancestry,discovery + meta-analysis + stage + summary statistics + meta-analyses + association analysis + combined
0.0,,0.216,rs429358,19.0,,T/C,,"Stage 1 discovery (n = 63,926) | P","Stage 2 (n = 18,845) | OR",uk biobank + adgc + international genomics of alzheimers project + eadi + ld hub + geradperades + databasestudy + igap + charge,Caucasian + Multi-ethnic + Caribbean Hispanic + African American + Asian,Stage 2 + Discovery + Joint-analysis + Replication + Meta-analysis + Validation + Stage 3 + Stage 1,"1,000 genomes + pre-phasing + shapeitimpute2 + thousands of genomes + 1,000 genomes project + imputation + phasing",genotyping + sequencing,multiple sclerosis + complex traits + apoptosis + pittsburgh compound b + parkinson disease,race + tsi + ceu + ibs + fin + gbr + ethnic + ancestry + non-european + european ancestry,discovery + meta-analysis + stage + summary statistics + meta-analyses + association analysis + combined
,,0.216,rs429358,19.0,,T/C,,"Stage 2 (n = 18,845) | P","Stage 2 (n = 18,845) | OR",uk biobank + adgc + international genomics of alzheimers project + eadi + ld hub + geradperades + databasestudy + igap + charge,Caucasian + Multi-ethnic + Caribbean Hispanic + African American + Asian,Stage 2 + Discovery + Joint-analysis + Replication + Meta-analysis + Validation + Stage 3 + Stage 1,"reference panel + pre-phasing + shapeitimpute2 + 1,000 genomes project + imputation + phasing",genotyping + sequencing,pittsburgh compound b + complex traits + apoptosis,race + tsi + ceu + ibs + fin + gbr + ethnic + ancestry + non-european + european ancestry,discovery + meta-analysis + stage + summary statistics + meta-analyses + association analysis + combined
,,0.216,rs429358,19.0,,T/C,,"Overall stage 1 + stage 2 (n = 82,771) | Meta P","Stage 2 (n = 18,845) | OR",uk biobank + adgc + international genomics of alzheimers project + eadi + ld hub + geradperades + databasestudy + igap + charge,Caucasian + Multi-ethnic + Caribbean Hispanic + African American + Asian,Stage 2 + Discovery + Joint-analysis + Replication + Meta-analysis + Validation + Stage 3 + Stage 1,"1,000 genomes + shapeitimpute2 + 1,000 genomes project + imputation + phasing",genotyping + sequencing,pittsburgh compound b + complex traits + apoptosis,race + tsi + ceu + ibs + fin + gbr + ethnic + ancestry + non-european + european ancestry,discovery + meta-analysis + stage + summary statistics + meta-analyses + combined
0.5,,0.216,rs429358,19.0,,T/C,,"Overall stage 1 + stage 2 (n = 82,771) | I2 (%), Pf","Stage 2 (n = 18,845) | OR",uk biobank + adgc + international genomics of alzheimers project + eadi + ld hub + geradperades + databasestudy + igap + charge,Caucasian + Multi-ethnic + Caribbean Hispanic + African American + Asian,Stage 2 + Discovery + Joint-analysis + Replication + Meta-analysis + Validation + Stage 3 + Stage 1,"pre-phasing + pre-analysis quality control + shapeitimpute2 + 1,000 genomes project + imputation + phasing",genotyping + sequencing,pittsburgh compound b + complex traits + apoptosis,race + tsi + ceu + ibs + fin + gbr + ethnic + ancestry + non-european + european ancestry,discovery + meta-analysis + stage + summary statistics + meta-analyses + association analysis + combined
1.1e-06,0.9,0.088,rs6024870,20.0,,G/A,,"Stage 1 discovery (n = 63,926) | P","Stage 2 (n = 18,845) | OR",uk biobank + adgc + international genomics of alzheimers project + eadi + ld hub + geradperades + databasestudy + igap + charge,Caucasian + Multi-ethnic + Caribbean Hispanic + African American + Asian,Stage 2 + Discovery + Joint-analysis + Replication + Meta-analysis + Validation + Stage 3 + Stage 1,"1,000 genomes + pre-phasing + shapeitimpute2 + thousands of genomes + 1,000 genomes project + imputation + phasing",genotyping + sequencing,multiple sclerosis + complex traits + apoptosis + pittsburgh compound b + parkinson disease,race + tsi + ceu + ibs + fin + gbr + ethnic + ancestry + non-european + european ancestry,discovery + meta-analysis + stage + summary statistics + meta-analyses + association analysis + combined
0.009,0.9,0.088,rs6024870,20.0,,G/A,,"Stage 2 (n = 18,845) | P","Stage 2 (n = 18,845) | OR",uk biobank + adgc + international genomics of alzheimers project + eadi + ld hub + geradperades + databasestudy + igap + charge,Caucasian + Multi-ethnic + Caribbean Hispanic + African American + Asian,Stage 2 + Discovery + Joint-analysis + Replication + Meta-analysis + Validation + Stage 3 + Stage 1,"reference panel + pre-phasing + shapeitimpute2 + 1,000 genomes project + imputation + phasing",genotyping + sequencing,pittsburgh compound b + complex traits + apoptosis,race + tsi + ceu + ibs + fin + gbr + ethnic + ancestry + non-european + european ancestry,discovery + meta-analysis + stage + summary statistics + meta-analyses + association analysis + combined
3.5e-08,0.9,0.088,rs6024870,20.0,,G/A,,"Overall stage 1 + stage 2 (n = 82,771) | Meta P","Stage 2 (n = 18,845) | OR",uk biobank + adgc + international genomics of alzheimers project + eadi + ld hub + geradperades + databasestudy + igap + charge,Caucasian + Multi-ethnic + Caribbean Hispanic + African American + Asian,Stage 2 + Discovery + Joint-analysis + Replication + Meta-analysis + Validation + Stage 3 + Stage 1,"1,000 genomes + shapeitimpute2 + 1,000 genomes project + imputation + phasing",genotyping + sequencing,pittsburgh compound b + complex traits + apoptosis,race + tsi + ceu + ibs + fin + gbr + ethnic + ancestry + non-european + european ancestry,discovery + meta-analysis + stage + summary statistics + meta-analyses + combined
0.9,0.9,0.088,rs6024870,20.0,,G/A,,"Overall stage 1 + stage 2 (n = 82,771) | I2 (%), Pf","Stage 2 (n = 18,845) | OR",uk biobank + adgc + international genomics of alzheimers project + eadi + ld hub + geradperades + databasestudy + igap + charge,Caucasian + Multi-ethnic + Caribbean Hispanic + African American + Asian,Stage 2 + Discovery + Joint-analysis + Replication + Meta-analysis + Validation + Stage 3 + Stage 1,"pre-phasing + pre-analysis quality control + shapeitimpute2 + 1,000 genomes project + imputation + phasing",genotyping + sequencing,pittsburgh compound b + complex traits + apoptosis,race + tsi + ceu + ibs + fin + gbr + ethnic + ancestry + non-european + european ancestry,discovery + meta-analysis + stage + summary statistics + meta-analyses + association analysis + combined
,,,,,,New genome-wide-significant loci reaching significance,,"Stage 1 discovery (n = 63,926) | P","Stage 2 (n = 18,845) | OR",uk biobank + adgc + international genomics of alzheimers project + eadi + ld hub + geradperades + databasestudy + igap + charge,Caucasian + Multi-ethnic + Caribbean Hispanic + African American + Asian,Stage 2 + Discovery + Joint-analysis + Replication + Meta-analysis + Validation + Stage 3 + Stage 1,"1,000 genomes + pre-phasing + shapeitimpute2 + thousands of genomes + 1,000 genomes project + imputation + phasing",genotyping + sequencing,multiple sclerosis + complex traits + apoptosis + pittsburgh compound b + parkinson disease,race + tsi + ceu + ibs + fin + gbr + ethnic + ancestry + non-european + european ancestry,discovery + meta-analysis + stage + summary statistics + meta-analyses + association analysis + combined
,,,,,,New genome-wide-significant loci reaching significance,,"Stage 2 (n = 18,845) | P","Stage 2 (n = 18,845) | OR",uk biobank + adgc + international genomics of alzheimers project + eadi + ld hub + geradperades + databasestudy + igap + charge,Caucasian + Multi-ethnic + Caribbean Hispanic + African American + Asian,Stage 2 + Discovery + Joint-analysis + Replication + Meta-analysis + Validation + Stage 3 + Stage 1,"reference panel + pre-phasing + shapeitimpute2 + 1,000 genomes project + imputation + phasing",genotyping + sequencing,pittsburgh compound b + complex traits + apoptosis,race + tsi + ceu + ibs + fin + gbr + ethnic + ancestry + non-european + european ancestry,discovery + meta-analysis + stage + summary statistics + meta-analyses + association analysis + combined
,,,,,,New genome-wide-significant loci reaching significance,,"Overall stage 1 + stage 2 (n = 82,771) | Meta P","Stage 2 (n = 18,845) | OR",uk biobank + adgc + international genomics of alzheimers project + eadi + ld hub + geradperades + databasestudy + igap + charge,Caucasian + Multi-ethnic + Caribbean Hispanic + African American + Asian,Stage 2 + Discovery + Joint-analysis + Replication + Meta-analysis + Validation + Stage 3 + Stage 1,"1,000 genomes + shapeitimpute2 + 1,000 genomes project + imputation + phasing",genotyping + sequencing,pittsburgh compound b + complex traits + apoptosis,race + tsi + ceu + ibs + fin + gbr + ethnic + ancestry + non-european + european ancestry,discovery + meta-analysis + stage + summary statistics + meta-analyses + combined
,,,,,,New genome-wide-significant loci reaching significance,,"Overall stage 1 + stage 2 (n = 82,771) | I2 (%), Pf","Stage 2 (n = 18,845) | OR",uk biobank + adgc + international genomics of alzheimers project + eadi + ld hub + geradperades + databasestudy + igap + charge,Caucasian + Multi-ethnic + Caribbean Hispanic + African American + Asian,Stage 2 + Discovery + Joint-analysis + Replication + Meta-analysis + Validation + Stage 3 + Stage 1,"pre-phasing + pre-analysis quality control + shapeitimpute2 + 1,000 genomes project + imputation + phasing",genotyping + sequencing,pittsburgh compound b + complex traits + apoptosis,race + tsi + ceu + ibs + fin + gbr + ethnic + ancestry + non-european + european ancestry,discovery + meta-analysis + stage + summary statistics + meta-analyses + association analysis + combined
1.9e-07,1.07,0.389,rs7920721,10.0,,A/G,,"Stage 1 discovery (n = 63,926) | P","Stage 2 (n = 18,845) | OR",uk biobank + adgc + international genomics of alzheimers project + eadi + ld hub + geradperades + databasestudy + igap + charge,Caucasian + Multi-ethnic + Caribbean Hispanic + African American + Asian,Stage 2 + Discovery + Joint-analysis + Replication + Meta-analysis + Validation + Stage 3 + Stage 1,"1,000 genomes + pre-phasing + shapeitimpute2 + thousands of genomes + 1,000 genomes project + imputation + phasing",genotyping + sequencing,multiple sclerosis + complex traits + apoptosis + pittsburgh compound b + parkinson disease,race + tsi + ceu + ibs + fin + gbr + ethnic + ancestry + non-european + european ancestry,discovery + meta-analysis + stage + summary statistics + meta-analyses + association analysis + combined
0.0032,1.07,0.389,rs7920721,10.0,,A/G,,"Stage 2 (n = 18,845) | P","Stage 2 (n = 18,845) | OR",uk biobank + adgc + international genomics of alzheimers project + eadi + ld hub + geradperades + databasestudy + igap + charge,Caucasian + Multi-ethnic + Caribbean Hispanic + African American + Asian,Stage 2 + Discovery + Joint-analysis + Replication + Meta-analysis + Validation + Stage 3 + Stage 1,"reference panel + pre-phasing + shapeitimpute2 + 1,000 genomes project + imputation + phasing",genotyping + sequencing,pittsburgh compound b + complex traits + apoptosis,race + tsi + ceu + ibs + fin + gbr + ethnic + ancestry + non-european + european ancestry,discovery + meta-analysis + stage + summary statistics + meta-analyses + association analysis + combined
2.3e-09,1.07,0.389,rs7920721,10.0,,A/G,,"Overall stage 1 + stage 2 (n = 82,771) | Meta P","Stage 2 (n = 18,845) | OR",uk biobank + adgc + international genomics of alzheimers project + eadi + ld hub + geradperades + databasestudy + igap + charge,Caucasian + Multi-ethnic + Caribbean Hispanic + African American + Asian,Stage 2 + Discovery + Joint-analysis + Replication + Meta-analysis + Validation + Stage 3 + Stage 1,"1,000 genomes + shapeitimpute2 + 1,000 genomes project + imputation + phasing",genotyping + sequencing,pittsburgh compound b + complex traits + apoptosis,race + tsi + ceu + ibs + fin + gbr + ethnic + ancestry + non-european + european ancestry,discovery + meta-analysis + stage + summary statistics + meta-analyses + combined
0.8,1.07,0.389,rs7920721,10.0,,A/G,,"Overall stage 1 + stage 2 (n = 82,771) | I2 (%), Pf","Stage 2 (n = 18,845) | OR",uk biobank + adgc + international genomics of alzheimers project + eadi + ld hub + geradperades + databasestudy + igap + charge,Caucasian + Multi-ethnic + Caribbean Hispanic + African American + Asian,Stage 2 + Discovery + Joint-analysis + Replication + Meta-analysis + Validation + Stage 3 + Stage 1,"pre-phasing + pre-analysis quality control + shapeitimpute2 + 1,000 genomes project + imputation + phasing",genotyping + sequencing,pittsburgh compound b + complex traits + apoptosis,race + tsi + ceu + ibs + fin + gbr + ethnic + ancestry + non-european + european ancestry,discovery + meta-analysis + stage + summary statistics + meta-analyses + association analysis + combined
7.5e-06,1.41,0.02,rs138190086,17.0,,G/A,,"Stage 1 discovery (n = 63,926) | P","Stage 2 (n = 18,845) | OR",uk biobank + adgc + international genomics of alzheimers project + eadi + ld hub + geradperades + databasestudy + igap + charge,Caucasian + Multi-ethnic + Caribbean Hispanic + African American + Asian,Stage 2 + Discovery + Joint-analysis + Replication + Meta-analysis + Validation + Stage 3 + Stage 1,"1,000 genomes + pre-phasing + shapeitimpute2 + thousands of genomes + 1,000 genomes project + imputation + phasing",genotyping + sequencing,multiple sclerosis + complex traits + apoptosis + pittsburgh compound b + parkinson disease,race + tsi + ceu + ibs + fin + gbr + ethnic + ancestry + non-european + european ancestry,discovery + meta-analysis + stage + summary statistics + meta-analyses + association analysis + combined
0.00018,1.41,0.02,rs138190086,17.0,,G/A,,"Stage 2 (n = 18,845) | P","Stage 2 (n = 18,845) | OR",uk biobank + adgc + international genomics of alzheimers project + eadi + ld hub + geradperades + databasestudy + igap + charge,Caucasian + Multi-ethnic + Caribbean Hispanic + African American + Asian,Stage 2 + Discovery + Joint-analysis + Replication + Meta-analysis + Validation + Stage 3 + Stage 1,"reference panel + pre-phasing + shapeitimpute2 + 1,000 genomes project + imputation + phasing",genotyping + sequencing,pittsburgh compound b + complex traits + apoptosis,race + tsi + ceu + ibs + fin + gbr + ethnic + ancestry + non-european + european ancestry,discovery + meta-analysis + stage + summary statistics + meta-analyses + association analysis + combined
7.5e-09,1.41,0.02,rs138190086,17.0,,G/A,,"Overall stage 1 + stage 2 (n = 82,771) | Meta P","Stage 2 (n = 18,845) | OR",uk biobank + adgc + international genomics of alzheimers project + eadi + ld hub + geradperades + databasestudy + igap + charge,Caucasian + Multi-ethnic + Caribbean Hispanic + African American + Asian,Stage 2 + Discovery + Joint-analysis + Replication + Meta-analysis + Validation + Stage 3 + Stage 1,"1,000 genomes + shapeitimpute2 + 1,000 genomes project + imputation + phasing",genotyping + sequencing,pittsburgh compound b + complex traits + apoptosis,race + tsi + ceu + ibs + fin + gbr + ethnic + ancestry + non-european + european ancestry,discovery + meta-analysis + stage + summary statistics + meta-analyses + combined
0.9,1.41,0.02,rs138190086,17.0,,G/A,,"Overall stage 1 + stage 2 (n = 82,771) | I2 (%), Pf","Stage 2 (n = 18,845) | OR",uk biobank + adgc + international genomics of alzheimers project + eadi + ld hub + geradperades + databasestudy + igap + charge,Caucasian + Multi-ethnic + Caribbean Hispanic + African American + Asian,Stage 2 + Discovery + Joint-analysis + Replication + Meta-analysis + Validation + Stage 3 + Stage 1,"pre-phasing + pre-analysis quality control + shapeitimpute2 + 1,000 genomes project + imputation + phasing",genotyping + sequencing,pittsburgh compound b + complex traits + apoptosis,race + tsi + ceu + ibs + fin + gbr + ethnic + ancestry + non-european + european ancestry,discovery + meta-analysis + stage + summary statistics + meta-analyses + association analysis + combined
,,,,,,Previous genome-wide-significant loci not reaching significance,,"Stage 1 discovery (n = 63,926) | P","Stage 2 (n = 18,845) | OR",uk biobank + adgc + international genomics of alzheimers project + eadi + ld hub + geradperades + databasestudy + igap + charge,Caucasian + Multi-ethnic + Caribbean Hispanic + African American + Asian,Stage 2 + Discovery + Joint-analysis + Replication + Meta-analysis + Validation + Stage 3 + Stage 1,"1,000 genomes + pre-phasing + shapeitimpute2 + thousands of genomes + 1,000 genomes project + imputation + phasing",genotyping + sequencing,multiple sclerosis + complex traits + apoptosis + pittsburgh compound b + parkinson disease,race + tsi + ceu + ibs + fin + gbr + ethnic + ancestry + non-european + european ancestry,discovery + meta-analysis + stage + summary statistics + meta-analyses + association analysis + combined
,,,,,,Previous genome-wide-significant loci not reaching significance,,"Stage 2 (n = 18,845) | P","Stage 2 (n = 18,845) | OR",uk biobank + adgc + international genomics of alzheimers project + eadi + ld hub + geradperades + databasestudy + igap + charge,Caucasian + Multi-ethnic + Caribbean Hispanic + African American + Asian,Stage 2 + Discovery + Joint-analysis + Replication + Meta-analysis + Validation + Stage 3 + Stage 1,"reference panel + pre-phasing + shapeitimpute2 + 1,000 genomes project + imputation + phasing",genotyping + sequencing,pittsburgh compound b + complex traits + apoptosis,race + tsi + ceu + ibs + fin + gbr + ethnic + ancestry + non-european + european ancestry,discovery + meta-analysis + stage + summary statistics + meta-analyses + association analysis + combined
,,,,,,Previous genome-wide-significant loci not reaching significance,,"Overall stage 1 + stage 2 (n = 82,771) | Meta P","Stage 2 (n = 18,845) | OR",uk biobank + adgc + international genomics of alzheimers project + eadi + ld hub + geradperades + databasestudy + igap + charge,Caucasian + Multi-ethnic + Caribbean Hispanic + African American + Asian,Stage 2 + Discovery + Joint-analysis + Replication + Meta-analysis + Validation + Stage 3 + Stage 1,"1,000 genomes + shapeitimpute2 + 1,000 genomes project + imputation + phasing",genotyping + sequencing,pittsburgh compound b + complex traits + apoptosis,race + tsi + ceu + ibs + fin + gbr + ethnic + ancestry + non-european + european ancestry,discovery + meta-analysis + stage + summary statistics + meta-analyses + combined
,,,,,,Previous genome-wide-significant loci not reaching significance,,"Overall stage 1 + stage 2 (n = 82,771) | I2 (%), Pf","Stage 2 (n = 18,845) | OR",uk biobank + adgc + international genomics of alzheimers project + eadi + ld hub + geradperades + databasestudy + igap + charge,Caucasian + Multi-ethnic + Caribbean Hispanic + African American + Asian,Stage 2 + Discovery + Joint-analysis + Replication + Meta-analysis + Validation + Stage 3 + Stage 1,"pre-phasing + pre-analysis quality control + shapeitimpute2 + 1,000 genomes project + imputation + phasing",genotyping + sequencing,pittsburgh compound b + complex traits + apoptosis,race + tsi + ceu + ibs + fin + gbr + ethnic + ancestry + non-european + european ancestry,discovery + meta-analysis + stage + summary statistics + meta-analyses + association analysis + combined
0.00028,0.93,0.39,rs190982,5.0,,A/G,,"Stage 1 discovery (n = 63,926) | P","Stage 2 (n = 18,845) | OR",uk biobank + adgc + international genomics of alzheimers project + eadi + ld hub + geradperades + databasestudy + igap + charge,Caucasian + Multi-ethnic + Caribbean Hispanic + African American + Asian,Stage 2 + Discovery + Joint-analysis + Replication + Meta-analysis + Validation + Stage 3 + Stage 1,"1,000 genomes + pre-phasing + shapeitimpute2 + thousands of genomes + 1,000 genomes project + imputation + phasing",genotyping + sequencing,multiple sclerosis + complex traits + apoptosis + pittsburgh compound b + parkinson disease,race + tsi + ceu + ibs + fin + gbr + ethnic + ancestry + non-european + european ancestry,discovery + meta-analysis + stage + summary statistics + meta-analyses + association analysis + combined
0.0027,0.93,0.39,rs190982,5.0,,A/G,,"Stage 2 (n = 18,845) | P","Stage 2 (n = 18,845) | OR",uk biobank + adgc + international genomics of alzheimers project + eadi + ld hub + geradperades + databasestudy + igap + charge,Caucasian + Multi-ethnic + Caribbean Hispanic + African American + Asian,Stage 2 + Discovery + Joint-analysis + Replication + Meta-analysis + Validation + Stage 3 + Stage 1,"reference panel + pre-phasing + shapeitimpute2 + 1,000 genomes project + imputation + phasing",genotyping + sequencing,pittsburgh compound b + complex traits + apoptosis,race + tsi + ceu + ibs + fin + gbr + ethnic + ancestry + non-european + european ancestry,discovery + meta-analysis + stage + summary statistics + meta-analyses + association analysis + combined
2.8e-06,0.93,0.39,rs190982,5.0,,A/G,,"Overall stage 1 + stage 2 (n = 82,771) | Meta P","Stage 2 (n = 18,845) | OR",uk biobank + adgc + international genomics of alzheimers project + eadi + ld hub + geradperades + databasestudy + igap + charge,Caucasian + Multi-ethnic + Caribbean Hispanic + African American + Asian,Stage 2 + Discovery + Joint-analysis + Replication + Meta-analysis + Validation + Stage 3 + Stage 1,"1,000 genomes + shapeitimpute2 + 1,000 genomes project + imputation + phasing",genotyping + sequencing,pittsburgh compound b + complex traits + apoptosis,race + tsi + ceu + ibs + fin + gbr + ethnic + ancestry + non-european + european ancestry,discovery + meta-analysis + stage + summary statistics + meta-analyses + combined
0.6,0.93,0.39,rs190982,5.0,,A/G,,"Overall stage 1 + stage 2 (n = 82,771) | I2 (%), Pf","Stage 2 (n = 18,845) | OR",uk biobank + adgc + international genomics of alzheimers project + eadi + ld hub + geradperades + databasestudy + igap + charge,Caucasian + Multi-ethnic + Caribbean Hispanic + African American + Asian,Stage 2 + Discovery + Joint-analysis + Replication + Meta-analysis + Validation + Stage 3 + Stage 1,"pre-phasing + pre-analysis quality control + shapeitimpute2 + 1,000 genomes project + imputation + phasing",genotyping + sequencing,pittsburgh compound b + complex traits + apoptosis,race + tsi + ceu + ibs + fin + gbr + ethnic + ancestry + non-european + european ancestry,discovery + meta-analysis + stage + summary statistics + meta-analyses + association analysis + combined
0.00027,0.91,0.356,rs4723711,7.0,,A/T,,"Stage 1 discovery (n = 63,926) | P","Stage 2 (n = 18,845) | OR",uk biobank + adgc + international genomics of alzheimers project + eadi + ld hub + geradperades + databasestudy + igap + charge,Caucasian + Multi-ethnic + Caribbean Hispanic + African American + Asian,Stage 2 + Discovery + Joint-analysis + Replication + Meta-analysis + Validation + Stage 3 + Stage 1,"1,000 genomes + pre-phasing + shapeitimpute2 + thousands of genomes + 1,000 genomes project + imputation + phasing",genotyping + sequencing,multiple sclerosis + complex traits + apoptosis + pittsburgh compound b + parkinson disease,race + tsi + ceu + ibs + fin + gbr + ethnic + ancestry + non-european + european ancestry,discovery + meta-analysis + stage + summary statistics + meta-analyses + association analysis + combined
0.0001,0.91,0.356,rs4723711,7.0,,A/T,,"Stage 2 (n = 18,845) | P","Stage 2 (n = 18,845) | OR",uk biobank + adgc + international genomics of alzheimers project + eadi + ld hub + geradperades + databasestudy + igap + charge,Caucasian + Multi-ethnic + Caribbean Hispanic + African American + Asian,Stage 2 + Discovery + Joint-analysis + Replication + Meta-analysis + Validation + Stage 3 + Stage 1,"reference panel + pre-phasing + shapeitimpute2 + 1,000 genomes project + imputation + phasing",genotyping + sequencing,pittsburgh compound b + complex traits + apoptosis,race + tsi + ceu + ibs + fin + gbr + ethnic + ancestry + non-european + european ancestry,discovery + meta-analysis + stage + summary statistics + meta-analyses + association analysis + combined
2.8e-07,0.91,0.356,rs4723711,7.0,,A/T,,"Overall stage 1 + stage 2 (n = 82,771) | Meta P","Stage 2 (n = 18,845) | OR",uk biobank + adgc + international genomics of alzheimers project + eadi + ld hub + geradperades + databasestudy + igap + charge,Caucasian + Multi-ethnic + Caribbean Hispanic + African American + Asian,Stage 2 + Discovery + Joint-analysis + Replication + Meta-analysis + Validation + Stage 3 + Stage 1,"1,000 genomes + shapeitimpute2 + 1,000 genomes project + imputation + phasing",genotyping + sequencing,pittsburgh compound b + complex traits + apoptosis,race + tsi + ceu + ibs + fin + gbr + ethnic + ancestry + non-european + european ancestry,discovery + meta-analysis + stage + summary statistics + meta-analyses + combined
0.5,0.91,0.356,rs4723711,7.0,,A/T,,"Overall stage 1 + stage 2 (n = 82,771) | I2 (%), Pf","Stage 2 (n = 18,845) | OR",uk biobank + adgc + international genomics of alzheimers project + eadi + ld hub + geradperades + databasestudy + igap + charge,Caucasian + Multi-ethnic + Caribbean Hispanic + African American + Asian,Stage 2 + Discovery + Joint-analysis + Replication + Meta-analysis + Validation + Stage 3 + Stage 1,"pre-phasing + pre-analysis quality control + shapeitimpute2 + 1,000 genomes project + imputation + phasing",genotyping + sequencing,pittsburgh compound b + complex traits + apoptosis,race + tsi + ceu + ibs + fin + gbr + ethnic + ancestry + non-european + european ancestry,discovery + meta-analysis + stage + summary statistics + meta-analyses + association analysis + combined
,,,,,,,,"Stage 1 discovery (n = 63,926) | P","Overall stage 1 + stage 2 (n = 82,771) | OR",uk biobank + adgc + international genomics of alzheimers project + eadi + ld hub + geradperades + databasestudy + igap + charge,Caucasian + Multi-ethnic + Caribbean Hispanic + African American + Asian,Stage 2 + Discovery + Joint-analysis + Replication + Meta-analysis + Validation + Stage 3 + Stage 1,"1,000 genomes + pre-phasing + shapeitimpute2 + thousands of genomes + 1,000 genomes project + imputation + phasing",genotyping + sequencing,multiple sclerosis + complex traits + parkinson disease + apoptosis,race + tsi + ceu + ibs + fin + gbr + ethnic + ancestry + non-european + european ancestry,discovery + meta-analysis + stage + summary statistics + meta-analyses + association analysis + combined
,,,,,,,,"Stage 2 (n = 18,845) | P","Overall stage 1 + stage 2 (n = 82,771) | OR",uk biobank + adgc + international genomics of alzheimers project + eadi + ld hub + geradperades + databasestudy + igap + charge,Caucasian + Multi-ethnic + Caribbean Hispanic + African American + Asian,Stage 2 + Discovery + Joint-analysis + Replication + Meta-analysis + Validation + Stage 3 + Stage 1,"reference panel + 1,000 genomes + pre-phasing + shapeitimpute2 + 1,000 genomes project + imputation + phasing",genotyping + sequencing,pittsburgh compound b + complex traits + apoptosis,race + tsi + ceu + ibs + fin + gbr + ethnic + ancestry + non-european + european ancestry,discovery + meta-analysis + stage + summary statistics + meta-analyses + association analysis + combined
,,,,,,,,"Overall stage 1 + stage 2 (n = 82,771) | Meta P","Overall stage 1 + stage 2 (n = 82,771) | OR",uk biobank + adgc + international genomics of alzheimers project + eadi + ld hub + geradperades + databasestudy + igap + charge,Caucasian + Multi-ethnic + Caribbean Hispanic + African American + Asian,Stage 2 + Discovery + Joint-analysis + Replication + Meta-analysis + Validation + Stage 3 + Stage 1,"1,000 genomes + 1,000 genomes project + shapeitimpute2 + imputation",genotyping + sequencing,complex traits + apoptosis,race + tsi + ceu + ibs + fin + gbr + ethnic + ancestry + non-european + european ancestry,meta-analysis + stage + summary statistics + meta-analyses + combined
,,,,,,,,"Overall stage 1 + stage 2 (n = 82,771) | I2 (%), Pf","Overall stage 1 + stage 2 (n = 82,771) | OR",uk biobank + adgc + international genomics of alzheimers project + eadi + ld hub + geradperades + databasestudy + igap + charge,Caucasian + Multi-ethnic + Caribbean Hispanic + African American + Asian,Stage 2 + Discovery + Joint-analysis + Replication + Meta-analysis + Validation + Stage 3 + Stage 1,"1,000 genomes + pre-phasing + pre-analysis quality control + shapeitimpute2 + 1,000 genomes project + imputation + phasing",genotyping + sequencing,complex traits + apoptosis,race + tsi + ceu + ibs + fin + gbr + ethnic + ancestry + non-european + european ancestry,meta-analysis + stage + summary statistics + meta-analyses + association analysis + combined
,,,,,,Previous genome-wide-significant loci still reaching significance,,"Stage 1 discovery (n = 63,926) | P","Overall stage 1 + stage 2 (n = 82,771) | OR",uk biobank + adgc + international genomics of alzheimers project + eadi + ld hub + geradperades + databasestudy + igap + charge,Caucasian + Multi-ethnic + Caribbean Hispanic + African American + Asian,Stage 2 + Discovery + Joint-analysis + Replication + Meta-analysis + Validation + Stage 3 + Stage 1,"1,000 genomes + pre-phasing + shapeitimpute2 + thousands of genomes + 1,000 genomes project + imputation + phasing",genotyping + sequencing,multiple sclerosis + complex traits + parkinson disease + apoptosis,race + tsi + ceu + ibs + fin + gbr + ethnic + ancestry + non-european + european ancestry,discovery + meta-analysis + stage + summary statistics + meta-analyses + association analysis + combined
,,,,,,Previous genome-wide-significant loci still reaching significance,,"Stage 2 (n = 18,845) | P","Overall stage 1 + stage 2 (n = 82,771) | OR",uk biobank + adgc + international genomics of alzheimers project + eadi + ld hub + geradperades + databasestudy + igap + charge,Caucasian + Multi-ethnic + Caribbean Hispanic + African American + Asian,Stage 2 + Discovery + Joint-analysis + Replication + Meta-analysis + Validation + Stage 3 + Stage 1,"reference panel + 1,000 genomes + pre-phasing + shapeitimpute2 + 1,000 genomes project + imputation + phasing",genotyping + sequencing,pittsburgh compound b + complex traits + apoptosis,race + tsi + ceu + ibs + fin + gbr + ethnic + ancestry + non-european + european ancestry,discovery + meta-analysis + stage + summary statistics + meta-analyses + association analysis + combined
,,,,,,Previous genome-wide-significant loci still reaching significance,,"Overall stage 1 + stage 2 (n = 82,771) | Meta P","Overall stage 1 + stage 2 (n = 82,771) | OR",uk biobank + adgc + international genomics of alzheimers project + eadi + ld hub + geradperades + databasestudy + igap + charge,Caucasian + Multi-ethnic + Caribbean Hispanic + African American + Asian,Stage 2 + Discovery + Joint-analysis + Replication + Meta-analysis + Validation + Stage 3 + Stage 1,"1,000 genomes + 1,000 genomes project + shapeitimpute2 + imputation",genotyping + sequencing,complex traits + apoptosis,race + tsi + ceu + ibs + fin + gbr + ethnic + ancestry + non-european + european ancestry,meta-analysis + stage + summary statistics + meta-analyses + combined
,,,,,,Previous genome-wide-significant loci still reaching significance,,"Overall stage 1 + stage 2 (n = 82,771) | I2 (%), Pf","Overall stage 1 + stage 2 (n = 82,771) | OR",uk biobank + adgc + international genomics of alzheimers project + eadi + ld hub + geradperades + databasestudy + igap + charge,Caucasian + Multi-ethnic + Caribbean Hispanic + African American + Asian,Stage 2 + Discovery + Joint-analysis + Replication + Meta-analysis + Validation + Stage 3 + Stage 1,"1,000 genomes + pre-phasing + pre-analysis quality control + shapeitimpute2 + 1,000 genomes project + imputation + phasing",genotyping + sequencing,complex traits + apoptosis,race + tsi + ceu + ibs + fin + gbr + ethnic + ancestry + non-european + european ancestry,meta-analysis + stage + summary statistics + meta-analyses + association analysis + combined
1e-15,1.17,0.187,rs4844610,1.0,,C/A,,"Stage 1 discovery (n = 63,926) | P","Overall stage 1 + stage 2 (n = 82,771) | OR",uk biobank + adgc + international genomics of alzheimers project + eadi + ld hub + geradperades + databasestudy + igap + charge,Caucasian + Multi-ethnic + Caribbean Hispanic + African American + Asian,Stage 2 + Discovery + Joint-analysis + Replication + Meta-analysis + Validation + Stage 3 + Stage 1,"1,000 genomes + pre-phasing + shapeitimpute2 + thousands of genomes + 1,000 genomes project + imputation + phasing",genotyping + sequencing,multiple sclerosis + complex traits + parkinson disease + apoptosis,race + tsi + ceu + ibs + fin + gbr + ethnic + ancestry + non-european + european ancestry,discovery + meta-analysis + stage + summary statistics + meta-analyses + association analysis + combined
3.8e-10,1.17,0.187,rs4844610,1.0,,C/A,,"Stage 2 (n = 18,845) | P","Overall stage 1 + stage 2 (n = 82,771) | OR",uk biobank + adgc + international genomics of alzheimers project + eadi + ld hub + geradperades + databasestudy + igap + charge,Caucasian + Multi-ethnic + Caribbean Hispanic + African American + Asian,Stage 2 + Discovery + Joint-analysis + Replication + Meta-analysis + Validation + Stage 3 + Stage 1,"reference panel + 1,000 genomes + pre-phasing + shapeitimpute2 + 1,000 genomes project + imputation + phasing",genotyping + sequencing,pittsburgh compound b + complex traits + apoptosis,race + tsi + ceu + ibs + fin + gbr + ethnic + ancestry + non-european + european ancestry,discovery + meta-analysis + stage + summary statistics + meta-analyses + association analysis + combined
0.0,1.17,0.187,rs4844610,1.0,,C/A,,"Overall stage 1 + stage 2 (n = 82,771) | Meta P","Overall stage 1 + stage 2 (n = 82,771) | OR",uk biobank + adgc + international genomics of alzheimers project + eadi + ld hub + geradperades + databasestudy + igap + charge,Caucasian + Multi-ethnic + Caribbean Hispanic + African American + Asian,Stage 2 + Discovery + Joint-analysis + Replication + Meta-analysis + Validation + Stage 3 + Stage 1,"1,000 genomes + 1,000 genomes project + shapeitimpute2 + imputation",genotyping + sequencing,complex traits + apoptosis,race + tsi + ceu + ibs + fin + gbr + ethnic + ancestry + non-european + european ancestry,meta-analysis + stage + summary statistics + meta-analyses + combined
0.8,1.17,0.187,rs4844610,1.0,,C/A,,"Overall stage 1 + stage 2 (n = 82,771) | I2 (%), Pf","Overall stage 1 + stage 2 (n = 82,771) | OR",uk biobank + adgc + international genomics of alzheimers project + eadi + ld hub + geradperades + databasestudy + igap + charge,Caucasian + Multi-ethnic + Caribbean Hispanic + African American + Asian,Stage 2 + Discovery + Joint-analysis + Replication + Meta-analysis + Validation + Stage 3 + Stage 1,"1,000 genomes + pre-phasing + pre-analysis quality control + shapeitimpute2 + 1,000 genomes project + imputation + phasing",genotyping + sequencing,complex traits + apoptosis,race + tsi + ceu + ibs + fin + gbr + ethnic + ancestry + non-european + european ancestry,meta-analysis + stage + summary statistics + meta-analyses + association analysis + combined
0.0,1.2,0.407,rs6733839,2.0,,C/T,,"Stage 1 discovery (n = 63,926) | P","Overall stage 1 + stage 2 (n = 82,771) | OR",uk biobank + adgc + international genomics of alzheimers project + eadi + ld hub + geradperades + databasestudy + igap + charge,Caucasian + Multi-ethnic + Caribbean Hispanic + African American + Asian,Stage 2 + Discovery + Joint-analysis + Replication + Meta-analysis + Validation + Stage 3 + Stage 1,"1,000 genomes + pre-phasing + shapeitimpute2 + thousands of genomes + 1,000 genomes project + imputation + phasing",genotyping + sequencing,multiple sclerosis + complex traits + parkinson disease + apoptosis,race + tsi + ceu + ibs + fin + gbr + ethnic + ancestry + non-european + european ancestry,discovery + meta-analysis + stage + summary statistics + meta-analyses + association analysis + combined
0.0,1.2,0.407,rs6733839,2.0,,C/T,,"Stage 2 (n = 18,845) | P","Overall stage 1 + stage 2 (n = 82,771) | OR",uk biobank + adgc + international genomics of alzheimers project + eadi + ld hub + geradperades + databasestudy + igap + charge,Caucasian + Multi-ethnic + Caribbean Hispanic + African American + Asian,Stage 2 + Discovery + Joint-analysis + Replication + Meta-analysis + Validation + Stage 3 + Stage 1,"reference panel + 1,000 genomes + pre-phasing + shapeitimpute2 + 1,000 genomes project + imputation + phasing",genotyping + sequencing,pittsburgh compound b + complex traits + apoptosis,race + tsi + ceu + ibs + fin + gbr + ethnic + ancestry + non-european + european ancestry,discovery + meta-analysis + stage + summary statistics + meta-analyses + association analysis + combined
0.0,1.2,0.407,rs6733839,2.0,,C/T,,"Overall stage 1 + stage 2 (n = 82,771) | Meta P","Overall stage 1 + stage 2 (n = 82,771) | OR",uk biobank + adgc + international genomics of alzheimers project + eadi + ld hub + geradperades + databasestudy + igap + charge,Caucasian + Multi-ethnic + Caribbean Hispanic + African American + Asian,Stage 2 + Discovery + Joint-analysis + Replication + Meta-analysis + Validation + Stage 3 + Stage 1,"1,000 genomes + 1,000 genomes project + shapeitimpute2 + imputation",genotyping + sequencing,complex traits + apoptosis,race + tsi + ceu + ibs + fin + gbr + ethnic + ancestry + non-european + european ancestry,meta-analysis + stage + summary statistics + meta-analyses + combined
15.2,1.2,0.407,rs6733839,2.0,,C/T,,"Overall stage 1 + stage 2 (n = 82,771) | I2 (%), Pf","Overall stage 1 + stage 2 (n = 82,771) | OR",uk biobank + adgc + international genomics of alzheimers project + eadi + ld hub + geradperades + databasestudy + igap + charge,Caucasian + Multi-ethnic + Caribbean Hispanic + African American + Asian,Stage 2 + Discovery + Joint-analysis + Replication + Meta-analysis + Validation + Stage 3 + Stage 1,"1,000 genomes + pre-phasing + pre-analysis quality control + shapeitimpute2 + 1,000 genomes project + imputation + phasing",genotyping + sequencing,complex traits + apoptosis,race + tsi + ceu + ibs + fin + gbr + ethnic + ancestry + non-european + european ancestry,meta-analysis + stage + summary statistics + meta-analyses + association analysis + combined
2.6e-07,0.91,0.223,rs10933431,2.0,,C/G,,"Stage 1 discovery (n = 63,926) | P","Overall stage 1 + stage 2 (n = 82,771) | OR",uk biobank + adgc + international genomics of alzheimers project + eadi + ld hub + geradperades + databasestudy + igap + charge,Caucasian + Multi-ethnic + Caribbean Hispanic + African American + Asian,Stage 2 + Discovery + Joint-analysis + Replication + Meta-analysis + Validation + Stage 3 + Stage 1,"1,000 genomes + pre-phasing + shapeitimpute2 + thousands of genomes + 1,000 genomes project + imputation + phasing",genotyping + sequencing,multiple sclerosis + complex traits + parkinson disease + apoptosis,race + tsi + ceu + ibs + fin + gbr + ethnic + ancestry + non-european + european ancestry,discovery + meta-analysis + stage + summary statistics + meta-analyses + association analysis + combined
0.0032,0.91,0.223,rs10933431,2.0,,C/G,,"Stage 2 (n = 18,845) | P","Overall stage 1 + stage 2 (n = 82,771) | OR",uk biobank + adgc + international genomics of alzheimers project + eadi + ld hub + geradperades + databasestudy + igap + charge,Caucasian + Multi-ethnic + Caribbean Hispanic + African American + Asian,Stage 2 + Discovery + Joint-analysis + Replication + Meta-analysis + Validation + Stage 3 + Stage 1,"reference panel + 1,000 genomes + pre-phasing + shapeitimpute2 + 1,000 genomes project + imputation + phasing",genotyping + sequencing,pittsburgh compound b + complex traits + apoptosis,race + tsi + ceu + ibs + fin + gbr + ethnic + ancestry + non-european + european ancestry,discovery + meta-analysis + stage + summary statistics + meta-analyses + association analysis + combined
3.4e-09,0.91,0.223,rs10933431,2.0,,C/G,,"Overall stage 1 + stage 2 (n = 82,771) | Meta P","Overall stage 1 + stage 2 (n = 82,771) | OR",uk biobank + adgc + international genomics of alzheimers project + eadi + ld hub + geradperades + databasestudy + igap + charge,Caucasian + Multi-ethnic + Caribbean Hispanic + African American + Asian,Stage 2 + Discovery + Joint-analysis + Replication + Meta-analysis + Validation + Stage 3 + Stage 1,"1,000 genomes + 1,000 genomes project + shapeitimpute2 + imputation",genotyping + sequencing,complex traits + apoptosis,race + tsi + ceu + ibs + fin + gbr + ethnic + ancestry + non-european + european ancestry,meta-analysis + stage + summary statistics + meta-analyses + combined
0.8,0.91,0.223,rs10933431,2.0,,C/G,,"Overall stage 1 + stage 2 (n = 82,771) | I2 (%), Pf","Overall stage 1 + stage 2 (n = 82,771) | OR",uk biobank + adgc + international genomics of alzheimers project + eadi + ld hub + geradperades + databasestudy + igap + charge,Caucasian + Multi-ethnic + Caribbean Hispanic + African American + Asian,Stage 2 + Discovery + Joint-analysis + Replication + Meta-analysis + Validation + Stage 3 + Stage 1,"1,000 genomes + pre-phasing + pre-analysis quality control + shapeitimpute2 + 1,000 genomes project + imputation + phasing",genotyping + sequencing,complex traits + apoptosis,race + tsi + ceu + ibs + fin + gbr + ethnic + ancestry + non-european + european ancestry,meta-analysis + stage + summary statistics + meta-analyses + association analysis + combined
5.1e-08,1.1,0.27,rs9271058,6.0,,T/A,,"Stage 1 discovery (n = 63,926) | P","Overall stage 1 + stage 2 (n = 82,771) | OR",uk biobank + adgc + international genomics of alzheimers project + eadi + ld hub + geradperades + databasestudy + igap + charge,Caucasian + Multi-ethnic + Caribbean Hispanic + African American + Asian,Stage 2 + Discovery + Joint-analysis + Replication + Meta-analysis + Validation + Stage 3 + Stage 1,"1,000 genomes + pre-phasing + shapeitimpute2 + thousands of genomes + 1,000 genomes project + imputation + phasing",genotyping + sequencing,multiple sclerosis + complex traits + parkinson disease + apoptosis,race + tsi + ceu + ibs + fin + gbr + ethnic + ancestry + non-european + european ancestry,discovery + meta-analysis + stage + summary statistics + meta-analyses + association analysis + combined
5.7e-05,1.1,0.27,rs9271058,6.0,,T/A,,"Stage 2 (n = 18,845) | P","Overall stage 1 + stage 2 (n = 82,771) | OR",uk biobank + adgc + international genomics of alzheimers project + eadi + ld hub + geradperades + databasestudy + igap + charge,Caucasian + Multi-ethnic + Caribbean Hispanic + African American + Asian,Stage 2 + Discovery + Joint-analysis + Replication + Meta-analysis + Validation + Stage 3 + Stage 1,"reference panel + 1,000 genomes + pre-phasing + shapeitimpute2 + 1,000 genomes project + imputation + phasing",genotyping + sequencing,pittsburgh compound b + complex traits + apoptosis,race + tsi + ceu + ibs + fin + gbr + ethnic + ancestry + non-european + european ancestry,discovery + meta-analysis + stage + summary statistics + meta-analyses + association analysis + combined
1.4e-11,1.1,0.27,rs9271058,6.0,,T/A,,"Overall stage 1 + stage 2 (n = 82,771) | Meta P","Overall stage 1 + stage 2 (n = 82,771) | OR",uk biobank + adgc + international genomics of alzheimers project + eadi + ld hub + geradperades + databasestudy + igap + charge,Caucasian + Multi-ethnic + Caribbean Hispanic + African American + Asian,Stage 2 + Discovery + Joint-analysis + Replication + Meta-analysis + Validation + Stage 3 + Stage 1,"1,000 genomes + 1,000 genomes project + shapeitimpute2 + imputation",genotyping + sequencing,complex traits + apoptosis,race + tsi + ceu + ibs + fin + gbr + ethnic + ancestry + non-european + european ancestry,meta-analysis + stage + summary statistics + meta-analyses + combined
10.3,1.1,0.27,rs9271058,6.0,,T/A,,"Overall stage 1 + stage 2 (n = 82,771) | I2 (%), Pf","Overall stage 1 + stage 2 (n = 82,771) | OR",uk biobank + adgc + international genomics of alzheimers project + eadi + ld hub + geradperades + databasestudy + igap + charge,Caucasian + Multi-ethnic + Caribbean Hispanic + African American + Asian,Stage 2 + Discovery + Joint-analysis + Replication + Meta-analysis + Validation + Stage 3 + Stage 1,"1,000 genomes + pre-phasing + pre-analysis quality control + shapeitimpute2 + 1,000 genomes project + imputation + phasing",genotyping + sequencing,complex traits + apoptosis,race + tsi + ceu + ibs + fin + gbr + ethnic + ancestry + non-european + european ancestry,meta-analysis + stage + summary statistics + meta-analyses + association analysis + combined
2.9e-12,2.08,0.008,rs75932628,6.0,,C/T,,"Stage 1 discovery (n = 63,926) | P","Overall stage 1 + stage 2 (n = 82,771) | OR",uk biobank + adgc + international genomics of alzheimers project + eadi + ld hub + geradperades + databasestudy + igap + charge,Caucasian + Multi-ethnic + Caribbean Hispanic + African American + Asian,Stage 2 + Discovery + Joint-analysis + Replication + Meta-analysis + Validation + Stage 3 + Stage 1,"1,000 genomes + pre-phasing + shapeitimpute2 + thousands of genomes + 1,000 genomes project + imputation + phasing",genotyping + sequencing,multiple sclerosis + complex traits + parkinson disease + apoptosis,race + tsi + ceu + ibs + fin + gbr + ethnic + ancestry + non-european + european ancestry,discovery + meta-analysis + stage + summary statistics + meta-analyses + association analysis + combined
0.00015,2.08,0.008,rs75932628,6.0,,C/T,,"Stage 2 (n = 18,845) | P","Overall stage 1 + stage 2 (n = 82,771) | OR",uk biobank + adgc + international genomics of alzheimers project + eadi + ld hub + geradperades + databasestudy + igap + charge,Caucasian + Multi-ethnic + Caribbean Hispanic + African American + Asian,Stage 2 + Discovery + Joint-analysis + Replication + Meta-analysis + Validation + Stage 3 + Stage 1,"reference panel + 1,000 genomes + pre-phasing + shapeitimpute2 + 1,000 genomes project + imputation + phasing",genotyping + sequencing,pittsburgh compound b + complex traits + apoptosis,race + tsi + ceu + ibs + fin + gbr + ethnic + ancestry + non-european + european ancestry,discovery + meta-analysis + stage + summary statistics + meta-analyses + association analysis + combined
3e-15,2.08,0.008,rs75932628,6.0,,C/T,,"Overall stage 1 + stage 2 (n = 82,771) | Meta P","Overall stage 1 + stage 2 (n = 82,771) | OR",uk biobank + adgc + international genomics of alzheimers project + eadi + ld hub + geradperades + databasestudy + igap + charge,Caucasian + Multi-ethnic + Caribbean Hispanic + African American + Asian,Stage 2 + Discovery + Joint-analysis + Replication + Meta-analysis + Validation + Stage 3 + Stage 1,"1,000 genomes + 1,000 genomes project + shapeitimpute2 + imputation",genotyping + sequencing,complex traits + apoptosis,race + tsi + ceu + ibs + fin + gbr + ethnic + ancestry + non-european + european ancestry,meta-analysis + stage + summary statistics + meta-analyses + combined
0.6,2.08,0.008,rs75932628,6.0,,C/T,,"Overall stage 1 + stage 2 (n = 82,771) | I2 (%), Pf","Overall stage 1 + stage 2 (n = 82,771) | OR",uk biobank + adgc + international genomics of alzheimers project + eadi + ld hub + geradperades + databasestudy + igap + charge,Caucasian + Multi-ethnic + Caribbean Hispanic + African American + Asian,Stage 2 + Discovery + Joint-analysis + Replication + Meta-analysis + Validation + Stage 3 + Stage 1,"1,000 genomes + pre-phasing + pre-analysis quality control + shapeitimpute2 + 1,000 genomes project + imputation + phasing",genotyping + sequencing,complex traits + apoptosis,race + tsi + ceu + ibs + fin + gbr + ethnic + ancestry + non-european + european ancestry,meta-analysis + stage + summary statistics + meta-analyses + association analysis + combined
2.3e-07,1.09,0.28,rs9473117,6.0,,A/C,,"Stage 1 discovery (n = 63,926) | P","Overall stage 1 + stage 2 (n = 82,771) | OR",uk biobank + adgc + international genomics of alzheimers project + eadi + ld hub + geradperades + databasestudy + igap + charge,Caucasian + Multi-ethnic + Caribbean Hispanic + African American + Asian,Stage 2 + Discovery + Joint-analysis + Replication + Meta-analysis + Validation + Stage 3 + Stage 1,"1,000 genomes + pre-phasing + shapeitimpute2 + thousands of genomes + 1,000 genomes project + imputation + phasing",genotyping + sequencing,multiple sclerosis + complex traits + parkinson disease + apoptosis,race + tsi + ceu + ibs + fin + gbr + ethnic + ancestry + non-european + european ancestry,discovery + meta-analysis + stage + summary statistics + meta-analyses + association analysis + combined
0.0001,1.09,0.28,rs9473117,6.0,,A/C,,"Stage 2 (n = 18,845) | P","Overall stage 1 + stage 2 (n = 82,771) | OR",uk biobank + adgc + international genomics of alzheimers project + eadi + ld hub + geradperades + databasestudy + igap + charge,Caucasian + Multi-ethnic + Caribbean Hispanic + African American + Asian,Stage 2 + Discovery + Joint-analysis + Replication + Meta-analysis + Validation + Stage 3 + Stage 1,"reference panel + 1,000 genomes + pre-phasing + shapeitimpute2 + 1,000 genomes project + imputation + phasing",genotyping + sequencing,pittsburgh compound b + complex traits + apoptosis,race + tsi + ceu + ibs + fin + gbr + ethnic + ancestry + non-european + european ancestry,discovery + meta-analysis + stage + summary statistics + meta-analyses + association analysis + combined
1.2e-10,1.09,0.28,rs9473117,6.0,,A/C,,"Overall stage 1 + stage 2 (n = 82,771) | Meta P","Overall stage 1 + stage 2 (n = 82,771) | OR",uk biobank + adgc + international genomics of alzheimers project + eadi + ld hub + geradperades + databasestudy + igap + charge,Caucasian + Multi-ethnic + Caribbean Hispanic + African American + Asian,Stage 2 + Discovery + Joint-analysis + Replication + Meta-analysis + Validation + Stage 3 + Stage 1,"1,000 genomes + 1,000 genomes project + shapeitimpute2 + imputation",genotyping + sequencing,complex traits + apoptosis,race + tsi + ceu + ibs + fin + gbr + ethnic + ancestry + non-european + european ancestry,meta-analysis + stage + summary statistics + meta-analyses + combined
0.6,1.09,0.28,rs9473117,6.0,,A/C,,"Overall stage 1 + stage 2 (n = 82,771) | I2 (%), Pf","Overall stage 1 + stage 2 (n = 82,771) | OR",uk biobank + adgc + international genomics of alzheimers project + eadi + ld hub + geradperades + databasestudy + igap + charge,Caucasian + Multi-ethnic + Caribbean Hispanic + African American + Asian,Stage 2 + Discovery + Joint-analysis + Replication + Meta-analysis + Validation + Stage 3 + Stage 1,"1,000 genomes + pre-phasing + pre-analysis quality control + shapeitimpute2 + 1,000 genomes project + imputation + phasing",genotyping + sequencing,complex traits + apoptosis,race + tsi + ceu + ibs + fin + gbr + ethnic + ancestry + non-european + european ancestry,meta-analysis + stage + summary statistics + meta-analyses + association analysis + combined
2.1e-05,0.92,0.303,rs12539172,7.0,,C/T,,"Stage 1 discovery (n = 63,926) | P","Overall stage 1 + stage 2 (n = 82,771) | OR",uk biobank + adgc + international genomics of alzheimers project + eadi + ld hub + geradperades + databasestudy + igap + charge,Caucasian + Multi-ethnic + Caribbean Hispanic + African American + Asian,Stage 2 + Discovery + Joint-analysis + Replication + Meta-analysis + Validation + Stage 3 + Stage 1,"1,000 genomes + pre-phasing + shapeitimpute2 + thousands of genomes + 1,000 genomes project + imputation + phasing",genotyping + sequencing,multiple sclerosis + complex traits + parkinson disease + apoptosis,race + tsi + ceu + ibs + fin + gbr + ethnic + ancestry + non-european + european ancestry,discovery + meta-analysis + stage + summary statistics + meta-analyses + association analysis + combined
2.1e-06,0.92,0.303,rs12539172,7.0,,C/T,,"Stage 2 (n = 18,845) | P","Overall stage 1 + stage 2 (n = 82,771) | OR",uk biobank + adgc + international genomics of alzheimers project + eadi + ld hub + geradperades + databasestudy + igap + charge,Caucasian + Multi-ethnic + Caribbean Hispanic + African American + Asian,Stage 2 + Discovery + Joint-analysis + Replication + Meta-analysis + Validation + Stage 3 + Stage 1,"reference panel + 1,000 genomes + pre-phasing + shapeitimpute2 + 1,000 genomes project + imputation + phasing",genotyping + sequencing,pittsburgh compound b + complex traits + apoptosis,race + tsi + ceu + ibs + fin + gbr + ethnic + ancestry + non-european + european ancestry,discovery + meta-analysis + stage + summary statistics + meta-analyses + association analysis + combined
9.3e-10,0.92,0.303,rs12539172,7.0,,C/T,,"Overall stage 1 + stage 2 (n = 82,771) | Meta P","Overall stage 1 + stage 2 (n = 82,771) | OR",uk biobank + adgc + international genomics of alzheimers project + eadi + ld hub + geradperades + databasestudy + igap + charge,Caucasian + Multi-ethnic + Caribbean Hispanic + African American + Asian,Stage 2 + Discovery + Joint-analysis + Replication + Meta-analysis + Validation + Stage 3 + Stage 1,"1,000 genomes + 1,000 genomes project + shapeitimpute2 + imputation",genotyping + sequencing,complex traits + apoptosis,race + tsi + ceu + ibs + fin + gbr + ethnic + ancestry + non-european + european ancestry,meta-analysis + stage + summary statistics + meta-analyses + combined
0.8,0.92,0.303,rs12539172,7.0,,C/T,,"Overall stage 1 + stage 2 (n = 82,771) | I2 (%), Pf","Overall stage 1 + stage 2 (n = 82,771) | OR",uk biobank + adgc + international genomics of alzheimers project + eadi + ld hub + geradperades + databasestudy + igap + charge,Caucasian + Multi-ethnic + Caribbean Hispanic + African American + Asian,Stage 2 + Discovery + Joint-analysis + Replication + Meta-analysis + Validation + Stage 3 + Stage 1,"1,000 genomes + pre-phasing + pre-analysis quality control + shapeitimpute2 + 1,000 genomes project + imputation + phasing",genotyping + sequencing,complex traits + apoptosis,race + tsi + ceu + ibs + fin + gbr + ethnic + ancestry + non-european + european ancestry,meta-analysis + stage + summary statistics + meta-analyses + association analysis + combined
3.1e-08,0.9,0.199,rs10808026,7.0,,C/A,,"Stage 1 discovery (n = 63,926) | P","Overall stage 1 + stage 2 (n = 82,771) | OR",uk biobank + adgc + international genomics of alzheimers project + eadi + ld hub + geradperades + databasestudy + igap + charge,Caucasian + Multi-ethnic + Caribbean Hispanic + African American + Asian,Stage 2 + Discovery + Joint-analysis + Replication + Meta-analysis + Validation + Stage 3 + Stage 1,"1,000 genomes + pre-phasing + shapeitimpute2 + thousands of genomes + 1,000 genomes project + imputation + phasing",genotyping + sequencing,multiple sclerosis + complex traits + parkinson disease + apoptosis,race + tsi + ceu + ibs + fin + gbr + ethnic + ancestry + non-european + european ancestry,discovery + meta-analysis + stage + summary statistics + meta-analyses + association analysis + combined
0.0011,0.9,0.199,rs10808026,7.0,,C/A,,"Stage 2 (n = 18,845) | P","Overall stage 1 + stage 2 (n = 82,771) | OR",uk biobank + adgc + international genomics of alzheimers project + eadi + ld hub + geradperades + databasestudy + igap + charge,Caucasian + Multi-ethnic + Caribbean Hispanic + African American + Asian,Stage 2 + Discovery + Joint-analysis + Replication + Meta-analysis + Validation + Stage 3 + Stage 1,"reference panel + 1,000 genomes + pre-phasing + shapeitimpute2 + 1,000 genomes project + imputation + phasing",genotyping + sequencing,pittsburgh compound b + complex traits + apoptosis,race + tsi + ceu + ibs + fin + gbr + ethnic + ancestry + non-european + european ancestry,discovery + meta-analysis + stage + summary statistics + meta-analyses + association analysis + combined
1.3e-10,0.9,0.199,rs10808026,7.0,,C/A,,"Overall stage 1 + stage 2 (n = 82,771) | Meta P","Overall stage 1 + stage 2 (n = 82,771) | OR",uk biobank + adgc + international genomics of alzheimers project + eadi + ld hub + geradperades + databasestudy + igap + charge,Caucasian + Multi-ethnic + Caribbean Hispanic + African American + Asian,Stage 2 + Discovery + Joint-analysis + Replication + Meta-analysis + Validation + Stage 3 + Stage 1,"1,000 genomes + 1,000 genomes project + shapeitimpute2 + imputation",genotyping + sequencing,complex traits + apoptosis,race + tsi + ceu + ibs + fin + gbr + ethnic + ancestry + non-european + european ancestry,meta-analysis + stage + summary statistics + meta-analyses + combined
0.5,0.9,0.199,rs10808026,7.0,,C/A,,"Overall stage 1 + stage 2 (n = 82,771) | I2 (%), Pf","Overall stage 1 + stage 2 (n = 82,771) | OR",uk biobank + adgc + international genomics of alzheimers project + eadi + ld hub + geradperades + databasestudy + igap + charge,Caucasian + Multi-ethnic + Caribbean Hispanic + African American + Asian,Stage 2 + Discovery + Joint-analysis + Replication + Meta-analysis + Validation + Stage 3 + Stage 1,"1,000 genomes + pre-phasing + pre-analysis quality control + shapeitimpute2 + 1,000 genomes project + imputation + phasing",genotyping + sequencing,complex traits + apoptosis,race + tsi + ceu + ibs + fin + gbr + ethnic + ancestry + non-european + european ancestry,meta-analysis + stage + summary statistics + meta-analyses + association analysis + combined
8.3e-10,1.1,0.367,rs73223431,8.0,,C/T,,"Stage 1 discovery (n = 63,926) | P","Overall stage 1 + stage 2 (n = 82,771) | OR",uk biobank + adgc + international genomics of alzheimers project + eadi + ld hub + geradperades + databasestudy + igap + charge,Caucasian + Multi-ethnic + Caribbean Hispanic + African American + Asian,Stage 2 + Discovery + Joint-analysis + Replication + Meta-analysis + Validation + Stage 3 + Stage 1,"1,000 genomes + pre-phasing + shapeitimpute2 + thousands of genomes + 1,000 genomes project + imputation + phasing",genotyping + sequencing,multiple sclerosis + complex traits + parkinson disease + apoptosis,race + tsi + ceu + ibs + fin + gbr + ethnic + ancestry + non-european + european ancestry,discovery + meta-analysis + stage + summary statistics + meta-analyses + association analysis + combined
1.5e-05,1.1,0.367,rs73223431,8.0,,C/T,,"Stage 2 (n = 18,845) | P","Overall stage 1 + stage 2 (n = 82,771) | OR",uk biobank + adgc + international genomics of alzheimers project + eadi + ld hub + geradperades + databasestudy + igap + charge,Caucasian + Multi-ethnic + Caribbean Hispanic + African American + Asian,Stage 2 + Discovery + Joint-analysis + Replication + Meta-analysis + Validation + Stage 3 + Stage 1,"reference panel + 1,000 genomes + pre-phasing + shapeitimpute2 + 1,000 genomes project + imputation + phasing",genotyping + sequencing,pittsburgh compound b + complex traits + apoptosis,race + tsi + ceu + ibs + fin + gbr + ethnic + ancestry + non-european + european ancestry,discovery + meta-analysis + stage + summary statistics + meta-analyses + association analysis + combined
6.3e-14,1.1,0.367,rs73223431,8.0,,C/T,,"Overall stage 1 + stage 2 (n = 82,771) | Meta P","Overall stage 1 + stage 2 (n = 82,771) | OR",uk biobank + adgc + international genomics of alzheimers project + eadi + ld hub + geradperades + databasestudy + igap + charge,Caucasian + Multi-ethnic + Caribbean Hispanic + African American + Asian,Stage 2 + Discovery + Joint-analysis + Replication + Meta-analysis + Validation + Stage 3 + Stage 1,"1,000 genomes + 1,000 genomes project + shapeitimpute2 + imputation",genotyping + sequencing,complex traits + apoptosis,race + tsi + ceu + ibs + fin + gbr + ethnic + ancestry + non-european + european ancestry,meta-analysis + stage + summary statistics + meta-analyses + combined
0.6,1.1,0.367,rs73223431,8.0,,C/T,,"Overall stage 1 + stage 2 (n = 82,771) | I2 (%), Pf","Overall stage 1 + stage 2 (n = 82,771) | OR",uk biobank + adgc + international genomics of alzheimers project + eadi + ld hub + geradperades + databasestudy + igap + charge,Caucasian + Multi-ethnic + Caribbean Hispanic + African American + Asian,Stage 2 + Discovery + Joint-analysis + Replication + Meta-analysis + Validation + Stage 3 + Stage 1,"1,000 genomes + pre-phasing + pre-analysis quality control + shapeitimpute2 + 1,000 genomes project + imputation + phasing",genotyping + sequencing,complex traits + apoptosis,race + tsi + ceu + ibs + fin + gbr + ethnic + ancestry + non-european + european ancestry,meta-analysis + stage + summary statistics + meta-analyses + association analysis + combined
0.0,0.88,0.387,rs9331896,8.0,,T/C,,"Stage 1 discovery (n = 63,926) | P","Overall stage 1 + stage 2 (n = 82,771) | OR",uk biobank + adgc + international genomics of alzheimers project + eadi + ld hub + geradperades + databasestudy + igap + charge,Caucasian + Multi-ethnic + Caribbean Hispanic + African American + Asian,Stage 2 + Discovery + Joint-analysis + Replication + Meta-analysis + Validation + Stage 3 + Stage 1,"1,000 genomes + pre-phasing + shapeitimpute2 + thousands of genomes + 1,000 genomes project + imputation + phasing",genotyping + sequencing,multiple sclerosis + complex traits + parkinson disease + apoptosis,race + tsi + ceu + ibs + fin + gbr + ethnic + ancestry + non-european + european ancestry,discovery + meta-analysis + stage + summary statistics + meta-analyses + association analysis + combined
1.7e-09,0.88,0.387,rs9331896,8.0,,T/C,,"Stage 2 (n = 18,845) | P","Overall stage 1 + stage 2 (n = 82,771) | OR",uk biobank + adgc + international genomics of alzheimers project + eadi + ld hub + geradperades + databasestudy + igap + charge,Caucasian + Multi-ethnic + Caribbean Hispanic + African American + Asian,Stage 2 + Discovery + Joint-analysis + Replication + Meta-analysis + Validation + Stage 3 + Stage 1,"reference panel + 1,000 genomes + pre-phasing + shapeitimpute2 + 1,000 genomes project + imputation + phasing",genotyping + sequencing,pittsburgh compound b + complex traits + apoptosis,race + tsi + ceu + ibs + fin + gbr + ethnic + ancestry + non-european + european ancestry,discovery + meta-analysis + stage + summary statistics + meta-analyses + association analysis + combined
0.0,0.88,0.387,rs9331896,8.0,,T/C,,"Overall stage 1 + stage 2 (n = 82,771) | Meta P","Overall stage 1 + stage 2 (n = 82,771) | OR",uk biobank + adgc + international genomics of alzheimers project + eadi + ld hub + geradperades + databasestudy + igap + charge,Caucasian + Multi-ethnic + Caribbean Hispanic + African American + Asian,Stage 2 + Discovery + Joint-analysis + Replication + Meta-analysis + Validation + Stage 3 + Stage 1,"1,000 genomes + 1,000 genomes project + shapeitimpute2 + imputation",genotyping + sequencing,complex traits + apoptosis,race + tsi + ceu + ibs + fin + gbr + ethnic + ancestry + non-european + european ancestry,meta-analysis + stage + summary statistics + meta-analyses + combined
3.4,0.88,0.387,rs9331896,8.0,,T/C,,"Overall stage 1 + stage 2 (n = 82,771) | I2 (%), Pf","Overall stage 1 + stage 2 (n = 82,771) | OR",uk biobank + adgc + international genomics of alzheimers project + eadi + ld hub + geradperades + databasestudy + igap + charge,Caucasian + Multi-ethnic + Caribbean Hispanic + African American + Asian,Stage 2 + Discovery + Joint-analysis + Replication + Meta-analysis + Validation + Stage 3 + Stage 1,"1,000 genomes + pre-phasing + pre-analysis quality control + shapeitimpute2 + 1,000 genomes project + imputation + phasing",genotyping + sequencing,complex traits + apoptosis,race + tsi + ceu + ibs + fin + gbr + ethnic + ancestry + non-european + european ancestry,meta-analysis + stage + summary statistics + meta-analyses + association analysis + combined
9.7e-11,0.92,0.448,rs3740688,11.0,,T/G,,"Stage 1 discovery (n = 63,926) | P","Overall stage 1 + stage 2 (n = 82,771) | OR",uk biobank + adgc + international genomics of alzheimers project + eadi + ld hub + geradperades + databasestudy + igap + charge,Caucasian + Multi-ethnic + Caribbean Hispanic + African American + Asian,Stage 2 + Discovery + Joint-analysis + Replication + Meta-analysis + Validation + Stage 3 + Stage 1,"1,000 genomes + pre-phasing + shapeitimpute2 + thousands of genomes + 1,000 genomes project + imputation + phasing",genotyping + sequencing,multiple sclerosis + complex traits + parkinson disease + apoptosis,race + tsi + ceu + ibs + fin + gbr + ethnic + ancestry + non-european + european ancestry,discovery + meta-analysis + stage + summary statistics + meta-analyses + association analysis + combined
0.0012,0.92,0.448,rs3740688,11.0,,T/G,,"Stage 2 (n = 18,845) | P","Overall stage 1 + stage 2 (n = 82,771) | OR",uk biobank + adgc + international genomics of alzheimers project + eadi + ld hub + geradperades + databasestudy + igap + charge,Caucasian + Multi-ethnic + Caribbean Hispanic + African American + Asian,Stage 2 + Discovery + Joint-analysis + Replication + Meta-analysis + Validation + Stage 3 + Stage 1,"reference panel + 1,000 genomes + pre-phasing + shapeitimpute2 + 1,000 genomes project + imputation + phasing",genotyping + sequencing,pittsburgh compound b + complex traits + apoptosis,race + tsi + ceu + ibs + fin + gbr + ethnic + ancestry + non-european + european ancestry,discovery + meta-analysis + stage + summary statistics + meta-analyses + association analysis + combined
5.4e-13,0.92,0.448,rs3740688,11.0,,T/G,,"Overall stage 1 + stage 2 (n = 82,771) | Meta P","Overall stage 1 + stage 2 (n = 82,771) | OR",uk biobank + adgc + international genomics of alzheimers project + eadi + ld hub + geradperades + databasestudy + igap + charge,Caucasian + Multi-ethnic + Caribbean Hispanic + African American + Asian,Stage 2 + Discovery + Joint-analysis + Replication + Meta-analysis + Validation + Stage 3 + Stage 1,"1,000 genomes + 1,000 genomes project + shapeitimpute2 + imputation",genotyping + sequencing,complex traits + apoptosis,race + tsi + ceu + ibs + fin + gbr + ethnic + ancestry + non-european + european ancestry,meta-analysis + stage + summary statistics + meta-analyses + combined
4.4,0.92,0.448,rs3740688,11.0,,T/G,,"Overall stage 1 + stage 2 (n = 82,771) | I2 (%), Pf","Overall stage 1 + stage 2 (n = 82,771) | OR",uk biobank + adgc + international genomics of alzheimers project + eadi + ld hub + geradperades + databasestudy + igap + charge,Caucasian + Multi-ethnic + Caribbean Hispanic + African American + Asian,Stage 2 + Discovery + Joint-analysis + Replication + Meta-analysis + Validation + Stage 3 + Stage 1,"1,000 genomes + pre-phasing + pre-analysis quality control + shapeitimpute2 + 1,000 genomes project + imputation + phasing",genotyping + sequencing,complex traits + apoptosis,race + tsi + ceu + ibs + fin + gbr + ethnic + ancestry + non-european + european ancestry,meta-analysis + stage + summary statistics + meta-analyses + association analysis + combined
2e-15,0.89,0.391,rs7933202,11.0,,A/C,,"Stage 1 discovery (n = 63,926) | P","Overall stage 1 + stage 2 (n = 82,771) | OR",uk biobank + adgc + international genomics of alzheimers project + eadi + ld hub + geradperades + databasestudy + igap + charge,Caucasian + Multi-ethnic + Caribbean Hispanic + African American + Asian,Stage 2 + Discovery + Joint-analysis + Replication + Meta-analysis + Validation + Stage 3 + Stage 1,"1,000 genomes + pre-phasing + shapeitimpute2 + thousands of genomes + 1,000 genomes project + imputation + phasing",genotyping + sequencing,multiple sclerosis + complex traits + parkinson disease + apoptosis,race + tsi + ceu + ibs + fin + gbr + ethnic + ancestry + non-european + european ancestry,discovery + meta-analysis + stage + summary statistics + meta-analyses + association analysis + combined
1.6e-05,0.89,0.391,rs7933202,11.0,,A/C,,"Stage 2 (n = 18,845) | P","Overall stage 1 + stage 2 (n = 82,771) | OR",uk biobank + adgc + international genomics of alzheimers project + eadi + ld hub + geradperades + databasestudy + igap + charge,Caucasian + Multi-ethnic + Caribbean Hispanic + African American + Asian,Stage 2 + Discovery + Joint-analysis + Replication + Meta-analysis + Validation + Stage 3 + Stage 1,"reference panel + 1,000 genomes + pre-phasing + shapeitimpute2 + 1,000 genomes project + imputation + phasing",genotyping + sequencing,pittsburgh compound b + complex traits + apoptosis,race + tsi + ceu + ibs + fin + gbr + ethnic + ancestry + non-european + european ancestry,discovery + meta-analysis + stage + summary statistics + meta-analyses + association analysis + combined
0.0,0.89,0.391,rs7933202,11.0,,A/C,,"Overall stage 1 + stage 2 (n = 82,771) | Meta P","Overall stage 1 + stage 2 (n = 82,771) | OR",uk biobank + adgc + international genomics of alzheimers project + eadi + ld hub + geradperades + databasestudy + igap + charge,Caucasian + Multi-ethnic + Caribbean Hispanic + African American + Asian,Stage 2 + Discovery + Joint-analysis + Replication + Meta-analysis + Validation + Stage 3 + Stage 1,"1,000 genomes + 1,000 genomes project + shapeitimpute2 + imputation",genotyping + sequencing,complex traits + apoptosis,race + tsi + ceu + ibs + fin + gbr + ethnic + ancestry + non-european + european ancestry,meta-analysis + stage + summary statistics + meta-analyses + combined
2.75,0.89,0.391,rs7933202,11.0,,A/C,,"Overall stage 1 + stage 2 (n = 82,771) | I2 (%), Pf","Overall stage 1 + stage 2 (n = 82,771) | OR",uk biobank + adgc + international genomics of alzheimers project + eadi + ld hub + geradperades + databasestudy + igap + charge,Caucasian + Multi-ethnic + Caribbean Hispanic + African American + Asian,Stage 2 + Discovery + Joint-analysis + Replication + Meta-analysis + Validation + Stage 3 + Stage 1,"1,000 genomes + pre-phasing + pre-analysis quality control + shapeitimpute2 + 1,000 genomes project + imputation + phasing",genotyping + sequencing,complex traits + apoptosis,race + tsi + ceu + ibs + fin + gbr + ethnic + ancestry + non-european + european ancestry,meta-analysis + stage + summary statistics + meta-analyses + association analysis + combined
1e-15,0.88,0.356,rs3851179,11.0,,C/T,,"Stage 1 discovery (n = 63,926) | P","Overall stage 1 + stage 2 (n = 82,771) | OR",uk biobank + adgc + international genomics of alzheimers project + eadi + ld hub + geradperades + databasestudy + igap + charge,Caucasian + Multi-ethnic + Caribbean Hispanic + African American + Asian,Stage 2 + Discovery + Joint-analysis + Replication + Meta-analysis + Validation + Stage 3 + Stage 1,"1,000 genomes + pre-phasing + shapeitimpute2 + thousands of genomes + 1,000 genomes project + imputation + phasing",genotyping + sequencing,multiple sclerosis + complex traits + parkinson disease + apoptosis,race + tsi + ceu + ibs + fin + gbr + ethnic + ancestry + non-european + european ancestry,discovery + meta-analysis + stage + summary statistics + meta-analyses + association analysis + combined
6.1e-11,0.88,0.356,rs3851179,11.0,,C/T,,"Stage 2 (n = 18,845) | P","Overall stage 1 + stage 2 (n = 82,771) | OR",uk biobank + adgc + international genomics of alzheimers project + eadi + ld hub + geradperades + databasestudy + igap + charge,Caucasian + Multi-ethnic + Caribbean Hispanic + African American + Asian,Stage 2 + Discovery + Joint-analysis + Replication + Meta-analysis + Validation + Stage 3 + Stage 1,"reference panel + 1,000 genomes + pre-phasing + shapeitimpute2 + 1,000 genomes project + imputation + phasing",genotyping + sequencing,pittsburgh compound b + complex traits + apoptosis,race + tsi + ceu + ibs + fin + gbr + ethnic + ancestry + non-european + european ancestry,discovery + meta-analysis + stage + summary statistics + meta-analyses + association analysis + combined
0.0,0.88,0.356,rs3851179,11.0,,C/T,,"Overall stage 1 + stage 2 (n = 82,771) | Meta P","Overall stage 1 + stage 2 (n = 82,771) | OR",uk biobank + adgc + international genomics of alzheimers project + eadi + ld hub + geradperades + databasestudy + igap + charge,Caucasian + Multi-ethnic + Caribbean Hispanic + African American + Asian,Stage 2 + Discovery + Joint-analysis + Replication + Meta-analysis + Validation + Stage 3 + Stage 1,"1,000 genomes + 1,000 genomes project + shapeitimpute2 + imputation",genotyping + sequencing,complex traits + apoptosis,race + tsi + ceu + ibs + fin + gbr + ethnic + ancestry + non-european + european ancestry,meta-analysis + stage + summary statistics + meta-analyses + combined
0.8,0.88,0.356,rs3851179,11.0,,C/T,,"Overall stage 1 + stage 2 (n = 82,771) | I2 (%), Pf","Overall stage 1 + stage 2 (n = 82,771) | OR",uk biobank + adgc + international genomics of alzheimers project + eadi + ld hub + geradperades + databasestudy + igap + charge,Caucasian + Multi-ethnic + Caribbean Hispanic + African American + Asian,Stage 2 + Discovery + Joint-analysis + Replication + Meta-analysis + Validation + Stage 3 + Stage 1,"1,000 genomes + pre-phasing + pre-analysis quality control + shapeitimpute2 + 1,000 genomes project + imputation + phasing",genotyping + sequencing,complex traits + apoptosis,race + tsi + ceu + ibs + fin + gbr + ethnic + ancestry + non-european + european ancestry,meta-analysis + stage + summary statistics + meta-analyses + association analysis + combined
2.7e-08,0.8,0.04,rs11218343,11.0,,T/C,,"Stage 1 discovery (n = 63,926) | P","Overall stage 1 + stage 2 (n = 82,771) | OR",uk biobank + adgc + international genomics of alzheimers project + eadi + ld hub + geradperades + databasestudy + igap + charge,Caucasian + Multi-ethnic + Caribbean Hispanic + African American + Asian,Stage 2 + Discovery + Joint-analysis + Replication + Meta-analysis + Validation + Stage 3 + Stage 1,"1,000 genomes + pre-phasing + shapeitimpute2 + thousands of genomes + 1,000 genomes project + imputation + phasing",genotyping + sequencing,multiple sclerosis + complex traits + parkinson disease + apoptosis,race + tsi + ceu + ibs + fin + gbr + ethnic + ancestry + non-european + european ancestry,discovery + meta-analysis + stage + summary statistics + meta-analyses + association analysis + combined
1.8e-05,0.8,0.04,rs11218343,11.0,,T/C,,"Stage 2 (n = 18,845) | P","Overall stage 1 + stage 2 (n = 82,771) | OR",uk biobank + adgc + international genomics of alzheimers project + eadi + ld hub + geradperades + databasestudy + igap + charge,Caucasian + Multi-ethnic + Caribbean Hispanic + African American + Asian,Stage 2 + Discovery + Joint-analysis + Replication + Meta-analysis + Validation + Stage 3 + Stage 1,"reference panel + 1,000 genomes + pre-phasing + shapeitimpute2 + 1,000 genomes project + imputation + phasing",genotyping + sequencing,pittsburgh compound b + complex traits + apoptosis,race + tsi + ceu + ibs + fin + gbr + ethnic + ancestry + non-european + european ancestry,discovery + meta-analysis + stage + summary statistics + meta-analyses + association analysis + combined
2.9e-12,0.8,0.04,rs11218343,11.0,,T/C,,"Overall stage 1 + stage 2 (n = 82,771) | Meta P","Overall stage 1 + stage 2 (n = 82,771) | OR",uk biobank + adgc + international genomics of alzheimers project + eadi + ld hub + geradperades + databasestudy + igap + charge,Caucasian + Multi-ethnic + Caribbean Hispanic + African American + Asian,Stage 2 + Discovery + Joint-analysis + Replication + Meta-analysis + Validation + Stage 3 + Stage 1,"1,000 genomes + 1,000 genomes project + shapeitimpute2 + imputation",genotyping + sequencing,complex traits + apoptosis,race + tsi + ceu + ibs + fin + gbr + ethnic + ancestry + non-european + european ancestry,meta-analysis + stage + summary statistics + meta-analyses + combined
7.300000000000001,0.8,0.04,rs11218343,11.0,,T/C,,"Overall stage 1 + stage 2 (n = 82,771) | I2 (%), Pf","Overall stage 1 + stage 2 (n = 82,771) | OR",uk biobank + adgc + international genomics of alzheimers project + eadi + ld hub + geradperades + databasestudy + igap + charge,Caucasian + Multi-ethnic + Caribbean Hispanic + African American + Asian,Stage 2 + Discovery + Joint-analysis + Replication + Meta-analysis + Validation + Stage 3 + Stage 1,"1,000 genomes + pre-phasing + pre-analysis quality control + shapeitimpute2 + 1,000 genomes project + imputation + phasing",genotyping + sequencing,complex traits + apoptosis,race + tsi + ceu + ibs + fin + gbr + ethnic + ancestry + non-european + european ancestry,meta-analysis + stage + summary statistics + meta-analyses + association analysis + combined
6.6e-07,1.14,0.093,rs17125924,14.0,,A/G,,"Stage 1 discovery (n = 63,926) | P","Overall stage 1 + stage 2 (n = 82,771) | OR",uk biobank + adgc + international genomics of alzheimers project + eadi + ld hub + geradperades + databasestudy + igap + charge,Caucasian + Multi-ethnic + Caribbean Hispanic + African American + Asian,Stage 2 + Discovery + Joint-analysis + Replication + Meta-analysis + Validation + Stage 3 + Stage 1,"1,000 genomes + pre-phasing + shapeitimpute2 + thousands of genomes + 1,000 genomes project + imputation + phasing",genotyping + sequencing,multiple sclerosis + complex traits + parkinson disease + apoptosis,race + tsi + ceu + ibs + fin + gbr + ethnic + ancestry + non-european + european ancestry,discovery + meta-analysis + stage + summary statistics + meta-analyses + association analysis + combined
0.0005,1.14,0.093,rs17125924,14.0,,A/G,,"Stage 2 (n = 18,845) | P","Overall stage 1 + stage 2 (n = 82,771) | OR",uk biobank + adgc + international genomics of alzheimers project + eadi + ld hub + geradperades + databasestudy + igap + charge,Caucasian + Multi-ethnic + Caribbean Hispanic + African American + Asian,Stage 2 + Discovery + Joint-analysis + Replication + Meta-analysis + Validation + Stage 3 + Stage 1,"reference panel + 1,000 genomes + pre-phasing + shapeitimpute2 + 1,000 genomes project + imputation + phasing",genotyping + sequencing,pittsburgh compound b + complex traits + apoptosis,race + tsi + ceu + ibs + fin + gbr + ethnic + ancestry + non-european + european ancestry,discovery + meta-analysis + stage + summary statistics + meta-analyses + association analysis + combined
1.4e-09,1.14,0.093,rs17125924,14.0,,A/G,,"Overall stage 1 + stage 2 (n = 82,771) | Meta P","Overall stage 1 + stage 2 (n = 82,771) | OR",uk biobank + adgc + international genomics of alzheimers project + eadi + ld hub + geradperades + databasestudy + igap + charge,Caucasian + Multi-ethnic + Caribbean Hispanic + African American + Asian,Stage 2 + Discovery + Joint-analysis + Replication + Meta-analysis + Validation + Stage 3 + Stage 1,"1,000 genomes + 1,000 genomes project + shapeitimpute2 + imputation",genotyping + sequencing,complex traits + apoptosis,race + tsi + ceu + ibs + fin + gbr + ethnic + ancestry + non-european + european ancestry,meta-analysis + stage + summary statistics + meta-analyses + combined
8.3,1.14,0.093,rs17125924,14.0,,A/G,,"Overall stage 1 + stage 2 (n = 82,771) | I2 (%), Pf","Overall stage 1 + stage 2 (n = 82,771) | OR",uk biobank + adgc + international genomics of alzheimers project + eadi + ld hub + geradperades + databasestudy + igap + charge,Caucasian + Multi-ethnic + Caribbean Hispanic + African American + Asian,Stage 2 + Discovery + Joint-analysis + Replication + Meta-analysis + Validation + Stage 3 + Stage 1,"1,000 genomes + pre-phasing + pre-analysis quality control + shapeitimpute2 + 1,000 genomes project + imputation + phasing",genotyping + sequencing,complex traits + apoptosis,race + tsi + ceu + ibs + fin + gbr + ethnic + ancestry + non-european + european ancestry,meta-analysis + stage + summary statistics + meta-analyses + association analysis + combined
4.9e-07,0.92,0.221,rs12881735,14.0,,T/C,,"Stage 1 discovery (n = 63,926) | P","Overall stage 1 + stage 2 (n = 82,771) | OR",uk biobank + adgc + international genomics of alzheimers project + eadi + ld hub + geradperades + databasestudy + igap + charge,Caucasian + Multi-ethnic + Caribbean Hispanic + African American + Asian,Stage 2 + Discovery + Joint-analysis + Replication + Meta-analysis + Validation + Stage 3 + Stage 1,"1,000 genomes + pre-phasing + shapeitimpute2 + thousands of genomes + 1,000 genomes project + imputation + phasing",genotyping + sequencing,multiple sclerosis + complex traits + parkinson disease + apoptosis,race + tsi + ceu + ibs + fin + gbr + ethnic + ancestry + non-european + european ancestry,discovery + meta-analysis + stage + summary statistics + meta-analyses + association analysis + combined
0.0043,0.92,0.221,rs12881735,14.0,,T/C,,"Stage 2 (n = 18,845) | P","Overall stage 1 + stage 2 (n = 82,771) | OR",uk biobank + adgc + international genomics of alzheimers project + eadi + ld hub + geradperades + databasestudy + igap + charge,Caucasian + Multi-ethnic + Caribbean Hispanic + African American + Asian,Stage 2 + Discovery + Joint-analysis + Replication + Meta-analysis + Validation + Stage 3 + Stage 1,"reference panel + 1,000 genomes + pre-phasing + shapeitimpute2 + 1,000 genomes project + imputation + phasing",genotyping + sequencing,pittsburgh compound b + complex traits + apoptosis,race + tsi + ceu + ibs + fin + gbr + ethnic + ancestry + non-european + european ancestry,discovery + meta-analysis + stage + summary statistics + meta-analyses + association analysis + combined
7.4e-09,0.92,0.221,rs12881735,14.0,,T/C,,"Overall stage 1 + stage 2 (n = 82,771) | Meta P","Overall stage 1 + stage 2 (n = 82,771) | OR",uk biobank + adgc + international genomics of alzheimers project + eadi + ld hub + geradperades + databasestudy + igap + charge,Caucasian + Multi-ethnic + Caribbean Hispanic + African American + Asian,Stage 2 + Discovery + Joint-analysis + Replication + Meta-analysis + Validation + Stage 3 + Stage 1,"1,000 genomes + 1,000 genomes project + shapeitimpute2 + imputation",genotyping + sequencing,complex traits + apoptosis,race + tsi + ceu + ibs + fin + gbr + ethnic + ancestry + non-european + european ancestry,meta-analysis + stage + summary statistics + meta-analyses + combined
0.6,0.92,0.221,rs12881735,14.0,,T/C,,"Overall stage 1 + stage 2 (n = 82,771) | I2 (%), Pf","Overall stage 1 + stage 2 (n = 82,771) | OR",uk biobank + adgc + international genomics of alzheimers project + eadi + ld hub + geradperades + databasestudy + igap + charge,Caucasian + Multi-ethnic + Caribbean Hispanic + African American + Asian,Stage 2 + Discovery + Joint-analysis + Replication + Meta-analysis + Validation + Stage 3 + Stage 1,"1,000 genomes + pre-phasing + pre-analysis quality control + shapeitimpute2 + 1,000 genomes project + imputation + phasing",genotyping + sequencing,complex traits + apoptosis,race + tsi + ceu + ibs + fin + gbr + ethnic + ancestry + non-european + european ancestry,meta-analysis + stage + summary statistics + meta-analyses + association analysis + combined
6.6e-10,1.15,0.182,rs3752246,19.0,,C/G,,"Stage 1 discovery (n = 63,926) | P","Overall stage 1 + stage 2 (n = 82,771) | OR",uk biobank + adgc + international genomics of alzheimers project + eadi + ld hub + geradperades + databasestudy + igap + charge,Caucasian + Multi-ethnic + Caribbean Hispanic + African American + Asian,Stage 2 + Discovery + Joint-analysis + Replication + Meta-analysis + Validation + Stage 3 + Stage 1,"1,000 genomes + pre-phasing + shapeitimpute2 + thousands of genomes + 1,000 genomes project + imputation + phasing",genotyping + sequencing,multiple sclerosis + complex traits + parkinson disease + apoptosis,race + tsi + ceu + ibs + fin + gbr + ethnic + ancestry + non-european + european ancestry,discovery + meta-analysis + stage + summary statistics + meta-analyses + association analysis + combined
4.7e-08,1.15,0.182,rs3752246,19.0,,C/G,,"Stage 2 (n = 18,845) | P","Overall stage 1 + stage 2 (n = 82,771) | OR",uk biobank + adgc + international genomics of alzheimers project + eadi + ld hub + geradperades + databasestudy + igap + charge,Caucasian + Multi-ethnic + Caribbean Hispanic + African American + Asian,Stage 2 + Discovery + Joint-analysis + Replication + Meta-analysis + Validation + Stage 3 + Stage 1,"reference panel + 1,000 genomes + pre-phasing + shapeitimpute2 + 1,000 genomes project + imputation + phasing",genotyping + sequencing,pittsburgh compound b + complex traits + apoptosis,race + tsi + ceu + ibs + fin + gbr + ethnic + ancestry + non-european + european ancestry,discovery + meta-analysis + stage + summary statistics + meta-analyses + association analysis + combined
0.0,1.15,0.182,rs3752246,19.0,,C/G,,"Overall stage 1 + stage 2 (n = 82,771) | Meta P","Overall stage 1 + stage 2 (n = 82,771) | OR",uk biobank + adgc + international genomics of alzheimers project + eadi + ld hub + geradperades + databasestudy + igap + charge,Caucasian + Multi-ethnic + Caribbean Hispanic + African American + Asian,Stage 2 + Discovery + Joint-analysis + Replication + Meta-analysis + Validation + Stage 3 + Stage 1,"1,000 genomes + 1,000 genomes project + shapeitimpute2 + imputation",genotyping + sequencing,complex traits + apoptosis,race + tsi + ceu + ibs + fin + gbr + ethnic + ancestry + non-european + european ancestry,meta-analysis + stage + summary statistics + meta-analyses + combined
0.5,1.15,0.182,rs3752246,19.0,,C/G,,"Overall stage 1 + stage 2 (n = 82,771) | I2 (%), Pf","Overall stage 1 + stage 2 (n = 82,771) | OR",uk biobank + adgc + international genomics of alzheimers project + eadi + ld hub + geradperades + databasestudy + igap + charge,Caucasian + Multi-ethnic + Caribbean Hispanic + African American + Asian,Stage 2 + Discovery + Joint-analysis + Replication + Meta-analysis + Validation + Stage 3 + Stage 1,"1,000 genomes + pre-phasing + pre-analysis quality control + shapeitimpute2 + 1,000 genomes project + imputation + phasing",genotyping + sequencing,complex traits + apoptosis,race + tsi + ceu + ibs + fin + gbr + ethnic + ancestry + non-european + european ancestry,meta-analysis + stage + summary statistics + meta-analyses + association analysis + combined
0.0,,0.216,rs429358,19.0,,T/C,,"Stage 1 discovery (n = 63,926) | P","Overall stage 1 + stage 2 (n = 82,771) | OR",uk biobank + adgc + international genomics of alzheimers project + eadi + ld hub + geradperades + databasestudy + igap + charge,Caucasian + Multi-ethnic + Caribbean Hispanic + African American + Asian,Stage 2 + Discovery + Joint-analysis + Replication + Meta-analysis + Validation + Stage 3 + Stage 1,"1,000 genomes + pre-phasing + shapeitimpute2 + thousands of genomes + 1,000 genomes project + imputation + phasing",genotyping + sequencing,multiple sclerosis + complex traits + parkinson disease + apoptosis,race + tsi + ceu + ibs + fin + gbr + ethnic + ancestry + non-european + european ancestry,discovery + meta-analysis + stage + summary statistics + meta-analyses + association analysis + combined
,,0.216,rs429358,19.0,,T/C,,"Stage 2 (n = 18,845) | P","Overall stage 1 + stage 2 (n = 82,771) | OR",uk biobank + adgc + international genomics of alzheimers project + eadi + ld hub + geradperades + databasestudy + igap + charge,Caucasian + Multi-ethnic + Caribbean Hispanic + African American + Asian,Stage 2 + Discovery + Joint-analysis + Replication + Meta-analysis + Validation + Stage 3 + Stage 1,"reference panel + 1,000 genomes + pre-phasing + shapeitimpute2 + 1,000 genomes project + imputation + phasing",genotyping + sequencing,pittsburgh compound b + complex traits + apoptosis,race + tsi + ceu + ibs + fin + gbr + ethnic + ancestry + non-european + european ancestry,discovery + meta-analysis + stage + summary statistics + meta-analyses + association analysis + combined
,,0.216,rs429358,19.0,,T/C,,"Overall stage 1 + stage 2 (n = 82,771) | Meta P","Overall stage 1 + stage 2 (n = 82,771) | OR",uk biobank + adgc + international genomics of alzheimers project + eadi + ld hub + geradperades + databasestudy + igap + charge,Caucasian + Multi-ethnic + Caribbean Hispanic + African American + Asian,Stage 2 + Discovery + Joint-analysis + Replication + Meta-analysis + Validation + Stage 3 + Stage 1,"1,000 genomes + 1,000 genomes project + shapeitimpute2 + imputation",genotyping + sequencing,complex traits + apoptosis,race + tsi + ceu + ibs + fin + gbr + ethnic + ancestry + non-european + european ancestry,meta-analysis + stage + summary statistics + meta-analyses + combined
0.5,,0.216,rs429358,19.0,,T/C,,"Overall stage 1 + stage 2 (n = 82,771) | I2 (%), Pf","Overall stage 1 + stage 2 (n = 82,771) | OR",uk biobank + adgc + international genomics of alzheimers project + eadi + ld hub + geradperades + databasestudy + igap + charge,Caucasian + Multi-ethnic + Caribbean Hispanic + African American + Asian,Stage 2 + Discovery + Joint-analysis + Replication + Meta-analysis + Validation + Stage 3 + Stage 1,"1,000 genomes + pre-phasing + pre-analysis quality control + shapeitimpute2 + 1,000 genomes project + imputation + phasing",genotyping + sequencing,complex traits + apoptosis,race + tsi + ceu + ibs + fin + gbr + ethnic + ancestry + non-european + european ancestry,meta-analysis + stage + summary statistics + meta-analyses + association analysis + combined
1.1e-06,0.88,0.088,rs6024870,20.0,,G/A,,"Stage 1 discovery (n = 63,926) | P","Overall stage 1 + stage 2 (n = 82,771) | OR",uk biobank + adgc + international genomics of alzheimers project + eadi + ld hub + geradperades + databasestudy + igap + charge,Caucasian + Multi-ethnic + Caribbean Hispanic + African American + Asian,Stage 2 + Discovery + Joint-analysis + Replication + Meta-analysis + Validation + Stage 3 + Stage 1,"1,000 genomes + pre-phasing + shapeitimpute2 + thousands of genomes + 1,000 genomes project + imputation + phasing",genotyping + sequencing,multiple sclerosis + complex traits + parkinson disease + apoptosis,race + tsi + ceu + ibs + fin + gbr + ethnic + ancestry + non-european + european ancestry,discovery + meta-analysis + stage + summary statistics + meta-analyses + association analysis + combined
0.009,0.88,0.088,rs6024870,20.0,,G/A,,"Stage 2 (n = 18,845) | P","Overall stage 1 + stage 2 (n = 82,771) | OR",uk biobank + adgc + international genomics of alzheimers project + eadi + ld hub + geradperades + databasestudy + igap + charge,Caucasian + Multi-ethnic + Caribbean Hispanic + African American + Asian,Stage 2 + Discovery + Joint-analysis + Replication + Meta-analysis + Validation + Stage 3 + Stage 1,"reference panel + 1,000 genomes + pre-phasing + shapeitimpute2 + 1,000 genomes project + imputation + phasing",genotyping + sequencing,pittsburgh compound b + complex traits + apoptosis,race + tsi + ceu + ibs + fin + gbr + ethnic + ancestry + non-european + european ancestry,discovery + meta-analysis + stage + summary statistics + meta-analyses + association analysis + combined
3.5e-08,0.88,0.088,rs6024870,20.0,,G/A,,"Overall stage 1 + stage 2 (n = 82,771) | Meta P","Overall stage 1 + stage 2 (n = 82,771) | OR",uk biobank + adgc + international genomics of alzheimers project + eadi + ld hub + geradperades + databasestudy + igap + charge,Caucasian + Multi-ethnic + Caribbean Hispanic + African American + Asian,Stage 2 + Discovery + Joint-analysis + Replication + Meta-analysis + Validation + Stage 3 + Stage 1,"1,000 genomes + 1,000 genomes project + shapeitimpute2 + imputation",genotyping + sequencing,complex traits + apoptosis,race + tsi + ceu + ibs + fin + gbr + ethnic + ancestry + non-european + european ancestry,meta-analysis + stage + summary statistics + meta-analyses + combined
0.9,0.88,0.088,rs6024870,20.0,,G/A,,"Overall stage 1 + stage 2 (n = 82,771) | I2 (%), Pf","Overall stage 1 + stage 2 (n = 82,771) | OR",uk biobank + adgc + international genomics of alzheimers project + eadi + ld hub + geradperades + databasestudy + igap + charge,Caucasian + Multi-ethnic + Caribbean Hispanic + African American + Asian,Stage 2 + Discovery + Joint-analysis + Replication + Meta-analysis + Validation + Stage 3 + Stage 1,"1,000 genomes + pre-phasing + pre-analysis quality control + shapeitimpute2 + 1,000 genomes project + imputation + phasing",genotyping + sequencing,complex traits + apoptosis,race + tsi + ceu + ibs + fin + gbr + ethnic + ancestry + non-european + european ancestry,meta-analysis + stage + summary statistics + meta-analyses + association analysis + combined
,,,,,,New genome-wide-significant loci reaching significance,,"Stage 1 discovery (n = 63,926) | P","Overall stage 1 + stage 2 (n = 82,771) | OR",uk biobank + adgc + international genomics of alzheimers project + eadi + ld hub + geradperades + databasestudy + igap + charge,Caucasian + Multi-ethnic + Caribbean Hispanic + African American + Asian,Stage 2 + Discovery + Joint-analysis + Replication + Meta-analysis + Validation + Stage 3 + Stage 1,"1,000 genomes + pre-phasing + shapeitimpute2 + thousands of genomes + 1,000 genomes project + imputation + phasing",genotyping + sequencing,multiple sclerosis + complex traits + parkinson disease + apoptosis,race + tsi + ceu + ibs + fin + gbr + ethnic + ancestry + non-european + european ancestry,discovery + meta-analysis + stage + summary statistics + meta-analyses + association analysis + combined
,,,,,,New genome-wide-significant loci reaching significance,,"Stage 2 (n = 18,845) | P","Overall stage 1 + stage 2 (n = 82,771) | OR",uk biobank + adgc + international genomics of alzheimers project + eadi + ld hub + geradperades + databasestudy + igap + charge,Caucasian + Multi-ethnic + Caribbean Hispanic + African American + Asian,Stage 2 + Discovery + Joint-analysis + Replication + Meta-analysis + Validation + Stage 3 + Stage 1,"reference panel + 1,000 genomes + pre-phasing + shapeitimpute2 + 1,000 genomes project + imputation + phasing",genotyping + sequencing,pittsburgh compound b + complex traits + apoptosis,race + tsi + ceu + ibs + fin + gbr + ethnic + ancestry + non-european + european ancestry,discovery + meta-analysis + stage + summary statistics + meta-analyses + association analysis + combined
,,,,,,New genome-wide-significant loci reaching significance,,"Overall stage 1 + stage 2 (n = 82,771) | Meta P","Overall stage 1 + stage 2 (n = 82,771) | OR",uk biobank + adgc + international genomics of alzheimers project + eadi + ld hub + geradperades + databasestudy + igap + charge,Caucasian + Multi-ethnic + Caribbean Hispanic + African American + Asian,Stage 2 + Discovery + Joint-analysis + Replication + Meta-analysis + Validation + Stage 3 + Stage 1,"1,000 genomes + 1,000 genomes project + shapeitimpute2 + imputation",genotyping + sequencing,complex traits + apoptosis,race + tsi + ceu + ibs + fin + gbr + ethnic + ancestry + non-european + european ancestry,meta-analysis + stage + summary statistics + meta-analyses + combined
,,,,,,New genome-wide-significant loci reaching significance,,"Overall stage 1 + stage 2 (n = 82,771) | I2 (%), Pf","Overall stage 1 + stage 2 (n = 82,771) | OR",uk biobank + adgc + international genomics of alzheimers project + eadi + ld hub + geradperades + databasestudy + igap + charge,Caucasian + Multi-ethnic + Caribbean Hispanic + African American + Asian,Stage 2 + Discovery + Joint-analysis + Replication + Meta-analysis + Validation + Stage 3 + Stage 1,"1,000 genomes + pre-phasing + pre-analysis quality control + shapeitimpute2 + 1,000 genomes project + imputation + phasing",genotyping + sequencing,complex traits + apoptosis,race + tsi + ceu + ibs + fin + gbr + ethnic + ancestry + non-european + european ancestry,meta-analysis + stage + summary statistics + meta-analyses + association analysis + combined
1.9e-07,1.08,0.389,rs7920721,10.0,,A/G,,"Stage 1 discovery (n = 63,926) | P","Overall stage 1 + stage 2 (n = 82,771) | OR",uk biobank + adgc + international genomics of alzheimers project + eadi + ld hub + geradperades + databasestudy + igap + charge,Caucasian + Multi-ethnic + Caribbean Hispanic + African American + Asian,Stage 2 + Discovery + Joint-analysis + Replication + Meta-analysis + Validation + Stage 3 + Stage 1,"1,000 genomes + pre-phasing + shapeitimpute2 + thousands of genomes + 1,000 genomes project + imputation + phasing",genotyping + sequencing,multiple sclerosis + complex traits + parkinson disease + apoptosis,race + tsi + ceu + ibs + fin + gbr + ethnic + ancestry + non-european + european ancestry,discovery + meta-analysis + stage + summary statistics + meta-analyses + association analysis + combined
0.0032,1.08,0.389,rs7920721,10.0,,A/G,,"Stage 2 (n = 18,845) | P","Overall stage 1 + stage 2 (n = 82,771) | OR",uk biobank + adgc + international genomics of alzheimers project + eadi + ld hub + geradperades + databasestudy + igap + charge,Caucasian + Multi-ethnic + Caribbean Hispanic + African American + Asian,Stage 2 + Discovery + Joint-analysis + Replication + Meta-analysis + Validation + Stage 3 + Stage 1,"reference panel + 1,000 genomes + pre-phasing + shapeitimpute2 + 1,000 genomes project + imputation + phasing",genotyping + sequencing,pittsburgh compound b + complex traits + apoptosis,race + tsi + ceu + ibs + fin + gbr + ethnic + ancestry + non-european + european ancestry,discovery + meta-analysis + stage + summary statistics + meta-analyses + association analysis + combined
2.3e-09,1.08,0.389,rs7920721,10.0,,A/G,,"Overall stage 1 + stage 2 (n = 82,771) | Meta P","Overall stage 1 + stage 2 (n = 82,771) | OR",uk biobank + adgc + international genomics of alzheimers project + eadi + ld hub + geradperades + databasestudy + igap + charge,Caucasian + Multi-ethnic + Caribbean Hispanic + African American + Asian,Stage 2 + Discovery + Joint-analysis + Replication + Meta-analysis + Validation + Stage 3 + Stage 1,"1,000 genomes + 1,000 genomes project + shapeitimpute2 + imputation",genotyping + sequencing,complex traits + apoptosis,race + tsi + ceu + ibs + fin + gbr + ethnic + ancestry + non-european + european ancestry,meta-analysis + stage + summary statistics + meta-analyses + combined
0.8,1.08,0.389,rs7920721,10.0,,A/G,,"Overall stage 1 + stage 2 (n = 82,771) | I2 (%), Pf","Overall stage 1 + stage 2 (n = 82,771) | OR",uk biobank + adgc + international genomics of alzheimers project + eadi + ld hub + geradperades + databasestudy + igap + charge,Caucasian + Multi-ethnic + Caribbean Hispanic + African American + Asian,Stage 2 + Discovery + Joint-analysis + Replication + Meta-analysis + Validation + Stage 3 + Stage 1,"1,000 genomes + pre-phasing + pre-analysis quality control + shapeitimpute2 + 1,000 genomes project + imputation + phasing",genotyping + sequencing,complex traits + apoptosis,race + tsi + ceu + ibs + fin + gbr + ethnic + ancestry + non-european + european ancestry,meta-analysis + stage + summary statistics + meta-analyses + association analysis + combined
7.5e-06,1.32,0.02,rs138190086,17.0,,G/A,,"Stage 1 discovery (n = 63,926) | P","Overall stage 1 + stage 2 (n = 82,771) | OR",uk biobank + adgc + international genomics of alzheimers project + eadi + ld hub + geradperades + databasestudy + igap + charge,Caucasian + Multi-ethnic + Caribbean Hispanic + African American + Asian,Stage 2 + Discovery + Joint-analysis + Replication + Meta-analysis + Validation + Stage 3 + Stage 1,"1,000 genomes + pre-phasing + shapeitimpute2 + thousands of genomes + 1,000 genomes project + imputation + phasing",genotyping + sequencing,multiple sclerosis + complex traits + parkinson disease + apoptosis,race + tsi + ceu + ibs + fin + gbr + ethnic + ancestry + non-european + european ancestry,discovery + meta-analysis + stage + summary statistics + meta-analyses + association analysis + combined
0.00018,1.32,0.02,rs138190086,17.0,,G/A,,"Stage 2 (n = 18,845) | P","Overall stage 1 + stage 2 (n = 82,771) | OR",uk biobank + adgc + international genomics of alzheimers project + eadi + ld hub + geradperades + databasestudy + igap + charge,Caucasian + Multi-ethnic + Caribbean Hispanic + African American + Asian,Stage 2 + Discovery + Joint-analysis + Replication + Meta-analysis + Validation + Stage 3 + Stage 1,"reference panel + 1,000 genomes + pre-phasing + shapeitimpute2 + 1,000 genomes project + imputation + phasing",genotyping + sequencing,pittsburgh compound b + complex traits + apoptosis,race + tsi + ceu + ibs + fin + gbr + ethnic + ancestry + non-european + european ancestry,discovery + meta-analysis + stage + summary statistics + meta-analyses + association analysis + combined
7.5e-09,1.32,0.02,rs138190086,17.0,,G/A,,"Overall stage 1 + stage 2 (n = 82,771) | Meta P","Overall stage 1 + stage 2 (n = 82,771) | OR",uk biobank + adgc + international genomics of alzheimers project + eadi + ld hub + geradperades + databasestudy + igap + charge,Caucasian + Multi-ethnic + Caribbean Hispanic + African American + Asian,Stage 2 + Discovery + Joint-analysis + Replication + Meta-analysis + Validation + Stage 3 + Stage 1,"1,000 genomes + 1,000 genomes project + shapeitimpute2 + imputation",genotyping + sequencing,complex traits + apoptosis,race + tsi + ceu + ibs + fin + gbr + ethnic + ancestry + non-european + european ancestry,meta-analysis + stage + summary statistics + meta-analyses + combined
0.9,1.32,0.02,rs138190086,17.0,,G/A,,"Overall stage 1 + stage 2 (n = 82,771) | I2 (%), Pf","Overall stage 1 + stage 2 (n = 82,771) | OR",uk biobank + adgc + international genomics of alzheimers project + eadi + ld hub + geradperades + databasestudy + igap + charge,Caucasian + Multi-ethnic + Caribbean Hispanic + African American + Asian,Stage 2 + Discovery + Joint-analysis + Replication + Meta-analysis + Validation + Stage 3 + Stage 1,"1,000 genomes + pre-phasing + pre-analysis quality control + shapeitimpute2 + 1,000 genomes project + imputation + phasing",genotyping + sequencing,complex traits + apoptosis,race + tsi + ceu + ibs + fin + gbr + ethnic + ancestry + non-european + european ancestry,meta-analysis + stage + summary statistics + meta-analyses + association analysis + combined
,,,,,,Previous genome-wide-significant loci not reaching significance,,"Stage 1 discovery (n = 63,926) | P","Overall stage 1 + stage 2 (n = 82,771) | OR",uk biobank + adgc + international genomics of alzheimers project + eadi + ld hub + geradperades + databasestudy + igap + charge,Caucasian + Multi-ethnic + Caribbean Hispanic + African American + Asian,Stage 2 + Discovery + Joint-analysis + Replication + Meta-analysis + Validation + Stage 3 + Stage 1,"1,000 genomes + pre-phasing + shapeitimpute2 + thousands of genomes + 1,000 genomes project + imputation + phasing",genotyping + sequencing,multiple sclerosis + complex traits + parkinson disease + apoptosis,race + tsi + ceu + ibs + fin + gbr + ethnic + ancestry + non-european + european ancestry,discovery + meta-analysis + stage + summary statistics + meta-analyses + association analysis + combined
,,,,,,Previous genome-wide-significant loci not reaching significance,,"Stage 2 (n = 18,845) | P","Overall stage 1 + stage 2 (n = 82,771) | OR",uk biobank + adgc + international genomics of alzheimers project + eadi + ld hub + geradperades + databasestudy + igap + charge,Caucasian + Multi-ethnic + Caribbean Hispanic + African American + Asian,Stage 2 + Discovery + Joint-analysis + Replication + Meta-analysis + Validation + Stage 3 + Stage 1,"reference panel + 1,000 genomes + pre-phasing + shapeitimpute2 + 1,000 genomes project + imputation + phasing",genotyping + sequencing,pittsburgh compound b + complex traits + apoptosis,race + tsi + ceu + ibs + fin + gbr + ethnic + ancestry + non-european + european ancestry,discovery + meta-analysis + stage + summary statistics + meta-analyses + association analysis + combined
,,,,,,Previous genome-wide-significant loci not reaching significance,,"Overall stage 1 + stage 2 (n = 82,771) | Meta P","Overall stage 1 + stage 2 (n = 82,771) | OR",uk biobank + adgc + international genomics of alzheimers project + eadi + ld hub + geradperades + databasestudy + igap + charge,Caucasian + Multi-ethnic + Caribbean Hispanic + African American + Asian,Stage 2 + Discovery + Joint-analysis + Replication + Meta-analysis + Validation + Stage 3 + Stage 1,"1,000 genomes + 1,000 genomes project + shapeitimpute2 + imputation",genotyping + sequencing,complex traits + apoptosis,race + tsi + ceu + ibs + fin + gbr + ethnic + ancestry + non-european + european ancestry,meta-analysis + stage + summary statistics + meta-analyses + combined
,,,,,,Previous genome-wide-significant loci not reaching significance,,"Overall stage 1 + stage 2 (n = 82,771) | I2 (%), Pf","Overall stage 1 + stage 2 (n = 82,771) | OR",uk biobank + adgc + international genomics of alzheimers project + eadi + ld hub + geradperades + databasestudy + igap + charge,Caucasian + Multi-ethnic + Caribbean Hispanic + African American + Asian,Stage 2 + Discovery + Joint-analysis + Replication + Meta-analysis + Validation + Stage 3 + Stage 1,"1,000 genomes + pre-phasing + pre-analysis quality control + shapeitimpute2 + 1,000 genomes project + imputation + phasing",genotyping + sequencing,complex traits + apoptosis,race + tsi + ceu + ibs + fin + gbr + ethnic + ancestry + non-european + european ancestry,meta-analysis + stage + summary statistics + meta-analyses + association analysis + combined
0.00028,0.94,0.39,rs190982,5.0,,A/G,,"Stage 1 discovery (n = 63,926) | P","Overall stage 1 + stage 2 (n = 82,771) | OR",uk biobank + adgc + international genomics of alzheimers project + eadi + ld hub + geradperades + databasestudy + igap + charge,Caucasian + Multi-ethnic + Caribbean Hispanic + African American + Asian,Stage 2 + Discovery + Joint-analysis + Replication + Meta-analysis + Validation + Stage 3 + Stage 1,"1,000 genomes + pre-phasing + shapeitimpute2 + thousands of genomes + 1,000 genomes project + imputation + phasing",genotyping + sequencing,multiple sclerosis + complex traits + parkinson disease + apoptosis,race + tsi + ceu + ibs + fin + gbr + ethnic + ancestry + non-european + european ancestry,discovery + meta-analysis + stage + summary statistics + meta-analyses + association analysis + combined
0.0027,0.94,0.39,rs190982,5.0,,A/G,,"Stage 2 (n = 18,845) | P","Overall stage 1 + stage 2 (n = 82,771) | OR",uk biobank + adgc + international genomics of alzheimers project + eadi + ld hub + geradperades + databasestudy + igap + charge,Caucasian + Multi-ethnic + Caribbean Hispanic + African American + Asian,Stage 2 + Discovery + Joint-analysis + Replication + Meta-analysis + Validation + Stage 3 + Stage 1,"reference panel + 1,000 genomes + pre-phasing + shapeitimpute2 + 1,000 genomes project + imputation + phasing",genotyping + sequencing,pittsburgh compound b + complex traits + apoptosis,race + tsi + ceu + ibs + fin + gbr + ethnic + ancestry + non-european + european ancestry,discovery + meta-analysis + stage + summary statistics + meta-analyses + association analysis + combined
2.8e-06,0.94,0.39,rs190982,5.0,,A/G,,"Overall stage 1 + stage 2 (n = 82,771) | Meta P","Overall stage 1 + stage 2 (n = 82,771) | OR",uk biobank + adgc + international genomics of alzheimers project + eadi + ld hub + geradperades + databasestudy + igap + charge,Caucasian + Multi-ethnic + Caribbean Hispanic + African American + Asian,Stage 2 + Discovery + Joint-analysis + Replication + Meta-analysis + Validation + Stage 3 + Stage 1,"1,000 genomes + 1,000 genomes project + shapeitimpute2 + imputation",genotyping + sequencing,complex traits + apoptosis,race + tsi + ceu + ibs + fin + gbr + ethnic + ancestry + non-european + european ancestry,meta-analysis + stage + summary statistics + meta-analyses + combined
0.6,0.94,0.39,rs190982,5.0,,A/G,,"Overall stage 1 + stage 2 (n = 82,771) | I2 (%), Pf","Overall stage 1 + stage 2 (n = 82,771) | OR",uk biobank + adgc + international genomics of alzheimers project + eadi + ld hub + geradperades + databasestudy + igap + charge,Caucasian + Multi-ethnic + Caribbean Hispanic + African American + Asian,Stage 2 + Discovery + Joint-analysis + Replication + Meta-analysis + Validation + Stage 3 + Stage 1,"1,000 genomes + pre-phasing + pre-analysis quality control + shapeitimpute2 + 1,000 genomes project + imputation + phasing",genotyping + sequencing,complex traits + apoptosis,race + tsi + ceu + ibs + fin + gbr + ethnic + ancestry + non-european + european ancestry,meta-analysis + stage + summary statistics + meta-analyses + association analysis + combined
0.00027,0.94,0.356,rs4723711,7.0,,A/T,,"Stage 1 discovery (n = 63,926) | P","Overall stage 1 + stage 2 (n = 82,771) | OR",uk biobank + adgc + international genomics of alzheimers project + eadi + ld hub + geradperades + databasestudy + igap + charge,Caucasian + Multi-ethnic + Caribbean Hispanic + African American + Asian,Stage 2 + Discovery + Joint-analysis + Replication + Meta-analysis + Validation + Stage 3 + Stage 1,"1,000 genomes + pre-phasing + shapeitimpute2 + thousands of genomes + 1,000 genomes project + imputation + phasing",genotyping + sequencing,multiple sclerosis + complex traits + parkinson disease + apoptosis,race + tsi + ceu + ibs + fin + gbr + ethnic + ancestry + non-european + european ancestry,discovery + meta-analysis + stage + summary statistics + meta-analyses + association analysis + combined
0.0001,0.94,0.356,rs4723711,7.0,,A/T,,"Stage 2 (n = 18,845) | P","Overall stage 1 + stage 2 (n = 82,771) | OR",uk biobank + adgc + international genomics of alzheimers project + eadi + ld hub + geradperades + databasestudy + igap + charge,Caucasian + Multi-ethnic + Caribbean Hispanic + African American + Asian,Stage 2 + Discovery + Joint-analysis + Replication + Meta-analysis + Validation + Stage 3 + Stage 1,"reference panel + 1,000 genomes + pre-phasing + shapeitimpute2 + 1,000 genomes project + imputation + phasing",genotyping + sequencing,pittsburgh compound b + complex traits + apoptosis,race + tsi + ceu + ibs + fin + gbr + ethnic + ancestry + non-european + european ancestry,discovery + meta-analysis + stage + summary statistics + meta-analyses + association analysis + combined
2.8e-07,0.94,0.356,rs4723711,7.0,,A/T,,"Overall stage 1 + stage 2 (n = 82,771) | Meta P","Overall stage 1 + stage 2 (n = 82,771) | OR",uk biobank + adgc + international genomics of alzheimers project + eadi + ld hub + geradperades + databasestudy + igap + charge,Caucasian + Multi-ethnic + Caribbean Hispanic + African American + Asian,Stage 2 + Discovery + Joint-analysis + Replication + Meta-analysis + Validation + Stage 3 + Stage 1,"1,000 genomes + 1,000 genomes project + shapeitimpute2 + imputation",genotyping + sequencing,complex traits + apoptosis,race + tsi + ceu + ibs + fin + gbr + ethnic + ancestry + non-european + european ancestry,meta-analysis + stage + summary statistics + meta-analyses + combined
0.5,0.94,0.356,rs4723711,7.0,,A/T,,"Overall stage 1 + stage 2 (n = 82,771) | I2 (%), Pf","Overall stage 1 + stage 2 (n = 82,771) | OR",uk biobank + adgc + international genomics of alzheimers project + eadi + ld hub + geradperades + databasestudy + igap + charge,Caucasian + Multi-ethnic + Caribbean Hispanic + African American + Asian,Stage 2 + Discovery + Joint-analysis + Replication + Meta-analysis + Validation + Stage 3 + Stage 1,"1,000 genomes + pre-phasing + pre-analysis quality control + shapeitimpute2 + 1,000 genomes project + imputation + phasing",genotyping + sequencing,complex traits + apoptosis,race + tsi + ceu + ibs + fin + gbr + ethnic + ancestry + non-european + european ancestry,meta-analysis + stage + summary statistics + meta-analyses + association analysis + combined
